registration_id,title,year,act_no,portfolio,department,compilation_date,latest_register_id,latest_registered_at,source_url
C2004A00467,A New Tax System (Australian Business Number) Act 1999,1999,84,Treasury,Department of the Treasury,2024-10-14,C2024C00523,2024-10-14T07:06:56.0171579,https://www.legislation.gov.au/C2004A00467/latest
C2004A00637,A New Tax System (Family Assistance and Related Measures) Act 2000,2000,45,Education,Department of Education,2000-07-01,C2004C01310,2012-12-04T15:31:39.1330000,https://www.legislation.gov.au/C2004A00637/latest
C2004A00491,A New Tax System (Family Assistance) (Administration) Act 1999,1999,81,Education,Department of Education,2026-03-20,C2026C00095,2026-03-20T14:01:14.6253724,https://www.legislation.gov.au/C2004A00491/latest
C2004A00490,A New Tax System (Family Assistance) Act 1999,1999,80,Education,Department of Education,2026-01-01,C2026C00064,2026-01-27T16:46:40.3484730,https://www.legislation.gov.au/C2004A00490/latest
C2005A00001,A New Tax System (Goods and Services Tax Imposition (Recipients)—Customs) Act 2005,2005,1,Treasury,Department of the Treasury,2005-02-18,C2005A00001,2005-02-22T16:11:12,https://www.legislation.gov.au/C2005A00001/latest
C2005A00002,A New Tax System (Goods and Services Tax Imposition (Recipients)—Excise) Act 2005,2005,2,Treasury,Department of the Treasury,2005-02-18,C2005A00002,2005-02-22T16:08:16,https://www.legislation.gov.au/C2005A00002/latest
C2005A00003,A New Tax System (Goods and Services Tax Imposition (Recipients)—General) Act 2005,2005,3,Treasury,Department of the Treasury,2005-02-18,C2005A00003,2005-02-23T09:01:49,https://www.legislation.gov.au/C2005A00003/latest
C2004A00460,A New Tax System (Goods and Services Tax Imposition—Customs) Act 1999,1999,73,Treasury,Department of the Treasury,2005-07-01,C2005C00389,2005-07-01T10:15:01,https://www.legislation.gov.au/C2004A00460/latest
C2004A00461,A New Tax System (Goods and Services Tax Imposition—Excise) Act 1999,1999,74,Treasury,Department of the Treasury,2005-07-01,C2005C00390,2005-07-01T10:20:58,https://www.legislation.gov.au/C2004A00461/latest
C2004A00462,A New Tax System (Goods and Services Tax Imposition—General) Act 1999,1999,75,Treasury,Department of the Treasury,2005-07-01,C2005C00391,2005-07-01T10:26:42,https://www.legislation.gov.au/C2004A00462/latest
C2004A00448,A New Tax System (Goods and Services Tax Transition) Act 1999,1999,57,Treasury,Department of the Treasury,2017-01-01,C2017C00021,2017-01-03T15:01:26.7770000,https://www.legislation.gov.au/C2004A00448/latest
C2004A00446,A New Tax System (Goods and Services Tax) Act 1999,1999,55,Treasury,Department of the Treasury,2026-01-01,C2026C00081,2026-01-30T17:32:18.8193061,https://www.legislation.gov.au/C2004A00446/latest
C2004A00464,A New Tax System (Luxury Car Tax Imposition—Customs) Act 1999,1999,77,Treasury,Department of the Treasury,2008-10-03,C2008C00521,2008-10-13T16:19:28,https://www.legislation.gov.au/C2004A00464/latest
C2004A00465,A New Tax System (Luxury Car Tax Imposition—Excise) Act 1999,1999,78,Treasury,Department of the Treasury,2008-10-03,C2008C00522,2008-10-14T09:29:33,https://www.legislation.gov.au/C2004A00465/latest
C2004A00466,A New Tax System (Luxury Car Tax Imposition—General) Act 1999,1999,79,Treasury,Department of the Treasury,2008-10-03,C2008C00524,2008-10-14T13:11:50,https://www.legislation.gov.au/C2004A00466/latest
C2004A00463,A New Tax System (Luxury Car Tax) Act 1999,1999,76,Treasury,Department of the Treasury,2025-04-01,C2025C00298,2025-04-11T13:32:10.1104611,https://www.legislation.gov.au/C2004A00463/latest
C2004A00502,A New Tax System (Managing the GST Rate and Base) Act 1999,1999,110,Treasury,Department of the Treasury,2009-07-01,C2009C00250,2009-07-01T08:15:55,https://www.legislation.gov.au/C2004A00502/latest
C2004A00412,A New Tax System (Medicare Levy Surcharge—Fringe Benefits) Act 1999,1999,18,Treasury,Department of the Treasury,2025-03-28,C2025C00260,2025-04-07T15:32:09.0874361,https://www.legislation.gov.au/C2004A00412/latest
C2004A00454,A New Tax System (Wine Equalisation Tax Imposition—Customs) Act 1999,1999,64,Treasury,Department of the Treasury,1999-07-08,C2004A00454,2005-01-01T00:00:00,https://www.legislation.gov.au/C2004A00454/latest
C2004A00455,A New Tax System (Wine Equalisation Tax Imposition—Excise) Act 1999,1999,65,Treasury,Department of the Treasury,1999-07-08,C2004A00455,2005-01-01T00:00:00,https://www.legislation.gov.au/C2004A00455/latest
C2004A00456,A New Tax System (Wine Equalisation Tax Imposition—General) Act 1999,1999,66,Treasury,Department of the Treasury,1999-07-08,C2004A00456,2005-01-01T00:00:00,https://www.legislation.gov.au/C2004A00456/latest
C2004A00452,A New Tax System (Wine Equalisation Tax) Act 1999,1999,62,Treasury,Department of the Treasury,2026-04-01,C2026C00149,2026-04-17T16:11:39.7483170,https://www.legislation.gov.au/C2004A00452/latest
C2004A03702,A.C.T. Self-Government (Consequential Provisions) Act 1988,1988,109,"Infrastructure, Transport, Regional Development, Communications, Sport and the Arts","Department of Infrastructure, Transport, Regional Development, Communications, Sport and the Arts",1999-12-05,C2004C00956,2012-11-28T16:13:50.6170000,https://www.legislation.gov.au/C2004A03702/latest
C2014A00132,ACT Government Loan Act 2014,2014,132,Finance,Department of Finance,2014-12-12,C2014A00132,2014-12-17T11:17:25.1730000,https://www.legislation.gov.au/C2014A00132/latest
C2004A05165,AIDC Sale Act 1997,1997,67,,,1997-06-05,C2004A05165,2005-01-01T00:00:00,https://www.legislation.gov.au/C2004A05165/latest
C2017A00044,ASIC Supervisory Cost Recovery Levy (Collection) Act 2017,2017,44,Treasury,Department of the Treasury,2024-10-14,C2024C00552,2024-10-14T14:27:23.7748985,https://www.legislation.gov.au/C2017A00044/latest
C2017A00043,ASIC Supervisory Cost Recovery Levy Act 2017,2017,43,Treasury,Department of the Treasury,2023-10-20,C2023C00423,2023-11-13T12:00:49.6070000,https://www.legislation.gov.au/C2017A00043/latest
C2004A03443,Aboriginal Land (Lake Condah and Framlingham Forest) Act 1987,1987,34,Prime Minister and Cabinet,Department of the Prime Minister and Cabinet,2016-10-21,C2016C00958,2016-10-24T09:46:56.7700000,https://www.legislation.gov.au/C2004A03443/latest
C2004A01620,Aboriginal Land Rights (Northern Territory) Act 1976,1976,191,Attorney-General's,Attorney-General's Department,2024-11-30,C2024C00794,2024-12-13T06:54:46.2515037,https://www.legislation.gov.au/C2004A01620/latest
C2004A03405,Aboriginal Land and Waters (Jervis Bay Territory) Act 1986,1986,164,Prime Minister and Cabinet,Department of the Prime Minister and Cabinet,2023-08-22,C2023C00222,2023-09-06T12:33:44.8500000,https://www.legislation.gov.au/C2004A03405/latest
C2004A03898,Aboriginal and Torres Strait Islander Act 2005,1989,150,Prime Minister and Cabinet,Department of the Prime Minister and Cabinet,2025-02-15,C2025C00105,2025-02-21T11:41:55.6806246,https://www.legislation.gov.au/C2004A03898/latest
C2004A02943,Aboriginal and Torres Strait Islander Heritage Protection Act 1984,1984,79,Attorney-General's,Attorney-General's Department,2016-10-21,C2016C00937,2016-10-21T09:59:58.9900000,https://www.legislation.gov.au/C2004A02943/latest
C2018A00145,Aboriginal and Torres Strait Islander Land and Sea Future Fund Act 2018,2018,145,Finance,Department of Finance,2023-11-01,C2023C00407,2023-11-07T12:06:26.1970000,https://www.legislation.gov.au/C2018A00145/latest
C1901A00002,Acts Interpretation Act 1901,1901,2,Attorney-General's,Attorney-General's Department,2026-03-28,C2026C00117,2026-04-01T15:00:04.7906432,https://www.legislation.gov.au/C1901A00002/latest
C2004A00621,Adelaide Airport Curfew Act 2000,2000,29,"Infrastructure, Transport, Regional Development, Communications, Sport and the Arts","Department of Infrastructure, Transport, Regional Development, Communications, Sport and the Arts",2024-10-14,C2024C00472,2024-10-14T14:56:09.2739081,https://www.legislation.gov.au/C2004A00621/latest
C2004A01697,Administrative Decisions (Judicial Review) Act 1977,1977,59,Attorney-General's,Attorney-General's Department,2026-01-22,C2026C00069,2026-01-23T14:26:52.4996221,https://www.legislation.gov.au/C2004A01697/latest
C2024A00038,Administrative Review Tribunal (Consequential and Transitional Provisions No. 1) Act 2024,2024,38,Attorney-General's,Attorney-General's Department,2024-05-31,C2024A00038,2024-06-04T17:37:47.6090452,https://www.legislation.gov.au/C2024A00038/latest
C2024A00039,Administrative Review Tribunal (Consequential and Transitional Provisions No. 2) Act 2024,2024,39,Attorney-General's,Attorney-General's Department,2024-05-31,C2024A00039,2024-06-04T17:48:20.6235957,https://www.legislation.gov.au/C2024A00039/latest
C2024A00040,Administrative Review Tribunal Act 2024,2024,40,Attorney-General's,Attorney-General's Department,2026-01-22,C2026C00073,2026-01-27T10:31:58.6594698,https://www.legislation.gov.au/C2024A00040/latest
C2004A03627,Admiralty Act 1988,1988,34,Attorney-General's,Attorney-General's Department,2022-02-18,C2022C00080,2022-02-24T15:53:59.2870000,https://www.legislation.gov.au/C2004A03627/latest
C2004A02884,Advance Australia Logo Protection Act 1984,1984,20,"Industry, Science and Resources","Department of Industry, Science and Resources",2015-12-10,C2015C00626,2015-12-24T14:56:56.8000000,https://www.legislation.gov.au/C2004A02884/latest
C2004A04817,AeroSpace Technologies of Australia Limited Sale Act 1994,1994,144,Finance,Department of Finance,2018-03-30,C2018C00098,2018-04-09T11:09:17.8500000,https://www.legislation.gov.au/C2004A04817/latest
C2004A01302,Age Discrimination Act 2004,2004,68,Attorney-General's,Attorney-General's Department,2024-12-11,C2024C00840,2024-12-20T14:48:14.3477168,https://www.legislation.gov.au/C2004A01302/latest
C2006A00026,Aged Care (Accommodation Payment Security) Act 2006,2006,26,"Health, Disability and Ageing","Department of Health, Disability and Ageing",2025-11-01,C2025C00601,2025-11-01T09:24:37.0954997,https://www.legislation.gov.au/C2006A00026/latest
C2006A00027,Aged Care (Accommodation Payment Security) Levy Act 2006,2006,27,"Health, Disability and Ageing","Department of Health, Disability and Ageing",2025-11-01,C2025C00586,2025-11-01T09:08:19.4373964,https://www.legislation.gov.au/C2006A00027/latest
C2024A00109,Aged Care (Consequential and Transitional Provisions) Act 2024,2024,109,"Health, Disability and Ageing","Department of Health, Disability and Ageing",2025-11-01,C2025C00593,2025-11-01T09:13:48.1802462,https://www.legislation.gov.au/C2024A00109/latest
C2013A00076,Aged Care (Living Longer Living Better) Act 2013,2013,76,"Health, Disability and Ageing","Department of Health, Disability and Ageing",2016-03-05,C2016C00170,2016-03-08T11:25:27.5330000,https://www.legislation.gov.au/C2013A00076/latest
C2024A00104,Aged Care Act 2024,2024,104,"Health, Disability and Ageing","Department of Health, Disability and Ageing",2025-11-01,C2025C00589,2025-11-01T08:59:24.3237406,https://www.legislation.gov.au/C2024A00104/latest
C2018A00150,Aged Care Quality and Safety Commission (Consequential Amendments and Transitional Provisions) Act 2018,2018,150,"Health, Disability and Ageing","Department of Health, Disability and Ageing",2018-12-10,C2018A00150,2018-12-12T12:21:26.8900000,https://www.legislation.gov.au/C2018A00150/latest
C2004A04717,Agricultural and Veterinary Chemical Products (Collection of Levy) Act 1994,1994,41,"Agriculture, Fisheries and Forestry","Department of Agriculture, Fisheries and Forestry",2024-10-14,C2024C00447,2024-10-14T10:58:29.0237361,https://www.legislation.gov.au/C2004A04717/latest
C2004A04715,Agricultural and Veterinary Chemical Products Levy Imposition (Customs) Act 1994,1994,39,"Agriculture, Fisheries and Forestry","Department of Agriculture, Fisheries and Forestry",1994-03-15,C2004A04715,2005-01-01T00:00:00,https://www.legislation.gov.au/C2004A04715/latest
C2004A04714,Agricultural and Veterinary Chemical Products Levy Imposition (Excise) Act 1994,1994,38,"Agriculture, Fisheries and Forestry","Department of Agriculture, Fisheries and Forestry",1994-03-15,C2004A04714,2005-01-01T00:00:00,https://www.legislation.gov.au/C2004A04714/latest
C2004A04716,Agricultural and Veterinary Chemical Products Levy Imposition (General) Act 1994,1994,40,"Agriculture, Fisheries and Forestry","Department of Agriculture, Fisheries and Forestry",1994-03-15,C2004A04716,2005-01-01T00:00:00,https://www.legislation.gov.au/C2004A04716/latest
C2004A04553,Agricultural and Veterinary Chemicals (Administration) Act 1992,1992,262,"Agriculture, Fisheries and Forestry","Department of Agriculture, Fisheries and Forestry",2024-10-14,C2024C00426,2024-10-14T10:23:55.1579992,https://www.legislation.gov.au/C2004A04553/latest
C2004A04712,Agricultural and Veterinary Chemicals Act 1994,1994,36,"Agriculture, Fisheries and Forestry","Department of Agriculture, Fisheries and Forestry",2024-10-14,C2024C00516,2024-10-14T11:07:17.1781611,https://www.legislation.gov.au/C2004A04712/latest
C2004A04723,Agricultural and Veterinary Chemicals Code Act 1994,1994,47,"Agriculture, Fisheries and Forestry","Department of Agriculture, Fisheries and Forestry",2024-10-14,C2024C00508,2024-10-14T12:02:46.6547571,https://www.legislation.gov.au/C2004A04723/latest
C1963A00074,Air Accidents (Commonwealth Government Liability) Act 1963,1963,74,"Infrastructure, Transport, Regional Development, Communications, Sport and the Arts","Department of Infrastructure, Transport, Regional Development, Communications, Sport and the Arts",2021-06-17,C2021C00232,2021-06-21T11:46:02.0030000,https://www.legislation.gov.au/C1963A00074/latest
C1920A00050,Air Navigation Act 1920,1920,50,"Infrastructure, Transport, Regional Development, Communications, Sport and the Arts","Department of Infrastructure, Transport, Regional Development, Communications, Sport and the Arts",2024-10-14,C2024C00427,2024-10-14T10:37:24.3659266,https://www.legislation.gov.au/C1920A00050/latest
C2004A02654,Air Navigation Legislation (Validation and Interpretation) Act 1982,1982,95,"Infrastructure, Transport, Regional Development, Communications, Sport and the Arts","Department of Infrastructure, Transport, Regional Development, Communications, Sport and the Arts",1982-10-06,C2004A02654,2005-01-01T00:00:00,https://www.legislation.gov.au/C2004A02654/latest
C2004A04931,Air Services Act 1995,1995,81,"Infrastructure, Transport, Regional Development, Communications, Sport and the Arts","Department of Infrastructure, Transport, Regional Development, Communications, Sport and the Arts",2024-10-14,C2024C00624,2024-10-14T13:42:46.7344482,https://www.legislation.gov.au/C2004A04931/latest
C2004A04947,Aircraft Noise Levy Act 1995,1995,97,"Infrastructure, Transport, Regional Development, Communications, Sport and the Arts","Department of Infrastructure, Transport, Regional Development, Communications, Sport and the Arts",2012-12-03,C2012C00908,2012-12-14T16:58:26.3770000,https://www.legislation.gov.au/C2004A04947/latest
C2004A04948,Aircraft Noise Levy Collection Act 1995,1995,98,"Infrastructure, Transport, Regional Development, Communications, Sport and the Arts","Department of Infrastructure, Transport, Regional Development, Communications, Sport and the Arts",2024-10-14,C2024C00428,2024-10-14T10:45:29.3030291,https://www.legislation.gov.au/C2004A04948/latest
C2010A00080,Airports (On-Airport Activities Administration) Validation Act 2010,2010,80,"Infrastructure, Transport, Regional Development, Communications, Sport and the Arts","Department of Infrastructure, Transport, Regional Development, Communications, Sport and the Arts",2010-06-29,C2010A00080,2010-07-05T16:30:07,https://www.legislation.gov.au/C2010A00080/latest
C2004A05062,Airports (Transitional) Act 1996,1996,36,Finance,Department of Finance,2018-02-21,C2018C00042,2018-02-23T12:02:48.0570000,https://www.legislation.gov.au/C2004A05062/latest
C2004A05061,Airports Act 1996,1996,42,"Infrastructure, Transport, Regional Development, Communications, Sport and the Arts","Department of Infrastructure, Transport, Regional Development, Communications, Sport and the Arts",2025-11-01,C2025C00617,2025-11-03T14:28:18.0827183,https://www.legislation.gov.au/C2004A05061/latest
C2007A00039,Airspace (Consequentials and Other Measures) Act 2007,2007,39,"Infrastructure, Transport, Regional Development, Communications, Sport and the Arts","Department of Infrastructure, Transport, Regional Development, Communications, Sport and the Arts",2007-03-30,C2007A00039,2007-04-03T15:16:56,https://www.legislation.gov.au/C2007A00039/latest
C2007A00038,Airspace Act 2007,2007,38,"Infrastructure, Transport, Regional Development, Communications, Sport and the Arts","Department of Infrastructure, Transport, Regional Development, Communications, Sport and the Arts",2016-03-05,C2016C00178,2016-03-08T14:03:38.8600000,https://www.legislation.gov.au/C2007A00038/latest
C2014A00117,Albury-Wodonga Development Corporation (Abolition) Act 2014,2014,117,Finance,Department of Finance,2016-03-05,C2016C00156,2016-03-07T11:38:31.5530000,https://www.legislation.gov.au/C2014A00117/latest
C2004A02408,Antarctic Marine Living Resources Conservation Act 1981,1981,30,"Climate Change, Energy, the Environment and Water","Department of Climate Change, Energy, the Environment and Water",2024-10-14,C2024C00429,2024-10-14T11:46:29.6210328,https://www.legislation.gov.au/C2004A02408/latest
C2004A02304,Antarctic Treaty (Environment Protection) Act 1980,1980,103,"Climate Change, Energy, the Environment and Water","Department of Climate Change, Energy, the Environment and Water",2024-10-14,C2024C00551,2024-10-14T12:13:12.6047198,https://www.legislation.gov.au/C2004A02304/latest
C1960A00048,Antarctic Treaty Act 1960,1960,48,"Climate Change, Energy, the Environment and Water","Department of Climate Change, Energy, the Environment and Water",2008-07-04,C2008C00398,2008-07-23T14:06:53,https://www.legislation.gov.au/C1960A00048/latest
C2006A00170,Anti-Money Laundering and Counter-Terrorism Financing (Transitional Provisions and Consequential Amendments) Act 2006,2006,170,Home Affairs,Department of Home Affairs,2007-04-13,C2007C00287,2007-04-19T17:37:20,https://www.legislation.gov.au/C2006A00170/latest
C2006A00169,Anti-Money Laundering and Counter-Terrorism Financing Act 2006,2006,169,Home Affairs,Department of Home Affairs,2026-03-31,C2026C00119,2026-04-01T16:30:39.5645960,https://www.legislation.gov.au/C2006A00169/latest
C2024A00110,Anti-Money Laundering and Counter-Terrorism Financing Amendment Act 2024,2024,110,Home Affairs,Department of Home Affairs,2024-12-10,C2024A00110,2024-12-13T11:36:56.3112730,https://www.legislation.gov.au/C2024A00110/latest
C2004A00389,Anti-Personnel Mines Convention Act 1998,1998,126,Foreign Affairs and Trade,Department of Foreign Affairs and Trade,2016-03-10,C2016C00464,2016-05-16T13:57:34.3930000,https://www.legislation.gov.au/C2004A00389/latest
C2004A04877,Anzac Day Act 1995,1995,21,Veterans' Affairs,Department of Veterans' Affairs,1995-03-29,C2004A04877,2005-01-01T00:00:00,https://www.legislation.gov.au/C2004A04877/latest
C2026A00023,Appropriation (Fuel Security Response) Act (No. 1) 2025-2026,2026,23,Finance,Department of Finance,2026-04-01,C2026A00023,2026-04-02T17:15:27.1338729,https://www.legislation.gov.au/C2026A00023/latest
C2026A00024,Appropriation (Fuel Security Response) Act (No. 2) 2025-2026,2026,24,Finance,Department of Finance,2026-04-01,C2026A00024,2026-04-02T10:48:54.2149913,https://www.legislation.gov.au/C2026A00024/latest
C2023A00030,Appropriation (Parliamentary Departments) Act (No. 1) 2023-2024,2023,30,Finance,Department of Finance,2023-06-28,C2023A00030,2023-06-29T16:07:19.7500000,https://www.legislation.gov.au/C2023A00030/latest
C2024A00049,Appropriation (Parliamentary Departments) Act (No. 1) 2024-2025,2024,49,Finance,Department of Finance,2024-06-26,C2024A00049,2024-06-27T16:00:10.7983858,https://www.legislation.gov.au/C2024A00049/latest
C2025A00049,Appropriation (Parliamentary Departments) Act (No. 1) 2025-2026,2025,49,Finance,Department of Finance,2025-10-29,C2025A00049,2025-10-30T11:04:37.8483274,https://www.legislation.gov.au/C2025A00049/latest
C2024A00014,Appropriation (Parliamentary Departments) Act (No. 2) 2023-2024,2024,14,Finance,Department of Finance,2024-04-08,C2024A00014,2024-04-09T14:33:50.0410069,https://www.legislation.gov.au/C2024A00014/latest
C2025A00003,Appropriation (Parliamentary Departments) Act (No. 2) 2024-2025,2025,3,Finance,Department of Finance,2025-02-14,C2025A00003,2025-02-17T14:16:02.1859872,https://www.legislation.gov.au/C2025A00003/latest
C2026A00016,Appropriation (Parliamentary Departments) Act (No. 2) 2025‑2026,2026,16,Finance,Department of Finance,2026-03-27,C2026A00016,2026-03-31T15:07:12.6833429,https://www.legislation.gov.au/C2026A00016/latest
C2023A00031,Appropriation Act (No. 1) 2023-2024,2023,31,Finance,Department of Finance,2023-06-28,C2023A00031,2023-06-29T16:11:22.4230000,https://www.legislation.gov.au/C2023A00031/latest
C2024A00047,Appropriation Act (No. 1) 2024-2025,2024,47,Finance,Department of Finance,2024-06-26,C2024A00047,2024-06-27T14:55:58.2419961,https://www.legislation.gov.au/C2024A00047/latest
C2025A00047,Appropriation Act (No. 1) 2025-2026,2025,47,Finance,Department of Finance,2025-10-29,C2025A00047,2025-10-31T14:39:05.5368790,https://www.legislation.gov.au/C2025A00047/latest
C2023A00032,Appropriation Act (No. 2) 2023-2024,2023,32,Finance,Department of Finance,2023-06-28,C2023A00032,2023-06-30T11:18:40.6400000,https://www.legislation.gov.au/C2023A00032/latest
C2024A00048,Appropriation Act (No. 2) 2024-2025,2024,48,Finance,Department of Finance,2024-06-26,C2024A00048,2024-06-27T15:29:30.3037081,https://www.legislation.gov.au/C2024A00048/latest
C2025A00048,Appropriation Act (No. 2) 2025-2026,2025,48,Finance,Department of Finance,2025-10-29,C2025A00048,2025-10-30T12:46:46.3432312,https://www.legislation.gov.au/C2025A00048/latest
C2024A00012,Appropriation Act (No. 3) 2023-2024,2024,12,Finance,Department of Finance,2024-04-08,C2024A00012,2024-04-09T14:31:15.0612832,https://www.legislation.gov.au/C2024A00012/latest
C2025A00004,Appropriation Act (No. 3) 2024-2025,2025,4,Finance,Department of Finance,2025-02-14,C2025A00004,2025-02-17T14:21:37.5984956,https://www.legislation.gov.au/C2025A00004/latest
C2026A00017,Appropriation Act (No. 3) 2025-2026,2026,17,Finance,Department of Finance,2026-03-27,C2026A00017,2026-03-31T13:48:10.6378416,https://www.legislation.gov.au/C2026A00017/latest
C2024A00013,Appropriation Act (No. 4) 2023-2024,2024,13,Finance,Department of Finance,2024-04-08,C2024A00013,2024-04-09T14:33:38.6491934,https://www.legislation.gov.au/C2024A00013/latest
C2025A00005,Appropriation Act (No. 4) 2024-2025,2025,5,Finance,Department of Finance,2025-02-14,C2025A00005,2025-02-17T14:21:24.6341652,https://www.legislation.gov.au/C2025A00005/latest
C2026A00018,Appropriation Act (No. 4) 2025-2026,2026,18,Finance,Department of Finance,2026-03-27,C2026A00018,2026-03-30T12:16:01.3125575,https://www.legislation.gov.au/C2026A00018/latest
C2024A00045,Appropriation Act (No. 5) 2023-2024,2024,45,Finance,Department of Finance,2024-06-26,C2024A00045,2024-06-27T13:23:25.7482210,https://www.legislation.gov.au/C2024A00045/latest
C2024A00046,Appropriation Act (No. 6) 2023-2024,2024,46,Finance,Department of Finance,2024-06-26,C2024A00046,2024-06-27T13:59:45.4140639,https://www.legislation.gov.au/C2024A00046/latest
C2004A02796,Archives Act 1983,1983,79,"Infrastructure, Transport, Regional Development, Communications, Sport and the Arts","Department of Infrastructure, Transport, Regional Development, Communications, Sport and the Arts",2024-12-11,C2024C00855,2024-12-24T09:21:36.2518829,https://www.legislation.gov.au/C2004A02796/latest
C2013A00058,Asbestos and Silica Safety and Eradication Agency Act 2013,2013,58,Employment and Workplace Relations,Department of Employment and Workplace Relations,2024-05-31,C2024C00186,2024-06-03T10:06:21.3647759,https://www.legislation.gov.au/C2013A00058/latest
C2005A00122,Asbestos-related Claims (Management of Commonwealth Liabilities) Act 2005,2005,122,Employment and Workplace Relations,Department of Employment and Workplace Relations,2014-07-01,C2014C00491,2014-07-31T10:12:01.8270000,https://www.legislation.gov.au/C2005A00122/latest
C1933A00060,Ashmore and Cartier Islands Acceptance Act 1933,1933,60,"Infrastructure, Transport, Regional Development, Communications, Sport and the Arts","Department of Infrastructure, Transport, Regional Development, Communications, Sport and the Arts",2008-07-04,C2008C00341,2008-07-17T17:35:29,https://www.legislation.gov.au/C1933A00060/latest
C1966A00025,Asian Development Bank Act 1966,1966,25,Treasury,Department of the Treasury,2026-04-09,C2026C00167,2026-04-22T13:38:06.7919566,https://www.legislation.gov.au/C1966A00025/latest
C2015A00134,Asian Infrastructure Investment Bank Act 2015,2015,134,Treasury,Department of the Treasury,2026-04-09,C2026C00152,2026-04-18T13:09:11.3546737,https://www.legislation.gov.au/C2015A00134/latest
C2020A00024,Assistance for Severely Affected Regions (Special Appropriation) (Coronavirus Economic Response Package) Act 2020,2020,24,"Infrastructure, Transport, Regional Development, Communications, Sport and the Arts","Department of Infrastructure, Transport, Regional Development, Communications, Sport and the Arts",2020-03-24,C2020A00024,2020-03-25T10:30:50.9870000,https://www.legislation.gov.au/C2020A00024/latest
C2010A00011,Astronomical Functions Act 2010,2010,11,"Industry, Science and Resources","Department of Industry, Science and Resources",2018-07-01,C2018C00307,2018-08-02T12:19:55.4900000,https://www.legislation.gov.au/C2010A00011/latest
C1953A00031,Atomic Energy Act 1953,1953,31,"Industry, Science and Resources","Department of Industry, Science and Resources",2022-11-30,C2022C00333,2022-12-08T09:07:33.8730000,https://www.legislation.gov.au/C1953A00031/latest
C2004A05248,Auditor-General Act 1997,1997,151,Prime Minister and Cabinet,Department of the Prime Minister and Cabinet,2023-10-17,C2023C00356,2023-10-25T10:12:32.2730000,https://www.legislation.gov.au/C2004A05248/latest
C2007A00053,AusCheck Act 2007,2007,53,Home Affairs,Department of Home Affairs,2026-01-22,C2026C00065,2026-01-22T15:49:13.6734901,https://www.legislation.gov.au/C2007A00053/latest
C2004A03182,Australia (Request and Consent) Act 1985,1985,143,Attorney-General's,Attorney-General's Department,1985-12-04,C2004A03182,2005-01-01T00:00:00,https://www.legislation.gov.au/C2004A03182/latest
C2004A03181,Australia Act 1986,1985,142,Attorney-General's,Attorney-General's Department,1985-12-04,C2004A03181,2005-01-01T00:00:00,https://www.legislation.gov.au/C2004A03181/latest
C2013A00072,Australia Council (Consequential and Transitional Provisions) Act 2013,2013,72,"Infrastructure, Transport, Regional Development, Communications, Sport and the Arts","Department of Infrastructure, Transport, Regional Development, Communications, Sport and the Arts",2013-06-27,C2013A00072,2013-07-09T13:04:22.7030000,https://www.legislation.gov.au/C2013A00072/latest
C2004A03599,Australian Airlines (Conversion to Public Company) Act 1988,1988,6,"Infrastructure, Transport, Regional Development, Communications, Sport and the Arts","Department of Infrastructure, Transport, Regional Development, Communications, Sport and the Arts",2012-09-22,C2012C00793,2012-11-07T11:08:15.2470000,https://www.legislation.gov.au/C2004A03599/latest
C1933A00008,Australian Antarctic Territory Acceptance Act 1933,1933,8,"Climate Change, Energy, the Environment and Water","Department of Climate Change, Energy, the Environment and Water",1973-12-31,C2004C00416,2005-01-01T00:00:00,https://www.legislation.gov.au/C1933A00008/latest
C1954A00042,Australian Antarctic Territory Act 1954,1954,42,"Climate Change, Energy, the Environment and Water","Department of Climate Change, Energy, the Environment and Water",2012-09-22,C2012C00725,2012-10-19T12:50:48.2230000,https://www.legislation.gov.au/C1954A00042/latest
C2014A00081,Australian Apprenticeship Support Loans Act 2014,2014,81,Employment and Workplace Relations,Department of Employment and Workplace Relations,2025-08-03,C2025C00477,2025-08-11T15:06:43.9615112,https://www.legislation.gov.au/C2014A00081/latest
C2015A00040,Australian Border Force Act 2015,2015,40,Home Affairs,Department of Home Affairs,2026-01-22,C2026C00071,2026-01-23T17:06:33.3748474,https://www.legislation.gov.au/C2015A00040/latest
C2004A02724,Australian Broadcasting Corporation (Transitional Provisions and Consequential Amendments) Act 1983,1983,7,"Infrastructure, Transport, Regional Development, Communications, Sport and the Arts","Department of Infrastructure, Transport, Regional Development, Communications, Sport and the Arts",2014-10-17,C2014C00762,2014-11-06T13:50:33.5330000,https://www.legislation.gov.au/C2004A02724/latest
C2004A02723,Australian Broadcasting Corporation Act 1983,1983,6,"Infrastructure, Transport, Regional Development, Communications, Sport and the Arts","Department of Infrastructure, Transport, Regional Development, Communications, Sport and the Arts",2022-02-18,C2022C00075,2022-02-23T13:34:57.9100000,https://www.legislation.gov.au/C2004A02723/latest
C2004A00282,Australian Bureau of Statistics Act 1975,1975,60,Treasury,Department of the Treasury,2019-05-03,C2019C00184,2019-05-10T11:04:33.8400000,https://www.legislation.gov.au/C2004A00282/latest
C2020A00028,Australian Business Growth Fund (Coronavirus Economic Response Package) Act 2020,2020,28,Treasury,Department of the Treasury,2020-03-24,C2020A00028,2020-03-25T11:56:17.3930000,https://www.legislation.gov.au/C2020A00028/latest
C2019A00046,Australian Business Securitisation Fund Act 2019,2019,46,Treasury,Department of the Treasury,2019-04-05,C2019A00046,2019-04-10T14:23:25.6230000,https://www.legislation.gov.au/C2019A00046/latest
C2004A03701,Australian Capital Territory (Planning and Land Management) Act 1988,1988,108,Finance,Department of Finance,2018-07-01,C2018C00316,2018-08-06T15:13:17.4170000,https://www.legislation.gov.au/C2004A03701/latest
C2004A03699,Australian Capital Territory (Self-Government) Act 1988,1988,106,"Infrastructure, Transport, Regional Development, Communications, Sport and the Arts","Department of Infrastructure, Transport, Regional Development, Communications, Sport and the Arts",2024-12-11,C2024C00836,2024-12-20T12:16:06.5809043,https://www.legislation.gov.au/C2004A03699/latest
C1971A00066,Australian Capital Territory Evidence (Temporary Provisions) Act 1971,1971,66,"Infrastructure, Transport, Regional Development, Communications, Sport and the Arts","Department of Infrastructure, Transport, Regional Development, Communications, Sport and the Arts",1981-12-30,C2004C02014,2009-11-18T12:02:17,https://www.legislation.gov.au/C1971A00066/latest
C2004A04765,Australian Capital Territory Government Service (Consequential Provisions) Act 1994,1994,92,Prime Minister and Cabinet,Department of the Prime Minister and Cabinet,2023-10-18,C2023C00430,2023-11-14T15:21:26.2400000,https://www.legislation.gov.au/C2004A04765/latest
C1933A00034,Australian Capital Territory Supreme Court Act 1933,1933,34,"Infrastructure, Transport, Regional Development, Communications, Sport and the Arts","Department of Infrastructure, Transport, Regional Development, Communications, Sport and the Arts",1989-05-11,C2004C02023,2009-11-24T09:04:06,https://www.legislation.gov.au/C1933A00034/latest
C2025A00062,Australian Centre for Disease Control (Consequential Amendments and Transitional Provisions) Act 2025,2025,62,"Health, Disability and Ageing","Department of Health, Disability and Ageing",2025-11-10,C2025A00062,2025-11-11T15:19:07.3154225,https://www.legislation.gov.au/C2025A00062/latest
C2025A00061,Australian Centre for Disease Control Act 2025,2025,61,"Health, Disability and Ageing","Department of Health, Disability and Ageing",2025-11-10,C2025A00061,2025-11-12T17:04:40.8509965,https://www.legislation.gov.au/C2025A00061/latest
C2004A02568,Australian Centre for International Agricultural Research Act 1982,1982,9,Foreign Affairs and Trade,Department of Foreign Affairs and Trade,2026-03-27,C2026C00143,2026-04-15T14:01:48.3770181,https://www.legislation.gov.au/C2004A02568/latest
C2012A00169,Australian Charities and Not-for-profits Commission (Consequential and Transitional) Act 2012,2012,169,Treasury,Department of the Treasury,2012-12-03,C2012A00169,2012-12-04T14:19:07.8300000,https://www.legislation.gov.au/C2012A00169/latest
C2012A00168,Australian Charities and Not-for-profits Commission Act 2012,2012,168,Treasury,Department of the Treasury,2025-12-05,C2025C00665,2025-12-15T15:27:35.5251246,https://www.legislation.gov.au/C2012A00168/latest
C2007A00021,Australian Citizenship (Transitionals and Consequentials) Act 2007,2007,21,Home Affairs,Department of Home Affairs,2015-07-01,C2015C00383,2015-08-10T14:11:33.8730000,https://www.legislation.gov.au/C2007A00021/latest
C2007A00020,Australian Citizenship Act 2007,2007,20,Home Affairs,Department of Home Affairs,2026-01-22,C2026C00080,2026-01-30T09:46:38.8592818,https://www.legislation.gov.au/C2007A00020/latest
C2011A00018,Australian Civilian Corps Act 2011,2011,18,Foreign Affairs and Trade,Department of Foreign Affairs and Trade,2014-07-01,C2014C00531,2014-08-07T14:46:53.3700000,https://www.legislation.gov.au/C2011A00018/latest
C2013A00140,Australian Civilian Corps Amendment Act 2013,2013,140,Foreign Affairs and Trade,Department of Foreign Affairs and Trade,2013-12-13,C2013A00140,2013-12-19T14:32:42.8570000,https://www.legislation.gov.au/C2013A00140/latest
C2005A00045,Australian Communications and Media Authority (Consequential and Transitional Provisions) Act 2005,2005,45,"Infrastructure, Transport, Regional Development, Communications, Sport and the Arts","Department of Infrastructure, Transport, Regional Development, Communications, Sport and the Arts",2014-10-17,C2014C00733,2014-10-30T15:25:10.4030000,https://www.legislation.gov.au/C2005A00045/latest
C2005A00044,Australian Communications and Media Authority Act 2005,2005,44,"Infrastructure, Transport, Regional Development, Communications, Sport and the Arts","Department of Infrastructure, Transport, Regional Development, Communications, Sport and the Arts",2025-12-05,C2025C00667,2025-12-16T09:00:21.7329759,https://www.legislation.gov.au/C2005A00044/latest
C2016A00044,Australian Crime Commission (National Policing Information Charges) Act 2016,2016,44,Home Affairs,Department of Home Affairs,2016-05-05,C2016A00044,2016-05-06T10:05:14.0570000,https://www.legislation.gov.au/C2016A00044/latest
C2004A02905,Australian Crime Commission Act 2002,1984,41,Attorney-General's,Attorney-General's Department,2026-01-22,C2026C00082,2026-02-02T14:50:15.8016351,https://www.legislation.gov.au/C2004A02905/latest
C2004A01062,Australian Crime Commission Establishment Act 2002,2002,125,Home Affairs,Department of Home Affairs,2002-12-10,C2004C01287,2012-12-19T15:04:41.2830000,https://www.legislation.gov.au/C2004A01062/latest
C2008A00136,"Australian Curriculum, Assessment and Reporting Authority Act 2008",2008,136,Education,Department of Education,2024-07-06,C2024C00282,2024-07-13T17:00:11.3230669,https://www.legislation.gov.au/C2008A00136/latest
C2015A00118,Australian Defence Force Cover Act 2015,2015,118,Defence,Department of Defence,2023-10-20,C2023C00402,2023-11-05T18:02:52.4000000,https://www.legislation.gov.au/C2015A00118/latest
C2015A00119,Australian Defence Force Superannuation Act 2015,2015,119,Defence,Department of Defence,2022-09-28,C2022C00274,2022-10-05T09:23:19.4030000,https://www.legislation.gov.au/C2015A00119/latest
C2013A00068,Australian Education (Consequential and Transitional Provisions) Act 2013,2013,68,Education,Department of Education,2018-01-01,C2018C00001,2018-01-02T10:08:10.0800000,https://www.legislation.gov.au/C2013A00068/latest
C2013A00067,Australian Education Act 2013,2013,67,Education,Department of Education,2024-12-18,C2024C00865,2024-12-24T12:06:11.5396714,https://www.legislation.gov.au/C2013A00067/latest
C2004A01335,Australian Energy Market Act 2004,2004,99,"Climate Change, Energy, the Environment and Water","Department of Climate Change, Energy, the Environment and Water",2021-09-01,C2021C00399,2021-09-30T15:07:58.1230000,https://www.legislation.gov.au/C2004A01335/latest
C2004A02068,Australian Federal Police Act 1979,1979,58,Home Affairs,Department of Home Affairs,2025-11-08,C2025C00647,2025-11-26T08:52:26.6964507,https://www.legislation.gov.au/C2004A02068/latest
C1973A00095,"Australian Film, Television and Radio School Act 1973",1973,95,"Infrastructure, Transport, Regional Development, Communications, Sport and the Arts","Department of Infrastructure, Transport, Regional Development, Communications, Sport and the Arts",2014-07-01,C2014C00384,2014-07-16T11:00:11.3870000,https://www.legislation.gov.au/C1973A00095/latest
C2004A04244,Australian Hearing Services Act 1991,1991,169,"Health, Disability and Ageing","Department of Health, Disability and Ageing",2024-10-14,C2024C00568,2024-10-14T12:22:54.2999480,https://www.legislation.gov.au/C2004A04244/latest
C2004A01170,Australian Heritage Council (Consequential and Transitional Provisions) Act 2003,2003,86,"Climate Change, Energy, the Environment and Water","Department of Climate Change, Energy, the Environment and Water",2003-09-23,C2004A01170,2005-01-01T00:00:00,https://www.legislation.gov.au/C2004A01170/latest
C2004A01169,Australian Heritage Council Act 2003,2003,85,"Climate Change, Energy, the Environment and Water","Department of Climate Change, Energy, the Environment and Water",2019-07-01,C2019C00196,2019-07-01T09:49:32.2300000,https://www.legislation.gov.au/C2004A01169/latest
C2004A03366,Australian Human Rights Commission Act 1986,1986,125,Attorney-General's,Attorney-General's Department,2024-10-02,C2024C00645,2024-10-14T15:24:05.5698748,https://www.legislation.gov.au/C2004A03366/latest
C2015A00139,Australian Immunisation Register (Consequential and Transitional Provisions) Act 2015,2015,139,"Health, Disability and Ageing","Department of Health, Disability and Ageing",2015-11-12,C2015A00139,2015-11-13T11:34:02.3900000,https://www.legislation.gov.au/C2015A00139/latest
C2015A00138,Australian Immunisation Register Act 2015,2015,138,"Health, Disability and Ageing","Department of Health, Disability and Ageing",2025-12-05,C2025C00682,2025-12-19T18:01:25.8095469,https://www.legislation.gov.au/C2015A00138/latest
C2010A00052,Australian Information Commissioner Act 2010,2010,52,Attorney-General's,Attorney-General's Department,2024-12-11,C2024C00822,2024-12-18T17:06:54.7060544,https://www.legislation.gov.au/C2010A00052/latest
C2004A03897,Australian Institute of Aboriginal and Torres Strait Islander Studies Act 1989,1989,149,Prime Minister and Cabinet,Department of the Prime Minister and Cabinet,2016-03-05,C2016C00164,2016-03-07T14:43:32.8270000,https://www.legislation.gov.au/C2004A03897/latest
C2004A03450,Australian Institute of Health and Welfare Act 1987,1987,41,"Health, Disability and Ageing","Department of Health, Disability and Ageing",2018-11-27,C2018C00474,2018-12-04T09:31:58.9730000,https://www.legislation.gov.au/C2004A03450/latest
C1972A00055,Australian Institute of Marine Science Act 1972,1972,55,"Climate Change, Energy, the Environment and Water","Department of Climate Change, Energy, the Environment and Water",2016-10-21,C2016C01009,2016-10-28T17:12:59.8530000,https://www.legislation.gov.au/C1972A00055/latest
C2013A00069,Australian Jobs Act 2013,2013,69,"Industry, Science and Resources","Department of Industry, Science and Resources",2024-10-14,C2024C00577,2024-10-14T11:32:25.9154102,https://www.legislation.gov.au/C2013A00069/latest
C2004A05069,Australian Law Reform Commission Act 1996,1996,37,Attorney-General's,Attorney-General's Department,2014-07-01,C2014C00375,2014-07-15T10:51:31.3430000,https://www.legislation.gov.au/C2004A05069/latest
C2004A04009,Australian Maritime Safety Authority Act 1990,1990,78,"Infrastructure, Transport, Regional Development, Communications, Sport and the Arts","Department of Infrastructure, Transport, Regional Development, Communications, Sport and the Arts",2014-07-01,C2014C00368,2014-07-14T11:58:34.5400000,https://www.legislation.gov.au/C2004A04009/latest
C2004A05296,Australian Meat and Live-stock Industry (Repeals and Consequential Provisions) Act 1997,1997,207,,,2009-07-01,C2009C00387,2009-08-03T13:13:31,https://www.legislation.gov.au/C2004A05296/latest
C1945A00031,Australian National Airlines Act 1945,1945,31,"Infrastructure, Transport, Regional Development, Communications, Sport and the Arts","Department of Infrastructure, Transport, Regional Development, Communications, Sport and the Arts",1994-12-16,C2004C01144,2005-01-01T00:00:00,https://www.legislation.gov.au/C1945A00031/latest
C2004A04021,Australian National Maritime Museum Act 1990,1990,90,"Infrastructure, Transport, Regional Development, Communications, Sport and the Arts","Department of Infrastructure, Transport, Regional Development, Communications, Sport and the Arts",2021-05-01,C2021C00215,2021-05-11T17:09:31.5100000,https://www.legislation.gov.au/C2004A04021/latest
C2004A05189,Australian National Railways Commission Sale Act 1997,1997,96,,,1997-06-30,C2004C00908,2005-01-01T00:00:00,https://www.legislation.gov.au/C2004A05189/latest
C2011A00099,Australian National Registry of Emissions Units Act 2011,2011,99,"Climate Change, Energy, the Environment and Water","Department of Climate Change, Energy, the Environment and Water",2024-10-14,C2024C00517,2024-10-14T11:39:52.4983616,https://www.legislation.gov.au/C2011A00099/latest
C2004A04206,Australian National University Act 1991,1991,131,Education,Department of Education,2014-07-01,C2014C00377,2014-07-15T12:11:45.5130000,https://www.legislation.gov.au/C2004A04206/latest
C2024A00092,Australian Naval Nuclear Power Safety (Transitional Provisions) Act 2024,2024,92,Defence,Department of Defence,2024-10-24,C2024A00092,2024-10-24T14:46:21.6434265,https://www.legislation.gov.au/C2024A00092/latest
C2024A00091,Australian Naval Nuclear Power Safety Act 2024,2024,91,Defence,Department of Defence,2025-11-01,C2026C00088,2026-02-25T14:05:15.2094387,https://www.legislation.gov.au/C2024A00091/latest
C2004A03412,Australian Nuclear Science and Technology Organisation Act 1987,1987,3,"Industry, Science and Resources","Department of Industry, Science and Resources",2017-09-19,C2017C00304,2017-09-20T16:38:39.4100000,https://www.legislation.gov.au/C2004A03412/latest
C2008A00122,Australian Organ and Tissue Donation and Transplantation Authority Act 2008,2008,122,"Health, Disability and Ageing","Department of Health, Disability and Ageing",2024-02-21,C2024C00060,2024-02-21T09:11:02.1239168,https://www.legislation.gov.au/C2008A00122/latest
C2006A00135,Australian Participants in British Nuclear Tests and British Commonwealth Occupation Force (Treatment) Act 2006,2006,135,Veterans' Affairs,Department of Veterans' Affairs,2025-11-01,C2025C00594,2025-11-01T09:18:20.6579226,https://www.legislation.gov.au/C2006A00135/latest
C2005A00006,Australian Passports (Application Fees) Act 2005,2005,6,Foreign Affairs and Trade,Department of Foreign Affairs and Trade,2005-02-18,C2005A00006,2005-02-23T09:17:32,https://www.legislation.gov.au/C2005A00006/latest
C2005A00005,Australian Passports Act 2005,2005,5,Foreign Affairs and Trade,Department of Foreign Affairs and Trade,2025-11-08,C2025C00643,2025-11-25T15:16:56.0390016,https://www.legislation.gov.au/C2005A00005/latest
C2004A03812,Australian Postal Corporation Act 1989,1989,64,"Infrastructure, Transport, Regional Development, Communications, Sport and the Arts","Department of Infrastructure, Transport, Regional Development, Communications, Sport and the Arts",2025-01-09,C2025C00040,2025-01-15T09:43:52.4248053,https://www.legislation.gov.au/C2004A03812/latest
C2004A00310,Australian Prudential Regulation Authority Act 1998,1998,50,Treasury,Department of the Treasury,2024-03-15,C2024C00079,2024-03-19T12:16:30.8847037,https://www.legislation.gov.au/C2004A00310/latest
C2004A00384,Australian Radiation Protection and Nuclear Safety (Licence Charges) Act 1998,1998,134,,,1999-02-05,C2004C01008,2012-08-30T12:52:24.0130000,https://www.legislation.gov.au/C2004A00384/latest
C2004A00383,Australian Radiation Protection and Nuclear Safety Act 1998,1998,133,,,2024-10-14,C2024C00716,2024-10-24T10:01:22.4278087,https://www.legislation.gov.au/C2004A00383/latest
C2011A00152,Australian Renewable Energy Agency (Consequential Amendments and Transitional Provisions) Act 2011,2011,152,"Climate Change, Energy, the Environment and Water","Department of Climate Change, Energy, the Environment and Water",2011-12-04,C2011A00152,2011-12-14T16:33:06.5700000,https://www.legislation.gov.au/C2011A00152/latest
C2011A00151,Australian Renewable Energy Agency Act 2011,2011,151,"Climate Change, Energy, the Environment and Water","Department of Climate Change, Energy, the Environment and Water",2024-12-11,C2024C00821,2024-12-18T16:57:34.2638324,https://www.legislation.gov.au/C2011A00151/latest
C2004A00773,Australian Research Council Act 2001,2001,8,Education,Department of Education,2024-07-01,C2024C00245,2024-07-01T15:00:17.5805001,https://www.legislation.gov.au/C2004A00773/latest
C2015A00027,Australian River Co. Limited Act 2015,2015,27,Finance,Department of Finance,2017-09-20,C2017C00320,2017-09-27T14:35:37.2970000,https://www.legislation.gov.au/C2015A00027/latest
C2004A00819,Australian Securities and Investments Commission Act 2001,2001,51,Treasury,Department of the Treasury,2025-12-19,C2026C00053,2026-01-19T12:21:29.8107651,https://www.legislation.gov.au/C2004A00819/latest
C2004A02123,Australian Security Intelligence Organisation Act 1979,1979,113,Attorney-General's,Attorney-General's Department,2026-01-22,C2026C00067,2026-01-23T14:08:15.7756157,https://www.legislation.gov.au/C2004A02123/latest
C2015A00124,Australian Small Business and Family Enterprise Ombudsman (Consequential and Transitional Provisions) Act 2015,2015,124,Treasury,Department of the Treasury,2015-09-10,C2015A00124,2015-09-15T11:49:29.4730000,https://www.legislation.gov.au/C2015A00124/latest
C2015A00123,Australian Small Business and Family Enterprise Ombudsman Act 2015,2015,123,Treasury,Department of the Treasury,2024-10-14,C2024C00563,2024-10-14T07:32:20.8870559,https://www.legislation.gov.au/C2015A00123/latest
C2006A00007,Australian Sports Anti-Doping Authority (Consequential and Transitional Provisions) Act 2006,2006,7,"Infrastructure, Transport, Regional Development, Communications, Sport and the Arts","Department of Infrastructure, Transport, Regional Development, Communications, Sport and the Arts",2006-03-07,C2006A00007,2006-03-13T12:31:15,https://www.legislation.gov.au/C2006A00007/latest
C2004A03760,Australian Sports Commission Act 1989,1989,12,"Infrastructure, Transport, Regional Development, Communications, Sport and the Arts","Department of Infrastructure, Transport, Regional Development, Communications, Sport and the Arts",2020-08-10,C2020C00256,2020-08-24T12:50:08.5570000,https://www.legislation.gov.au/C2004A03760/latest
C2004A03226,Australian Trade Commission (Transitional Provisions and Consequential Amendments) Act 1985,1985,187,Foreign Affairs and Trade,Department of Foreign Affairs and Trade,1985-12-16,C2004A03226,2005-01-01T00:00:00,https://www.legislation.gov.au/C2004A03226/latest
C2006A00056,Australian Trade Commission Legislation Amendment Act 2006,2006,56,Foreign Affairs and Trade,Department of Foreign Affairs and Trade,2011-09-16,C2011C00785,2011-09-27T12:06:52.3630000,https://www.legislation.gov.au/C2006A00056/latest
C2004A03225,Australian Trade and Investment Commission Act 1985,1985,186,Foreign Affairs and Trade,Department of Foreign Affairs and Trade,2026-03-27,C2026C00130,2026-04-11T11:49:29.8145225,https://www.legislation.gov.au/C2004A03225/latest
C2011A00055,Australian Transaction Reports and Analysis Centre Industry Contribution (Collection) Act 2011,2011,55,Home Affairs,Department of Home Affairs,2024-10-14,C2024C00491,2024-10-14T10:45:25.3004643,https://www.legislation.gov.au/C2011A00055/latest
C2011A00054,Australian Transaction Reports and Analysis Centre Industry Contribution Act 2011,2011,54,Home Affairs,Department of Home Affairs,2016-03-05,C2016C00290,2016-04-14T10:03:43.3070000,https://www.legislation.gov.au/C2011A00054/latest
C2011A00056,Australian Transaction Reports and Analysis Centre Supervisory Cost Recovery Levy (Consequential Amendments) Act 2011,2011,56,Home Affairs,Department of Home Affairs,2012-09-22,C2012C00832,2012-11-20T11:18:17.5600000,https://www.legislation.gov.au/C2011A00056/latest
C2019A00096,Australian Veterans’ Recognition (Putting Veterans and Their Families First) Act 2019,2019,96,Veterans' Affairs,Department of Veterans' Affairs,2019-10-30,C2019A00096,2019-11-01T17:42:33.5430000,https://www.legislation.gov.au/C2019A00096/latest
C2004A02305,Australian War Memorial Act 1980,1980,104,Veterans' Affairs,Department of Veterans' Affairs,2016-10-21,C2016C01079,2016-11-14T11:19:50.7100000,https://www.legislation.gov.au/C2004A02305/latest
C2020A00116,Australia’s Foreign Relations (State and Territory Arrangements) Act 2020,2020,116,Foreign Affairs and Trade,Department of Foreign Affairs and Trade,2020-12-10,C2020A00116,2020-12-16T13:35:21.8270000,https://www.legislation.gov.au/C2020A00116/latest
C2004A00311,Authorised Deposit-taking Institutions Supervisory Levy Imposition Act 1998,1998,51,Treasury,Department of the Treasury,2020-06-20,C2020C00184,2020-06-29T13:47:58.2530000,https://www.legislation.gov.au/C2004A00311/latest
C2004A00312,Authorised Non-operating Holding Companies Supervisory Levy Imposition Act 1998,1998,52,Treasury,Department of the Treasury,2020-06-20,C2020C00185,2020-06-29T15:52:22.7130000,https://www.legislation.gov.au/C2004A00312/latest
C2009A00093,Automotive Transformation Scheme Act 2009,2009,93,"Industry, Science and Resources","Department of Industry, Science and Resources",2014-10-17,C2014C00735,2014-10-30T16:08:26.1830000,https://www.legislation.gov.au/C2009A00093/latest
C2011A00038,Autonomous Sanctions Act 2011,2011,38,Foreign Affairs and Trade,Department of Foreign Affairs and Trade,2024-04-09,C2024C00138,2024-04-11T11:56:02.5050496,https://www.legislation.gov.au/C2011A00038/latest
C2024A00019,Autonomous Sanctions Amendment Act 2024,2024,19,Foreign Affairs and Trade,Department of Foreign Affairs and Trade,2024-04-08,C2024A00019,2024-04-09T11:14:20.2701668,https://www.legislation.gov.au/C2024A00019/latest
C2004A03647,Aviation Fuel Revenues (Special Appropriation) Act 1988,1988,54,"Infrastructure, Transport, Regional Development, Communications, Sport and the Arts","Department of Infrastructure, Transport, Regional Development, Communications, Sport and the Arts",2013-12-01,C2014C00700,2014-10-23T12:53:41.3200000,https://www.legislation.gov.au/C2004A03647/latest
C2004A01243,Aviation Transport Security (Consequential Amendments and Transitional Provisions) Act 2004,2004,9,Home Affairs,Department of Home Affairs,2005-03-10,C2005C00207,2005-03-14T13:31:15,https://www.legislation.gov.au/C2004A01243/latest
C2004A01242,Aviation Transport Security Act 2004,2004,8,Home Affairs,Department of Home Affairs,2026-03-27,C2026C00102,2026-03-27T16:15:13.8910705,https://www.legislation.gov.au/C2004A01242/latest
C2004A04285,Bank Integration Act 1991,1991,210,Treasury,Department of the Treasury,2016-07-01,C2016C00828,2016-07-15T14:48:46.6930000,https://www.legislation.gov.au/C2004A04285/latest
C2004A04745,Banking (State Bank of South Australia and Other Matters) Act 1994,1994,69,Treasury,Department of the Treasury,1994-06-09,C2004A04745,2005-01-01T00:00:00,https://www.legislation.gov.au/C2004A04745/latest
C1959A00006,Banking Act 1959,1959,6,Treasury,Department of the Treasury,2026-03-31,C2026C00104,2026-03-31T10:22:43.0584407,https://www.legislation.gov.au/C1959A00006/latest
C2004A05113,Bankruptcy (Estate Charges) Act 1997,1997,12,Treasury,Department of the Treasury,2021-08-02,C2021C00322,2021-08-31T09:59:07.2270000,https://www.legislation.gov.au/C2004A05113/latest
C1966A00033,Bankruptcy Act 1966,1966,33,Treasury,Department of the Treasury,2026-03-28,C2026C00115,2026-03-31T15:02:30.2888038,https://www.legislation.gov.au/C1966A00033/latest
C1909A00027,Bills of Exchange Act 1909,1909,27,Treasury,Department of the Treasury,2011-12-27,C2012C00128,2012-01-20T15:09:04.3900000,https://www.legislation.gov.au/C1909A00027/latest
C2004A03003,Biological Control Act 1984,1984,139,"Agriculture, Fisheries and Forestry","Department of Agriculture, Fisheries and Forestry",2024-10-14,C2024C00487,2024-10-14T12:15:31.1032858,https://www.legislation.gov.au/C2004A03003/latest
C2015A00062,Biosecurity (Consequential Amendments and Transitional Provisions) Act 2015,2015,62,"Agriculture, Fisheries and Forestry","Department of Agriculture, Fisheries and Forestry",2017-09-20,C2017C00318,2017-09-27T13:51:02.1230000,https://www.legislation.gov.au/C2015A00062/latest
C2015A00061,Biosecurity Act 2015,2015,61,"Agriculture, Fisheries and Forestry","Department of Agriculture, Fisheries and Forestry",2026-01-01,C2026C00044,2026-01-15T13:38:28.9680189,https://www.legislation.gov.au/C2015A00061/latest
C2014A00016,Biosecurity Charges Imposition (Customs) Act 2015,2014,16,"Agriculture, Fisheries and Forestry","Department of Agriculture, Fisheries and Forestry",2016-06-16,C2016C00675,2016-06-20T16:11:09.2270000,https://www.legislation.gov.au/C2014A00016/latest
C2014A00017,Biosecurity Charges Imposition (Excise) Act 2015,2014,17,"Agriculture, Fisheries and Forestry","Department of Agriculture, Fisheries and Forestry",2016-06-16,C2016C00674,2016-06-20T16:10:52.5070000,https://www.legislation.gov.au/C2014A00017/latest
C2014A00018,Biosecurity Charges Imposition (General) Act 2015,2014,18,"Agriculture, Fisheries and Forestry","Department of Agriculture, Fisheries and Forestry",2016-06-16,C2016C00676,2016-06-21T09:26:23.4770000,https://www.legislation.gov.au/C2014A00018/latest
C2020A00023,Boosting Cash Flow for Employers (Coronavirus Economic Response Package) Act 2020,2020,23,Treasury,Department of the Treasury,2020-06-20,C2020C00181,2020-06-26T14:03:58.4230000,https://www.legislation.gov.au/C2020A00023/latest
C2004A04396,Broadcasting Services (Transitional Provisions and Consequential Amendments) Act 1992,1992,105,"Infrastructure, Transport, Regional Development, Communications, Sport and the Arts","Department of Infrastructure, Transport, Regional Development, Communications, Sport and the Arts",2016-07-01,C2016C00754,2016-07-07T14:50:16.4670000,https://www.legislation.gov.au/C2004A04396/latest
C2004A04401,Broadcasting Services Act 1992,1992,110,"Infrastructure, Transport, Regional Development, Communications, Sport and the Arts","Department of Infrastructure, Transport, Regional Development, Communications, Sport and the Arts",2025-12-05,C2025C00664,2025-12-15T14:40:52.8005427,https://www.legislation.gov.au/C2004A04401/latest
C2016A00055,Budget Savings (Omnibus) Act 2016,2016,55,"Health, Disability and Ageing","Department of Health, Disability and Ageing",2021-09-01,C2021C00522,2021-11-10T14:36:04.6330000,https://www.legislation.gov.au/C2016A00055/latest
C2004A03247,Builders Labourers' Federation (Cancellation of Registration) Act 1986,1986,6,Employment and Workplace Relations,Department of Employment and Workplace Relations,1986-04-14,C2004A03247,2005-01-01T00:00:00,https://www.legislation.gov.au/C2004A03247/latest
C2004A03248,Builders Labourers' Federation (Cancellation of Registration—Consequential Provisions) Act 1986,1986,7,Employment and Workplace Relations,Department of Employment and Workplace Relations,2009-07-01,C2009C00283,2009-07-03T12:12:41,https://www.legislation.gov.au/C2004A03248/latest
C2010A00067,Building Energy Efficiency Disclosure Act 2010,2010,67,"Climate Change, Energy, the Environment and Water","Department of Climate Change, Energy, the Environment and Water",2024-10-14,C2024C00453,2024-10-14T11:30:14.7327996,https://www.legislation.gov.au/C2010A00067/latest
C2004A03131,Building Industry Act 1985,1985,92,Employment and Workplace Relations,Department of Employment and Workplace Relations,2016-10-21,C2016C01029,2016-11-01T11:56:36.7370000,https://www.legislation.gov.au/C2004A03131/latest
C2011A00172,Business Names Registration (Application of Consequential Amendments) Act 2011,2011,172,Treasury,Department of the Treasury,2011-12-05,C2011A00172,2011-12-08T12:40:14.9000000,https://www.legislation.gov.au/C2011A00172/latest
C2011A00128,Business Names Registration (Fees) Act 2011,2011,128,Treasury,Department of the Treasury,2022-06-22,C2022C00183,2022-06-27T12:03:53.8000000,https://www.legislation.gov.au/C2011A00128/latest
C2011A00127,Business Names Registration (Transitional and Consequential Provisions) Act 2011,2011,127,Treasury,Department of the Treasury,2024-10-14,C2024C00518,2024-10-14T11:56:41.9135912,https://www.legislation.gov.au/C2011A00127/latest
C2011A00126,Business Names Registration Act 2011,2011,126,Treasury,Department of the Treasury,2024-10-14,C2024C00631,2024-10-14T14:03:09.7330656,https://www.legislation.gov.au/C2011A00126/latest
C2015A00111,Business Services Wage Assessment Tool Payment Scheme Act 2015,2015,111,Social Services,Department of Social Services,2020-11-27,C2020C00377,2020-12-03T15:03:23.9300000,https://www.legislation.gov.au/C2015A00111/latest
C2004A05102,CFM Sale Act 1996,1996,58,Finance,Department of Finance,2012-09-22,C2012C00787,2012-11-06T11:47:08.8630000,https://www.legislation.gov.au/C2004A05102/latest
C2021A00070,COVID-19 Disaster Payment (Funding Arrangements) Act 2021,2021,70,"Agriculture, Fisheries and Forestry","Department of Agriculture, Fisheries and Forestry",2021-06-30,C2021A00070,2021-07-02T10:33:33.7400000,https://www.legislation.gov.au/C2021A00070/latest
C2004A04643,CSL Sale Act 1993,1993,88,Finance,Department of Finance,2018-03-30,C2018C00099,2018-04-09T13:04:01.2430000,https://www.legislation.gov.au/C2004A04643/latest
C2004A00093,Canberra Water Supply (Googong Dam) Act 1974,1974,34,"Infrastructure, Transport, Regional Development, Communications, Sport and the Arts","Department of Infrastructure, Transport, Regional Development, Communications, Sport and the Arts",2016-10-21,C2016C00961,2016-10-24T10:21:15.0300000,https://www.legislation.gov.au/C2004A00093/latest
C2006A00035,Cancer Australia Act 2006,2006,35,"Health, Disability and Ageing","Department of Health, Disability and Ageing",2014-07-01,C2014C00376,2014-07-15T11:59:22.8630000,https://www.legislation.gov.au/C2006A00035/latest
C2024A00112,Capital Works (Build to Rent Misuse Tax) Act 2024,2024,112,Treasury,Department of the Treasury,2024-12-10,C2024A00112,2024-12-13T11:07:16.3994157,https://www.legislation.gov.au/C2024A00112/latest
C2011A00101,Carbon Credits (Carbon Farming Initiative) Act 2011,2011,101,"Climate Change, Energy, the Environment and Water","Department of Climate Change, Energy, the Environment and Water",2024-10-14,C2024C00490,2024-10-14T12:22:40.6577111,https://www.legislation.gov.au/C2011A00101/latest
C2010A00123,Carer Recognition Act 2010,2010,123,"Health, Disability and Ageing","Department of Health, Disability and Ageing",2010-11-18,C2010A00123,2010-11-23T11:28:04,https://www.legislation.gov.au/C2010A00123/latest
C2004A04235,Carriage of Goods by Sea Act 1991,1991,160,"Infrastructure, Transport, Regional Development, Communications, Sport and the Arts","Department of Infrastructure, Transport, Regional Development, Communications, Sport and the Arts",2017-08-23,C2017C00280,2017-09-06T10:05:34.5630000,https://www.legislation.gov.au/C2004A04235/latest
C1905A00015,Census and Statistics Act 1905,1905,15,Treasury,Department of the Treasury,2020-10-01,C2020C00296,2020-10-01T09:52:49.1170000,https://www.legislation.gov.au/C1905A00015/latest
C2013A00096,Charities (Consequential Amendments and Transitional Provisions) Act 2013,2013,96,Social Services,Department of Social Services,2014-01-01,C2015C00341,2015-07-17T13:28:59.4570000,https://www.legislation.gov.au/C2013A00096/latest
C2013A00100,Charities Act 2013,2013,100,Social Services,Department of Social Services,2013-06-29,C2013A00100,2013-07-10T13:41:49.3770000,https://www.legislation.gov.au/C2013A00100/latest
C2004A05333,Charter of Budget Honesty Act 1998,1998,22,Treasury,Department of the Treasury,2020-03-25,C2020C00126,2020-04-09T14:21:33.2130000,https://www.legislation.gov.au/C2004A05333/latest
C1945A00032,Charter of the United Nations Act 1945,1945,32,Foreign Affairs and Trade,Department of Foreign Affairs and Trade,2021-09-14,C2021C00518,2021-11-10T12:00:26.7200000,https://www.legislation.gov.au/C1945A00032/latest
C2004A04702,Chemical Weapons (Prohibition) Act 1994,1994,26,Foreign Affairs and Trade,Department of Foreign Affairs and Trade,2024-10-14,C2024C00434,2024-10-14T11:51:24.9448692,https://www.legislation.gov.au/C2004A04702/latest
C2004A03386,Cheques Act 1986,1986,145,Treasury,Department of the Treasury,2017-03-01,C2017C00074,2017-03-07T15:38:02.1830000,https://www.legislation.gov.au/C2004A03386/latest
C1972A00121,Child Care Act 1972,1972,121,Education,Department of Education,2016-03-10,C2016C00512,2016-05-24T16:15:36.2030000,https://www.legislation.gov.au/C1972A00121/latest
C2004A03872,Child Support (Assessment) Act 1989,1989,124,Social Services,Department of Social Services,2026-04-02,C2026C00168,2026-04-22T19:14:30.9512621,https://www.legislation.gov.au/C2004A03872/latest
C2004A03596,Child Support (Registration and Collection) Act 1988,1988,3,Social Services,Department of Social Services,2025-12-05,C2025C00692,2025-12-22T17:05:11.7225249,https://www.legislation.gov.au/C2004A03596/latest
C2006A00053,Child Support Legislation Amendment (Reform of the Child Support Scheme—Initial Measures) Act 2006,2006,53,Social Services,Department of Social Services,2011-09-16,C2011C00779,2011-09-26T14:10:37.9170000,https://www.legislation.gov.au/C2006A00053/latest
C2006A00146,Child Support Legislation Amendment (Reform of the Child Support Scheme—New Formula and Other Measures) Act 2006,2006,146,Education,Department of Education,2008-07-01,C2010C00151,2010-03-10T13:18:45,https://www.legislation.gov.au/C2006A00146/latest
C2010A00065,Child Support and Family Assistance Legislation Amendment (Budget and Other Measures) Act 2010,2010,65,Social Services,Department of Social Services,2010-06-28,C2010A00065,2010-07-05T08:28:08,https://www.legislation.gov.au/C2010A00065/latest
C1958A00041,Christmas Island Act 1958,1958,41,"Infrastructure, Transport, Regional Development, Communications, Sport and the Arts","Department of Infrastructure, Transport, Regional Development, Communications, Sport and the Arts",2020-12-18,C2021C00068,2021-02-04T14:42:17.1900000,https://www.legislation.gov.au/C1958A00041/latest
C1958A00069,Christmas Island Agreement Act 1958,1958,69,"Infrastructure, Transport, Regional Development, Communications, Sport and the Arts","Department of Infrastructure, Transport, Regional Development, Communications, Sport and the Arts",1983-12-21,C2004C00122,2012-08-22T11:31:47.9070000,https://www.legislation.gov.au/C1958A00069/latest
C2004A01549,Christmas Island Agreement Act 1976,1976,118,"Infrastructure, Transport, Regional Development, Communications, Sport and the Arts","Department of Infrastructure, Transport, Regional Development, Communications, Sport and the Arts",1976-11-18,C2004A01549,2005-01-01T00:00:00,https://www.legislation.gov.au/C2004A01549/latest
C2004A03776,Circuit Layouts Act 1989,1989,28,Attorney-General's,Attorney-General's Department,2012-09-22,C2012C00729,2012-10-19T16:26:01.2730000,https://www.legislation.gov.au/C2004A03776/latest
C1959A00002,Civil Aviation (Carriers' Liability) Act 1959,1959,2,"Infrastructure, Transport, Regional Development, Communications, Sport and the Arts","Department of Infrastructure, Transport, Regional Development, Communications, Sport and the Arts",2021-06-17,C2021C00236,2021-06-23T15:28:33.6530000,https://www.legislation.gov.au/C1959A00002/latest
C2020A00142,Civil Aviation (Unmanned Aircraft Levy) Act 2020,2020,142,"Infrastructure, Transport, Regional Development, Communications, Sport and the Arts","Department of Infrastructure, Transport, Regional Development, Communications, Sport and the Arts",2020-12-17,C2020A00142,2020-12-21T15:53:37.6300000,https://www.legislation.gov.au/C2020A00142/latest
C2004A03656,Civil Aviation Act 1988,1988,63,"Infrastructure, Transport, Regional Development, Communications, Sport and the Arts","Department of Infrastructure, Transport, Regional Development, Communications, Sport and the Arts",2024-10-14,C2024C00556,2024-10-14T10:26:00.4313471,https://www.legislation.gov.au/C2004A03656/latest
C2004A04932,Civil Aviation Legislation Amendment Act 1995,1995,82,"Infrastructure, Transport, Regional Development, Communications, Sport and the Arts","Department of Infrastructure, Transport, Regional Development, Communications, Sport and the Arts",1995-06-30,C2004A04932,2005-01-01T00:00:00,https://www.legislation.gov.au/C2004A04932/latest
C2011A00017,Civil Dispute Resolution Act 2011,2011,17,Attorney-General's,Attorney-General's Department,2024-10-14,C2024C00519,2024-10-14T11:58:32.1558138,https://www.legislation.gov.au/C2011A00017/latest
C2016A00101,Civil Nuclear Transfers to India Act 2016,2016,101,Foreign Affairs and Trade,Department of Foreign Affairs and Trade,2016-12-07,C2016A00101,2016-12-09T11:43:11.3830000,https://www.legislation.gov.au/C2016A00101/latest
C2004A04863,"Classification (Publications, Films and Computer Games) Act 1995",1995,7,"Infrastructure, Transport, Regional Development, Communications, Sport and the Arts","Department of Infrastructure, Transport, Regional Development, Communications, Sport and the Arts",2025-02-21,C2025C00114,2025-02-24T15:48:11.7975796,https://www.legislation.gov.au/C2004A04863/latest
C2012A00104,Clean Energy Finance Corporation Act 2012,2012,104,"Climate Change, Energy, the Environment and Water","Department of Climate Change, Energy, the Environment and Water",2023-06-24,C2023C00105,2023-06-28T13:28:27.8070000,https://www.legislation.gov.au/C2012A00104/latest
C2014A00083,Clean Energy Legislation (Carbon Tax Repeal) Act 2014,2014,83,"Climate Change, Energy, the Environment and Water","Department of Climate Change, Energy, the Environment and Water",2024-10-14,C2024C00464,2024-10-14T12:53:37.3644515,https://www.legislation.gov.au/C2014A00083/latest
C2011A00163,Clean Energy Regulator Act 2011,2011,163,"Climate Change, Energy, the Environment and Water","Department of Climate Change, Energy, the Environment and Water",2025-11-03,C2025C00606,2025-11-03T10:03:10.6596844,https://www.legislation.gov.au/C2011A00163/latest
C2022A00037,Climate Change Act 2022,2022,37,"Climate Change, Energy, the Environment and Water","Department of Climate Change, Energy, the Environment and Water",2025-02-20,C2025C00153,2025-02-27T12:23:32.4096927,https://www.legislation.gov.au/C2022A00037/latest
C2011A00143,Climate Change Authority Act 2011,2011,143,"Climate Change, Energy, the Environment and Water","Department of Climate Change, Energy, the Environment and Water",2022-09-14,C2022C00255,2022-09-20T17:49:19.5370000,https://www.legislation.gov.au/C2011A00143/latest
C2004A01815,Co-operative Farmers and Graziers Direct Meat Supply Limited (Loan Guarantee) Act 1978,1978,16,Treasury,Department of the Treasury,2005-02-22,C2005C00181,2005-03-09T19:27:43,https://www.legislation.gov.au/C2004A01815/latest
C2004A00957,Coal Industry Repeal (Validation of Proclamation) Act 2002,2002,20,"Industry, Science and Resources","Department of Industry, Science and Resources",2001-12-31,C2004A00957,2005-01-01T00:00:00,https://www.legislation.gov.au/C2004A00957/latest
C2004A00800,Coal Industry Repeal Act 2001,2001,32,"Industry, Science and Resources","Department of Industry, Science and Resources",2001-04-28,C2004A00800,2005-01-01T00:00:00,https://www.legislation.gov.au/C2004A00800/latest
C2004A04351,Coal Mining Industry (Long Service Leave) Administration Act 1992,1992,60,Employment and Workplace Relations,Department of Employment and Workplace Relations,2024-10-14,C2024C00635,2024-10-14T14:17:06.8956775,https://www.legislation.gov.au/C2004A04351/latest
C2011A00142,Coal Mining Industry (Long Service Leave) Legislation Amendment Act 2011,2011,142,Employment and Workplace Relations,Department of Employment and Workplace Relations,2010-01-01,C2011A00142,2011-12-01T17:51:47.0530000,https://www.legislation.gov.au/C2011A00142/latest
C2004A04353,Coal Mining Industry (Long Service Leave) Payroll Levy Act 1992,1992,62,Employment and Workplace Relations,Department of Employment and Workplace Relations,2012-01-01,C2012C00097,2012-01-17T14:01:39.0300000,https://www.legislation.gov.au/C2004A04353/latest
C2004A04352,Coal Mining Industry (Long Service Leave) Payroll Levy Collection Act 1992,1992,61,Employment and Workplace Relations,Department of Employment and Workplace Relations,2024-10-14,C2024C00578,2024-10-14T11:41:35.9654158,https://www.legislation.gov.au/C2004A04352/latest
C2004A01773,Coal Research Assistance Act 1977,1977,135,"Industry, Science and Resources","Department of Industry, Science and Resources",2014-06-24,C2014C00225,2014-06-24T11:48:01.7970000,https://www.legislation.gov.au/C2004A01773/latest
C2012A00056,Coastal Trading (Revitalising Australian Shipping) (Consequential Amendments and Transitional Provisions) Act 2012,2012,56,"Infrastructure, Transport, Regional Development, Communications, Sport and the Arts","Department of Infrastructure, Transport, Regional Development, Communications, Sport and the Arts",2012-06-21,C2012A00056,2012-06-25T14:28:08.5300000,https://www.legislation.gov.au/C2012A00056/latest
C2012A00055,Coastal Trading (Revitalising Australian Shipping) Act 2012,2012,55,"Infrastructure, Transport, Regional Development, Communications, Sport and the Arts","Department of Infrastructure, Transport, Regional Development, Communications, Sport and the Arts",2024-10-14,C2024C00440,2024-10-14T12:00:54.6528428,https://www.legislation.gov.au/C2012A00055/latest
C2004A02277,Coastal Waters (Northern Territory Powers) Act 1980,1980,76,Attorney-General's,Attorney-General's Department,2008-07-01,C2008C00194,2008-07-01T08:15:57,https://www.legislation.gov.au/C2004A02277/latest
C2004A02279,Coastal Waters (Northern Territory Title) Act 1980,1980,78,Attorney-General's,Attorney-General's Department,1980-05-29,C2004A02279,2005-01-01T00:00:00,https://www.legislation.gov.au/C2004A02279/latest
C2004A02276,Coastal Waters (State Powers) Act 1980,1980,75,Attorney-General's,Attorney-General's Department,2008-07-01,C2008C00193,2008-07-01T08:17:08,https://www.legislation.gov.au/C2004A02276/latest
C2004A02278,Coastal Waters (State Title) Act 1980,1980,77,Attorney-General's,Attorney-General's Department,1980-05-29,C2004A02278,2005-01-01T00:00:00,https://www.legislation.gov.au/C2004A02278/latest
C1955A00034,Cocos (Keeling) Islands Act 1955,1955,34,"Infrastructure, Transport, Regional Development, Communications, Sport and the Arts","Department of Infrastructure, Transport, Regional Development, Communications, Sport and the Arts",2020-12-18,C2021C00085,2021-02-09T15:20:59.3000000,https://www.legislation.gov.au/C1955A00034/latest
C2011A00060,Combating the Financing of People Smuggling and Other Measures Act 2011,2011,60,Home Affairs,Department of Home Affairs,2011-06-28,C2011A00060,2011-07-01T10:21:39.9930000,https://www.legislation.gov.au/C2011A00060/latest
C2026A00002,"Combatting Antisemitism, Hate and Extremism (Criminal and Migration Laws) Act 2026",2026,2,Attorney-General's,Attorney-General's Department,2026-01-21,C2026A00002,2026-01-21T15:04:26.5262147,https://www.legislation.gov.au/C2026A00002/latest
C2026A00001,"Combatting Antisemitism, Hate and Extremism (Firearms and Customs Laws) Act 2026",2026,1,Home Affairs,Department of Home Affairs,2026-01-21,C2026A00001,2026-01-21T15:03:41.5045480,https://www.legislation.gov.au/C2026A00001/latest
C1905A00016,Commerce (Trade Descriptions) Act 1905,1905,16,Home Affairs,Department of Home Affairs,2024-10-14,C2024C00554,2024-10-14T07:13:32.2885751,https://www.legislation.gov.au/C1905A00016/latest
C2017A00110,Commercial Broadcasting (Tax) Act 2017,2017,110,"Infrastructure, Transport, Regional Development, Communications, Sport and the Arts","Department of Infrastructure, Transport, Regional Development, Communications, Sport and the Arts",2017-07-01,C2017A00110,2017-09-19T16:31:28.0430000,https://www.legislation.gov.au/C2017A00110/latest
C2004A00250,Common Informers (Parliamentary Disqualifications) Act 1975,1975,28,Attorney-General's,Attorney-General's Department,2008-07-04,C2008C00320,2008-07-16T16:51:14,https://www.legislation.gov.au/C2004A00250/latest
C2004A04946,Commonwealth Authorities (Australian Capital Territory Pay-roll Tax) Act 1995,1995,96,Treasury,Department of the Treasury,2007-03-15,C2007C00137,2007-03-27T15:06:21,https://www.legislation.gov.au/C2004A04946/latest
C2004A02012,Commonwealth Authorities (Northern Territory Pay-roll Tax) Act 1979,1979,2,Treasury,Department of the Treasury,2007-03-15,C2007C00136,2007-03-27T14:59:33,https://www.legislation.gov.au/C2004A02012/latest
C2004A05008,Commonwealth Bank Sale Act 1995,1995,161,Treasury,Department of the Treasury,2016-03-05,C2016C00325,2016-04-20T10:32:16.2970000,https://www.legislation.gov.au/C2004A05008/latest
C1959A00005,Commonwealth Banks Act 1959,1959,5,Treasury,Department of the Treasury,2023-06-24,C2023C00149,2023-07-12T15:33:03.2830000,https://www.legislation.gov.au/C1959A00005/latest
C1973A00018,Commonwealth Banks Act 1973,1973,18,Treasury,Department of the Treasury,1973-04-11,C1973A00018,2010-09-13T15:07:54,https://www.legislation.gov.au/C1973A00018/latest
C2004A04049,Commonwealth Banks Restructuring Act 1990,1990,118,Treasury,Department of the Treasury,2018-06-19,C2018C00242,2018-06-21T12:56:18.0300000,https://www.legislation.gov.au/C2004A04049/latest
C1918A00027,Commonwealth Electoral Act 1918,1918,27,Finance,Department of Finance,2026-03-31,C2026C00108,2026-03-31T13:54:47.3598811,https://www.legislation.gov.au/C1918A00027/latest
C2004A00720,Commonwealth Electoral Legislation (Provision of Information) Act 2000,2000,127,Finance,Department of Finance,2000-10-26,C2004A00720,2005-01-01T00:00:00,https://www.legislation.gov.au/C2004A00720/latest
C2024A00101,Commonwealth Entities (Payment Surcharges) Act 2024,2024,101,Finance,Department of Finance,2024-12-02,C2024A00101,2024-12-04T16:19:46.3842272,https://www.legislation.gov.au/C2024A00101/latest
C2024A00102,Commonwealth Entities (Payment Surcharges) Tax (Imposition) Act 2024,2024,102,Finance,Department of Finance,2024-12-02,C2024A00102,2024-12-04T16:23:14.5412369,https://www.legislation.gov.au/C2024A00102/latest
C2004A02451,Commonwealth Functions (Statutes Review) Act 1981,1981,74,Treasury,Department of the Treasury,1990-01-17,C2004C00357,2013-01-25T11:55:08.7900000,https://www.legislation.gov.au/C2004A02451/latest
C2004A04088,Commonwealth Funds Management Limited Act 1990,1991,13,Finance,Department of Finance,2012-09-22,C2012C00766,2012-10-31T13:15:59.4830000,https://www.legislation.gov.au/C2004A04088/latest
C1973A00054,Commonwealth Grants Commission Act 1973,1973,54,Treasury,Department of the Treasury,2020-12-18,C2021C00039,2021-01-27T15:00:25.9470000,https://www.legislation.gov.au/C1973A00054/latest
C1911A00020,Commonwealth Inscribed Stock Act 1911,1911,20,Treasury,Department of the Treasury,2023-10-20,C2023C00415,2023-11-10T15:12:44.5330000,https://www.legislation.gov.au/C1911A00020/latest
C1959A00094,Commonwealth Motor Vehicles (Liability) Act 1959,1959,94,Attorney-General's,Attorney-General's Department,2017-03-22,C2017C00110,2017-03-22T14:34:40.5830000,https://www.legislation.gov.au/C1959A00094/latest
C2026A00033,Commonwealth Parole Board (Consequential and Transitional Provisions) Act 2026,2026,33,Attorney-General's,Attorney-General's Department,2026-04-08,C2026A00033,2026-04-10T15:55:56.8336143,https://www.legislation.gov.au/C2026A00033/latest
C2026A00032,Commonwealth Parole Board Act 2026,2026,32,Attorney-General's,Attorney-General's Department,2026-04-08,C2026A00032,2026-04-09T17:36:56.6142052,https://www.legislation.gov.au/C2026A00032/latest
C1970A00121,Commonwealth Places (Application of Laws) Act 1970,1970,121,Attorney-General's,Attorney-General's Department,2016-10-21,C2016C00956,2016-10-21T15:43:36.2370000,https://www.legislation.gov.au/C1970A00121/latest
C2004A05335,Commonwealth Places (Mirror Taxes) Act 1998,1998,24,Treasury,Department of the Treasury,2020-10-01,C2020C00295,2020-10-01T09:35:03.5270000,https://www.legislation.gov.au/C2004A05335/latest
C2004A05336,Commonwealth Places Windfall Tax (Collection) Act 1998,1998,25,Treasury,Department of the Treasury,1997-10-06,C2004A05336,2005-01-01T00:00:00,https://www.legislation.gov.au/C2004A05336/latest
C2004A05337,Commonwealth Places Windfall Tax (Imposition) Act 1998,1998,26,Treasury,Department of the Treasury,1997-10-06,C2004A05337,2005-01-01T00:00:00,https://www.legislation.gov.au/C2004A05337/latest
C2020A00065,Commonwealth Registers Act 2020,2020,65,Treasury,Department of the Treasury,2024-10-14,C2024C00634,2024-10-14T14:14:05.4158808,https://www.legislation.gov.au/C2020A00065/latest
C1961A00038,Commonwealth Serum Laboratories Act 1961,1961,38,"Health, Disability and Ageing","Department of Health, Disability and Ageing",2017-03-01,C2017C00073,2017-03-07T14:54:11.0470000,https://www.legislation.gov.au/C1961A00038/latest
C1972A00013,Commonwealth Teaching Service Act 1972,1972,13,Education,Department of Education,1989-05-11,C2004C02964,2009-11-24T11:30:40,https://www.legislation.gov.au/C1972A00013/latest
C2004A05201,Commonwealth Vehicles (Registration and Exemption from Taxation) Act 1997,1997,111,Finance,Department of Finance,1999-12-05,C2004C00912,2012-09-11T09:13:21.0430000,https://www.legislation.gov.au/C2004A05201/latest
C2004A01087,Commonwealth Volunteers Protection Act 2003,2003,2,Treasury,Department of the Treasury,2011-04-19,C2011C00290,2011-05-03T10:57:17.6130000,https://www.legislation.gov.au/C2004A01087/latest
C2025A00052,Commonwealth Workplace Protection Orders Act 2025,2025,52,Home Affairs,Department of Home Affairs,2025-11-04,C2025A00052,2025-11-06T12:05:03.0345611,https://www.legislation.gov.au/C2025A00052/latest
C2004A00808,Compensation (Japanese Internment) Act 2001,2001,41,Veterans' Affairs,Department of Veterans' Affairs,2024-10-14,C2024C00530,2024-10-14T07:11:44.5408666,https://www.legislation.gov.au/C2004A00808/latest
C2004A04938,Competition Policy Reform Act 1995,1995,88,Treasury,Department of the Treasury,1995-07-20,C2004A04938,2005-01-01T00:00:00,https://www.legislation.gov.au/C2004A04938/latest
C2004A00109,Competition and Consumer Act 2010,1974,51,Attorney-General's,Attorney-General's Department,2026-03-28,C2026C00142,2026-04-14T17:15:28.3114679,https://www.legislation.gov.au/C2004A00109/latest
C2025A00059,Competition and Consumer Amendment (Australian Energy Regulator Separation) Act 2025,2025,59,"Climate Change, Energy, the Environment and Water","Department of Climate Change, Energy, the Environment and Water",2025-11-06,C2025A00059,2025-11-07T15:58:12.4771064,https://www.legislation.gov.au/C2025A00059/latest
C2004A00349,Comprehensive Nuclear-Test-Ban Treaty Act 1998,1998,78,Foreign Affairs and Trade,Department of Foreign Affairs and Trade,2018-12-29,C2019C00013,2019-01-08T10:46:06.2730000,https://www.legislation.gov.au/C2004A00349/latest
C1946A00081,Constitution Alteration (Social Services) 1946,1946,81,Attorney-General's,Attorney-General's Department,1946-12-19,C1946A00081,2013-01-22T23:33:09.7130000,https://www.legislation.gov.au/C1946A00081/latest
C1955A00005,Consular Fees Act 1955,1955,5,Foreign Affairs and Trade,Department of Foreign Affairs and Trade,2016-05-01,C2016C00572,2016-06-06T15:35:13.5670000,https://www.legislation.gov.au/C1955A00005/latest
C1972A00062,Consular Privileges and Immunities Act 1972,1972,62,Foreign Affairs and Trade,Department of Foreign Affairs and Trade,2016-10-21,C2016C01068,2016-11-10T10:24:13.6200000,https://www.legislation.gov.au/C1972A00062/latest
C1918A00028,Control of Naval Waters Act 1918,1918,28,Defence,Department of Defence,2016-10-21,C2016C01077,2016-11-14T10:47:29.7730000,https://www.legislation.gov.au/C1918A00028/latest
C1968A00063,Copyright Act 1968,1968,63,Attorney-General's,Attorney-General's Department,2026-04-02,C2026C00138,2026-04-15T14:55:13.8534835,https://www.legislation.gov.au/C1968A00063/latest
C1969A00058,Coral Sea Islands Act 1969,1969,58,"Infrastructure, Transport, Regional Development, Communications, Sport and the Arts","Department of Infrastructure, Transport, Regional Development, Communications, Sport and the Arts",2022-06-02,C2022C00171,2022-06-03T10:35:36.4800000,https://www.legislation.gov.au/C1969A00058/latest
C2020A00037,Coronavirus Economic Response Package (Payments and Benefits) Act 2020,2020,37,Treasury,Department of the Treasury,2021-08-11,C2021C00328,2021-09-06T12:11:12.8000000,https://www.legislation.gov.au/C2020A00037/latest
C2004A04501,Corporate Law Reform Act 1992,1992,210,Treasury,Department of the Treasury,1992-12-24,C2004A04501,2005-01-01T00:00:00,https://www.legislation.gov.au/C2004A04501/latest
C2006A00124,Corporations (Aboriginal and Torres Strait Islander) Act 2006,2006,124,Prime Minister and Cabinet,Department of the Prime Minister and Cabinet,2025-12-05,C2025C00681,2025-12-19T11:49:47.8384487,https://www.legislation.gov.au/C2006A00124/latest
C2006A00125,"Corporations (Aboriginal and Torres Strait Islander) Consequential, Transitional and Other Measures Act 2006",2006,125,Prime Minister and Cabinet,Department of the Prime Minister and Cabinet,2010-03-01,C2010C00237,2010-03-29T17:03:01,https://www.legislation.gov.au/C2006A00125/latest
C2004A00873,Corporations (Compensation Arrangements Levies) Act 2001,2001,106,Treasury,Department of the Treasury,2023-10-20,C2023C00424,2023-11-13T12:25:26.0900000,https://www.legislation.gov.au/C2004A00873/latest
C2004A00820,Corporations (Fees) Act 2001,2001,52,Treasury,Department of the Treasury,2023-10-20,C2023C00412,2023-11-09T10:21:49.2630000,https://www.legislation.gov.au/C2004A00820/latest
C2004A00822,Corporations (National Guarantee Fund Levies) Act 2001,2001,54,Treasury,Department of the Treasury,2023-10-20,C2023C00432,2023-11-15T09:47:05.0330000,https://www.legislation.gov.au/C2004A00822/latest
C2004A00823,"Corporations (Repeals, Consequentials and Transitionals) Act 2001",2001,55,Treasury,Department of the Treasury,2001-07-15,C2006C00150,2006-04-18T11:53:52,https://www.legislation.gov.au/C2004A00823/latest
C2004A01108,Corporations (Review Fees) Act 2003,2003,23,Treasury,Department of the Treasury,2026-03-14,C2026C00100,2026-03-24T16:44:59.2853851,https://www.legislation.gov.au/C2004A01108/latest
C2004A00818,Corporations Act 2001,2001,50,Attorney-General's,Attorney-General's Department,2025-12-19,C2026C00058,2026-01-19T15:54:27.8865261,https://www.legislation.gov.au/C2004A00818/latest
C2019A00053,Counter-Terrorism (Temporary Exclusion Orders) Act 2019,2019,53,Home Affairs,Department of Home Affairs,2025-11-08,C2025C00639,2025-11-21T10:36:57.6406816,https://www.legislation.gov.au/C2019A00053/latest
C2013A00128,Court Security Act 2013,2013,128,Attorney-General's,Attorney-General's Department,2024-10-14,C2024C00709,2024-10-21T14:01:14.4533997,https://www.legislation.gov.au/C2013A00128/latest
C2023A00025,Creative Australia (Consequential and Transitional Provisions) Act 2023,2023,25,"Infrastructure, Transport, Regional Development, Communications, Sport and the Arts","Department of Infrastructure, Transport, Regional Development, Communications, Sport and the Arts",2023-06-23,C2023A00025,2023-06-23T18:36:41.0130000,https://www.legislation.gov.au/C2023A00025/latest
C2023A00024,Creative Australia Act 2023,2023,24,"Infrastructure, Transport, Regional Development, Communications, Sport and the Arts","Department of Infrastructure, Transport, Regional Development, Communications, Sport and the Arts",2025-07-01,C2025C00409,2025-07-01T11:14:44.4819313,https://www.legislation.gov.au/C2023A00024/latest
C2004A04214,Crimes (Aviation) Act 1991,1991,139,Attorney-General's,Attorney-General's Department,2018-05-11,C2018C00156,2018-05-14T15:53:09.8530000,https://www.legislation.gov.au/C2004A04214/latest
C2004A01649,Crimes (Biological Weapons) Act 1976,1977,11,Attorney-General's,Attorney-General's Department,2018-05-11,C2018C00180,2018-05-23T14:15:33.1670000,https://www.legislation.gov.au/C2004A01649/latest
C2004A02499,Crimes (Currency) Act 1981,1981,122,Attorney-General's,Attorney-General's Department,2018-05-11,C2018C00182,2018-05-23T16:00:37.9630000,https://www.legislation.gov.au/C2004A02499/latest
C2004A03774,Crimes (Hostages) Act 1989,1989,26,Attorney-General's,Attorney-General's Department,2016-03-10,C2016C00517,2016-05-25T14:09:59.8070000,https://www.legislation.gov.au/C2004A03774/latest
C2004A01646,Crimes (Internationally Protected Persons) Act 1976,1977,8,Attorney-General's,Attorney-General's Department,2016-03-10,C2016C00524,2016-05-26T16:36:47.2100000,https://www.legislation.gov.au/C2004A01646/latest
C1964A00116,Crimes (Overseas) Act 1964,1964,116,Attorney-General's,Attorney-General's Department,2014-10-03,C2014C00679,2014-10-08T16:17:57.4330000,https://www.legislation.gov.au/C1964A00116/latest
C2004A04464,Crimes (Ships and Fixed Platforms) Act 1992,1992,173,Attorney-General's,Attorney-General's Department,2016-10-21,C2016C01083,2016-11-15T09:51:39.6100000,https://www.legislation.gov.au/C2004A04464/latest
C2004A03893,Crimes (Superannuation Benefits) Act 1989,1989,145,Attorney-General's,Attorney-General's Department,2016-07-01,C2016C00749,2016-07-07T11:06:18.3230000,https://www.legislation.gov.au/C2004A03893/latest
C2004A02357,Crimes (Taxation Offences) Act 1980,1980,156,Treasury,Department of the Treasury,2024-10-14,C2024C00504,2024-10-14T14:27:50.4710936,https://www.legislation.gov.au/C2004A02357/latest
C2004A04028,Crimes (Traffic in Narcotic Drugs and Psychotropic Substances) Act 1990,1990,97,Attorney-General's,Attorney-General's Department,2018-05-11,C2018C00153,2018-05-11T16:45:50.3830000,https://www.legislation.gov.au/C2004A04028/latest
C1914A00012,Crimes Act 1914,1914,12,Attorney-General's,Attorney-General's Department,2026-02-18,C2026C00086,2026-02-18T15:52:09.3696922,https://www.legislation.gov.au/C1914A00012/latest
C2004A00605,Crimes at Sea Act 2000,2000,13,Attorney-General's,Attorney-General's Department,2019-08-30,C2019C00248,2019-09-02T16:31:25.4100000,https://www.legislation.gov.au/C2004A00605/latest
C2004A04868,Criminal Code Act 1995,1995,12,Attorney-General's,Attorney-General's Department,2026-03-14,C2026C00098,2026-03-23T17:22:06.7094609,https://www.legislation.gov.au/C2004A04868/latest
C1971A00015,Criminology Research Act 1971,1971,15,Home Affairs,Department of Home Affairs,2023-10-11,C2023C00381,2023-10-30T16:25:38.0270000,https://www.legislation.gov.au/C1971A00015/latest
C2008A00024,Cross-Border Insolvency Act 2008,2008,24,Treasury,Department of the Treasury,2020-12-18,C2021C00032,2021-01-25T13:40:52.5270000,https://www.legislation.gov.au/C2008A00024/latest
C2004A02470,Crown Debts (Priority) Act 1981,1981,93,Treasury,Department of the Treasury,2006-09-14,C2006C00538,2006-09-27T14:55:24,https://www.legislation.gov.au/C2004A02470/latest
C1965A00095,Currency Act 1965,1965,95,Treasury,Department of the Treasury,2016-10-21,C2016C01090,2016-11-15T15:45:40.8300000,https://www.legislation.gov.au/C1965A00095/latest
C1901A00006,Customs Act 1901,1901,6,Home Affairs,Department of Home Affairs,2026-03-28,C2026C00161,2026-04-20T17:36:40.9171239,https://www.legislation.gov.au/C1901A00006/latest
C2004A01260,Customs Legislation Amendment (Application of International Trade Modernisation and Other Measures) Act 2004,2004,25,Home Affairs,Department of Home Affairs,2005-08-24,C2005C00545,2005-08-31T09:45:33,https://www.legislation.gov.au/C2004A01260/latest
C2004A05105,Customs Licensing Charges Act 1997,1997,4,Home Affairs,Department of Home Affairs,2025-03-05,C2025C00192,2025-03-11T15:58:51.4880586,https://www.legislation.gov.au/C2004A05105/latest
C2004A02424,Customs Securities (Penalties) Act 1981,1981,46,Home Affairs,Department of Home Affairs,2016-07-01,C2016C00718,2016-07-04T14:47:17.8470000,https://www.legislation.gov.au/C2004A02424/latest
C2004A00298,Customs Tariff (Anti-Dumping) Act 1975,1975,76,"Industry, Science and Resources","Department of Industry, Science and Resources",2016-07-01,C2016C00716,2016-07-04T14:26:04.3700000,https://www.legislation.gov.au/C2004A00298/latest
C2004A04997,Customs Tariff Act 1995,1995,147,Home Affairs,Department of Home Affairs,2026-04-01,C2026C00158,2026-04-20T13:35:11.7952147,https://www.legislation.gov.au/C2004A04997/latest
C2009A00029,Customs Tariff Validation Act 2009,2009,29,Home Affairs,Department of Home Affairs,2009-05-13,C2009A00029,2009-05-26T11:28:38,https://www.legislation.gov.au/C2009A00029/latest
C2004A02425,Customs Undertakings (Penalties) Act 1981,1981,47,Home Affairs,Department of Home Affairs,2016-07-01,C2016C00690,2016-07-01T10:45:06.0270000,https://www.legislation.gov.au/C2004A02425/latest
C2024A00098,Cyber Security Act 2024,2024,98,Home Affairs,Department of Home Affairs,2024-11-29,C2024A00098,2024-12-05T16:54:15.0670704,https://www.legislation.gov.au/C2024A00098/latest
C2004A01117,Dairy Industry Service Reform Act 2003,2003,32,"Agriculture, Fisheries and Forestry","Department of Agriculture, Fisheries and Forestry",2009-07-01,C2009C00317,2009-07-14T16:19:29,https://www.legislation.gov.au/C2004A01117/latest
C2004A00498,Damage by Aircraft Act 1999,1999,107,"Infrastructure, Transport, Regional Development, Communications, Sport and the Arts","Department of Infrastructure, Transport, Regional Development, Communications, Sport and the Arts",2013-03-31,C2013C00130,2013-04-03T14:48:43.3570000,https://www.legislation.gov.au/C2004A00498/latest
C2022A00011,Data Availability and Transparency Act 2022,2022,11,Finance,Department of Finance,2024-12-11,C2024C00820,2024-12-18T15:14:55.9398029,https://www.legislation.gov.au/C2022A00011/latest
C2004A04095,Data-matching Program (Assistance and Tax) Act 1990,1991,20,Social Services,Department of Social Services,2024-12-11,C2024C00832,2024-12-19T17:09:16.3017011,https://www.legislation.gov.au/C2004A04095/latest
C2004A00004,Death Penalty Abolition Act 1973,1973,100,Attorney-General's,Attorney-General's Department,2010-04-14,C2010C00307,2010-04-23T09:57:45,https://www.legislation.gov.au/C2004A00004/latest
C1969A00060,Defence (Parliamentary Candidates) Act 1969,1969,60,Defence,Department of Defence,2016-07-01,C2016C00807,2016-07-14T12:04:23.8500000,https://www.legislation.gov.au/C1969A00060/latest
C2006A00004,Defence (Road Transport Legislation Exemption) Act 2006,2006,4,Defence,Department of Defence,2024-07-06,C2024C00322,2024-07-25T16:17:22.6502994,https://www.legislation.gov.au/C2006A00004/latest
C1952A00019,Defence (Special Undertakings) Act 1952,1952,19,Defence,Department of Defence,2024-12-11,C2024C00812,2024-12-17T13:20:41.8015008,https://www.legislation.gov.au/C1952A00019/latest
C1963A00081,Defence (Visiting Forces) Act 1963,1963,81,Attorney-General's,Attorney-General's Department,2017-12-09,C2017C00397,2017-12-09T09:47:43.1230000,https://www.legislation.gov.au/C1963A00081/latest
C1903A00020,Defence Act 1903,1903,20,Attorney-General's,Attorney-General's Department,2026-03-14,C2026C00103,2026-03-26T11:12:01.7272912,https://www.legislation.gov.au/C1903A00020/latest
C2004A04089,Defence Force (Home Loans Assistance) Act 1990,1991,14,Defence,Department of Defence,2024-10-14,C2024C00682,2024-10-16T12:37:47.2136287,https://www.legislation.gov.au/C2004A04089/latest
C2004A02711,Defence Force Discipline Act 1982,1982,152,Defence,Department of Defence,2024-12-11,C2024C00861,2024-12-24T11:50:54.4753434,https://www.legislation.gov.au/C2004A02711/latest
C1955A00016,Defence Force Discipline Appeals Act 1955,1955,16,Attorney-General's,Attorney-General's Department,2024-12-11,C2024C00831,2024-12-19T15:31:20.8334420,https://www.legislation.gov.au/C1955A00016/latest
C2004A00163,Defence Force Retirement and Death Benefits (Pension Increases) Act 1974,1974,105,Defence,Department of Defence,1974-07-01,C2004A00163,2005-01-01T00:00:00,https://www.legislation.gov.au/C2004A00163/latest
C2004A01465,Defence Force Retirement and Death Benefits (Pension Increases) Act 1976,1976,34,Defence,Department of Defence,2015-12-10,C2016C00054,2016-01-20T16:44:42.1170000,https://www.legislation.gov.au/C2004A01465/latest
C2004A00006,Defence Force Retirement and Death Benefits Act 1973,1973,81,Defence,Department of Defence,2026-04-01,C2026C00113,2026-04-02T15:03:12.7502638,https://www.legislation.gov.au/C2004A00006/latest
C1961A00087,Defence Forces Retirement Benefits (Pension Increases) Act 1961,1961,87,Defence,Department of Defence,1997-04-30,C2004C00481,2013-07-17T13:35:09.4530000,https://www.legislation.gov.au/C1961A00087/latest
C1967A00091,Defence Forces Retirement Benefits (Pension Increases) Act 1967,1967,91,Defence,Department of Defence,2014-07-01,C2014C00579,2014-08-13T17:40:33.4770000,https://www.legislation.gov.au/C1967A00091/latest
C1971A00074,Defence Forces Retirement Benefits (Pension Increases) Act 1971,1971,74,Defence,Department of Defence,1978-06-12,C2004C00460,2005-01-01T00:00:00,https://www.legislation.gov.au/C1971A00074/latest
C2004A00007,Defence Forces Retirement Benefits (Pension Increases) Act 1973,1973,85,Defence,Department of Defence,1973-06-19,C2004A00007,2005-01-01T00:00:00,https://www.legislation.gov.au/C2004A00007/latest
C1948A00031,Defence Forces Retirement Benefits Act 1948,1948,31,Defence,Department of Defence,2022-09-28,C2022C00288,2022-10-10T10:57:02.8330000,https://www.legislation.gov.au/C1948A00031/latest
C1960A00068,Defence Forces Special Retirement Benefits Act 1960,1960,68,Defence,Department of Defence,2001-04-19,C2004C00462,2013-07-17T13:35:58.5170000,https://www.legislation.gov.au/C1960A00068/latest
C2008A00027,Defence Home Ownership Assistance Scheme Act 2008,2008,27,Defence,Department of Defence,2024-10-14,C2024C00637,2024-10-14T14:27:13.2901771,https://www.legislation.gov.au/C2008A00027/latest
C2004A03510,Defence Housing Australia Act 1987,1987,101,Defence,Department of Defence,2025-08-29,C2025C00505,2025-09-05T17:39:10.2707206,https://www.legislation.gov.au/C2004A03510/latest
C2004A00775,Defence Legislation Amendment (Enhancement of the Reserves and Modernisation) Act 2001,2001,10,Defence,Department of Defence,2001-04-19,C2004C01249,2005-01-01T00:00:00,https://www.legislation.gov.au/C2004A00775/latest
C2011A00183,Defence Legislation Amendment Act 2011,2011,183,Defence,Department of Defence,2011-12-06,C2011A00183,2011-12-20T14:39:25.8070000,https://www.legislation.gov.au/C2011A00183/latest
C2004A00776,Defence Reserve Service (Protection) Act 2001,2001,11,Defence,Department of Defence,2024-10-14,C2024C00687,2024-10-17T14:04:44.5513390,https://www.legislation.gov.au/C2004A00776/latest
C1918A00043,Defence Service Homes Act 1918,1918,43,Veterans' Affairs,Department of Veterans' Affairs,2025-02-15,C2025C00096,2025-02-20T12:20:27.4769756,https://www.legislation.gov.au/C1918A00043/latest
C2012A00153,Defence Trade Controls Act 2012,2012,153,Defence,Department of Defence,2024-10-14,C2024C00463,2024-10-14T10:34:17.8176557,https://www.legislation.gov.au/C2012A00153/latest
C2026A00028,Defence and Veterans’ Service Commissioner (Consequential and Transitional Provisions) Act 2026,2026,28,Prime Minister and Cabinet,Department of the Prime Minister and Cabinet,2026-04-01,C2026A00028,2026-04-07T16:47:19.3530191,https://www.legislation.gov.au/C2026A00028/latest
C2026A00027,Defence and Veterans’ Service Commissioner Act 2026,2026,27,Prime Minister and Cabinet,Department of the Prime Minister and Cabinet,2026-04-01,C2026A00027,2026-04-02T16:08:31.9700736,https://www.legislation.gov.au/C2026A00027/latest
C2008A00041,Dental Benefits Act 2008,2008,41,"Health, Disability and Ageing","Department of Health, Disability and Ageing",2025-12-05,C2025C00695,2025-12-23T16:53:53.9790719,https://www.legislation.gov.au/C2008A00041/latest
C2004A01232,Designs Act 2003,2003,147,"Industry, Science and Resources","Department of Industry, Science and Resources",2024-10-14,C2024C00672,2024-10-16T07:58:38.5139805,https://www.legislation.gov.au/C2004A01232/latest
C2024A00025,Digital ID Act 2024,2024,25,Finance,Department of Finance,2025-02-21,C2025C00160,2025-02-28T10:16:56.2070600,https://www.legislation.gov.au/C2024A00025/latest
C1967A00016,Diplomatic Privileges and Immunities Act 1967,1967,16,Foreign Affairs and Trade,Department of Foreign Affairs and Trade,2016-10-21,C2016C01071,2016-11-10T12:29:39.3000000,https://www.legislation.gov.au/C1967A00016/latest
C2004A01897,Diplomatic and Consular Missions Act 1978,1978,98,Foreign Affairs and Trade,Department of Foreign Affairs and Trade,2016-10-21,C2016C01073,2016-11-11T10:22:13.7000000,https://www.legislation.gov.au/C2004A01897/latest
C2004A02830,Director of Public Prosecutions Act 1983,1983,113,Attorney-General's,Attorney-General's Department,2024-12-11,C2024C00809,2024-12-16T17:31:15.0892371,https://www.legislation.gov.au/C2004A02830/latest
C2004A04426,Disability Discrimination Act 1992,1992,135,Attorney-General's,Attorney-General's Department,2024-10-14,C2024C00573,2024-10-14T11:13:05.8826112,https://www.legislation.gov.au/C2004A04426/latest
C2023A00103,Disability Services and Inclusion (Consequential Amendments and Transitional Provisions) Act 2023,2023,103,"Health, Disability and Ageing","Department of Health, Disability and Ageing",2023-11-28,C2023A00103,2023-11-29T13:21:33.2900000,https://www.legislation.gov.au/C2023A00103/latest
C2023A00107,Disability Services and Inclusion Act 2023,2023,107,"Health, Disability and Ageing","Department of Health, Disability and Ageing",2024-05-31,C2024C00207,2024-06-13T14:07:32.0175584,https://www.legislation.gov.au/C2023A00107/latest
C2013A00037,DisabilityCare Australia Fund Act 2013,2013,37,Finance,Department of Finance,2024-07-06,C2024C00289,2024-07-17T08:22:23.9866456,https://www.legislation.gov.au/C2013A00037/latest
C2019A00090,Disaster Ready Fund Act 2019,2019,90,Finance,Department of Finance,2024-07-06,C2024C00295,2024-07-18T11:10:38.5633879,https://www.legislation.gov.au/C2019A00090/latest
C2017A00021,Diverted Profits Tax Act 2017,2017,21,Treasury,Department of the Treasury,2017-04-04,C2017A00021,2017-04-05T15:51:35.3230000,https://www.legislation.gov.au/C2017A00021/latest
C2006A00088,Do Not Call Register Act 2006,2006,88,"Infrastructure, Transport, Regional Development, Communications, Sport and the Arts","Department of Infrastructure, Transport, Regional Development, Communications, Sport and the Arts",2021-09-01,C2021C00356,2021-09-21T12:30:08.2130000,https://www.legislation.gov.au/C2006A00088/latest
C2004A02560,Domicile Act 1982,1982,1,Attorney-General's,Attorney-General's Department,2019-01-25,C2019C00077,2019-01-25T07:48:50.2900000,https://www.legislation.gov.au/C2004A02560/latest
C2025A00012,Early Childhood Education and Care (Three Day Guarantee) Act 2025,2025,12,Education,Department of Education,2025-02-20,C2025A00012,2025-02-21T17:07:05.1910940,https://www.legislation.gov.au/C2025A00012/latest
C2023A00112,Economic Inclusion Advisory Committee Act 2023,2023,112,Social Services,Department of Social Services,2023-12-08,C2023A00112,2023-12-11T11:52:49.2630000,https://www.legislation.gov.au/C2023A00112/latest
C2004A00759,Education Services for Overseas Students (Consequential and Transitional) Act 2000,2000,166,Education,Department of Education,2000-12-21,C2004A00759,2005-01-01T00:00:00,https://www.legislation.gov.au/C2004A00759/latest
C2004A05119,Education Services for Overseas Students (Registration Charges) Act 1997,1997,18,Education,Department of Education,2022-01-01,C2022C00008,2022-01-05T16:18:59.2800000,https://www.legislation.gov.au/C2004A05119/latest
C2012A00011,Education Services for Overseas Students (TPS Levies) Act 2012,2012,11,Education,Department of Education,2022-01-01,C2022C00010,2022-01-05T17:11:14.2570000,https://www.legislation.gov.au/C2012A00011/latest
C2004A00757,Education Services for Overseas Students Act 2000,2000,164,Education,Department of Education,2025-12-05,C2025C00684,2025-12-22T08:03:40.9592425,https://www.legislation.gov.au/C2004A00757/latest
C2012A00009,Education Services for Overseas Students Legislation Amendment (Tuition Protection Service and Other Measures) Act 2012,2012,9,Education,Department of Education,2012-07-01,C2014C00181,2014-06-03T15:12:45.6000000,https://www.legislation.gov.au/C2012A00009/latest
C2006A00065,Electoral and Referendum Amendment (Electoral Integrity and Other Measures) Act 2006,2006,65,Finance,Department of Finance,2007-03-15,C2008C00455,2008-07-31T19:07:04,https://www.legislation.gov.au/C2006A00065/latest
C2004A00553,Electronic Transactions Act 1999,1999,162,Attorney-General's,Attorney-General's Department,2025-12-05,C2026C00011,2026-01-08T14:37:48.9941491,https://www.legislation.gov.au/C2004A00553/latest
C2015A00025,Enhancing Online Safety for Children (Consequential Amendments) Act 2015,2015,25,"Infrastructure, Transport, Regional Development, Communications, Sport and the Arts","Department of Infrastructure, Transport, Regional Development, Communications, Sport and the Arts",2015-03-24,C2015A00025,2015-03-27T12:25:59.8170000,https://www.legislation.gov.au/C2015A00025/latest
C2025A00063,Environment Information Australia Act 2025,2025,63,"Climate Change, Energy, the Environment and Water","Department of Climate Change, Energy, the Environment and Water",2025-12-01,C2025A00063,2025-12-02T16:25:09.2542564,https://www.legislation.gov.au/C2025A00063/latest
C2004A01827,Environment Protection (Alligator Rivers Region) Act 1978,1978,28,"Climate Change, Energy, the Environment and Water","Department of Climate Change, Energy, the Environment and Water",2016-10-21,C2016C01109,2016-11-17T15:58:18.2770000,https://www.legislation.gov.au/C2004A01827/latest
C2004A01829,Environment Protection (Northern Territory Supreme Court) Act 1978,1978,30,Attorney-General's,Attorney-General's Department,2007-02-19,C2007C00072,2007-02-19T08:07:13,https://www.legislation.gov.au/C2004A01829/latest
C2004A02478,Environment Protection (Sea Dumping) Act 1981,1981,101,"Climate Change, Energy, the Environment and Water","Department of Climate Change, Energy, the Environment and Water",2024-11-07,C2024C00748,2024-11-11T11:53:58.8547349,https://www.legislation.gov.au/C2004A02478/latest
C2025A00064,Environment Protection and Biodiversity Conservation (Customs Charges Imposition) Act 2025,2025,64,"Climate Change, Energy, the Environment and Water","Department of Climate Change, Energy, the Environment and Water",2025-12-01,C2025A00064,2025-12-03T10:57:56.8886070,https://www.legislation.gov.au/C2025A00064/latest
C2025A00065,Environment Protection and Biodiversity Conservation (Excise Charges Imposition) Act 2025,2025,65,"Climate Change, Energy, the Environment and Water","Department of Climate Change, Energy, the Environment and Water",2025-12-01,C2025A00065,2025-12-02T12:28:42.7864449,https://www.legislation.gov.au/C2025A00065/latest
C2025A00066,Environment Protection and Biodiversity Conservation (General Charges Imposition) Act 2025,2025,66,"Climate Change, Energy, the Environment and Water","Department of Climate Change, Energy, the Environment and Water",2025-12-01,C2025A00066,2025-12-02T15:41:07.0992754,https://www.legislation.gov.au/C2025A00066/latest
C2025A00067,Environment Protection and Biodiversity Conservation (Restoration Charge Imposition) Act 2025,2025,67,"Climate Change, Energy, the Environment and Water","Department of Climate Change, Energy, the Environment and Water",2025-12-01,C2025A00067,2025-12-02T16:25:05.8868714,https://www.legislation.gov.au/C2025A00067/latest
C2004A00485,Environment Protection and Biodiversity Conservation Act 1999,1999,91,"Climate Change, Energy, the Environment and Water","Department of Climate Change, Energy, the Environment and Water",2026-03-28,C2026C00116,2026-04-01T14:47:46.7069045,https://www.legislation.gov.au/C2004A00485/latest
C2004A00849,Environment Protection and Biodiversity Conservation Amendment (Wildlife Protection) Act 2001,2001,82,"Climate Change, Energy, the Environment and Water","Department of Climate Change, Energy, the Environment and Water",2001-07-11,C2004A00849,2005-01-01T00:00:00,https://www.legislation.gov.au/C2004A00849/latest
C2004A00486,Environmental Reform (Consequential Provisions) Act 1999,1999,92,"Climate Change, Energy, the Environment and Water","Department of Climate Change, Energy, the Environment and Water",1999-07-16,C2004A00486,2005-01-01T00:00:00,https://www.legislation.gov.au/C2004A00486/latest
C2004A02525,Epidemiological Studies (Confidentiality) Act 1981,1981,148,"Health, Disability and Ageing","Department of Health, Disability and Ageing",2016-10-21,C2016C01092,2016-11-15T16:30:04.6800000,https://www.legislation.gov.au/C2004A02525/latest
C2004A03429,Equal Employment Opportunity (Commonwealth Authorities) Act 1987,1987,20,Prime Minister and Cabinet,Department of the Prime Minister and Cabinet,2018-06-19,C2018C00220,2018-06-19T11:46:08.9570000,https://www.legislation.gov.au/C2004A03429/latest
C2004A04060,European Bank for Reconstruction and Development Act 1990,1990,129,Treasury,Department of the Treasury,2026-04-09,C2026C00169,2026-04-24T17:19:32.7021852,https://www.legislation.gov.au/C2004A04060/latest
C2004A04858,Evidence Act 1995,1995,2,Attorney-General's,Attorney-General's Department,2025-06-10,C2025C00340,2025-06-10T11:15:18.7830677,https://www.legislation.gov.au/C2004A04858/latest
C2015A00017,Excess Exploration Credit Tax Act 2015,2015,17,Treasury,Department of the Treasury,2015-03-19,C2015A00017,2015-03-27T09:53:31.5130000,https://www.legislation.gov.au/C2015A00017/latest
C1901A00009,Excise Act 1901,1901,9,Treasury,Department of the Treasury,2026-03-28,C2026C00123,2026-04-08T08:54:52.4975450,https://www.legislation.gov.au/C1901A00009/latest
C2004A00707,Excise Amendment (Compliance Improvement) Act 2000,2000,115,Treasury,Department of the Treasury,2000-09-05,C2004A00707,2005-01-01T00:00:00,https://www.legislation.gov.au/C2004A00707/latest
C1921A00026,Excise Tariff Act 1921,1921,26,Treasury,Department of the Treasury,2026-04-01,C2026C00148,2026-04-15T16:18:27.1207893,https://www.legislation.gov.au/C1921A00026/latest
C2009A00030,Excise Tariff Validation Act 2009,2009,30,Treasury,Department of the Treasury,2009-05-13,C2009A00030,2009-05-26T11:31:54,https://www.legislation.gov.au/C2009A00030/latest
C1961A00065,Explosives Act 1961,1961,65,Defence,Department of Defence,2024-12-11,C2024C00816,2024-12-17T16:15:42.6456488,https://www.legislation.gov.au/C1961A00065/latest
C2015A00093,Export Charges (Imposition—Customs) Act 2015,2015,93,"Agriculture, Fisheries and Forestry","Department of Agriculture, Fisheries and Forestry",2021-03-28,C2021C00172,2021-04-15T14:03:01.4330000,https://www.legislation.gov.au/C2015A00093/latest
C2015A00094,Export Charges (Imposition—Excise) Act 2015,2015,94,"Agriculture, Fisheries and Forestry","Department of Agriculture, Fisheries and Forestry",2021-03-28,C2021C00173,2021-04-15T14:03:11.5270000,https://www.legislation.gov.au/C2015A00094/latest
C2015A00095,Export Charges (Imposition—General) Act 2015,2015,95,"Agriculture, Fisheries and Forestry","Department of Agriculture, Fisheries and Forestry",2021-03-28,C2021C00174,2021-04-15T14:03:19.4500000,https://www.legislation.gov.au/C2015A00095/latest
C2020A00012,Export Control Act 2020,2020,12,"Agriculture, Fisheries and Forestry","Department of Agriculture, Fisheries and Forestry",2025-01-01,C2025C00022,2025-01-09T16:28:12.1479667,https://www.legislation.gov.au/C2020A00012/latest
C2004A04224,Export Finance and Insurance Corporation (Transitional Provisions and Consequential Amendments) Act 1991,1991,149,Foreign Affairs and Trade,Department of Foreign Affairs and Trade,1991-10-21,C2004A04224,2005-01-01T00:00:00,https://www.legislation.gov.au/C2004A04224/latest
C2004A04223,Export Finance and Insurance Corporation Act 1991,1991,148,Foreign Affairs and Trade,Department of Foreign Affairs and Trade,2026-04-02,C2026C00166,2026-04-24T14:00:20.6778938,https://www.legislation.gov.au/C2004A04223/latest
C2007A00006,Export Finance and Insurance Corporation Amendment Act 2007,2007,6,Foreign Affairs and Trade,Department of Foreign Affairs and Trade,2007-02-19,C2007A00006,2007-02-21T16:16:45,https://www.legislation.gov.au/C2007A00006/latest
C2004A05142,Export Market Development Grants (Repeal and Consequential Provisions) Act 1997,1997,44,Foreign Affairs and Trade,Department of Foreign Affairs and Trade,1999-07-16,C2004C00889,2013-07-19T12:39:11.9470000,https://www.legislation.gov.au/C2004A05142/latest
C2004A05155,Export Market Development Grants Act 1997,1997,57,Foreign Affairs and Trade,Department of Foreign Affairs and Trade,2024-10-14,C2024C00521,2024-10-14T12:04:21.9344310,https://www.legislation.gov.au/C2004A05155/latest
C2004A03597,Extradition Act 1988,1988,4,Attorney-General's,Attorney-General's Department,2026-03-28,C2026C00131,2026-04-13T14:04:32.4018995,https://www.legislation.gov.au/C2004A03597/latest
C2012A00159,Fair Entitlements Guarantee Act 2012,2012,159,Employment and Workplace Relations,Department of Employment and Workplace Relations,2025-02-21,C2025C00164,2025-02-28T15:13:10.1315632,https://www.legislation.gov.au/C2012A00159/latest
C2004A03679,Fair Work (Registered Organisations) Act 2009,1988,86,Attorney-General's,Attorney-General's Department,2024-08-23,C2024C00345,2024-08-23T09:52:16.6809623,https://www.legislation.gov.au/C2004A03679/latest
C2009A00055,Fair Work (Transitional Provisions and Consequential Amendments) Act 2009,2009,55,Employment and Workplace Relations,Department of Employment and Workplace Relations,2022-12-07,C2022C00331,2022-12-07T13:39:12.9230000,https://www.legislation.gov.au/C2009A00055/latest
C2009A00028,Fair Work Act 2009,2009,28,Attorney-General's,Attorney-General's Department,2026-04-02,C2026C00141,2026-04-15T18:36:05.3700895,https://www.legislation.gov.au/C2009A00028/latest
C2022A00050,Fair Work Amendment (Paid Family and Domestic Violence Leave) Act 2022,2022,50,Employment and Workplace Relations,Department of Employment and Workplace Relations,2022-11-09,C2022A00050,2022-11-10T14:03:40.1930000,https://www.legislation.gov.au/C2022A00050/latest
C2006A00082,"Families, Community Services and Indigenous Affairs and Other Legislation (2006 Budget and Other Measures) Act 2006",2006,82,Social Services,Department of Social Services,2002-07-01,C2006A00082,2006-07-05T16:56:26,https://www.legislation.gov.au/C2006A00082/latest
C2006A00156,"Families, Community Services and Indigenous Affairs and Veterans' Affairs Legislation Amendment (2006 Budget Measures) Act 2006",2006,156,Veterans' Affairs,Department of Veterans' Affairs,2006-12-08,C2006A00156,2006-12-14T11:35:37,https://www.legislation.gov.au/C2006A00156/latest
C2008A00143,"Families, Housing, Community Services and Indigenous Affairs and Other Legislation Amendment (Further 2008 Budget and Other Measures) Act 2008",2008,143,Social Services,Department of Social Services,2008-12-09,C2008A00143,2008-12-15T10:04:56,https://www.legislation.gov.au/C2008A00143/latest
C2004A01295,Family Assistance Legislation Amendment (More Help for Families—One-off Payments) Act 2004,2004,60,Social Services,Department of Social Services,2006-09-27,C2006C00617,2006-10-18T11:43:47,https://www.legislation.gov.au/C2004A01295/latest
C2012A00050,Family Assistance and Other Legislation Amendment (Schoolkids Bonus Budget Measures) Act 2012,2012,50,Social Services,Department of Social Services,2012-05-27,C2014C00182,2014-06-03T15:20:17.8200000,https://www.legislation.gov.au/C2012A00050/latest
C2004A05241,Family Court of Western Australia (Orders of Registrars) Act 1997,1997,148,Attorney-General's,Attorney-General's Department,2021-09-01,C2021C00513,2021-11-09T17:18:04.9370000,https://www.legislation.gov.au/C2004A05241/latest
C2007A00023,Family Law (Divorce Fees Validation) Act 2007,2007,23,Attorney-General's,Attorney-General's Department,2007-03-15,C2007A00023,2007-03-21T16:12:33,https://www.legislation.gov.au/C2007A00023/latest
C2004A00275,Family Law Act 1975,1975,53,Attorney-General's,Attorney-General's Department,2025-06-10,C2025C00341,2025-06-10T11:18:37.6165092,https://www.legislation.gov.au/C2004A00275/latest
C2012A00032,Family Law Amendment (Validation of Certain Orders and Other Measures) Act 2012,2012,32,Attorney-General's,Attorney-General's Department,2013-04-12,C2013C00166,2013-05-08T13:13:49.1730000,https://www.legislation.gov.au/C2012A00032/latest
C2010A00147,Family Law Amendment (Validation of Certain Parenting Orders and Other Measures) Act 2010,2010,147,Attorney-General's,Attorney-General's Department,2013-04-12,C2013C00161,2013-05-07T13:18:13.5100000,https://www.legislation.gov.au/C2010A00147/latest
C2004A05323,Family Trust Distribution Tax (Primary Liability) Act 1998,1998,10,Treasury,Department of the Treasury,2014-06-25,C2014C00345,2014-07-09T10:55:59.6330000,https://www.legislation.gov.au/C2004A05323/latest
C2004A05324,Family Trust Distribution Tax (Secondary Liability) Act 1998,1998,11,Treasury,Department of the Treasury,2011-06-27,C2011C00492,2011-07-05T09:27:11.6570000,https://www.legislation.gov.au/C2004A05324/latest
C2014A00013,Farm Household Support (Consequential and Transitional Provisions) Act 2014,2014,13,"Agriculture, Fisheries and Forestry","Department of Agriculture, Fisheries and Forestry",2014-09-05,C2014C00646,2014-09-11T14:56:06.5770000,https://www.legislation.gov.au/C2014A00013/latest
C2014A00012,Farm Household Support Act 2014,2014,12,"Agriculture, Fisheries and Forestry","Department of Agriculture, Fisheries and Forestry",2022-04-08,C2022C00163,2022-05-05T10:21:56.4530000,https://www.legislation.gov.au/C2014A00012/latest
C2012A00165,Federal Circuit Court of Australia Legislation Amendment Act 2012,2012,165,Attorney-General's,Attorney-General's Department,2012-11-28,C2013C00139,2013-04-15T14:32:37.4830000,https://www.legislation.gov.au/C2012A00165/latest
C2021A00013,Federal Circuit and Family Court of Australia (Consequential Amendments and Transitional Provisions) Act 2021,2021,13,Attorney-General's,Attorney-General's Department,2021-03-01,C2021A00013,2021-03-04T14:29:27.0270000,https://www.legislation.gov.au/C2021A00013/latest
C2021A00012,Federal Circuit and Family Court of Australia Act 2021,2021,12,Attorney-General's,Attorney-General's Department,2025-06-10,C2025C00376,2025-06-10T12:52:26.2187480,https://www.legislation.gov.au/C2021A00012/latest
C2004A01586,Federal Court of Australia Act 1976,1976,156,Attorney-General's,Attorney-General's Department,2024-12-11,C2024C00819,2024-12-18T14:49:58.1956477,https://www.legislation.gov.au/C2004A01586/latest
C2009A00011,Federal Financial Relations Act 2009,2009,11,Treasury,Department of the Treasury,2024-12-11,C2024C00843,2024-12-21T09:35:04.2626150,https://www.legislation.gov.au/C2009A00011/latest
C2004A02401,Federal Proceedings (Costs) Act 1981,1981,23,Attorney-General's,Attorney-General's Department,2025-06-10,C2025C00377,2025-06-10T16:58:24.3653514,https://www.legislation.gov.au/C2004A02401/latest
C2016A00087,Federal Safety Commissioner Act 2022,2016,87,Employment and Workplace Relations,Department of Employment and Workplace Relations,2023-10-18,C2023C00358,2023-10-25T13:04:10.4900000,https://www.legislation.gov.au/C2016A00087/latest
C2008A00156,Federation Reform Fund Act 2008,2008,156,Treasury,Department of the Treasury,2024-07-06,C2024C00272,2024-07-13T09:34:34.9184704,https://www.legislation.gov.au/C2008A00156/latest
C2023A00068,Financial Accountability Regime (Consequential Amendments) Act 2023,2023,68,Treasury,Department of the Treasury,2023-09-14,C2023A00068,2023-09-15T15:02:51.2200000,https://www.legislation.gov.au/C2023A00068/latest
C2023A00067,Financial Accountability Regime Act 2023,2023,67,Treasury,Department of the Treasury,2025-02-21,C2025C00148,2025-02-26T14:55:58.0812433,https://www.legislation.gov.au/C2023A00067/latest
C2004A04779,Financial Agreement Act 1994,1994,106,Treasury,Department of the Treasury,2014-07-01,C2014C00538,2014-08-08T14:08:13.1800000,https://www.legislation.gov.au/C2004A04779/latest
C1929A00004,Financial Agreement Validation Act 1929,1929,4,Treasury,Department of the Treasury,1929-03-18,C1929A00004,2013-01-23T13:46:49.2070000,https://www.legislation.gov.au/C1929A00004/latest
C1932A00002,Financial Agreements (Commonwealth Liability) Act 1932,1932,2,Treasury,Department of the Treasury,1979-05-15,C2004C00484,2005-01-01T00:00:00,https://www.legislation.gov.au/C1932A00002/latest
C2008A00103,Financial Claims Scheme (ADIs) Levy Act 2008,2008,103,Treasury,Department of the Treasury,2008-10-17,C2008A00103,2008-10-24T14:07:23,https://www.legislation.gov.au/C2008A00103/latest
C2008A00104,Financial Claims Scheme (General Insurers) Levy Act 2008,2008,104,Treasury,Department of the Treasury,2008-10-17,C2008A00104,2008-10-24T15:10:10,https://www.legislation.gov.au/C2008A00104/latest
C2004A04652,Financial Corporations (Transfer of Assets and Liabilities) Act 1993,1993,97,Treasury,Department of the Treasury,2016-05-06,C2016C00633,2016-06-14T09:37:52.8400000,https://www.legislation.gov.au/C2004A04652/latest
C2004A05251,Financial Framework (Supplementary Powers) Act 1997,1997,154,,,2024-05-31,C2024C00189,2024-06-03T13:42:35.7711991,https://www.legislation.gov.au/C2004A05251/latest
C2012A00082,Financial Framework Legislation Amendment Act (No. 2) 2012,2012,82,Finance,Department of Finance,2012-06-28,C2012A00082,2012-07-03T18:12:11.9400000,https://www.legislation.gov.au/C2012A00082/latest
C2004A00313,Financial Institutions Supervisory Levies Collection Act 1998,1998,53,Treasury,Department of the Treasury,2025-02-21,C2025C00149,2025-02-27T09:35:39.4027972,https://www.legislation.gov.au/C2004A00313/latest
C2021A00063,Financial Regulator Assessment Authority Act 2021,2021,63,Treasury,Department of the Treasury,2025-12-05,C2025C00660,2025-12-15T10:25:39.0928070,https://www.legislation.gov.au/C2021A00063/latest
C2004A00871,Financial Sector (Collection of Data) Act 2001,2001,104,Treasury,Department of the Treasury,2025-02-21,C2025C00113,2025-02-24T13:23:13.8262518,https://www.legislation.gov.au/C2004A00871/latest
C2004A00896,Financial Sector (Collection of Data—Consequential and Transitional Provisions) Act 2001,2001,121,,,2007-09-24,C2007C00597,2007-10-05T10:47:10,https://www.legislation.gov.au/C2004A00896/latest
C2004A00315,Financial Sector (Shareholdings) Act 1998,1998,55,Treasury,Department of the Treasury,2020-10-01,C2020C00315,2020-10-13T10:01:51.7370000,https://www.legislation.gov.au/C2004A00315/latest
C2004A00436,Financial Sector (Transfer and Restructure) Act 1999,1999,45,Treasury,Department of the Treasury,2025-07-01,C2025C00407,2025-07-01T10:19:47.0456981,https://www.legislation.gov.au/C2004A00436/latest
C2004A00435,Financial Sector Reform (Amendments and Transitional Provisions) Act (No. 1) 1999,1999,44,,,2001-01-18,C2004C01110,2005-01-01T00:00:00,https://www.legislation.gov.au/C2004A00435/latest
C2004A00616,Financial Sector Reform (Amendments and Transitional Provisions) Act (No. 1) 2000,2000,24,Treasury,Department of the Treasury,1997-06-30,C2004A00616,2005-01-01T00:00:00,https://www.legislation.gov.au/C2004A00616/latest
C2004A00314,Financial Sector Reform (Amendments and Transitional Provisions) Act 1998,1998,54,Treasury,Department of the Treasury,1999-12-05,C2006C00145,2006-04-18T08:44:35,https://www.legislation.gov.au/C2004A00314/latest
C2023A00045,Financial Services Compensation Scheme of Last Resort Levy (Collection) Act 2023,2023,45,Treasury,Department of the Treasury,2025-02-21,C2025C00112,2025-02-24T11:41:22.5704465,https://www.legislation.gov.au/C2023A00045/latest
C2023A00044,Financial Services Compensation Scheme of Last Resort Levy Act 2023,2023,44,Treasury,Department of the Treasury,2023-10-20,C2023C00413,2023-11-10T13:23:22.6100000,https://www.legislation.gov.au/C2023A00044/latest
C2017A00133,First Home Super Saver Tax Act 2017,2017,133,Treasury,Department of the Treasury,2017-12-13,C2017A00133,2017-12-14T14:54:24.6100000,https://www.legislation.gov.au/C2017A00133/latest
C2004A01393,Fisheries (Validation of Plans of Management) Act 2004,2004,158,"Agriculture, Fisheries and Forestry","Department of Agriculture, Fisheries and Forestry",2004-12-17,C2004A01393,2005-01-01T00:00:00,https://www.legislation.gov.au/C2004A01393/latest
C2004A04236,Fisheries Administration Act 1991,1991,161,"Agriculture, Fisheries and Forestry","Department of Agriculture, Fisheries and Forestry",2025-01-01,C2025C00032,2025-01-11T12:18:58.4235100,https://www.legislation.gov.au/C2004A04236/latest
C2004A04226,Fisheries Agreements (Payments) Act 1991,1991,151,"Agriculture, Fisheries and Forestry","Department of Agriculture, Fisheries and Forestry",1991-10-21,C2004A04226,2005-01-01T00:00:00,https://www.legislation.gov.au/C2004A04226/latest
C2004A04238,Fisheries Legislation (Consequential Provisions) Act 1991,1991,163,"Agriculture, Fisheries and Forestry","Department of Agriculture, Fisheries and Forestry",1993-12-16,C2013C00665,2013-10-29T16:39:50.0200000,https://www.legislation.gov.au/C2004A04238/latest
C2008A00036,Fisheries Legislation Amendment (New Governance Arrangements for the Australian Fisheries Management Authority and Other Matters) Act 2008,2008,36,"Agriculture, Fisheries and Forestry","Department of Agriculture, Fisheries and Forestry",2008-06-24,C2008A00036,2008-07-02T10:00:43,https://www.legislation.gov.au/C2008A00036/latest
C2004A03015,Fisheries Levy Act 1984,1984,151,"Agriculture, Fisheries and Forestry","Department of Agriculture, Fisheries and Forestry",2016-03-05,C2016C00295,2016-04-14T11:53:45.5370000,https://www.legislation.gov.au/C2004A03015/latest
C2004A04237,Fisheries Management Act 1991,1991,162,"Agriculture, Fisheries and Forestry","Department of Agriculture, Fisheries and Forestry",2024-10-14,C2024C00591,2024-10-14T12:38:58.3262200,https://www.legislation.gov.au/C2004A04237/latest
C2004A04231,Fishing Levy Act 1991,1991,156,"Agriculture, Fisheries and Forestry","Department of Agriculture, Fisheries and Forestry",2011-01-04,C2011C00045,2011-01-10T16:11:54,https://www.legislation.gov.au/C2004A04231/latest
C1954A00001,Flags Act 1953,1954,1,Prime Minister and Cabinet,Department of the Prime Minister and Cabinet,2008-07-04,C2008C00376,2008-07-22T16:24:04,https://www.legislation.gov.au/C1954A00001/latest
C2004A04193,Food Standards Australia New Zealand Act 1991,1991,118,"Health, Disability and Ageing","Department of Health, Disability and Ageing",2024-10-14,C2024C00524,2024-10-14T12:28:51.7765228,https://www.legislation.gov.au/C2004A04193/latest
C2004A01402,Foreign Acquisitions and Takeovers Act 1975,1975,92,Treasury,Department of the Treasury,2025-12-05,C2025C00672,2025-12-17T09:56:23.7052762,https://www.legislation.gov.au/C2004A01402/latest
C2015A00152,Foreign Acquisitions and Takeovers Fees Imposition Act 2015,2015,152,Treasury,Department of the Treasury,2024-04-09,C2024C00141,2024-04-12T07:42:02.7723675,https://www.legislation.gov.au/C2015A00152/latest
C2004A03931,Foreign Corporations (Application of Laws) Act 1989,1989,183,Treasury,Department of the Treasury,2016-07-01,C2016C00800,2016-07-14T10:11:40.1300000,https://www.legislation.gov.au/C2004A03931/latest
C2004A04719,Foreign Evidence (Transitional Provisions and Consequential Amendments) Act 1994,1994,43,Attorney-General's,Attorney-General's Department,1994-03-15,C2004A04719,2005-01-01T00:00:00,https://www.legislation.gov.au/C2004A04719/latest
C2004A04735,Foreign Evidence Act 1994,1994,59,Attorney-General's,Attorney-General's Department,2025-11-08,C2025C00634,2025-11-20T10:36:17.4399357,https://www.legislation.gov.au/C2004A04735/latest
C2004A04225,Foreign Fishing Licences Levy Act 1991,1991,150,"Agriculture, Fisheries and Forestry","Department of Agriculture, Fisheries and Forestry",1991-10-21,C2004A04225,2005-01-01T00:00:00,https://www.legislation.gov.au/C2004A04225/latest
C2018A00063,Foreign Influence Transparency Scheme Act 2018,2018,63,Attorney-General's,Attorney-General's Department,2024-10-14,C2024C00466,2024-10-14T13:17:56.1092077,https://www.legislation.gov.au/C2018A00063/latest
C2004A04187,Foreign Judgments Act 1991,1991,112,Attorney-General's,Attorney-General's Department,2022-02-18,C2022C00084,2022-03-01T16:16:05.1970000,https://www.legislation.gov.au/C2004A04187/latest
C1938A00015,Foreign Passports (Law Enforcement and Security) Act 2005,1938,15,Foreign Affairs and Trade,Department of Foreign Affairs and Trade,2024-10-14,C2024C00622,2024-10-14T12:52:35.8760813,https://www.legislation.gov.au/C1938A00015/latest
C2004A02867,Foreign Proceedings (Excess of Jurisdiction) Act 1984,1984,3,Attorney-General's,Attorney-General's Department,2016-10-21,C2016C01084,2016-11-15T11:22:42.6900000,https://www.legislation.gov.au/C2004A02867/latest
C2004A03235,Foreign States Immunities Act 1985,1985,196,Attorney-General's,Attorney-General's Department,2025-11-08,C2025C00636,2025-11-20T09:03:58.3182930,https://www.legislation.gov.au/C2004A03235/latest
C2004A05225,Franchise Fees Windfall Tax (Collection) Act 1997,1997,132,Treasury,Department of the Treasury,2010-12-17,C2010C00830,2010-12-21T16:00:58,https://www.legislation.gov.au/C2004A05225/latest
C2004A05226,Franchise Fees Windfall Tax (Imposition) Act 1997,1997,133,Treasury,Department of the Treasury,1997-08-05,C2004A05226,2005-01-01T00:00:00,https://www.legislation.gov.au/C2004A05226/latest
C2025A00026,Free TAFE Act 2025,2025,26,Employment and Workplace Relations,Department of Employment and Workplace Relations,2025-03-27,C2025A00026,2025-03-31T17:55:58.4394304,https://www.legislation.gov.au/C2025A00026/latest
C2004A02562,Freedom of Information Act 1982,1982,3,Attorney-General's,Attorney-General's Department,2026-01-01,C2026C00020,2026-01-13T16:24:45.6956195,https://www.legislation.gov.au/C2004A02562/latest
C2010A00051,Freedom of Information Amendment (Reform) Act 2010,2010,51,Attorney-General's,Attorney-General's Department,2010-11-01,C2012C00866,2012-11-30T09:58:52.0270000,https://www.legislation.gov.au/C2010A00051/latest
C2004A03283,Fringe Benefits Tax (Application to the Commonwealth) Act 1986,1986,42,Treasury,Department of the Treasury,2014-07-01,C2014C00574,2014-08-13T09:25:12.7700000,https://www.legislation.gov.au/C2004A03283/latest
C2004A03281,Fringe Benefits Tax Act 1986,1986,40,Treasury,Department of the Treasury,2018-06-19,C2018C00240,2018-06-20T15:53:19.7030000,https://www.legislation.gov.au/C2004A03281/latest
C2004A03280,Fringe Benefits Tax Assessment Act 1986,1986,39,Treasury,Department of the Treasury,2025-04-01,C2025C00239,2025-04-01T14:16:30.8953579,https://www.legislation.gov.au/C2004A03280/latest
C2015A00103,Fuel Indexation (Road Funding) Special Account Act 2015,2015,103,Treasury,Department of the Treasury,2024-07-06,C2024C00283,2024-07-16T11:31:09.0565821,https://www.legislation.gov.au/C2015A00103/latest
C2004A00744,Fuel Quality Standards Act 2000,2000,153,"Climate Change, Energy, the Environment and Water","Department of Climate Change, Energy, the Environment and Water",2024-10-14,C2024C00627,2024-10-14T13:30:28.1852563,https://www.legislation.gov.au/C2004A00744/latest
C2021A00066,Fuel Security (Consequential and Transitional Provisions) Act 2021,2021,66,"Climate Change, Energy, the Environment and Water","Department of Climate Change, Energy, the Environment and Water",2021-06-29,C2021A00066,2021-07-02T09:54:00.5030000,https://www.legislation.gov.au/C2021A00066/latest
C2021A00065,Fuel Security Act 2021,2021,65,"Climate Change, Energy, the Environment and Water","Department of Climate Change, Energy, the Environment and Water",2025-12-05,C2025C00689,2025-12-22T13:16:36.8474896,https://www.legislation.gov.au/C2021A00065/latest
C2006A00073,Fuel Tax (Consequential and Transitional Provisions) Act 2006,2006,73,Treasury,Department of the Treasury,2014-07-01,C2014C00464,2014-07-25T10:57:51.9600000,https://www.legislation.gov.au/C2006A00073/latest
C2006A00072,Fuel Tax Act 2006,2006,72,Treasury,Department of the Treasury,2026-04-02,C2026C00140,2026-04-14T09:18:52.3808227,https://www.legislation.gov.au/C2006A00072/latest
C2019A00055,Future Drought Fund Act 2019,2019,55,Finance,Department of Finance,2024-07-06,C2024C00278,2024-07-13T13:20:04.2375275,https://www.legislation.gov.au/C2019A00055/latest
C2006A00012,Future Fund Act 2006,2006,12,Finance,Department of Finance,2023-11-01,C2023C00441,2023-11-27T11:33:30.8770000,https://www.legislation.gov.au/C2006A00012/latest
C2024A00122,Future Made in Australia (Guarantee of Origin Charges) Act 2024,2024,122,"Climate Change, Energy, the Environment and Water","Department of Climate Change, Energy, the Environment and Water",2024-12-10,C2024A00122,2024-12-13T09:08:08.9133429,https://www.legislation.gov.au/C2024A00122/latest
C2024A00121,Future Made in Australia (Guarantee of Origin) Act 2024,2024,121,"Climate Change, Energy, the Environment and Water","Department of Climate Change, Energy, the Environment and Water",2024-12-10,C2024A00121,2024-12-13T09:05:11.8695265,https://www.legislation.gov.au/C2024A00121/latest
C2024A00119,Future Made in Australia Act 2024,2024,119,"Industry, Science and Resources","Department of Industry, Science and Resources",2024-12-10,C2024A00119,2024-12-13T09:59:23.4206535,https://www.legislation.gov.au/C2024A00119/latest
C2012A00193,Gambling Measures Act 2012,2012,193,Social Services,Department of Social Services,2014-03-31,C2014C00159,2014-04-08T16:20:59.1200000,https://www.legislation.gov.au/C2012A00193/latest
C2004A00764,Gene Technology (Licence Charges) Act 2000,2000,171,"Health, Disability and Ageing","Department of Health, Disability and Ageing",2000-12-21,C2004A00764,2005-01-01T00:00:00,https://www.legislation.gov.au/C2004A00764/latest
C2004A00762,Gene Technology Act 2000,2000,169,"Health, Disability and Ageing","Department of Health, Disability and Ageing",2024-10-14,C2024C00451,2024-10-14T11:26:50.5969168,https://www.legislation.gov.au/C2004A00762/latest
C2004A00316,General Insurance Supervisory Levy Imposition Act 1998,1998,56,Treasury,Department of the Treasury,2020-06-20,C2020C00178,2020-06-25T09:47:57.3930000,https://www.legislation.gov.au/C2004A00316/latest
C2004A00400,General Interest Charge (Imposition) Act 1999,1999,6,Treasury,Department of the Treasury,2006-09-14,C2006C00582,2006-10-10T09:34:13,https://www.legislation.gov.au/C2004A00400/latest
C1957A00103,Geneva Conventions Act 1957,1957,103,Attorney-General's,Attorney-General's Department,2016-10-21,C2016C01093,2016-11-16T11:26:36.2400000,https://www.legislation.gov.au/C1957A00103/latest
C1949A00027,Genocide Convention Act 1949,1949,27,Attorney-General's,Attorney-General's Department,1949-07-12,C1949A00027,2013-01-23T13:51:16.3570000,https://www.legislation.gov.au/C1949A00027/latest
C2008A00061,Governance Review Implementation (AASB and AUASB) Act 2008,2008,61,Treasury,Department of the Treasury,2008-06-30,C2008A00061,2008-07-08T16:27:15,https://www.legislation.gov.au/C2008A00061/latest
C2007A00074,Governance Review Implementation (Treasury Portfolio Agencies) Act 2007,2007,74,Treasury,Department of the Treasury,2007-06-05,C2007A00074,2007-06-07T12:29:31,https://www.legislation.gov.au/C2007A00074/latest
C2011A00059,Governance of Australian Government Superannuation Schemes Act 2011,2011,59,Finance,Department of Finance,2020-07-01,C2020C00223,2020-07-27T12:37:56.1270000,https://www.legislation.gov.au/C2011A00059/latest
C2018A00129,Government Procurement (Judicial Review) Act 2018,2018,129,Finance,Department of Finance,2021-09-01,C2021C00406,2021-10-01T15:27:15.6100000,https://www.legislation.gov.au/C2018A00129/latest
C2004A00075,Governor-General Act 1974,1974,16,Finance,Department of Finance,2026-04-01,C2026C00112,2026-04-01T09:30:18.4799228,https://www.legislation.gov.au/C2004A00075/latest
C2013A00136,Grape and Wine Legislation Amendment (Australian Grape and Wine Authority) Act 2013,2013,136,"Agriculture, Fisheries and Forestry","Department of Agriculture, Fisheries and Forestry",2014-07-01,C2014C00604,2014-08-18T11:27:13.3130000,https://www.legislation.gov.au/C2013A00136/latest
C2004A04569,Great Barrier Reef Marine Park (Environmental Management Charge—Excise) Act 1993,1993,14,"Climate Change, Energy, the Environment and Water","Department of Climate Change, Energy, the Environment and Water",2008-11-26,C2008C00626,2008-12-03T16:42:30,https://www.legislation.gov.au/C2004A04569/latest
C2004A04570,Great Barrier Reef Marine Park (Environmental Management Charge—General) Act 1993,1993,15,"Climate Change, Energy, the Environment and Water","Department of Climate Change, Energy, the Environment and Water",2008-11-26,C2008C00625,2008-12-03T16:45:22,https://www.legislation.gov.au/C2004A04570/latest
C2004A01395,Great Barrier Reef Marine Park Act 1975,1975,85,"Climate Change, Energy, the Environment and Water","Department of Climate Change, Energy, the Environment and Water",2025-02-21,C2025C00131,2025-02-25T15:00:00.4935950,https://www.legislation.gov.au/C2004A01395/latest
C2012A00133,Greenhouse and Energy Minimum Standards (Registration Fees) Act 2012,2012,133,"Climate Change, Energy, the Environment and Water","Department of Climate Change, Energy, the Environment and Water",2012-09-21,C2012A00133,2012-09-25T16:01:18.1270000,https://www.legislation.gov.au/C2012A00133/latest
C2012A00132,Greenhouse and Energy Minimum Standards Act 2012,2012,132,"Climate Change, Energy, the Environment and Water","Department of Climate Change, Energy, the Environment and Water",2025-12-05,C2025C00666,2025-12-15T15:47:14.7262671,https://www.legislation.gov.au/C2012A00132/latest
C2008A00129,Guarantee Scheme for Large Deposits and Wholesale Funding Appropriation Act 2008,2008,129,Treasury,Department of the Treasury,2008-11-27,C2008A00129,2008-12-02T09:48:57,https://www.legislation.gov.au/C2008A00129/latest
C2020A00029,Guarantee of Lending to Small and Medium Enterprises (Coronavirus Economic Response Package) Act 2020,2020,29,Treasury,Department of the Treasury,2020-04-09,C2020C00145,2020-04-29T14:21:39.6200000,https://www.legislation.gov.au/C2020A00029/latest
C2009A00061,Guarantee of State and Territory Borrowing Appropriation Act 2009,2009,61,Treasury,Department of the Treasury,2009-06-29,C2009A00061,2009-07-07T16:09:23,https://www.legislation.gov.au/C2009A00061/latest
C2004A01145,HIH Royal Commission (Transfer of Records) Act 2003,2003,61,Treasury,Department of the Treasury,2003-06-30,C2004A01145,2005-01-01T00:00:00,https://www.legislation.gov.au/C2004A01145/latest
C2004A03937,Hazardous Waste (Regulation of Exports and Imports) Act 1989,1990,6,"Climate Change, Energy, the Environment and Water","Department of Climate Change, Energy, the Environment and Water",2024-10-14,C2024C00489,2024-10-14T10:40:59.5144841,https://www.legislation.gov.au/C2004A03937/latest
C2017A00009,Hazardous Waste (Regulation of Exports and Imports) Levy Act 2017,2017,9,"Climate Change, Energy, the Environment and Water","Department of Climate Change, Energy, the Environment and Water",2017-02-22,C2017A00009,2017-02-28T17:04:43.4370000,https://www.legislation.gov.au/C2017A00009/latest
C2004A00727,Health Insurance (Approved Pathology Specimen Collection Centres) Tax Act 2000,2000,134,"Health, Disability and Ageing","Department of Health, Disability and Ageing",2018-12-01,C2018C00480,2018-12-07T10:39:40.2000000,https://www.legislation.gov.au/C2004A00727/latest
C2004A00101,Health Insurance Act 1973,1974,42,"Health, Disability and Ageing","Department of Health, Disability and Ageing",2025-12-05,C2026C00007,2026-01-06T15:48:37.6898452,https://www.legislation.gov.au/C2004A00101/latest
C2012A00123,Health Insurance Amendment (Extended Medicare Safety Net) Act 2012,2012,123,"Health, Disability and Ageing","Department of Health, Disability and Ageing",2012-09-12,C2012A00123,2012-09-18T16:22:24.7230000,https://www.legislation.gov.au/C2012A00123/latest
C2012A00076,Health Insurance Amendment (Professional Services Review) Act 2012,2012,76,"Health, Disability and Ageing","Department of Health, Disability and Ageing",2012-06-27,C2012A00076,2012-07-03T16:46:33.6470000,https://www.legislation.gov.au/C2012A00076/latest
C2004A05252,Health Insurance Commission (Reform and Separation of Functions) Act 1997,1997,159,,,2023-10-18,C2023C00374,2023-10-28T12:09:35.9930000,https://www.legislation.gov.au/C2004A05252/latest
C2014A00103,Health Workforce Australia (Abolition) Act 2014,2014,103,"Health, Disability and Ageing","Department of Health, Disability and Ageing",2014-09-24,C2014A00103,2014-09-25T15:46:14.9270000,https://www.legislation.gov.au/C2014A00103/latest
C2004A04980,Health and Other Services (Compensation) Act 1995,1995,130,"Health, Disability and Ageing","Department of Health, Disability and Ageing",2025-11-01,C2025C00628,2025-11-13T15:27:04.8892925,https://www.legislation.gov.au/C2004A04980/latest
C2004A04981,Health and Other Services (Compensation) Care Charges Act 1995,1995,131,"Health, Disability and Ageing","Department of Health, Disability and Ageing",2016-07-01,C2016C00789,2016-07-12T15:50:25.7130000,https://www.legislation.gov.au/C2004A04981/latest
C2010A00072,Healthcare Identifiers Act 2010,2010,72,"Health, Disability and Ageing","Department of Health, Disability and Ageing",2025-12-05,C2025C00694,2025-12-23T15:20:40.9586101,https://www.legislation.gov.au/C2010A00072/latest
C1953A00007,Heard Island and McDonald Islands Act 1953,1953,7,"Climate Change, Energy, the Environment and Water","Department of Climate Change, Energy, the Environment and Water",2008-07-04,C2008C00326,2008-07-16T18:18:56,https://www.legislation.gov.au/C1953A00007/latest
C2004A05178,Hearing Services Administration Act 1997,1997,81,"Health, Disability and Ageing","Department of Health, Disability and Ageing",2024-10-14,C2024C00689,2024-10-17T15:39:34.0361563,https://www.legislation.gov.au/C2004A05178/latest
C2004A05179,Hearing Services and AGHS Reform Act 1997,1997,82,"Health, Disability and Ageing","Department of Health, Disability and Ageing",2016-07-01,C2016C00804,2016-07-14T11:16:45.6470000,https://www.legislation.gov.au/C2004A05179/latest
C2024A00124,Help to Buy Act 2024,2024,124,Treasury,Department of the Treasury,2025-02-21,C2025C00127,2025-02-25T14:02:36.7707419,https://www.legislation.gov.au/C2024A00124/latest
C2004A02099,High Court Justices (Long Leave Payments) Act 1979,1979,89,Attorney-General's,Attorney-General's Department,2008-12-10,C2008C00651,2008-12-18T14:17:07,https://www.legislation.gov.au/C2004A02099/latest
C2004A02147,High Court of Australia Act 1979,1979,137,Attorney-General's,Attorney-General's Department,2026-03-28,C2026C00135,2026-04-11T16:19:31.8959164,https://www.legislation.gov.au/C2004A02147/latest
C2026A00042,High Seas Biodiversity Act 2026,2026,42,"Climate Change, Energy, the Environment and Water","Department of Climate Change, Energy, the Environment and Water",2026-04-08,C2026A00042,2026-04-09T14:50:51.5600087,https://www.legislation.gov.au/C2026A00042/latest
C2022A00081,High Speed Rail Authority Act 2022,2022,81,"Infrastructure, Transport, Regional Development, Communications, Sport and the Arts","Department of Infrastructure, Transport, Regional Development, Communications, Sport and the Arts",2022-12-12,C2022A00081,2022-12-13T11:37:53.4070000,https://www.legislation.gov.au/C2022A00081/latest
C2020A00102,Higher Education (Up-front Payments Tuition Protection Levy) Act 2020,2020,102,Education,Department of Education,2020-11-20,C2020A00102,2020-11-26T11:17:50.0530000,https://www.legislation.gov.au/C2020A00102/latest
C2004A03750,Higher Education Funding Act 1988,1989,2,Education,Department of Education,2025-02-21,C2025C00125,2025-02-25T13:08:14.5824492,https://www.legislation.gov.au/C2004A03750/latest
C2019A00085,Higher Education Support (Charges) Act 2019,2019,85,Education,Department of Education,2019-10-28,C2019A00085,2019-10-29T16:49:26.5070000,https://www.legislation.gov.au/C2019A00085/latest
C2020A00004,Higher Education Support (HELP Tuition Protection Levy) Act 2020,2020,4,Education,Department of Education,2021-01-01,C2021C00116,2021-02-17T12:31:21.5770000,https://www.legislation.gov.au/C2020A00004/latest
C2004A01235,Higher Education Support (Transitional Provisions and Consequential Amendments) Act 2003,2003,150,Education,Department of Education,2008-01-01,C2008C00021,2008-01-02T09:50:14,https://www.legislation.gov.au/C2004A01235/latest
C2004A01234,Higher Education Support Act 2003,2003,149,Education,Department of Education,2026-04-29,C2026C00182,2026-05-07T16:20:47.0236313,https://www.legislation.gov.au/C2004A01234/latest
C2023A00089,Higher Education Support Amendment (Response to the Australian Universities Accord Interim Report) Act 2023,2023,89,Education,Department of Education,2023-11-06,C2023A00089,2023-11-07T13:06:23.4530000,https://www.legislation.gov.au/C2023A00089/latest
C2004A05158,Hindmarsh Island Bridge Act 1997,1997,60,Prime Minister and Cabinet,Department of the Prime Minister and Cabinet,1997-05-22,C2004A05158,2005-01-01T00:00:00,https://www.legislation.gov.au/C2004A05158/latest
C2023A00019,Home Affairs Act 2023,2023,19,Home Affairs,Department of Home Affairs,2023-06-15,C2023A00019,2023-06-15T17:00:59.9070000,https://www.legislation.gov.au/C2023A00019/latest
C2004A03223,Home and Community Care Act 1985,1985,184,"Health, Disability and Ageing","Department of Health, Disability and Ageing",2025-11-01,C2025C00614,2025-11-03T13:15:46.7444441,https://www.legislation.gov.au/C2004A03223/latest
C2004A00756,Horticulture Marketing and Research and Development Services (Repeals and Consequential Provisions) Act 2000,2000,163,"Agriculture, Fisheries and Forestry","Department of Agriculture, Fisheries and Forestry",2025-01-01,C2025C00025,2025-01-10T11:54:05.9541417,https://www.legislation.gov.au/C2004A00756/latest
C2004A03790,House of Representatives (Quorum) Act 1989,1989,42,Prime Minister and Cabinet,Department of the Prime Minister and Cabinet,1989-06-02,C2004A03790,2005-01-01T00:00:00,https://www.legislation.gov.au/C2004A03790/latest
C2009A00004,Household Stimulus Package Act (No. 2) 2009,2009,4,"Agriculture, Fisheries and Forestry","Department of Agriculture, Fisheries and Forestry",2009-01-01,C2009A00004,2009-02-23T08:52:18,https://www.legislation.gov.au/C2009A00004/latest
C2018A00065,Housing Australia Act 2018,2018,65,Treasury,Department of the Treasury,2024-12-11,C2024C00857,2024-12-24T11:16:57.1165186,https://www.legislation.gov.au/C2018A00065/latest
C2023A00079,Housing Australia Future Fund Act 2023,2023,79,Finance,Department of Finance,2024-07-06,C2024C00274,2024-07-13T11:01:10.6933321,https://www.legislation.gov.au/C2023A00079/latest
C1959A00046,Housing Loans Guarantees (Australian Capital Territory) Act 1959,1959,46,Treasury,Department of the Treasury,1959-05-22,C1959A00046,2013-01-23T13:55:33.3930000,https://www.legislation.gov.au/C1959A00046/latest
C1959A00047,Housing Loans Guarantees (Northern Territory) Act 1959,1959,47,Treasury,Department of the Treasury,1959-05-22,C1959A00047,2013-01-23T13:55:35.3470000,https://www.legislation.gov.au/C1959A00047/latest
C2011A00186,Human Rights (Parliamentary Scrutiny) Act 2011,2011,186,Attorney-General's,Attorney-General's Department,2024-06-12,C2024C00230,2024-06-21T16:38:52.2762525,https://www.legislation.gov.au/C2011A00186/latest
C2004A04852,Human Rights (Sexual Conduct) Act 1994,1994,179,Attorney-General's,Attorney-General's Department,2009-08-05,C2009C00395,2009-08-05T09:09:25,https://www.legislation.gov.au/C2004A04852/latest
C2004A03367,Human Rights and Equal Opportunity Commission (Transitional Provisions and Consequential Amendments) Act 1986,1986,126,Attorney-General's,Attorney-General's Department,1986-12-06,C2004A03367,2005-01-01T00:00:00,https://www.legislation.gov.au/C2004A03367/latest
C2004A05130,Human Services (Centrelink) Act 1997,1997,31,Finance,Department of Finance,2025-11-01,C2025C00596,2025-11-01T08:07:01.2910563,https://www.legislation.gov.au/C2004A05130/latest
C2004A00100,Human Services (Medicare) Act 1973,1974,41,Finance,Department of Finance,2025-11-01,C2025C00609,2025-11-03T10:45:32.3161528,https://www.legislation.gov.au/C2004A00100/latest
C2023A00115,Identity Verification Services Act 2023,2023,115,Attorney-General's,Attorney-General's Department,2024-12-11,C2024C00830,2024-12-19T14:36:39.8226755,https://www.legislation.gov.au/C2023A00115/latest
C2012A00166,Illegal Logging Prohibition Act 2012,2012,166,"Agriculture, Fisheries and Forestry","Department of Agriculture, Fisheries and Forestry",2025-03-03,C2025C00211,2025-03-18T11:19:53.1614738,https://www.legislation.gov.au/C2012A00166/latest
C1971A00003,Immigration (Education) Act 1971,1971,3,Home Affairs,Department of Home Affairs,2021-04-19,C2021C00210,2021-05-05T11:35:15.0500000,https://www.legislation.gov.au/C1971A00003/latest
C1946A00045,Immigration (Guardianship of Children) Act 1946,1946,45,Home Affairs,Department of Home Affairs,2024-10-14,C2024C00628,2024-10-14T13:38:37.2452192,https://www.legislation.gov.au/C1946A00045/latest
C2004A00857,Import Processing Charges Act 2001,2001,90,Home Affairs,Department of Home Affairs,2016-07-01,C2016C00813,2016-07-14T14:27:15.2700000,https://www.legislation.gov.au/C2004A00857/latest
C2015A00096,Imported Food Charges (Collection) Act 2015,2015,96,"Agriculture, Fisheries and Forestry","Department of Agriculture, Fisheries and Forestry",2024-10-14,C2024C00690,2024-10-17T15:51:31.5569503,https://www.legislation.gov.au/C2015A00096/latest
C2015A00097,Imported Food Charges (Imposition—Customs) Act 2015,2015,97,"Agriculture, Fisheries and Forestry","Department of Agriculture, Fisheries and Forestry",2016-07-01,C2016C00819,2016-07-14T16:23:06.6370000,https://www.legislation.gov.au/C2015A00097/latest
C2015A00098,Imported Food Charges (Imposition—Excise) Act 2015,2015,98,"Agriculture, Fisheries and Forestry","Department of Agriculture, Fisheries and Forestry",2016-07-01,C2016C00821,2016-07-15T11:11:56.4100000,https://www.legislation.gov.au/C2015A00098/latest
C2015A00099,Imported Food Charges (Imposition—General) Act 2015,2015,99,"Agriculture, Fisheries and Forestry","Department of Agriculture, Fisheries and Forestry",2016-07-01,C2016C00823,2016-07-15T11:50:08.2370000,https://www.legislation.gov.au/C2015A00099/latest
C2004A04512,Imported Food Control Act 1992,1992,221,"Agriculture, Fisheries and Forestry","Department of Agriculture, Fisheries and Forestry",2024-10-14,C2024C00526,2024-10-14T13:15:25.8855437,https://www.legislation.gov.au/C2004A04512/latest
C2016A00048,Income Tax (Attribution Managed Investment Trusts—Offsets) Act 2016,2016,48,Treasury,Department of the Treasury,2016-05-05,C2016A00048,2016-05-06T15:05:06.4370000,https://www.legislation.gov.au/C2016A00048/latest
C1971A00055,Income Tax (Bearer Debentures) Act 1971,1971,55,Treasury,Department of the Treasury,2014-06-25,C2014C00341,2014-07-09T09:37:11.7200000,https://www.legislation.gov.au/C1971A00055/latest
C2004A04290,Income Tax (Deferred Interest Securities) (Tax File Number Withholding Tax) Act 1991,1991,215,Treasury,Department of the Treasury,2018-06-19,C2018C00238,2018-06-20T14:40:12.9570000,https://www.legislation.gov.au/C2004A04290/latest
C2004A02489,Income Tax (Diverted Income) Act 1981,1981,112,Treasury,Department of the Treasury,1981-06-24,C2004A02489,2005-01-01T00:00:00,https://www.legislation.gov.au/C2004A02489/latest
C2004A00086,"Income Tax (Dividends, Interest and Royalties Withholding Tax) Act 1974",1974,27,Treasury,Department of the Treasury,2007-09-24,C2007C00596,2007-10-05T09:20:21,https://www.legislation.gov.au/C2004A00086/latest
C2004A04844,Income Tax (Former Complying Superannuation Funds) Act 1994,1994,171,Treasury,Department of the Treasury,2007-03-15,C2007C00118,2007-03-23T15:35:51,https://www.legislation.gov.au/C2004A04844/latest
C2004A04845,Income Tax (Former Non-resident Superannuation Funds) Act 1994,1994,172,Treasury,Department of the Treasury,2007-09-24,C2007C00605,2007-10-08T09:37:48,https://www.legislation.gov.au/C2004A04845/latest
C2004A03847,Income Tax (Fund Contributions) Act 1989,1989,99,Treasury,Department of the Treasury,1989-06-30,C2004A03847,2005-01-01T00:00:00,https://www.legislation.gov.au/C2004A03847/latest
C2012A00059,Income Tax (Labour Mobility Program Withholding Tax) Act 2012,2012,59,Treasury,Department of the Treasury,2022-07-01,C2022C00337,2022-12-09T09:56:04.6370000,https://www.legislation.gov.au/C2012A00059/latest
C2008A00030,Income Tax (Managed Investment Trust Transitional) Act 2008,2008,30,Treasury,Department of the Treasury,2008-06-23,C2008A00030,2008-07-02T10:07:37,https://www.legislation.gov.au/C2008A00030/latest
C2008A00031,Income Tax (Managed Investment Trust Withholding Tax) Act 2008,2008,31,Treasury,Department of the Treasury,2019-07-01,C2019C00219,2019-07-17T10:34:01.7700000,https://www.legislation.gov.au/C2008A00031/latest
C2004A02038,Income Tax (Mining Withholding Tax) Act 1979,1979,28,Treasury,Department of the Treasury,1994-11-28,C2004C00126,2013-07-23T09:14:20.1600000,https://www.legislation.gov.au/C2004A02038/latest
C2004A03605,Income Tax (Offshore Banking Units) (Withholding Tax Recoupment) Act 1988,1988,12,Treasury,Department of the Treasury,2015-12-10,C2016C00061,2016-01-22T10:27:48.4070000,https://www.legislation.gov.au/C2004A03605/latest
C2004A03291,Income Tax (Securities and Agreements) (Withholding Tax Recoupment) Act 1986,1986,50,Treasury,Department of the Treasury,1986-06-24,C2004A03291,2005-01-01T00:00:00,https://www.legislation.gov.au/C2004A03291/latest
C2009A00132,Income Tax (TFN Withholding Tax (ESS)) Act 2009,2009,132,Treasury,Department of the Treasury,2014-06-25,C2014C00346,2014-07-09T11:22:08.3770000,https://www.legislation.gov.au/C2009A00132/latest
C2004A05128,Income Tax (Transitional Provisions) Act 1997,1997,40,Treasury,Department of the Treasury,2026-04-01,C2026C00114,2026-04-02T16:56:20.0902643,https://www.legislation.gov.au/C2004A05128/latest
C2004A03349,Income Tax Act 1986,1986,108,Treasury,Department of the Treasury,2016-05-05,C2016C00461,2016-05-16T11:44:53.3270000,https://www.legislation.gov.au/C2004A03349/latest
C1936A00027,Income Tax Assessment Act 1936,1936,27,Treasury,Department of the Treasury,2026-04-01,C2026C00165,2026-04-22T09:46:40.3022840,https://www.legislation.gov.au/C1936A00027/latest
C2004A05138,Income Tax Assessment Act 1997,1997,38,Treasury,Department of the Treasury,2026-04-01,C2026C00122,2026-04-10T09:43:47.7945170,https://www.legislation.gov.au/C2004A05138/latest
C2004A03348,Income Tax Rates Act 1986,1986,107,Treasury,Department of the Treasury,2025-03-28,C2025C00288,2025-04-10T13:05:05.5434590,https://www.legislation.gov.au/C2004A03348/latest
C2006A00162,Independent Contractors Act 2006,2006,162,Employment and Workplace Relations,Department of Employment and Workplace Relations,2024-08-26,C2024C00351,2024-08-26T13:19:08.5141875,https://www.legislation.gov.au/C2006A00162/latest
C2010A00032,Independent National Security Legislation Monitor Act 2010,2010,32,Attorney-General's,Attorney-General's Department,2025-12-05,C2025C00680,2025-12-23T09:21:17.3390030,https://www.legislation.gov.au/C2010A00032/latest
C2017A00002,Independent Parliamentary Expenses Authority Act 2017,2017,2,Finance,Department of Finance,2024-05-31,C2024C00208,2024-06-13T15:15:43.7559991,https://www.legislation.gov.au/C2017A00002/latest
C2004A00745,Indigenous Education (Targeted Assistance) Act 2000,2000,147,Prime Minister and Cabinet,Department of the Prime Minister and Cabinet,2014-10-17,C2014C00732,2014-10-30T14:47:12.4070000,https://www.legislation.gov.au/C2004A00745/latest
C2019A00013,Industrial Chemicals (Consequential Amendments and Transitional Provisions) Act 2019,2019,13,"Health, Disability and Ageing","Department of Health, Disability and Ageing",2019-03-12,C2019A00013,2019-03-14T10:48:53.2930000,https://www.legislation.gov.au/C2019A00013/latest
C2019A00012,Industrial Chemicals Act 2019,2019,12,"Health, Disability and Ageing","Department of Health, Disability and Ageing",2024-10-14,C2024C00495,2024-10-14T10:39:42.7795366,https://www.legislation.gov.au/C2019A00012/latest
C2019A00018,Industrial Chemicals Charges (Customs) Act 2019,2019,18,"Health, Disability and Ageing","Department of Health, Disability and Ageing",2019-04-03,C2019A00018,2019-04-04T15:27:28.4300000,https://www.legislation.gov.au/C2019A00018/latest
C2019A00019,Industrial Chemicals Charges (Excise) Act 2019,2019,19,"Health, Disability and Ageing","Department of Health, Disability and Ageing",2019-04-03,C2019A00019,2019-04-05T08:52:05.2200000,https://www.legislation.gov.au/C2019A00019/latest
C2019A00020,Industrial Chemicals Charges (General) Act 2019,2019,20,"Health, Disability and Ageing","Department of Health, Disability and Ageing",2019-04-03,C2019A00020,2019-04-05T08:54:55.1070000,https://www.legislation.gov.au/C2019A00020/latest
C2021A00027,Industrial Chemicals Environmental Management (Register) Act 2021,2021,27,"Climate Change, Energy, the Environment and Water","Department of Climate Change, Energy, the Environment and Water",2024-10-14,C2024C00527,2024-10-14T13:18:49.4704148,https://www.legislation.gov.au/C2021A00027/latest
C2021A00028,Industrial Chemicals Environmental Management (Register) Charge (Customs) Act 2021,2021,28,"Climate Change, Energy, the Environment and Water","Department of Climate Change, Energy, the Environment and Water",2021-03-26,C2021A00028,2021-03-30T14:43:51.0270000,https://www.legislation.gov.au/C2021A00028/latest
C2021A00029,Industrial Chemicals Environmental Management (Register) Charge (Excise) Act 2021,2021,29,"Climate Change, Energy, the Environment and Water","Department of Climate Change, Energy, the Environment and Water",2021-03-26,C2021A00029,2021-03-31T09:08:14.0970000,https://www.legislation.gov.au/C2021A00029/latest
C2021A00030,Industrial Chemicals Environmental Management (Register) Charge (General) Act 2021,2021,30,"Climate Change, Energy, the Environment and Water","Department of Climate Change, Energy, the Environment and Water",2021-03-26,C2021A00030,2021-03-31T09:08:58.2830000,https://www.legislation.gov.au/C2021A00030/latest
C2004A03680,Industrial Relations (Consequential Provisions) Act 1988,1988,87,Employment and Workplace Relations,Department of Employment and Workplace Relations,1998-08-31,C2004C00497,2013-02-07T11:05:47.6330000,https://www.legislation.gov.au/C2004A03680/latest
C2004A03330,Industry Research and Development Act 1986,1986,89,"Industry, Science and Resources","Department of Industry, Science and Resources",2025-02-21,C2025C00119,2025-02-25T09:30:34.6141248,https://www.legislation.gov.au/C2004A03330/latest
C2008A00017,Infrastructure Australia Act 2008,2008,17,"Infrastructure, Transport, Regional Development, Communications, Sport and the Arts","Department of Infrastructure, Transport, Regional Development, Communications, Sport and the Arts",2024-04-15,C2024C00152,2024-05-01T17:00:13.0140410,https://www.legislation.gov.au/C2008A00017/latest
C2016A00011,Insolvency Law Reform Act 2016,2016,11,Treasury,Department of the Treasury,2016-02-29,C2016A00011,2016-03-02T13:57:25.1970000,https://www.legislation.gov.au/C2016A00011/latest
C2006A00149,Inspector of Transport Security Act 2006,2006,149,Home Affairs,Department of Home Affairs,2024-10-14,C2024C00566,2024-10-14T11:43:40.7024229,https://www.legislation.gov.au/C2006A00149/latest
C2023A00056,Inspector-General of Aged Care (Consequential and Transitional Provisions) Act 2023,2023,56,"Health, Disability and Ageing","Department of Health, Disability and Ageing",2023-08-17,C2023A00056,2023-08-18T10:31:07.9370000,https://www.legislation.gov.au/C2023A00056/latest
C2023A00055,Inspector-General of Aged Care Act 2023,2023,55,"Health, Disability and Ageing","Department of Health, Disability and Ageing",2025-11-01,C2025C00582,2025-11-01T09:44:58.2869558,https://www.legislation.gov.au/C2023A00055/latest
C2019A00081,Inspector-General of Animal Welfare and Live Animal Exports Act 2019,2019,81,"Agriculture, Fisheries and Forestry","Department of Agriculture, Fisheries and Forestry",2023-12-05,C2023C00465,2023-12-12T08:16:23.9370000,https://www.legislation.gov.au/C2019A00081/latest
C2004A03342,Inspector-General of Intelligence and Security Act 1986,1986,101,Attorney-General's,Attorney-General's Department,2026-03-28,C2026C00139,2026-04-14T11:22:23.6772495,https://www.legislation.gov.au/C2004A03342/latest
C2023A00073,Inspector-General of Intelligence and Security and Other Legislation Amendment (Modernisation) Act 2023,2023,73,Attorney-General's,Attorney-General's Department,2023-09-20,C2023A00073,2023-09-22T12:33:38.0370000,https://www.legislation.gov.au/C2023A00073/latest
C2004A01106,Inspector-General of Taxation Act 2003,2003,28,Treasury,Department of the Treasury,2025-12-05,C2025C00678,2025-12-19T10:32:31.4598146,https://www.legislation.gov.au/C2004A01106/latest
C2004A04297,Insurance Acquisitions and Takeovers Act 1991,1992,6,Treasury,Department of the Treasury,2025-02-21,C2025C00115,2025-02-24T14:17:24.2070065,https://www.legislation.gov.au/C2004A04297/latest
C1973A00076,Insurance Act 1973,1973,76,Treasury,Department of the Treasury,2025-02-21,C2025C00157,2025-02-27T16:20:03.7109473,https://www.legislation.gov.au/C1973A00076/latest
C2004A02944,Insurance Contracts Act 1984,1984,80,Treasury,Department of the Treasury,2024-03-01,C2024C00063,2024-03-01T14:30:45.7400184,https://www.legislation.gov.au/C2004A02944/latest
C2004A00928,Intelligence Services Act 2001,2001,152,Defence,Department of Defence,2026-01-22,C2026C00072,2026-01-27T10:44:12.4575983,https://www.legislation.gov.au/C2004A00928/latest
C2004A00851,Interactive Gambling Act 2001,2001,84,"Infrastructure, Transport, Regional Development, Communications, Sport and the Arts","Department of Infrastructure, Transport, Regional Development, Communications, Sport and the Arts",2024-10-14,C2024C00646,2024-10-14T15:09:38.6737617,https://www.legislation.gov.au/C2004A00851/latest
C2004A04394,International Air Services Commission Act 1992,1992,103,"Infrastructure, Transport, Regional Development, Communications, Sport and the Arts","Department of Infrastructure, Transport, Regional Development, Communications, Sport and the Arts",2024-03-20,C2024C00091,2024-03-26T08:09:29.0053404,https://www.legislation.gov.au/C2004A04394/latest
C2004A00192,International Arbitration Act 1974,1974,136,Attorney-General's,Attorney-General's Department,2022-02-18,C2022C00086,2022-03-02T15:40:31.0670000,https://www.legislation.gov.au/C2004A00192/latest
C2004A03616,International Bank for Reconstruction and Development (Share Increase) Act 1988,1988,23,Treasury,Department of the Treasury,2024-07-10,C2024C00321,2024-07-25T13:58:06.5330300,https://www.legislation.gov.au/C2004A03616/latest
C2004A00992,International Criminal Court Act 2002,2002,41,Attorney-General's,Attorney-General's Department,2021-07-24,C2021C00313,2021-08-19T12:49:21.6230000,https://www.legislation.gov.au/C2004A00992/latest
C1960A00021,International Development Association Act 1960,1960,21,Foreign Affairs and Trade,Department of Foreign Affairs and Trade,1969-03-01,C2004C00518,2005-01-01T00:00:00,https://www.legislation.gov.au/C1960A00021/latest
C1955A00066,International Finance Corporation Act 1955,1955,66,Treasury,Department of the Treasury,2026-04-09,C2026C00172,2026-04-28T15:20:26.2672387,https://www.legislation.gov.au/C1955A00066/latest
C2004A01728,International Fund for Agricultural Development Act 1977,1977,90,Foreign Affairs and Trade,Department of Foreign Affairs and Trade,1977-09-08,C2004A01728,2005-01-01T00:00:00,https://www.legislation.gov.au/C2004A01728/latest
C2013A00091,International Interests in Mobile Equipment (Cape Town Convention) Act 2013,2013,91,"Infrastructure, Transport, Regional Development, Communications, Sport and the Arts","Department of Infrastructure, Transport, Regional Development, Communications, Sport and the Arts",2013-06-28,C2013A00091,2013-07-10T11:44:47.2800000,https://www.legislation.gov.au/C2013A00091/latest
C2004A04511,International Labour Organisation (Compliance with Conventions) Act 1992,1992,220,Employment and Workplace Relations,Department of Employment and Workplace Relations,2016-11-17,C2016C01096,2016-11-17T09:51:54.0470000,https://www.legislation.gov.au/C2004A04511/latest
C1947A00091,International Labour Organisation Act 1947,1947,91,Employment and Workplace Relations,Department of Employment and Workplace Relations,1947-12-11,C1947A00091,2013-01-23T14:50:31.7300000,https://www.legislation.gov.au/C1947A00091/latest
C2004A00019,International Labour Organisation Act 1973,1973,62,Employment and Workplace Relations,Department of Employment and Workplace Relations,1973-06-18,C2004A00019,2005-01-01T00:00:00,https://www.legislation.gov.au/C2004A00019/latest
C2004A02352,International Monetary Agreements (Quota Increase) Act 1980,1980,151,Treasury,Department of the Treasury,2024-07-10,C2024C00327,2024-07-26T13:46:10.2879596,https://www.legislation.gov.au/C2004A02352/latest
C1947A00005,International Monetary Agreements Act 1947,1947,5,Treasury,Department of the Treasury,2026-04-09,C2026C00173,2026-04-29T18:34:11.9943995,https://www.legislation.gov.au/C1947A00005/latest
C1960A00014,International Monetary Agreements Act 1960,1960,14,Treasury,Department of the Treasury,2026-04-09,C2026C00178,2026-05-04T16:13:00.8523301,https://www.legislation.gov.au/C1960A00014/latest
C1963A00050,International Organisations (Privileges and Immunities) Act 1963,1963,50,Foreign Affairs and Trade,Department of Foreign Affairs and Trade,2023-09-20,C2023C00265,2023-09-30T14:58:39.5470000,https://www.legislation.gov.au/C1963A00050/latest
C1953A00082,International Tax Agreements Act 1953,1953,82,Treasury,Department of the Treasury,2026-03-27,C2026C00124,2026-04-08T09:44:37.3207874,https://www.legislation.gov.au/C1953A00082/latest
C2004A05172,International Transfer of Prisoners Act 1997,1997,75,Attorney-General's,Attorney-General's Department,2023-09-14,C2023C00237,2023-09-18T17:10:34.2170000,https://www.legislation.gov.au/C2004A05172/latest
C2004A04874,International War Crimes Tribunals Act 1995,1995,18,Attorney-General's,Attorney-General's Department,2026-03-28,C2026C00136,2026-04-13T12:27:39.8177952,https://www.legislation.gov.au/C2004A04874/latest
C2004A01379,James Hardie (Investigations and Proceedings) Act 2004,2004,144,Treasury,Department of the Treasury,2015-10-14,C2015C00555,2015-11-03T12:15:06.0400000,https://www.legislation.gov.au/C2004A01379/latest
C1915A00019,Jervis Bay Territory Acceptance Act 1915,1915,19,"Infrastructure, Transport, Regional Development, Communications, Sport and the Arts","Department of Infrastructure, Transport, Regional Development, Communications, Sport and the Arts",2023-08-22,C2023C00223,2023-09-06T13:41:08.4130000,https://www.legislation.gov.au/C1915A00019/latest
C2022A00051,Jobs and Skills Australia Act 2022,2022,51,Employment and Workplace Relations,Department of Employment and Workplace Relations,2023-08-18,C2023C00214,2023-08-29T11:40:09.0300000,https://www.legislation.gov.au/C2022A00051/latest
C2004A02100,Judges (Long Leave Payments) Act 1979,1979,90,Attorney-General's,Attorney-General's Department,2021-09-01,C2021C00494,2021-11-06T15:01:57.2830000,https://www.legislation.gov.au/C2004A02100/latest
C1968A00151,Judges' Pensions Act 1968,1968,151,Finance,Department of Finance,2026-04-01,C2026C00118,2026-04-01T16:14:09.4443491,https://www.legislation.gov.au/C1968A00151/latest
C2012A00188,Judicial Misbehaviour and Incapacity (Parliamentary Commissions) Act 2012,2012,188,Attorney-General's,Attorney-General's Department,2026-03-28,C2026C00121,2026-04-07T12:59:01.0496059,https://www.legislation.gov.au/C2012A00188/latest
C2004A02968,Judicial and Statutory Officers (Remuneration and Allowances) Act 1984,1984,104,Prime Minister and Cabinet,Department of the Prime Minister and Cabinet,2021-09-01,C2021C00464,2021-10-29T10:44:04.7930000,https://www.legislation.gov.au/C2004A02968/latest
C1903A00006,Judiciary Act 1903,1903,6,Attorney-General's,Attorney-General's Department,2024-12-11,C2024C00864,2024-12-24T11:09:23.6326247,https://www.legislation.gov.au/C1903A00006/latest
C2004A03433,Jurisdiction of Courts (Cross-vesting) Act 1987,1987,24,Attorney-General's,Attorney-General's Department,2023-02-06,C2023C00038,2023-02-06T10:16:20.1070000,https://www.legislation.gov.au/C2004A03433/latest
C2004A00754,Jurisdiction of Courts (Miscellaneous Amendments) Act 2000,2000,161,Attorney-General's,Attorney-General's Department,2000-12-21,C2004A00754,2005-01-01T00:00:00,https://www.legislation.gov.au/C2004A00754/latest
C1965A00013,Jury Exemption Act 1965,1965,13,Attorney-General's,Attorney-General's Department,2013-01-01,C2013C00074,2013-02-01T15:55:14.3600000,https://www.legislation.gov.au/C1965A00013/latest
C2004A00795,Lake Eyre Basin Intergovernmental Agreement Act 2001,2001,36,"Climate Change, Energy, the Environment and Water","Department of Climate Change, Energy, the Environment and Water",2000-10-21,C2004A00795,2005-01-01T00:00:00,https://www.legislation.gov.au/C2004A00795/latest
C2004A02482,Lands Acquisition (Northern Territory Pastoral Leases) Act 1981,1981,105,Finance,Department of Finance,2023-10-18,C2023C00378,2023-10-30T11:47:29.9330000,https://www.legislation.gov.au/C2004A02482/latest
C2004A03763,Lands Acquisition Act 1989,1989,15,Finance,Department of Finance,2024-10-14,C2024C00450,2024-10-14T11:08:40.1856083,https://www.legislation.gov.au/C2004A03763/latest
C2004A01660,Law Courts (Sydney) Act 1977,1977,22,Attorney-General's,Attorney-General's Department,1977-04-14,C2004A01660,2005-01-01T00:00:00,https://www.legislation.gov.au/C2004A01660/latest
C2006A00084,Law Enforcement (AFP Professional Standards and Related Measures) Act 2006,2006,84,Attorney-General's,Attorney-General's Department,2006-06-30,C2006A00084,2006-07-06T08:14:30,https://www.legislation.gov.au/C2006A00084/latest
C2006A00086,Law Enforcement Integrity Commissioner (Consequential Amendments) Act 2006,2006,86,Attorney-General's,Attorney-General's Department,2006-06-13,C2006A00086,2006-07-06T08:26:22,https://www.legislation.gov.au/C2006A00086/latest
C1964A00091,Law Officers Act 1964,1964,91,Attorney-General's,Attorney-General's Department,2024-10-14,C2024C00533,2024-10-14T13:25:48.8264908,https://www.legislation.gov.au/C1964A00091/latest
C2004A01224,Legislation Act 2003,2003,139,Attorney-General's,Attorney-General's Department,2019-02-24,C2019C00084,2019-02-25T07:40:07.2530000,https://www.legislation.gov.au/C2004A01224/latest
C2004A04860,Life Insurance Act 1995,1995,4,Treasury,Department of the Treasury,2025-02-21,C2025C00135,2025-02-25T17:27:01.9326475,https://www.legislation.gov.au/C2004A04860/latest
C2004A00317,Life Insurance Supervisory Levy Imposition Act 1998,1998,57,Treasury,Department of the Treasury,2020-06-20,C2020C00186,2020-06-29T17:17:30.0470000,https://www.legislation.gov.au/C2004A00317/latest
C2004A03899,Limitation of Liability for Maritime Claims Act 1989,1989,151,"Infrastructure, Transport, Regional Development, Communications, Sport and the Arts","Department of Infrastructure, Transport, Regional Development, Communications, Sport and the Arts",2015-06-08,C2015C00250,2015-06-09T08:08:05.7470000,https://www.legislation.gov.au/C2004A03899/latest
C2004A02869,Liquid Fuel Emergency Act 1984,1984,5,"Climate Change, Energy, the Environment and Water","Department of Climate Change, Energy, the Environment and Water",2025-12-05,C2025C00687,2025-12-22T11:40:21.3176143,https://www.legislation.gov.au/C2004A02869/latest
C1953A00021,Loan (Temporary Revenue Deficits) Act 1953,1953,21,Treasury,Department of the Treasury,2005-02-22,C2005C00101,2005-03-01T17:03:35,https://www.legislation.gov.au/C1953A00021/latest
C1970A00040,Loan (War Service Land Settlement) Act 1970,1970,40,Finance,Department of Finance,1970-06-24,C1970A00040,2013-01-23T15:55:11.3230000,https://www.legislation.gov.au/C1970A00040/latest
C1971A00121,Loan (War Service Land Settlement) Act 1971,1971,121,Finance,Department of Finance,1971-12-13,C1971A00121,2013-01-23T15:55:14.6370000,https://www.legislation.gov.au/C1971A00121/latest
C1972A00091,Loan (War Service Land Settlement) Act 1972,1972,91,Finance,Department of Finance,1972-10-18,C1972A00091,2013-01-23T15:55:16.8100000,https://www.legislation.gov.au/C1972A00091/latest
C2004A00284,Loan (War Service Land Settlement) Act 1975,1975,62,Finance,Department of Finance,1975-06-19,C2004A00284,2005-01-01T00:00:00,https://www.legislation.gov.au/C2004A00284/latest
C2004A01678,Loan (War Service Land Settlement) Act 1977,1977,40,Finance,Department of Finance,1977-06-07,C2004A01678,2005-01-01T00:00:00,https://www.legislation.gov.au/C2004A01678/latest
C2004A02206,Loan (War Service Land Settlement) Act 1980,1980,5,Finance,Department of Finance,1980-03-24,C2004A02206,2005-01-01T00:00:00,https://www.legislation.gov.au/C2004A02206/latest
C2004A01438,Loan Act (No. 2) 1976,1976,7,Finance,Department of Finance,1976-03-23,C2004A01438,2005-01-01T00:00:00,https://www.legislation.gov.au/C2004A01438/latest
C2004A04217,Loan Act (No. 2) 1991,1991,142,Finance,Department of Finance,1991-10-21,C2004A04217,2005-01-01T00:00:00,https://www.legislation.gov.au/C2004A04217/latest
C2004A01521,Loan Act (No. 3) 1976,1976,90,Finance,Department of Finance,1976-09-20,C2004A01521,2005-01-01T00:00:00,https://www.legislation.gov.au/C2004A01521/latest
C2004A00023,Loan Act 1973,1973,19,Finance,Department of Finance,1973-04-18,C2004A00023,2005-01-01T00:00:00,https://www.legislation.gov.au/C2004A00023/latest
C2004A00200,Loan Act 1974,1974,144,Finance,Department of Finance,1974-12-13,C2004A00200,2005-01-01T00:00:00,https://www.legislation.gov.au/C2004A00200/latest
C2004A01437,Loan Act 1976,1976,6,Finance,Department of Finance,1976-03-23,C2004A01437,2005-01-01T00:00:00,https://www.legislation.gov.au/C2004A01437/latest
C2004A01905,Loan Act 1978,1978,106,Finance,Department of Finance,1978-08-30,C2004A01905,2005-01-01T00:00:00,https://www.legislation.gov.au/C2004A01905/latest
C2004A02107,Loan Act 1979,1979,97,Finance,Department of Finance,1979-10-17,C2004A02107,2005-01-01T00:00:00,https://www.legislation.gov.au/C2004A02107/latest
C2004A02321,Loan Act 1980,1980,120,Finance,Department of Finance,1980-09-13,C2004A02321,2005-01-01T00:00:00,https://www.legislation.gov.au/C2004A02321/latest
C2004A03502,Loan Act 1987,1987,93,Finance,Department of Finance,1987-10-28,C2004A03502,2005-01-01T00:00:00,https://www.legislation.gov.au/C2004A03502/latest
C2004A04113,Loan Act 1991,1991,38,Finance,Department of Finance,1991-03-27,C2004A04113,2005-01-01T00:00:00,https://www.legislation.gov.au/C2004A04113/latest
C2004A01959,Loans (Taxation Exemption) Act 1978,1978,160,Treasury,Department of the Treasury,1978-11-28,C2004A01959,2005-01-01T00:00:00,https://www.legislation.gov.au/C2004A01959/latest
C1921A00018,Loans Redemption and Conversion Act 1921,1921,18,Treasury,Department of the Treasury,1950-12-31,C2004C00547,2005-01-01T00:00:00,https://www.legislation.gov.au/C1921A00018/latest
C1919A00025,Loans Securities Act 1919,1919,25,Finance,Department of Finance,2014-07-01,C2014C00610,2014-08-18T14:42:06.5730000,https://www.legislation.gov.au/C1919A00025/latest
C2004A04936,Local Government (Financial Assistance) Act 1995,1995,86,"Infrastructure, Transport, Regional Development, Communications, Sport and the Arts","Department of Infrastructure, Transport, Regional Development, Communications, Sport and the Arts",2016-03-10,C2016C00566,2016-06-06T12:42:50.2270000,https://www.legislation.gov.au/C2004A04936/latest
C2004A01621,Long Service Leave (Commonwealth Employees) Act 1976,1976,192,Prime Minister and Cabinet,Department of the Prime Minister and Cabinet,2023-10-18,C2023C00339,2023-10-21T11:18:54.5230000,https://www.legislation.gov.au/C2004A01621/latest
C2013A00001,Low Aromatic Fuel Act 2013,2013,1,Prime Minister and Cabinet,Department of the Prime Minister and Cabinet,2016-03-05,C2016C00163,2016-03-07T14:35:29.5330000,https://www.legislation.gov.au/C2013A00001/latest
C1966A00059,Maintenance Orders (Commonwealth Officers) Act 1966,1966,59,Attorney-General's,Attorney-General's Department,2017-12-09,C2017C00398,2017-12-09T09:50:44.9000000,https://www.legislation.gov.au/C1966A00059/latest
C2017A00063,Major Bank Levy Act 2017,2017,63,Treasury,Department of the Treasury,2017-06-23,C2017A00063,2017-06-26T16:09:00.9200000,https://www.legislation.gov.au/C2017A00063/latest
C2014A00029,Major Sporting Events (Indicia and Images) Protection Act 2014,2014,29,"Infrastructure, Transport, Regional Development, Communications, Sport and the Arts","Department of Infrastructure, Transport, Regional Development, Communications, Sport and the Arts",2024-10-14,C2024C00655,2024-10-15T08:46:13.4812695,https://www.legislation.gov.au/C2014A00029/latest
C1909A00011,Marine Insurance Act 1909,1909,11,Attorney-General's,Attorney-General's Department,2008-07-04,C2008C00419,2008-07-25T12:13:09,https://www.legislation.gov.au/C1909A00011/latest
C2004A04115,Marine Navigation (Regulatory Functions) Levy Act 1991,1991,40,"Infrastructure, Transport, Regional Development, Communications, Sport and the Arts","Department of Infrastructure, Transport, Regional Development, Communications, Sport and the Arts",2018-06-19,C2018C00239,2018-06-20T15:12:44.2430000,https://www.legislation.gov.au/C2004A04115/latest
C2004A04116,Marine Navigation (Regulatory Functions) Levy Collection Act 1991,1991,41,"Infrastructure, Transport, Regional Development, Communications, Sport and the Arts","Department of Infrastructure, Transport, Regional Development, Communications, Sport and the Arts",2016-07-01,C2016C00854,2016-07-20T13:51:49.5400000,https://www.legislation.gov.au/C2004A04116/latest
C2004A03909,Marine Navigation Levy Act 1989,1989,161,"Infrastructure, Transport, Regional Development, Communications, Sport and the Arts","Department of Infrastructure, Transport, Regional Development, Communications, Sport and the Arts",2018-06-19,C2018C00231,2018-06-19T17:00:37.1730000,https://www.legislation.gov.au/C2004A03909/latest
C2004A03910,Marine Navigation Levy Collection Act 1989,1989,162,"Infrastructure, Transport, Regional Development, Communications, Sport and the Arts","Department of Infrastructure, Transport, Regional Development, Communications, Sport and the Arts",2016-07-01,C2016C00856,2016-07-20T15:03:00.7900000,https://www.legislation.gov.au/C2004A03910/latest
C2012A00122,Marine Safety (Domestic Commercial Vessel) National Law (Consequential Amendments) Act 2012,2012,122,"Infrastructure, Transport, Regional Development, Communications, Sport and the Arts","Department of Infrastructure, Transport, Regional Development, Communications, Sport and the Arts",2012-09-12,C2012A00122,2012-09-18T16:21:57.1600000,https://www.legislation.gov.au/C2012A00122/latest
C2012A00121,Marine Safety (Domestic Commercial Vessel) National Law Act 2012,2012,121,"Infrastructure, Transport, Regional Development, Communications, Sport and the Arts","Department of Infrastructure, Transport, Regional Development, Communications, Sport and the Arts",2024-10-14,C2024C00559,2024-10-14T15:44:22.5617515,https://www.legislation.gov.au/C2012A00121/latest
C2007A00150,Maritime Legislation Amendment Act 2007,2007,150,"Infrastructure, Transport, Regional Development, Communications, Sport and the Arts","Department of Infrastructure, Transport, Regional Development, Communications, Sport and the Arts",2013-07-01,C2013C00356,2013-07-12T13:22:44.7270000,https://www.legislation.gov.au/C2007A00150/latest
C2013A00016,Maritime Powers (Consequential Amendments) Act 2013,2013,16,Home Affairs,Department of Home Affairs,2013-03-27,C2013A00016,2013-04-03T15:29:03.4570000,https://www.legislation.gov.au/C2013A00016/latest
C2013A00015,Maritime Powers Act 2013,2013,15,Home Affairs,Department of Home Affairs,2025-11-08,C2025C00632,2025-11-18T14:59:31.9960927,https://www.legislation.gov.au/C2013A00015/latest
C2004A01216,Maritime Transport and Offshore Facilities Security Act 2003,2003,131,Home Affairs,Department of Home Affairs,2026-03-27,C2026C00106,2026-03-28T10:17:15.1755699,https://www.legislation.gov.au/C2004A01216/latest
C2014A00024,Marriage (Celebrant Registration Charge) Act 2014,2014,24,Attorney-General's,Attorney-General's Department,2014-04-09,C2014A00024,2014-04-11T11:50:27.0870000,https://www.legislation.gov.au/C2014A00024/latest
C1961A00012,Marriage Act 1961,1961,12,Attorney-General's,Attorney-General's Department,2026-03-28,C2026C00129,2026-04-09T15:20:31.5122701,https://www.legislation.gov.au/C1961A00012/latest
C2004A00024,Maternity Leave (Commonwealth Employees) Act 1973,1973,72,Prime Minister and Cabinet,Department of the Prime Minister and Cabinet,2021-09-01,C2021C00525,2021-11-10T15:39:40.4700000,https://www.legislation.gov.au/C2004A00024/latest
C2006A00160,Medibank Private Sale Act 2006,2006,160,Finance,Department of Finance,2023-10-20,C2023C00427,2023-11-14T08:58:52.0930000,https://www.legislation.gov.au/C2006A00160/latest
C2004A01121,Medical Indemnity (Prudential Supervision and Product Standards) Act 2003,2003,37,"Health, Disability and Ageing","Department of Health, Disability and Ageing",2023-10-20,C2023C00421,2023-11-11T10:49:27.8900000,https://www.legislation.gov.au/C2004A01121/latest
C2004A01309,Medical Indemnity (Run-off Cover Support Payment) Act 2004,2004,76,"Health, Disability and Ageing","Department of Health, Disability and Ageing",2020-07-01,C2020C00231,2020-07-29T10:58:45.0330000,https://www.legislation.gov.au/C2004A01309/latest
C2004A01069,Medical Indemnity Act 2002,2002,132,"Health, Disability and Ageing","Department of Health, Disability and Ageing",2024-10-14,C2024C00534,2024-10-14T13:27:33.7243241,https://www.legislation.gov.au/C2004A01069/latest
C2004A01048,Medical Indemnity Agreement (Financial Assistance—Binding Commonwealth Obligations) Act 2002,2002,111,"Health, Disability and Ageing","Department of Health, Disability and Ageing",2002-12-02,C2004A01048,2005-01-01T00:00:00,https://www.legislation.gov.au/C2004A01048/latest
C2015A00116,Medical Research Future Fund Act 2015,2015,116,Finance,Department of Finance,2024-07-06,C2024C00314,2024-07-24T16:22:07.4436109,https://www.legislation.gov.au/C2015A00116/latest
C2017A00071,Medicare Guarantee Act 2017,2017,71,"Health, Disability and Ageing","Department of Health, Disability and Ageing",2017-06-26,C2017A00071,2017-06-27T14:17:46.4500000,https://www.legislation.gov.au/C2017A00071/latest
C2004A03351,Medicare Levy Act 1986,1986,110,Treasury,Department of the Treasury,2025-03-28,C2025C00323,2025-04-16T13:59:59.6421172,https://www.legislation.gov.au/C2004A03351/latest
C2004A02928,Members of Parliament (Staff) Act 1984,1984,64,Finance,Department of Finance,2026-03-14,C2026C00093,2026-03-20T09:15:33.1856446,https://www.legislation.gov.au/C2004A02928/latest
C1955A00006,Meteorology Act 1955,1955,6,"Climate Change, Energy, the Environment and Water","Department of Climate Change, Energy, the Environment and Water",2014-09-11,C2014C00652,2014-09-18T13:27:46.6830000,https://www.legislation.gov.au/C1955A00006/latest
C2010A00030,Midwife Professional Indemnity (Commonwealth Contribution) Scheme Act 2010,2010,30,"Health, Disability and Ageing","Department of Health, Disability and Ageing",2025-07-01,C2025C00408,2025-07-01T11:04:19.1298445,https://www.legislation.gov.au/C2010A00030/latest
C2010A00031,Midwife Professional Indemnity (Run-off Cover Support Payment) Act 2010,2010,31,"Health, Disability and Ageing","Department of Health, Disability and Ageing",2011-06-27,C2011C00495,2011-07-05T12:02:53.7600000,https://www.legislation.gov.au/C2010A00031/latest
C2018A00039,Migration (Skilling Australians Fund) Charges Act 2018,2018,39,Home Affairs,Department of Home Affairs,2018-05-22,C2018A00039,2018-05-23T17:21:43.2430000,https://www.legislation.gov.au/C2018A00039/latest
C2007A00110,Migration (Sponsorship Fees) Act 2007,2007,110,Home Affairs,Department of Home Affairs,2007-06-28,C2007A00110,2007-07-03T17:04:34,https://www.legislation.gov.au/C2007A00110/latest
C2004A05125,Migration (Visa Application) Charge Act 1997,1997,26,Home Affairs,Department of Home Affairs,2015-12-10,C2016C00080,2016-01-28T16:09:58.4930000,https://www.legislation.gov.au/C2004A05125/latest
C2023A00085,Migration (Visa Pre-application Process) Charge Act 2023,2023,85,Home Affairs,Department of Home Affairs,2023-10-26,C2023A00085,2023-10-27T16:17:30.3930000,https://www.legislation.gov.au/C2023A00085/latest
C1958A00062,Migration Act 1958,1958,62,Home Affairs,Department of Home Affairs,2026-03-14,C2026C00090,2026-03-18T09:28:54.9679659,https://www.legislation.gov.au/C1958A00062/latest
C2004A05292,Migration Agents Registration Application Charge Act 1997,1997,203,,,2020-10-15,C2020C00326,2020-10-22T12:18:40.3870000,https://www.legislation.gov.au/C2004A05292/latest
C2009A00092,Military Justice (Interim Measures) Act (No. 2) 2009,2009,92,Defence,Department of Defence,2009-09-22,C2009A00092,2009-09-24T09:09:48,https://www.legislation.gov.au/C2009A00092/latest
C2008A00080,Military Memorials of National Significance Act 2008,2008,80,Veterans' Affairs,Department of Veterans' Affairs,2008-07-12,C2008A00080,2008-07-23T16:03:01,https://www.legislation.gov.au/C2008A00080/latest
C2004A01286,Military Rehabilitation and Compensation (Consequential and Transitional Provisions) Act 2004,2004,52,Veterans' Affairs,Department of Veterans' Affairs,2025-12-05,C2025C00676,2025-12-18T15:16:27.0110177,https://www.legislation.gov.au/C2004A01286/latest
C2004A01285,Military Rehabilitation and Compensation Act 2004,2004,51,Defence,Department of Defence,2025-12-05,C2025C00663,2025-12-15T16:00:32.2930579,https://www.legislation.gov.au/C2004A01285/latest
C2004A04210,Military Superannuation and Benefits Act 1991,1991,135,Defence,Department of Defence,2022-09-28,C2022C00261,2022-09-29T13:20:07.4930000,https://www.legislation.gov.au/C2004A04210/latest
C2012A00014,Minerals Resource Rent Tax (Consequential Amendments and Transitional Provisions) Act 2012,2012,14,Treasury,Department of the Treasury,2014-09-30,C2014C00671,2014-10-07T17:04:26.0270000,https://www.legislation.gov.au/C2012A00014/latest
C2014A00096,Minerals Resource Rent Tax Repeal and Other Measures Act 2014,2014,96,Treasury,Department of the Treasury,2017-07-02,C2017C00211,2017-07-06T15:25:40.4600000,https://www.legislation.gov.au/C2014A00096/latest
C1952A00001,Ministers of State Act 1952,1952,1,Prime Minister and Cabinet,Department of the Prime Minister and Cabinet,2023-11-29,C2023C00452,2023-12-04T12:59:11.2800000,https://www.legislation.gov.au/C1952A00001/latest
C2018A00153,Modern Slavery Act 2018,2018,153,Attorney-General's,Attorney-General's Department,2024-11-07,C2024C00747,2024-11-08T14:05:10.9897991,https://www.legislation.gov.au/C2018A00153/latest
C2004A04746,Moomba-Sydney Pipeline System Sale Act 1994,1994,70,Finance,Department of Finance,2018-03-30,C2018C00106,2018-04-10T12:17:46.6970000,https://www.legislation.gov.au/C2004A04746/latest
C2004A05219,Multilateral Investment Guarantee Agency Act 1997,1997,126,Treasury,Department of the Treasury,2026-04-09,C2026C00174,2026-04-30T11:27:41.6307391,https://www.legislation.gov.au/C2004A05219/latest
C2004A04316,Mutual Assistance in Business Regulation Act 1992,1992,25,Treasury,Department of the Treasury,2019-07-01,C2019C00210,2019-07-09T17:36:14.3400000,https://www.legislation.gov.au/C2004A04316/latest
C2004A03494,Mutual Assistance in Criminal Matters Act 1987,1987,85,Attorney-General's,Attorney-General's Department,2026-03-28,C2026C00147,2026-04-17T16:48:31.3235553,https://www.legislation.gov.au/C2004A03494/latest
C2004A04489,Mutual Recognition Act 1992,1992,198,"Industry, Science and Resources","Department of Industry, Science and Resources",2025-05-01,C2025C00388,2025-06-19T09:42:57.4645454,https://www.legislation.gov.au/C2004A04489/latest
C2012A00063,My Health Records Act 2012,2012,63,"Health, Disability and Ageing","Department of Health, Disability and Ageing",2025-12-05,C2025C00662,2025-12-15T11:44:22.2669142,https://www.legislation.gov.au/C2012A00063/latest
C2016A00075,Narcotic Drugs (Licence Charges) Act 2016,2016,75,"Health, Disability and Ageing","Department of Health, Disability and Ageing",2022-12-01,C2022C00329,2022-12-06T09:58:06.4200000,https://www.legislation.gov.au/C2016A00075/latest
C1967A00053,Narcotic Drugs Act 1967,1967,53,"Health, Disability and Ageing","Department of Health, Disability and Ageing",2024-10-14,C2024C00536,2024-10-14T13:30:14.7203093,https://www.legislation.gov.au/C1967A00053/latest
C2008A00155,Nation-building Funds (Consequential Amendments) Act 2008,2008,155,Finance,Department of Finance,2008-12-18,C2008A00155,2008-12-22T08:57:43,https://www.legislation.gov.au/C2008A00155/latest
C2022A00089,National Anti-Corruption Commission (Consequential and Transitional Provisions) Act 2022,2022,89,Attorney-General's,Attorney-General's Department,2023-07-01,C2023C00174,2023-07-17T09:40:40.9270000,https://www.legislation.gov.au/C2022A00089/latest
C2022A00088,National Anti-Corruption Commission Act 2022,2022,88,Attorney-General's,Attorney-General's Department,2026-03-28,C2026C00144,2026-04-15T16:25:19.4901087,https://www.legislation.gov.au/C2022A00088/latest
C2004A01114,National Blood Authority Act 2003,2003,29,"Health, Disability and Ageing","Department of Health, Disability and Ageing",2016-07-01,C2016C00846,2016-07-19T14:46:34.0470000,https://www.legislation.gov.au/C2004A01114/latest
C2011A00022,National Broadband Network Companies Act 2011,2011,22,"Infrastructure, Transport, Regional Development, Communications, Sport and the Arts","Department of Infrastructure, Transport, Regional Development, Communications, Sport and the Arts",2025-12-05,C2025C00661,2025-12-15T10:53:41.2664384,https://www.legislation.gov.au/C2011A00022/latest
C2016A00066,National Cancer Screening Register (Consequential and Transitional Provisions) Act 2016,2016,66,"Health, Disability and Ageing","Department of Health, Disability and Ageing",2016-10-20,C2016A00066,2016-10-24T10:32:23.3400000,https://www.legislation.gov.au/C2016A00066/latest
C2016A00065,National Cancer Screening Register Act 2016,2016,65,"Health, Disability and Ageing","Department of Health, Disability and Ageing",2024-05-31,C2024C00188,2024-06-03T12:25:52.6300000,https://www.legislation.gov.au/C2016A00065/latest
C2026A00015,National Commission for Aboriginal and Torres Strait Islander Children and Young People (Transitional Provisions) Act 2026,2026,15,Social Services,Department of Social Services,2026-03-26,C2026A00015,2026-03-31T11:55:14.1870815,https://www.legislation.gov.au/C2026A00015/latest
C2026A00014,National Commission for Aboriginal and Torres Strait Islander Children and Young People Act 2026,2026,14,Social Services,Department of Social Services,2026-03-26,C2026A00014,2026-03-30T12:15:45.9792510,https://www.legislation.gov.au/C2026A00014/latest
C2009A00112,National Consumer Credit Protection (Fees) Act 2009,2009,112,Treasury,Department of the Treasury,2022-06-22,C2022C00182,2022-06-24T12:25:12.5600000,https://www.legislation.gov.au/C2009A00112/latest
C2009A00135,National Consumer Credit Protection (Transitional and Consequential Provisions) Act 2009,2009,135,Treasury,Department of the Treasury,2023-09-15,C2023C00275,2023-10-06T12:52:41.2500000,https://www.legislation.gov.au/C2009A00135/latest
C2009A00134,National Consumer Credit Protection Act 2009,2009,134,Treasury,Department of the Treasury,2025-06-10,C2025C00373,2025-06-10T08:30:30.4516336,https://www.legislation.gov.au/C2009A00134/latest
C2004A02969,National Crime Authority (Status and Rights of Former Chairman) Act 1984,1984,105,Home Affairs,Department of Home Affairs,2011-09-16,C2011C00791,2011-09-28T10:49:56.3630000,https://www.legislation.gov.au/C2004A02969/latest
C2013A00020,National Disability Insurance Scheme Act 2013,2013,20,"Health, Disability and Ageing","Department of Health, Disability and Ageing",2026-05-06,C2026C00181,2026-05-06T16:53:47.1740700,https://www.legislation.gov.au/C2013A00020/latest
C2020A00128,National Emergency Declaration Act 2020,2020,128,Home Affairs,Department of Home Affairs,2023-07-01,C2023C00157,2023-07-13T11:01:59.8230000,https://www.legislation.gov.au/C2020A00128/latest
C2004A04799,National Environment Protection Council Act 1994,1994,126,"Climate Change, Energy, the Environment and Water","Department of Climate Change, Energy, the Environment and Water",2021-07-01,C2021C00298,2021-08-13T11:27:41.2300000,https://www.legislation.gov.au/C2004A04799/latest
C2004A00392,National Environment Protection Measures (Implementation) Act 1998,1998,129,,,2024-10-14,C2024C00538,2024-10-14T13:34:23.8379196,https://www.legislation.gov.au/C2004A00392/latest
C2025A00069,National Environmental Protection Agency Act 2025,2025,69,"Climate Change, Energy, the Environment and Water","Department of Climate Change, Energy, the Environment and Water",2025-12-01,C2025A00069,2025-12-02T13:39:38.5213167,https://www.legislation.gov.au/C2025A00069/latest
C2008A00014,National Film and Sound Archive of Australia Act 2008,2008,14,"Infrastructure, Transport, Regional Development, Communications, Sport and the Arts","Department of Infrastructure, Transport, Regional Development, Communications, Sport and the Arts",2021-05-01,C2021C00208,2021-05-04T11:35:43.4600000,https://www.legislation.gov.au/C2008A00014/latest
C2004A00283,National Gallery Act 1975,1975,61,"Infrastructure, Transport, Regional Development, Communications, Sport and the Arts","Department of Infrastructure, Transport, Regional Development, Communications, Sport and the Arts",2021-05-01,C2021C00216,2021-05-14T09:07:53.9000000,https://www.legislation.gov.au/C2004A00283/latest
C2007A00175,National Greenhouse and Energy Reporting Act 2007,2007,175,"Climate Change, Energy, the Environment and Water","Department of Climate Change, Energy, the Environment and Water",2025-11-03,C2025C00621,2025-11-04T17:26:55.9590505,https://www.legislation.gov.au/C2007A00175/latest
C1953A00095,National Health Act 1953,1953,95,"Health, Disability and Ageing","Department of Health, Disability and Ageing",2026-04-09,C2026C00164,2026-04-21T15:10:47.9334254,https://www.legislation.gov.au/C1953A00095/latest
C2012A00087,National Health Amendment (Pharmaceutical Benefits Scheme) Act 2012,2012,87,"Health, Disability and Ageing","Department of Health, Disability and Ageing",2012-06-28,C2012A00087,2012-07-04T16:25:54.2830000,https://www.legislation.gov.au/C2012A00087/latest
C2011A00009,National Health Reform Act 2011,2011,9,"Health, Disability and Ageing","Department of Health, Disability and Ageing",2025-11-01,C2025C00598,2025-11-01T09:58:38.1910367,https://www.legislation.gov.au/C2011A00009/latest
C2011A00139,National Health Reform Amendment (Independent Hospital Pricing Authority) Act 2011,2011,139,"Health, Disability and Ageing","Department of Health, Disability and Ageing",2011-11-29,C2011A00139,2011-12-07T15:12:51.6900000,https://www.legislation.gov.au/C2011A00139/latest
C2011A00109,National Health Reform Amendment (National Health Performance Authority) Act 2011,2011,109,"Health, Disability and Ageing","Department of Health, Disability and Ageing",2011-10-14,C2011A00109,2011-10-21T08:21:00.0870000,https://www.legislation.gov.au/C2011A00109/latest
C2007A00174,National Health Security Act 2007,2007,174,"Health, Disability and Ageing","Department of Health, Disability and Ageing",2026-01-01,C2026C00059,2026-01-19T16:11:26.1200994,https://www.legislation.gov.au/C2007A00174/latest
C2012A00182,National Health Security Amendment Act 2012,2012,182,"Health, Disability and Ageing","Department of Health, Disability and Ageing",2012-12-10,C2012A00182,2012-12-11T15:35:24.3030000,https://www.legislation.gov.au/C2012A00182/latest
C2004A04516,National Health and Medical Research Council Act 1992,1992,225,"Health, Disability and Ageing","Department of Health, Disability and Ageing",2024-03-20,C2024C00108,2024-04-03T15:34:52.7529561,https://www.legislation.gov.au/C2004A04516/latest
C2018A00066,National Housing Finance and Investment Corporation (Consequential Amendments and Transitional Provisions) Act 2018,2018,66,Treasury,Department of the Treasury,2018-06-29,C2018A00066,2018-07-03T17:27:46.2830000,https://www.legislation.gov.au/C2018A00066/latest
C2023A00080,National Housing Supply and Affordability Council Act 2023,2023,80,Treasury,Department of the Treasury,2023-09-28,C2023A00080,2023-10-03T12:55:04.2070000,https://www.legislation.gov.au/C2023A00080/latest
C2005A00093,National Land Transport Act 2014,2005,93,"Infrastructure, Transport, Regional Development, Communications, Sport and the Arts","Department of Infrastructure, Transport, Regional Development, Communications, Sport and the Arts",2018-06-19,C2018C00226,2018-06-19T14:18:40.0200000,https://www.legislation.gov.au/C2005A00093/latest
C1960A00069,National Library Act 1960,1960,69,"Infrastructure, Transport, Regional Development, Communications, Sport and the Arts","Department of Infrastructure, Transport, Regional Development, Communications, Sport and the Arts",2021-05-01,C2021C00212,2021-05-06T11:13:53.2470000,https://www.legislation.gov.au/C1960A00069/latest
C1960A00064,National Measurement Act 1960,1960,64,"Industry, Science and Resources","Department of Industry, Science and Resources",2024-10-14,C2024C00648,2024-10-14T15:18:17.6890909,https://www.legislation.gov.au/C1960A00064/latest
C2004A02316,National Museum of Australia Act 1980,1980,115,"Infrastructure, Transport, Regional Development, Communications, Sport and the Arts","Department of Infrastructure, Transport, Regional Development, Communications, Sport and the Arts",2021-05-01,C2021C00206,2021-05-04T10:47:48.1030000,https://www.legislation.gov.au/C2004A02316/latest
C2023A00095,National Occupational Respiratory Disease Registry Act 2023,2023,95,"Health, Disability and Ageing","Department of Health, Disability and Ageing",2026-01-01,C2026C00030,2026-01-14T13:02:25.8393828,https://www.legislation.gov.au/C2023A00095/latest
C2012A00149,National Portrait Gallery of Australia (Consequential and Transitional Provisions) Act 2012,2012,149,"Infrastructure, Transport, Regional Development, Communications, Sport and the Arts","Department of Infrastructure, Transport, Regional Development, Communications, Sport and the Arts",2012-11-06,C2012A00149,2012-11-09T13:34:48.9070000,https://www.legislation.gov.au/C2012A00149/latest
C2012A00148,National Portrait Gallery of Australia Act 2012,2012,148,"Infrastructure, Transport, Regional Development, Communications, Sport and the Arts","Department of Infrastructure, Transport, Regional Development, Communications, Sport and the Arts",2021-05-01,C2021C00209,2021-05-04T12:52:00.3670000,https://www.legislation.gov.au/C2012A00148/latest
C2012A00029,National Radioactive Waste Management Act 2012,2012,29,"Industry, Science and Resources","Department of Industry, Science and Resources",2025-11-08,C2025C00629,2025-11-18T13:54:33.4681709,https://www.legislation.gov.au/C2012A00029/latest
C2023A00012,National Reconstruction Fund Corporation Act 2023,2023,12,"Industry, Science and Resources","Department of Industry, Science and Resources",2023-10-17,C2023C00318,2023-10-18T16:28:47.2330000,https://www.legislation.gov.au/C2023A00012/latest
C2018A00045,National Redress Scheme for Institutional Child Sexual Abuse Act 2018,2018,45,Social Services,Department of Social Services,2024-09-28,C2024C00613,2024-10-14T11:21:19.0412792,https://www.legislation.gov.au/C2018A00045/latest
C2008A00121,National Rental Affordability Scheme Act 2008,2008,121,Treasury,Department of the Treasury,2025-12-05,C2025C00679,2025-12-19T11:20:52.3969392,https://www.legislation.gov.au/C2008A00121/latest
C2004A01385,National Security Information (Criminal and Civil Proceedings) Act 2004,2004,150,Attorney-General's,Attorney-General's Department,2021-12-09,C2022C00001,2022-01-04T11:19:21.3900000,https://www.legislation.gov.au/C2004A01385/latest
C2019A00128,National Self-exclusion Register (Cost Recovery Levy) Act 2019,2019,128,Social Services,Department of Social Services,2019-12-12,C2019A00128,2019-12-19T15:29:52.2000000,https://www.legislation.gov.au/C2019A00128/latest
C2019A00068,National Sports Tribunal Act 2019,2019,68,"Infrastructure, Transport, Regional Development, Communications, Sport and the Arts","Department of Infrastructure, Transport, Regional Development, Communications, Sport and the Arts",2021-09-01,C2021C00550,2021-11-16T15:52:07.5370000,https://www.legislation.gov.au/C2019A00068/latest
C2004A00393,National Transmission Network Sale Act 1998,1998,130,,,2024-10-14,C2024C00626,2024-10-14T13:33:55.7972864,https://www.legislation.gov.au/C2004A00393/latest
C2004A01166,National Transport Commission Act 2003,2003,81,"Infrastructure, Transport, Regional Development, Communications, Sport and the Arts","Department of Infrastructure, Transport, Regional Development, Communications, Sport and the Arts",2024-07-06,C2024C00279,2024-07-13T15:20:02.6354103,https://www.legislation.gov.au/C2004A01166/latest
C2012A00105,National Vocational Education and Training Regulator (Charges) Act 2012,2012,105,Employment and Workplace Relations,Department of Employment and Workplace Relations,2021-01-01,C2021C00093,2021-02-10T11:11:16.4970000,https://www.legislation.gov.au/C2012A00105/latest
C2011A00013,National Vocational Education and Training Regulator (Transitional Provisions) Act 2011,2011,13,Employment and Workplace Relations,Department of Employment and Workplace Relations,2024-03-29,C2024C00123,2024-04-08T09:14:38.1670535,https://www.legislation.gov.au/C2011A00013/latest
C2011A00012,National Vocational Education and Training Regulator Act 2011,2011,12,Employment and Workplace Relations,Department of Employment and Workplace Relations,2024-10-14,C2024C00461,2024-10-14T10:58:16.5861563,https://www.legislation.gov.au/C2011A00012/latest
C2004A01703,National Workplace Relations Consultative Council Act 2002,1977,65,Employment and Workplace Relations,Department of Employment and Workplace Relations,2024-08-26,C2024C00352,2024-08-26T15:14:03.9129555,https://www.legislation.gov.au/C2004A01703/latest
C2004A04665,Native Title Act 1993,1993,110,Attorney-General's,Attorney-General's Department,2024-06-12,C2024C00224,2024-06-19T16:05:48.7651790,https://www.legislation.gov.au/C2004A04665/latest
C2004A05173,Natural Heritage Trust of Australia Act 1997,1997,76,"Climate Change, Energy, the Environment and Water","Department of Climate Change, Energy, the Environment and Water",2025-01-01,C2025C00028,2025-01-10T15:48:37.7363805,https://www.legislation.gov.au/C2004A05173/latest
C2004A04533,Natural Resources Management (Financial Assistance) Act 1992,1992,242,"Agriculture, Fisheries and Forestry","Department of Agriculture, Fisheries and Forestry",2018-06-19,C2018C00235,2018-06-20T12:09:47.9370000,https://www.legislation.gov.au/C2004A04533/latest
C2023A00121,Nature Repair Act 2023,2023,121,"Climate Change, Energy, the Environment and Water","Department of Climate Change, Energy, the Environment and Water",2024-10-14,C2024C00514,2024-10-14T12:08:08.3268415,https://www.legislation.gov.au/C2023A00121/latest
C1967A00103,Nauru Independence Act 1967,1967,103,Foreign Affairs and Trade,Department of Foreign Affairs and Trade,1967-11-10,C1967A00103,2013-01-23T20:11:03.4100000,https://www.legislation.gov.au/C1967A00103/latest
C2012A00128,Navigation Act 2012,2012,128,"Infrastructure, Transport, Regional Development, Communications, Sport and the Arts","Department of Infrastructure, Transport, Regional Development, Communications, Sport and the Arts",2025-02-15,C2025C00094,2025-02-19T15:30:00.9228060,https://www.legislation.gov.au/C2012A00128/latest
C2024A00082,Net Zero Economy Authority (Transitional Provisions) Act 2024,2024,82,"Industry, Science and Resources","Department of Industry, Science and Resources",2024-09-05,C2024A00082,2024-09-09T14:28:12.7701380,https://www.legislation.gov.au/C2024A00082/latest
C2024A00085,Net Zero Economy Authority Act 2024,2024,85,"Industry, Science and Resources","Department of Industry, Science and Resources",2024-09-17,C2024A00085,2024-09-19T09:15:12.2144767,https://www.legislation.gov.au/C2024A00085/latest
C2004A00681,New Business Tax System (Alienated Personal Services Income) Tax Imposition Act (No. 1) 2000,2000,87,Treasury,Department of the Treasury,2000-06-30,C2004A00681,2005-01-01T00:00:00,https://www.legislation.gov.au/C2004A00681/latest
C2004A00682,New Business Tax System (Alienated Personal Services Income) Tax Imposition Act (No. 2) 2000,2000,88,Treasury,Department of the Treasury,2000-06-30,C2004A00682,2005-01-01T00:00:00,https://www.legislation.gov.au/C2004A00682/latest
C2004A00557,New Business Tax System (Former Subsidiary Tax Imposition) Act 1999,1999,166,Treasury,Department of the Treasury,2013-06-28,C2013C00447,2013-08-21T14:52:25.8130000,https://www.legislation.gov.au/C2004A00557/latest
C2004A00982,New Business Tax System (Franking Deficit Tax) Act 2002,2002,50,Treasury,Department of the Treasury,2002-12-02,C2004C01224,2013-02-13T13:31:44.4600000,https://www.legislation.gov.au/C2004A00982/latest
C2004A00981,New Business Tax System (Over-franking Tax) Act 2002,2002,49,Treasury,Department of the Treasury,2002-06-29,C2004A00981,2005-01-01T00:00:00,https://www.legislation.gov.au/C2004A00981/latest
C2006A00081,New Business Tax System (Untainting Tax) Act 2006,2006,81,Treasury,Department of the Treasury,2006-06-30,C2006A00081,2006-07-05T16:49:57,https://www.legislation.gov.au/C2006A00081/latest
C2004A01123,New Business Tax System (Venture Capital Deficit Tax) Act 2003,2003,17,Treasury,Department of the Treasury,2013-06-28,C2013C00448,2013-08-21T14:59:13.3400000,https://www.legislation.gov.au/C2004A01123/latest
C2024A00034,New Vehicle Efficiency Standard Act 2024,2024,34,"Infrastructure, Transport, Regional Development, Communications, Sport and the Arts","Department of Infrastructure, Transport, Regional Development, Communications, Sport and the Arts",2025-02-21,C2025C00178,2025-03-03T13:14:16.2058283,https://www.legislation.gov.au/C2024A00034/latest
C2004A02035,Norfolk Island Act 1979,1979,25,"Infrastructure, Transport, Regional Development, Communications, Sport and the Arts","Department of Infrastructure, Transport, Regional Development, Communications, Sport and the Arts",2024-12-11,C2025C00004,2025-01-03T12:21:02.5587661,https://www.legislation.gov.au/C2004A02035/latest
C2016A00041,Northern Australia Infrastructure Facility Act 2016,2016,41,"Infrastructure, Transport, Regional Development, Communications, Sport and the Arts","Department of Infrastructure, Transport, Regional Development, Communications, Sport and the Arts",2023-07-04,C2023C00186,2023-07-24T15:37:14.1300000,https://www.legislation.gov.au/C2016A00041/latest
C2004A02275,Northern Territory (Commonwealth Lands) Act 1980,1980,74,Finance,Department of Finance,1980-05-29,C2004A02275,2005-01-01T00:00:00,https://www.legislation.gov.au/C2004A02275/latest
C1954A00059,Northern Territory (Lessees' Loans Guarantee) Act 1954,1954,59,Treasury,Department of the Treasury,2014-07-01,C2014C00632,2014-08-22T14:06:45.6200000,https://www.legislation.gov.au/C1954A00059/latest
C2004A01857,Northern Territory (Self-Government) Act 1978,1978,58,Finance,Department of Finance,2024-12-11,C2024C00815,2024-12-17T15:36:45.4344877,https://www.legislation.gov.au/C2004A01857/latest
C1910A00020,Northern Territory Acceptance Act 1910,1910,20,"Infrastructure, Transport, Regional Development, Communications, Sport and the Arts","Department of Infrastructure, Transport, Regional Development, Communications, Sport and the Arts",2011-12-27,C2012C00254,2012-02-20T16:58:14.4600000,https://www.legislation.gov.au/C1910A00020/latest
C2013A00056,Not-for-profit Sector Freedom to Advocate Act 2013,2013,56,Social Services,Department of Social Services,2013-06-13,C2013A00056,2013-06-14T13:56:17.4570000,https://www.legislation.gov.au/C2013A00056/latest
C2004A03417,Nuclear Non-Proliferation (Safeguards) Act 1987,1987,8,Foreign Affairs and Trade,Department of Foreign Affairs and Trade,2026-03-27,C2026C00177,2026-05-01T17:57:54.0697685,https://www.legislation.gov.au/C2004A03417/latest
C2004A04589,Nuclear Safeguards (Producers of Uranium Ore Concentrates) Charge Act 1993,1993,34,Foreign Affairs and Trade,Department of Foreign Affairs and Trade,1993-09-20,C2004A04589,2005-01-01T00:00:00,https://www.legislation.gov.au/C2004A04589/latest
C2004A04686,Occupational Health and Safety (Maritime Industry) Act 1993,1994,10,Employment and Workplace Relations,Department of Employment and Workplace Relations,2025-06-11,C2025C00382,2025-06-12T12:07:30.5803805,https://www.legislation.gov.au/C2004A04686/latest
C2018A00156,Office of National Intelligence (Consequential and Transitional Provisions) Act 2018,2018,156,Prime Minister and Cabinet,Department of the Prime Minister and Cabinet,2018-12-10,C2018A00156,2018-12-13T11:01:03.4370000,https://www.legislation.gov.au/C2018A00156/latest
C2018A00155,Office of National Intelligence Act 2018,2018,155,Prime Minister and Cabinet,Department of the Prime Minister and Cabinet,2023-09-21,C2023C00273,2023-10-05T12:29:10.1870000,https://www.legislation.gov.au/C2018A00155/latest
C2020A00052,Official Development Assistance Multilateral Replenishment Obligations (Special Appropriation) Act 2020,2020,52,Foreign Affairs and Trade,Department of Foreign Affairs and Trade,2024-07-10,C2024C00306,2024-07-22T09:00:54.9668366,https://www.legislation.gov.au/C2020A00052/latest
C2021A00122,Offshore Electricity Infrastructure (Regulatory Levies) Act 2021,2021,122,"Climate Change, Energy, the Environment and Water","Department of Climate Change, Energy, the Environment and Water",2021-12-02,C2021A00122,2021-12-07T16:47:19.9000000,https://www.legislation.gov.au/C2021A00122/latest
C2021A00120,Offshore Electricity Infrastructure Act 2021,2021,120,"Climate Change, Energy, the Environment and Water","Department of Climate Change, Energy, the Environment and Water",2025-02-20,C2025C00179,2025-03-01T15:55:36.2392538,https://www.legislation.gov.au/C2021A00120/latest
C2004A02460,Offshore Minerals (Exploration Licence Fees) Act 1981,1981,83,"Industry, Science and Resources","Department of Industry, Science and Resources",1994-02-25,C2004C00324,2013-07-24T12:14:16.3570000,https://www.legislation.gov.au/C2004A02460/latest
C2004A02461,Offshore Minerals (Mining Licence Fees) Act 1981,1981,84,"Industry, Science and Resources","Department of Industry, Science and Resources",1994-02-25,C2004C00314,2013-07-24T12:14:45.8270000,https://www.legislation.gov.au/C2004A02461/latest
C2004A02463,Offshore Minerals (Registration Fees) Act 1981,1981,86,"Industry, Science and Resources","Department of Industry, Science and Resources",2001-07-15,C2004C00323,2013-07-24T12:15:15.5300000,https://www.legislation.gov.au/C2004A02463/latest
C2004A04706,Offshore Minerals (Retention Licence Fees) Act 1994,1994,30,"Industry, Science and Resources","Department of Industry, Science and Resources",1994-02-25,C2004A04706,2005-01-01T00:00:00,https://www.legislation.gov.au/C2004A04706/latest
C2004A02459,Offshore Minerals (Royalty) Act 1981,1981,82,"Industry, Science and Resources","Department of Industry, Science and Resources",1994-02-25,C2004C00368,2013-07-24T12:15:48.7830000,https://www.legislation.gov.au/C2004A02459/latest
C2004A02462,Offshore Minerals (Works Licence Fees) Act 1981,1981,85,"Industry, Science and Resources","Department of Industry, Science and Resources",1994-02-25,C2004C00318,2013-02-13T13:55:55.1600000,https://www.legislation.gov.au/C2004A02462/latest
C2004A04704,Offshore Minerals Act 1994,1994,28,"Industry, Science and Resources","Department of Industry, Science and Resources",2024-10-14,C2024C00638,2024-10-14T14:31:24.1604161,https://www.legislation.gov.au/C2004A04704/latest
C2022A00018,Offshore Petroleum (Laminaria and Corallina Decommissioning Cost Recovery Levy) Act 2022,2022,18,Treasury,Department of the Treasury,2022-04-01,C2022A00018,2022-04-05T13:14:37.1670000,https://www.legislation.gov.au/C2022A00018/latest
C2006A00018,Offshore Petroleum (Royalty) Act 2006,2006,18,"Industry, Science and Resources","Department of Industry, Science and Resources",2016-03-05,C2016C00402,2016-05-03T14:36:55.0700000,https://www.legislation.gov.au/C2006A00018/latest
C2004A01202,Offshore Petroleum and Greenhouse Gas Storage (Regulatory Levies) Act 2003,2003,117,"Industry, Science and Resources","Department of Industry, Science and Resources",2022-03-02,C2022C00108,2022-03-11T14:33:39.6730000,https://www.legislation.gov.au/C2004A01202/latest
C2006A00014,Offshore Petroleum and Greenhouse Gas Storage Act 2006,2006,14,"Industry, Science and Resources","Department of Industry, Science and Resources",2025-12-05,C2025C00690,2025-12-22T14:28:47.0391423,https://www.legislation.gov.au/C2006A00014/latest
C2013A00011,Offshore Petroleum and Greenhouse Gas Storage Amendment (Compliance Measures) Act 2013,2013,11,"Industry, Science and Resources","Department of Industry, Science and Resources",2014-07-18,C2014C00507,2014-08-04T10:54:08.8400000,https://www.legislation.gov.au/C2013A00011/latest
C2004A03436,Olympic Insignia Protection Act 1987,1987,27,"Industry, Science and Resources","Department of Industry, Science and Resources",2023-11-18,C2023C00446,2023-11-30T07:10:07.7170000,https://www.legislation.gov.au/C2004A03436/latest
C2004A01611,Ombudsman Act 1976,1976,181,Attorney-General's,Attorney-General's Department,2025-02-15,C2025C00095,2025-02-20T11:23:37.6353214,https://www.legislation.gov.au/C2004A01611/latest
C2021A00077,Online Safety (Transitional Provisions and Consequential Amendments) Act 2021,2021,77,"Infrastructure, Transport, Regional Development, Communications, Sport and the Arts","Department of Infrastructure, Transport, Regional Development, Communications, Sport and the Arts",2021-07-23,C2021A00077,2021-07-27T14:18:13.4470000,https://www.legislation.gov.au/C2021A00077/latest
C2021A00076,Online Safety Act 2021,2021,76,"Infrastructure, Transport, Regional Development, Communications, Sport and the Arts","Department of Infrastructure, Transport, Regional Development, Communications, Sport and the Arts",2024-12-11,C2024C00852,2024-12-21T15:53:08.4090499,https://www.legislation.gov.au/C2021A00076/latest
C2004A01837,Ordinances and Regulations (Notification) Act 1978,1978,38,Attorney-General's,Attorney-General's Department,1978-06-12,C2004A01837,2005-01-01T00:00:00,https://www.legislation.gov.au/C2004A01837/latest
C2004A04910,Overseas Missions (Privileges and Immunities) Act 1995,1995,57,Foreign Affairs and Trade,Department of Foreign Affairs and Trade,2013-06-29,C2013C00423,2013-08-16T09:21:55.8570000,https://www.legislation.gov.au/C2004A04910/latest
C2014A00090,Ozone Protection and Synthetic Greenhouse Gas (Import Levy) (Transitional Provisions) Act 2014,2014,90,"Climate Change, Energy, the Environment and Water","Department of Climate Change, Energy, the Environment and Water",2015-04-14,C2015C00189,2015-04-20T10:31:30.7670000,https://www.legislation.gov.au/C2014A00090/latest
C2004A04976,Ozone Protection and Synthetic Greenhouse Gas (Import Levy) Act 1995,1995,126,"Climate Change, Energy, the Environment and Water","Department of Climate Change, Energy, the Environment and Water",2023-06-13,C2023C00103,2023-06-27T09:26:03.4530000,https://www.legislation.gov.au/C2004A04976/latest
C2004A04975,Ozone Protection and Synthetic Greenhouse Gas (Manufacture Levy) Act 1995,1995,125,"Climate Change, Energy, the Environment and Water","Department of Climate Change, Energy, the Environment and Water",2023-06-13,C2023C00100,2023-06-19T15:15:01.0430000,https://www.legislation.gov.au/C2004A04975/latest
C2004A03755,Ozone Protection and Synthetic Greenhouse Gas Management Act 1989,1989,7,"Climate Change, Energy, the Environment and Water","Department of Climate Change, Energy, the Environment and Water",2024-10-14,C2024C00535,2024-10-14T12:29:04.3112886,https://www.legislation.gov.au/C2004A03755/latest
C2025A00044,Pacific Banking Guarantee Act 2025,2025,44,Treasury,Department of the Treasury,2025-09-05,C2025A00044,2025-09-08T16:43:15.7488043,https://www.legislation.gov.au/C2025A00044/latest
C2010A00105,Paid Parental Leave (Consequential Amendments) Act 2010,2010,105,Social Services,Department of Social Services,2013-06-28,C2013C00567,2013-09-27T08:24:30.9070000,https://www.legislation.gov.au/C2010A00105/latest
C2010A00104,Paid Parental Leave Act 2010,2010,104,Social Services,Department of Social Services,2026-03-20,C2026C00096,2026-03-20T14:19:31.3431010,https://www.legislation.gov.au/C2010A00104/latest
C1957A00089,Papua New Guinea (Members of the Forces Benefits) Act 1957,1957,89,Veterans' Affairs,Department of Veterans' Affairs,1987-06-05,C2004C00383,2013-07-25T09:10:09.4500000,https://www.legislation.gov.au/C1957A00089/latest
C2004A00033,Papua New Guinea (Staffing Assistance) Act 1973,1973,70,Finance,Department of Finance,2024-10-14,C2024C00470,2024-10-14T14:28:28.9125705,https://www.legislation.gov.au/C2004A00033/latest
C2004A01500,Papua New Guinea (Staffing Assistance) Termination Act 1976,1976,69,Finance,Department of Finance,1976-06-09,C2004A01500,2005-01-01T00:00:00,https://www.legislation.gov.au/C2004A01500/latest
C2004A00034,Papua New Guinea (Transfer of Banking Business) Act 1973,1973,119,Treasury,Department of the Treasury,1996-07-19,C2004C00235,2013-07-25T09:10:45.2930000,https://www.legislation.gov.au/C2004A00034/latest
C2004A01408,Papua New Guinea Independence Act 1975,1975,98,Foreign Affairs and Trade,Department of Foreign Affairs and Trade,1975-09-09,C2004A01408,2005-01-01T00:00:00,https://www.legislation.gov.au/C2004A01408/latest
C2004A00031,Papua New Guinea Loan Guarantee Act 1973,1973,32,Treasury,Department of the Treasury,1973-05-24,C2004A00031,2005-01-01T00:00:00,https://www.legislation.gov.au/C2004A00031/latest
C2004A01409,Papua New Guinea Loans Guarantee Act 1975,1975,99,Treasury,Department of the Treasury,1975-09-09,C2004A01409,2005-01-01T00:00:00,https://www.legislation.gov.au/C2004A01409/latest
C2004A00221,Parliament Act 1974,1974,165,"Infrastructure, Transport, Regional Development, Communications, Sport and the Arts","Department of Infrastructure, Transport, Regional Development, Communications, Sport and the Arts",1988-08-01,C2004C00292,2013-07-25T09:11:57.3130000,https://www.legislation.gov.au/C2004A00221/latest
C2017A00038,Parliamentary Business Resources (Consequential and Transitional Provisions) Act 2017,2017,38,Finance,Department of Finance,2017-05-19,C2017A00038,2017-05-23T09:04:06.5870000,https://www.legislation.gov.au/C2017A00038/latest
C2017A00037,Parliamentary Business Resources Act 2017,2017,37,Finance,Department of Finance,2026-03-14,C2026C00091,2026-03-18T18:25:27.8419744,https://www.legislation.gov.au/C2017A00037/latest
C2004A03333,Parliamentary Commission of Inquiry (Repeal) Act 1986,1986,92,Prime Minister and Cabinet,Department of the Prime Minister and Cabinet,2016-10-21,C2016C01044,2016-11-04T14:12:08.7830000,https://www.legislation.gov.au/C2004A03333/latest
C1948A00089,Parliamentary Contributory Superannuation Act 1948,1948,89,Finance,Department of Finance,2026-04-01,C2026C00128,2026-04-09T14:24:29.6757973,https://www.legislation.gov.au/C1948A00089/latest
C1970A00008,Parliamentary Counsel Act 1970,1970,8,Attorney-General's,Attorney-General's Department,2026-04-09,C2026C00159,2026-04-22T17:12:54.9137732,https://www.legislation.gov.au/C1970A00008/latest
C2010A00128,Parliamentary Joint Committee on Law Enforcement Act 2010,2010,128,Attorney-General's,Attorney-General's Department,2022-12-10,C2022C00355,2022-12-16T12:47:13.0970000,https://www.legislation.gov.au/C2010A00128/latest
C1908A00016,Parliamentary Papers Act 1908,1908,16,Attorney-General's,Attorney-General's Department,1981-05-01,C2004C00582,2012-08-29T13:58:53.6000000,https://www.legislation.gov.au/C1908A00016/latest
C2004A03602,Parliamentary Precincts Act 1988,1988,9,Finance,Department of Finance,2004-07-01,C2004C00719,2013-02-13T14:29:26.3970000,https://www.legislation.gov.au/C2004A03602/latest
C1965A00005,Parliamentary Presiding Officers Act 1965,1965,5,Prime Minister and Cabinet,Department of the Prime Minister and Cabinet,2015-12-10,C2016C00070,2016-01-28T10:57:01.2630000,https://www.legislation.gov.au/C1965A00005/latest
C2004A03430,Parliamentary Privileges Act 1987,1987,21,Attorney-General's,Attorney-General's Department,2016-10-21,C2016C00951,2016-10-21T13:02:02.2430000,https://www.legislation.gov.au/C2004A03430/latest
C1946A00020,Parliamentary Proceedings Broadcasting Act 1946,1946,20,"Infrastructure, Transport, Regional Development, Communications, Sport and the Arts","Department of Infrastructure, Transport, Regional Development, Communications, Sport and the Arts",2018-03-14,C2018C00083,2018-04-03T10:36:30.2130000,https://www.legislation.gov.au/C1946A00020/latest
C2004A01047,Parliamentary Retirement Travel Act 2002,2002,110,Finance,Department of Finance,2018-01-01,C2018C00008,2018-01-09T15:05:46.5200000,https://www.legislation.gov.au/C2004A01047/latest
C1967A00092,Parliamentary Retiring Allowances (Increases) Act 1967,1967,92,Finance,Department of Finance,1967-11-08,C1967A00092,2013-01-23T20:22:22.2730000,https://www.legislation.gov.au/C1967A00092/latest
C1971A00075,Parliamentary Retiring Allowances (Increases) Act 1971,1971,75,Finance,Department of Finance,1971-10-01,C1971A00075,2013-01-23T20:22:24.1800000,https://www.legislation.gov.au/C1971A00075/latest
C2004A00536,Parliamentary Service Act 1999,1999,145,Prime Minister and Cabinet,Department of the Prime Minister and Cabinet,2019-03-01,C2019C00092,2019-03-06T10:49:56.3030000,https://www.legislation.gov.au/C2004A00536/latest
C2011A00170,Parliamentary Service Amendment (Parliamentary Budget Officer) Act 2011,2011,170,Treasury,Department of the Treasury,2011-12-04,C2011A00170,2011-12-19T12:33:53.8500000,https://www.legislation.gov.au/C2011A00170/latest
C2004A01315,Parliamentary Superannuation Act 2004,2004,72,Finance,Department of Finance,2024-07-01,C2024C00252,2024-07-04T10:26:21.6597516,https://www.legislation.gov.au/C2004A01315/latest
C2023A00070,Parliamentary Workplace Support Service (Consequential Amendments and Transitional Provisions) Act 2023,2023,70,Finance,Department of Finance,2024-10-14,C2024C00702,2024-10-21T10:33:25.7003835,https://www.legislation.gov.au/C2023A00070/latest
C2023A00072,Parliamentary Workplace Support Service Act 2023,2023,72,Finance,Department of Finance,2026-03-14,C2026C00097,2026-03-23T15:55:42.2784341,https://www.legislation.gov.au/C2023A00072/latest
C2024A00086,Parliamentary Workplace Support Service Amendment (Independent Parliamentary Standards Commission) Act 2024,2024,86,Finance,Department of Finance,2024-09-17,C2024A00086,2024-09-20T09:45:37.4802055,https://www.legislation.gov.au/C2024A00086/latest
C2004A00035,Parliamentary and Judicial Retiring Allowances Act 1973,1973,47,Finance,Department of Finance,1973-06-08,C2004A00035,2005-01-01T00:00:00,https://www.legislation.gov.au/C2004A00035/latest
C2004A01917,Passenger Movement Charge Act 1978,1978,118,Home Affairs,Department of Home Affairs,2024-07-01,C2024C00239,2024-07-01T10:01:21.8789721,https://www.legislation.gov.au/C2004A01917/latest
C2004A01918,Passenger Movement Charge Collection Act 1978,1978,119,Home Affairs,Department of Home Affairs,2019-09-01,C2019C00286,2019-09-23T16:52:22.7630000,https://www.legislation.gov.au/C2004A01918/latest
C2004A04014,Patents Act 1990,1990,83,"Industry, Science and Resources","Department of Industry, Science and Resources",2024-10-14,C2024C00455,2024-10-14T11:33:23.6641049,https://www.legislation.gov.au/C2004A04014/latest
C2012A00095,Pay As You Go Withholding Non-compliance Tax Act 2012,2012,95,Treasury,Department of the Treasury,2012-06-29,C2012A00095,2012-07-05T12:30:37.0770000,https://www.legislation.gov.au/C2012A00095/latest
C1971A00104,Pay-roll Tax (State Taxation of Commonwealth Authorities) Act 1971,1971,104,Treasury,Department of the Treasury,1971-09-01,C1971A00104,2013-01-23T20:24:35.0900000,https://www.legislation.gov.au/C1971A00104/latest
C2004A00318,Payment Systems (Regulation) Act 1998,1998,58,Treasury,Department of the Treasury,2025-12-19,C2025C00677,2025-12-19T18:53:35.8629310,https://www.legislation.gov.au/C2004A00318/latest
C2004A00338,Payment Systems and Netting Act 1998,1998,83,Treasury,Department of the Treasury,2024-09-24,C2024C00373,2024-09-26T14:17:06.4107797,https://www.legislation.gov.au/C2004A00338/latest
C2020A00091,Payment Times Reporting Act 2020,2020,91,Treasury,Department of the Treasury,2025-02-21,C2025C00133,2025-02-25T15:30:06.8887644,https://www.legislation.gov.au/C2020A00091/latest
C2009A00130,Personal Property Securities Act 2009,2009,130,Treasury,Department of the Treasury,2024-10-14,C2024C00719,2024-10-24T14:58:08.1422697,https://www.legislation.gov.au/C2009A00130/latest
C2004A03148,Petermann Aboriginal Land Trust (Boundaries) Act 1985,1985,109,Prime Minister and Cabinet,Department of the Prime Minister and Cabinet,1985-10-16,C2004A03148,2005-01-01T00:00:00,https://www.legislation.gov.au/C2004A03148/latest
C2004A01094,Petroleum (Timor Sea Treaty) Act 2003,2003,9,"Industry, Science and Resources","Department of Industry, Science and Resources",2019-08-30,C2019C00280,2019-09-20T11:40:21.8470000,https://www.legislation.gov.au/C2004A01094/latest
C2004A03558,Petroleum Excise (Prices) Act 1987,1987,149,Treasury,Department of the Treasury,2025-02-21,C2025C00166,2025-02-28T17:43:58.2213286,https://www.legislation.gov.au/C2004A03558/latest
C2012A00019,Petroleum Resource Rent Tax (Imposition—Customs) Act 2012,2012,19,Treasury,Department of the Treasury,2012-03-29,C2012A00019,2012-04-02T16:25:23.3770000,https://www.legislation.gov.au/C2012A00019/latest
C2012A00020,Petroleum Resource Rent Tax (Imposition—Excise) Act 2012,2012,20,Treasury,Department of the Treasury,2012-03-29,C2012A00020,2012-04-02T16:29:41.6670000,https://www.legislation.gov.au/C2012A00020/latest
C2012A00021,Petroleum Resource Rent Tax (Imposition—General) Act 2012,2012,21,Treasury,Department of the Treasury,2012-03-29,C2012A00021,2012-04-02T16:33:31.6000000,https://www.legislation.gov.au/C2012A00021/latest
C2006A00079,Petroleum Resource Rent Tax (Instalment Transfer Interest Charge Imposition) Act 2006,2006,79,Treasury,Department of the Treasury,2006-06-30,C2006A00079,2006-07-05T16:31:39,https://www.legislation.gov.au/C2006A00079/latest
C2004A03553,Petroleum Resource Rent Tax (Interest on Underpayments) Act 1987,1987,144,Treasury,Department of the Treasury,1987-12-18,C2004A03553,2005-01-01T00:00:00,https://www.legislation.gov.au/C2004A03553/latest
C2004A03551,Petroleum Resource Rent Tax Assessment Act 1987,1987,142,Treasury,Department of the Treasury,2024-12-11,C2024C00818,2024-12-18T15:20:20.9615279,https://www.legislation.gov.au/C2004A03551/latest
C2004A03227,Petroleum Revenue Act 1985,1985,188,"Industry, Science and Resources","Department of Industry, Science and Resources",2008-10-18,C2008C00563,2008-10-28T16:27:56,https://www.legislation.gov.au/C2004A03227/latest
C2004A00102,Petroleum and Minerals Authority Act 1973,1974,43,"Industry, Science and Resources","Department of Industry, Science and Resources",1974-08-08,C2004A00102,2005-01-01T00:00:00,https://www.legislation.gov.au/C2004A00102/latest
C2017A00090,Petroleum and Other Fuels Reporting Act 2017,2017,90,"Climate Change, Energy, the Environment and Water","Department of Climate Change, Energy, the Environment and Water",2025-12-05,C2025C00673,2025-12-18T12:24:45.9794491,https://www.legislation.gov.au/C2017A00090/latest
C2004A00798,Pig Industry Act 2001,2001,30,"Agriculture, Fisheries and Forestry","Department of Agriculture, Fisheries and Forestry",2025-01-01,C2025C00038,2025-01-11T15:53:07.1090503,https://www.legislation.gov.au/C2004A00798/latest
C2004A04783,Plant Breeder's Rights Act 1994,1994,110,"Industry, Science and Resources","Department of Industry, Science and Resources",2024-10-14,C2024C00537,2024-10-14T12:37:21.0668036,https://www.legislation.gov.au/C2004A04783/latest
C2004A04391,Pooled Development Funds Act 1992,1992,100,"Industry, Science and Resources","Department of Industry, Science and Resources",2024-10-14,C2024C00541,2024-10-14T12:40:56.9163854,https://www.legislation.gov.au/C2004A04391/latest
C2004A01763,Port Statistics Act 1977,1977,125,"Infrastructure, Transport, Regional Development, Communications, Sport and the Arts","Department of Infrastructure, Transport, Regional Development, Communications, Sport and the Arts",2016-10-21,C2016C01054,2016-11-07T14:30:15.7330000,https://www.legislation.gov.au/C2004A01763/latest
C2004A02864,Postal and Telecommunications Amendment Act 1983,1983,147,"Infrastructure, Transport, Regional Development, Communications, Sport and the Arts","Department of Infrastructure, Transport, Regional Development, Communications, Sport and the Arts",1983-12-22,C2004A02864,2005-01-01T00:00:00,https://www.legislation.gov.au/C2004A02864/latest
C2004A00278,Postal and Telecommunications Commissions (Transitional Provisions) Act 1975,1975,56,"Infrastructure, Transport, Regional Development, Communications, Sport and the Arts","Department of Infrastructure, Transport, Regional Development, Communications, Sport and the Arts",2014-07-01,C2014C00581,2014-08-14T09:19:40.8670000,https://www.legislation.gov.au/C2004A00278/latest
C1973A00037,Prices Justification Act 1973,1973,37,,,1973-06-01,C1973A00037,2010-09-16T12:13:03,https://www.legislation.gov.au/C1973A00037/latest
C2024A00060,Primary Industries (Consequential Amendments and Transitional Provisions) Act 2024,2024,60,"Agriculture, Fisheries and Forestry","Department of Agriculture, Fisheries and Forestry",2024-07-09,C2024A00060,2024-07-10T17:22:32.4291350,https://www.legislation.gov.au/C2024A00060/latest
C2024A00055,Primary Industries (Customs) Charges Act 2024,2024,55,"Agriculture, Fisheries and Forestry","Department of Agriculture, Fisheries and Forestry",2024-07-09,C2024A00055,2024-07-10T13:15:28.7680413,https://www.legislation.gov.au/C2024A00055/latest
C2004A00624,Primary Industries (Excise) Levies (GST Consequential Amendments) Act 2000,2000,32,"Agriculture, Fisheries and Forestry","Department of Agriculture, Fisheries and Forestry",2000-04-19,C2004A00624,2005-01-01T00:00:00,https://www.legislation.gov.au/C2004A00624/latest
C2024A00056,Primary Industries (Excise) Levies Act 2024,2024,56,"Agriculture, Fisheries and Forestry","Department of Agriculture, Fisheries and Forestry",2024-07-09,C2024A00056,2024-07-10T13:47:47.2538717,https://www.legislation.gov.au/C2024A00056/latest
C2024A00057,Primary Industries (Services) Levies Act 2024,2024,57,"Agriculture, Fisheries and Forestry","Department of Agriculture, Fisheries and Forestry",2024-07-09,C2024A00057,2024-07-10T14:22:16.2465254,https://www.legislation.gov.au/C2024A00057/latest
C2024A00058,Primary Industries Levies and Charges Collection Act 2024,2024,58,"Agriculture, Fisheries and Forestry","Department of Agriculture, Fisheries and Forestry",2025-02-21,C2025C00158,2025-02-27T17:24:03.7456400,https://www.legislation.gov.au/C2024A00058/latest
C2024A00059,Primary Industries Levies and Charges Disbursement Act 2024,2024,59,"Agriculture, Fisheries and Forestry","Department of Agriculture, Fisheries and Forestry",2025-02-21,C2025C00181,2025-03-04T13:33:34.3147021,https://www.legislation.gov.au/C2024A00059/latest
C2004A03948,Primary Industries Research and Development Act 1989,1990,17,"Agriculture, Fisheries and Forestry","Department of Agriculture, Fisheries and Forestry",2025-01-01,C2025C00027,2025-01-10T17:59:15.4447043,https://www.legislation.gov.au/C2004A03948/latest
C2004A03712,Privacy Act 1988,1988,119,Attorney-General's,Attorney-General's Department,2025-06-10,C2025C00378,2025-06-10T15:35:49.8557197,https://www.legislation.gov.au/C2004A03712/latest
C2004A01156,Private Health Insurance (Collapsed Insurer Levy) Act 2003,2003,71,Treasury,Department of the Treasury,2016-07-01,C2016C00870,2016-07-21T16:31:20.2830000,https://www.legislation.gov.au/C2004A01156/latest
C2004A04893,Private Health Insurance (Complaints Levy) Act 1995,1995,40,"Health, Disability and Ageing","Department of Health, Disability and Ageing",2007-04-01,C2007C00198,2007-04-04T14:48:49,https://www.legislation.gov.au/C2004A04893/latest
C2007A00033,Private Health Insurance (Medical Devices and Human Tissue Products Levy) Act 2007,2007,33,"Health, Disability and Ageing","Department of Health, Disability and Ageing",2023-07-01,C2023C00167,2023-07-15T09:18:00.6500000,https://www.legislation.gov.au/C2007A00033/latest
C2009A00051,Private Health Insurance (National Joint Replacement Register Levy) Act 2009,2009,51,"Health, Disability and Ageing","Department of Health, Disability and Ageing",2025-11-18,C2025C00637,2025-11-20T12:13:35.0247044,https://www.legislation.gov.au/C2009A00051/latest
C2015A00087,Private Health Insurance (Prudential Supervision) (Consequential Amendments and Transitional Provisions) Act 2015,2015,87,Treasury,Department of the Treasury,2015-06-26,C2015A00087,2015-06-30T17:46:47.1230000,https://www.legislation.gov.au/C2015A00087/latest
C2015A00085,Private Health Insurance (Prudential Supervision) Act 2015,2015,85,Treasury,Department of the Treasury,2025-02-21,C2025C00173,2025-03-01T08:39:52.6661015,https://www.legislation.gov.au/C2015A00085/latest
C2004A01158,Private Health Insurance (Risk Equalisation Levy) Act 2003,2003,73,"Health, Disability and Ageing","Department of Health, Disability and Ageing",2016-07-01,C2016C00864,2016-07-21T13:49:31.3570000,https://www.legislation.gov.au/C2004A01158/latest
C2007A00032,Private Health Insurance (Transitional Provisions and Consequential Amendments) Act 2007,2007,32,"Health, Disability and Ageing","Department of Health, Disability and Ageing",2023-07-01,C2023C00183,2023-07-22T12:52:05.5470000,https://www.legislation.gov.au/C2007A00032/latest
C2007A00031,Private Health Insurance Act 2007,2007,31,"Health, Disability and Ageing","Department of Health, Disability and Ageing",2026-04-01,C2026C00134,2026-04-11T13:52:22.8523905,https://www.legislation.gov.au/C2007A00031/latest
C2015A00083,Private Health Insurance Supervisory Levy Imposition Act 2015,2015,83,Treasury,Department of the Treasury,2015-06-26,C2015A00083,2015-06-30T16:00:35.2000000,https://www.legislation.gov.au/C2015A00083/latest
C2004A00255,Privy Council (Appeals from the High Court) Act 1975,1975,33,Attorney-General's,Attorney-General's Department,1975-04-30,C2004A00255,2005-01-01T00:00:00,https://www.legislation.gov.au/C2004A00255/latest
C1968A00036,Privy Council (Limitation of Appeals) Act 1968,1968,36,Attorney-General's,Attorney-General's Department,1973-12-31,C2004C00594,2012-08-29T14:05:24.3600000,https://www.legislation.gov.au/C1968A00036/latest
C2004A01023,Proceeds of Crime (Consequential Amendments and Transitional Provisions) Act 2002,2002,86,Home Affairs,Department of Home Affairs,2003-01-01,C2004C01279,2013-02-27T11:31:09.5600000,https://www.legislation.gov.au/C2004A01023/latest
C2004A03496,Proceeds of Crime Act 1987,1987,87,Home Affairs,Department of Home Affairs,2018-05-11,C2018C00169,2018-05-18T15:41:59.3730000,https://www.legislation.gov.au/C2004A03496/latest
C2004A01022,Proceeds of Crime Act 2002,2002,85,Home Affairs,Department of Home Affairs,2026-03-31,C2026C00107,2026-04-01T18:02:20.5539654,https://www.legislation.gov.au/C2004A01022/latest
C2017A00105,Product Emissions Standards (Customs) Charges Act 2017,2017,105,"Climate Change, Energy, the Environment and Water","Department of Climate Change, Energy, the Environment and Water",2017-09-14,C2017A00105,2017-09-18T08:49:53.9670000,https://www.legislation.gov.au/C2017A00105/latest
C2017A00106,Product Emissions Standards (Excise) Charges Act 2017,2017,106,"Climate Change, Energy, the Environment and Water","Department of Climate Change, Energy, the Environment and Water",2017-09-14,C2017A00106,2017-09-18T08:52:10.2800000,https://www.legislation.gov.au/C2017A00106/latest
C2017A00104,Product Emissions Standards Act 2017,2017,104,"Climate Change, Energy, the Environment and Water","Department of Climate Change, Energy, the Environment and Water",2021-09-01,C2021C00527,2021-11-10T16:23:20.9100000,https://www.legislation.gov.au/C2017A00104/latest
C2004A00653,Product Grants and Benefits Administration Act 2000,2000,61,Treasury,Department of the Treasury,2024-10-14,C2024C00452,2024-10-14T08:56:53.1321823,https://www.legislation.gov.au/C2004A00653/latest
C2004A00694,Product Stewardship (Oil) Act 2000,2000,102,"Climate Change, Energy, the Environment and Water","Department of Climate Change, Energy, the Environment and Water",2020-09-08,C2020C00294,2020-10-01T09:22:50.3670000,https://www.legislation.gov.au/C2004A00694/latest
C2004A05327,"Productivity Commission (Repeals, Transitional and Consequential Amendments) Act 1998",1998,15,Treasury,Department of the Treasury,1998-04-16,C2004A05327,2005-01-01T00:00:00,https://www.legislation.gov.au/C2004A05327/latest
C2004A05326,Productivity Commission Act 1998,1998,14,Treasury,Department of the Treasury,2024-01-01,C2024C00021,2024-01-08T09:47:32.5741072,https://www.legislation.gov.au/C2004A05326/latest
C2004A01081,Prohibition of Human Cloning for Reproduction Act 2002,2002,144,"Health, Disability and Ageing","Department of Health, Disability and Ageing",2022-10-01,C2022C00295,2022-10-12T18:05:34.6000000,https://www.legislation.gov.au/C2004A01081/latest
C2013A00012,Protection of Cultural Objects on Loan Act 2013,2013,12,"Infrastructure, Transport, Regional Development, Communications, Sport and the Arts","Department of Infrastructure, Transport, Regional Development, Communications, Sport and the Arts",2024-10-14,C2024C00544,2024-10-14T12:58:12.3782466,https://www.legislation.gov.au/C2013A00012/latest
C2004A03252,Protection of Movable Cultural Heritage Act 1986,1986,11,"Infrastructure, Transport, Regional Development, Communications, Sport and the Arts","Department of Infrastructure, Transport, Regional Development, Communications, Sport and the Arts",2024-10-14,C2024C00629,2024-10-14T13:49:03.8088828,https://www.legislation.gov.au/C2004A03252/latest
C1920A00054,"Protection of Word ""Anzac"" Act 1920",1920,54,Veterans' Affairs,Department of Veterans' Affairs,2014-02-28,C2014C00072,2014-03-07T15:16:59.5970000,https://www.legislation.gov.au/C1920A00054/latest
C2008A00076,Protection of the Sea (Civil Liability for Bunker Oil Pollution Damage) Act 2008,2008,76,,,2024-10-14,C2024C00684,2024-10-16T14:42:27.4262528,https://www.legislation.gov.au/C2008A00076/latest
C2004A02409,Protection of the Sea (Civil Liability) Act 1981,1981,31,"Infrastructure, Transport, Regional Development, Communications, Sport and the Arts","Department of Infrastructure, Transport, Regional Development, Communications, Sport and the Arts",2024-10-14,C2024C00459,2024-10-14T12:33:18.8098716,https://www.legislation.gov.au/C2004A02409/latest
C2006A00107,Protection of the Sea (Harmful Anti-fouling Systems) Act 2006,2006,107,"Infrastructure, Transport, Regional Development, Communications, Sport and the Arts","Department of Infrastructure, Transport, Regional Development, Communications, Sport and the Arts",2023-01-01,C2023C00019,2023-01-10T14:27:51.5130000,https://www.legislation.gov.au/C2006A00107/latest
C2004A04597,Protection of the Sea (Imposition of Contributions to Oil Pollution Compensation Funds—Customs) Act 1993,1993,42,"Infrastructure, Transport, Regional Development, Communications, Sport and the Arts","Department of Infrastructure, Transport, Regional Development, Communications, Sport and the Arts",2009-10-13,C2009C00472,2009-10-13T11:23:12,https://www.legislation.gov.au/C2004A04597/latest
C2004A04594,Protection of the Sea (Imposition of Contributions to Oil Pollution Compensation Funds—Excise) Act 1993,1993,39,"Infrastructure, Transport, Regional Development, Communications, Sport and the Arts","Department of Infrastructure, Transport, Regional Development, Communications, Sport and the Arts",2009-10-13,C2009C00473,2009-10-13T11:34:32,https://www.legislation.gov.au/C2004A04594/latest
C2004A04595,Protection of the Sea (Imposition of Contributions to Oil Pollution Compensation Funds—General) Act 1993,1993,40,"Infrastructure, Transport, Regional Development, Communications, Sport and the Arts","Department of Infrastructure, Transport, Regional Development, Communications, Sport and the Arts",2009-10-13,C2009C00474,2009-10-13T11:44:40,https://www.legislation.gov.au/C2004A04595/latest
C2004A04596,Protection of the Sea (Oil Pollution Compensation Funds) Act 1993,1993,41,"Infrastructure, Transport, Regional Development, Communications, Sport and the Arts","Department of Infrastructure, Transport, Regional Development, Communications, Sport and the Arts",2016-07-01,C2016C00871,2016-07-22T10:37:45.3530000,https://www.legislation.gov.au/C2004A04596/latest
C2004A02411,Protection of the Sea (Powers of Intervention) Act 1981,1981,33,"Infrastructure, Transport, Regional Development, Communications, Sport and the Arts","Department of Infrastructure, Transport, Regional Development, Communications, Sport and the Arts",2019-07-01,C2019C00190,2019-07-01T09:13:08.8470000,https://www.legislation.gov.au/C2004A02411/latest
C2004A02758,Protection of the Sea (Prevention of Pollution from Ships) Act 1983,1983,41,"Infrastructure, Transport, Regional Development, Communications, Sport and the Arts","Department of Infrastructure, Transport, Regional Development, Communications, Sport and the Arts",2024-10-14,C2024C00540,2024-10-14T13:36:00.4331920,https://www.legislation.gov.au/C2004A02758/latest
C2004A02413,Protection of the Sea (Shipping Levy Collection) Act 1981,1981,35,"Infrastructure, Transport, Regional Development, Communications, Sport and the Arts","Department of Infrastructure, Transport, Regional Development, Communications, Sport and the Arts",2018-05-23,C2018C00189,2018-05-25T13:13:28.9900000,https://www.legislation.gov.au/C2004A02413/latest
C2004A02412,Protection of the Sea (Shipping Levy) Act 1981,1981,34,"Infrastructure, Transport, Regional Development, Communications, Sport and the Arts","Department of Infrastructure, Transport, Regional Development, Communications, Sport and the Arts",2005-10-05,C2005C00614,2005-10-05T16:07:37,https://www.legislation.gov.au/C2004A02412/latest
C2004A01518,Psychotropic Substances Act 1976,1976,87,Home Affairs,Department of Home Affairs,2015-07-01,C2015C00461,2015-08-26T16:34:40.7700000,https://www.legislation.gov.au/C2004A01518/latest
C1951A00060,Public Accounts and Audit Committee Act 1951,1951,60,Finance,Department of Finance,2017-03-22,C2017C00109,2017-03-22T14:18:24.2930000,https://www.legislation.gov.au/C1951A00060/latest
C2014A00062,"Public Governance, Performance and Accountability (Consequential and Transitional Provisions) Act 2014",2014,62,Finance,Department of Finance,2016-03-05,C2016C00418,2016-05-09T15:19:47.9230000,https://www.legislation.gov.au/C2014A00062/latest
C2013A00123,"Public Governance, Performance and Accountability Act 2013",2013,123,Finance,Department of Finance,2017-08-23,C2017C00269,2017-08-28T16:13:21.7000000,https://www.legislation.gov.au/C2013A00123/latest
C2023A00119,Public Health (Tobacco and Other Products) (Consequential Amendments and Transitional Provisions) Act 2023,2023,119,"Health, Disability and Ageing","Department of Health, Disability and Ageing",2023-12-14,C2023A00119,2023-12-15T18:46:02.9370000,https://www.legislation.gov.au/C2023A00119/latest
C2023A00118,Public Health (Tobacco and Other Products) Act 2023,2023,118,"Health, Disability and Ageing","Department of Health, Disability and Ageing",2025-09-05,C2025C00521,2025-09-17T08:54:14.8091975,https://www.legislation.gov.au/C2023A00118/latest
C2013A00133,Public Interest Disclosure Act 2013,2013,133,Attorney-General's,Attorney-General's Department,2024-10-14,C2024C00616,2024-10-14T12:04:40.4811237,https://www.legislation.gov.au/C2013A00133/latest
C2004A03239,Public Lending Right Act 1985,1985,200,"Infrastructure, Transport, Regional Development, Communications, Sport and the Arts","Department of Infrastructure, Transport, Regional Development, Communications, Sport and the Arts",2024-10-14,C2024C00712,2024-10-23T15:14:03.6769141,https://www.legislation.gov.au/C2004A03239/latest
C1971A00026,Public Order (Protection of Persons and Property) Act 1971,1971,26,Home Affairs,Department of Home Affairs,2018-05-11,C2018C00190,2018-05-25T15:10:30.8930000,https://www.legislation.gov.au/C1971A00026/latest
C2004A00538,Public Service Act 1999,1999,147,Prime Minister and Cabinet,Department of the Prime Minister and Cabinet,2024-12-11,C2024C00795,2024-12-12T14:49:29.8536254,https://www.legislation.gov.au/C2004A00538/latest
C1969A00092,Public Works Committee Act 1969,1969,92,Finance,Department of Finance,2017-03-22,C2017C00098,2017-03-22T10:56:49.1470000,https://www.legislation.gov.au/C1969A00092/latest
C2004A01818,Qantas Airways Limited (Loan Guarantee) Act 1978,1978,19,Treasury,Department of the Treasury,1978-12-04,C2004C00596,2013-02-18T09:14:50.8300000,https://www.legislation.gov.au/C2004A01818/latest
C2004A02061,Qantas Airways Limited (Loan Guarantee) Act 1979,1979,51,Treasury,Department of the Treasury,1979-06-14,C2004A02061,2005-01-01T00:00:00,https://www.legislation.gov.au/C2004A02061/latest
C2004A02230,Qantas Airways Limited (Loan Guarantee) Act 1980,1980,29,Treasury,Department of the Treasury,1980-05-08,C2004A02230,2005-01-01T00:00:00,https://www.legislation.gov.au/C2004A02230/latest
C2004A02973,Qantas Airways Limited (Loan Guarantee) Act 1984,1984,109,Treasury,Department of the Treasury,1984-10-17,C2004A02973,2005-01-01T00:00:00,https://www.legislation.gov.au/C2004A02973/latest
C2004A03153,Qantas Airways Limited (Loan Guarantee) Act 1985,1985,114,Treasury,Department of the Treasury,1985-10-21,C2004A03153,2005-01-01T00:00:00,https://www.legislation.gov.au/C2004A03153/latest
C2004A03677,Qantas Airways Limited (Loan Guarantee) Act 1988,1988,84,Treasury,Department of the Treasury,1988-10-31,C2004A03677,2005-01-01T00:00:00,https://www.legislation.gov.au/C2004A03677/latest
C2004A03767,Qantas Airways Limited (Loan Guarantee) Act 1989,1989,19,Treasury,Department of the Treasury,1989-04-20,C2004A03767,2005-01-01T00:00:00,https://www.legislation.gov.au/C2004A03767/latest
C2004A04487,Qantas Sale Act 1992,1992,196,Finance,Department of Finance,2018-03-30,C2018C00091,2018-04-05T16:20:37.7430000,https://www.legislation.gov.au/C2004A04487/latest
C2004A00274,Racial Discrimination Act 1975,1975,52,Attorney-General's,Attorney-General's Department,2022-12-13,C2022C00366,2022-12-20T16:11:47.1700000,https://www.legislation.gov.au/C2004A00274/latest
C2004A02849,Radiocommunications (Receiver Licence Tax) Act 1983,1983,132,"Infrastructure, Transport, Regional Development, Communications, Sport and the Arts","Department of Infrastructure, Transport, Regional Development, Communications, Sport and the Arts",2021-06-17,C2021C00263,2021-07-13T17:55:24.3570000,https://www.legislation.gov.au/C2004A02849/latest
C2004A05237,Radiocommunications (Spectrum Licence Tax) Act 1997,1997,144,"Infrastructure, Transport, Regional Development, Communications, Sport and the Arts","Department of Infrastructure, Transport, Regional Development, Communications, Sport and the Arts",2013-06-29,C2013C00543,2013-09-19T16:18:25.9700000,https://www.legislation.gov.au/C2004A05237/latest
C2004A04458,Radiocommunications (Transitional Provisions and Consequential Amendments) Act 1992,1992,167,"Infrastructure, Transport, Regional Development, Communications, Sport and the Arts","Department of Infrastructure, Transport, Regional Development, Communications, Sport and the Arts",2014-10-17,C2014C00746,2014-11-03T16:15:42.4400000,https://www.legislation.gov.au/C2004A04458/latest
C2004A02854,Radiocommunications (Transmitter Licence Tax) Act 1983,1983,137,"Infrastructure, Transport, Regional Development, Communications, Sport and the Arts","Department of Infrastructure, Transport, Regional Development, Communications, Sport and the Arts",2021-06-17,C2021C00245,2021-06-30T13:24:41.1270000,https://www.legislation.gov.au/C2004A02854/latest
C2004A04465,Radiocommunications Act 1992,1992,174,"Infrastructure, Transport, Regional Development, Communications, Sport and the Arts","Department of Infrastructure, Transport, Regional Development, Communications, Sport and the Arts",2025-07-01,C2025C00412,2025-07-04T10:18:47.8046780,https://www.legislation.gov.au/C2004A04465/latest
C2004A02850,Radiocommunications Taxes Collection Act 1983,1983,133,"Infrastructure, Transport, Regional Development, Communications, Sport and the Arts","Department of Infrastructure, Transport, Regional Development, Communications, Sport and the Arts",2019-03-02,C2019C00099,2019-03-08T12:02:50.8270000,https://www.legislation.gov.au/C2004A02850/latest
C2020A00120,Recycling and Waste Reduction (Consequential and Transitional Provisions) Act 2020,2020,120,"Climate Change, Energy, the Environment and Water","Department of Climate Change, Energy, the Environment and Water",2021-09-21,C2021C00353,2021-09-21T11:08:05.2570000,https://www.legislation.gov.au/C2020A00120/latest
C2020A00119,Recycling and Waste Reduction Act 2020,2020,119,"Climate Change, Energy, the Environment and Water","Department of Climate Change, Energy, the Environment and Water",2024-10-14,C2024C00639,2024-10-14T14:34:15.5571801,https://www.legislation.gov.au/C2020A00119/latest
C2020A00121,Recycling and Waste Reduction Charges (Customs) Act 2020,2020,121,"Climate Change, Energy, the Environment and Water","Department of Climate Change, Energy, the Environment and Water",2020-12-15,C2020A00121,2020-12-18T09:21:11.4970000,https://www.legislation.gov.au/C2020A00121/latest
C2020A00122,Recycling and Waste Reduction Charges (Excise) Act 2020,2020,122,"Climate Change, Energy, the Environment and Water","Department of Climate Change, Energy, the Environment and Water",2020-12-15,C2020A00122,2020-12-18T09:29:35.8130000,https://www.legislation.gov.au/C2020A00122/latest
C2020A00123,Recycling and Waste Reduction Charges (General) Act 2020,2020,123,"Climate Change, Energy, the Environment and Water","Department of Climate Change, Energy, the Environment and Water",2020-12-15,C2020A00123,2020-12-18T09:37:45.6170000,https://www.legislation.gov.au/C2020A00123/latest
C2004A02908,Referendum (Machinery Provisions) Act 1984,1984,44,Finance,Department of Finance,2025-02-21,C2025C00128,2025-02-25T15:28:05.8140018,https://www.legislation.gov.au/C2004A02908/latest
C2004A00965,Regional Forest Agreements Act 2002,2002,30,"Agriculture, Fisheries and Forestry","Department of Agriculture, Fisheries and Forestry",2021-03-28,C2021C00175,2021-04-15T14:45:40.2970000,https://www.legislation.gov.au/C2004A00965/latest
C2018A00006,Regional Investment Corporation Act 2018,2018,6,"Agriculture, Fisheries and Forestry","Department of Agriculture, Fisheries and Forestry",2019-09-01,C2019C00282,2019-09-23T09:09:12.8100000,https://www.legislation.gov.au/C2018A00006/latest
C2004A03033,Registration of Deaths Abroad Act 1984,1984,169,Foreign Affairs and Trade,Department of Foreign Affairs and Trade,2024-10-14,C2024C00565,2024-10-14T16:45:27.2136110,https://www.legislation.gov.au/C2004A03033/latest
C2014A00093,Regulatory Powers (Standard Provisions) Act 2014,2014,93,Attorney-General's,Attorney-General's Department,2024-03-20,C2024C00118,2024-04-05T09:52:27.3648202,https://www.legislation.gov.au/C2014A00093/latest
C1923A00014,Removal of Prisoners (Territories) Act 1923,1923,14,,,2008-07-04,C2008C00388,2008-07-23T08:26:11,https://www.legislation.gov.au/C1923A00014/latest
C2004A00043,Remuneration Tribunal Act 1973,1973,215,Prime Minister and Cabinet,Department of the Prime Minister and Cabinet,2019-02-01,C2019C00081,2019-02-01T08:06:10.0870000,https://www.legislation.gov.au/C2004A00043/latest
C2004A04002,Remuneration and Allowances Act 1990,1990,71,Prime Minister and Cabinet,Department of the Prime Minister and Cabinet,2021-09-01,C2021C00413,2021-10-07T10:47:51.4100000,https://www.legislation.gov.au/C2004A04002/latest
C2004A03346,Remuneration and Allowances Alteration Act 1986,1986,105,Prime Minister and Cabinet,Department of the Prime Minister and Cabinet,1986-07-01,C2004A03346,2005-01-01T00:00:00,https://www.legislation.gov.au/C2004A03346/latest
C2011A00075,Remuneration and Other Legislation Amendment Act 2011,2011,75,Prime Minister and Cabinet,Department of the Prime Minister and Cabinet,2011-07-25,C2011A00075,2011-07-28T07:57:07.7500000,https://www.legislation.gov.au/C2011A00075/latest
C2004A00722,Renewable Energy (Electricity) (Large-scale Generation Shortfall Charge) Act 2000,2000,129,"Climate Change, Energy, the Environment and Water","Department of Climate Change, Energy, the Environment and Water",2018-06-19,C2018C00236,2018-06-20T12:31:59.0530000,https://www.legislation.gov.au/C2004A00722/latest
C2010A00071,Renewable Energy (Electricity) (Small-scale Technology Shortfall Charge) Act 2010,2010,71,"Climate Change, Energy, the Environment and Water","Department of Climate Change, Energy, the Environment and Water",2018-06-19,C2018C00228,2018-06-19T15:06:01.3730000,https://www.legislation.gov.au/C2010A00071/latest
C2004A00767,Renewable Energy (Electricity) Act 2000,2000,174,"Climate Change, Energy, the Environment and Water","Department of Climate Change, Energy, the Environment and Water",2026-01-01,C2026C00019,2026-01-13T12:58:18.2255269,https://www.legislation.gov.au/C2004A00767/latest
C2004A00148,Repatriation Acts Amendment Act 1974,1974,90,Veterans' Affairs,Department of Veterans' Affairs,1974-10-31,C2004A00148,2005-01-01T00:00:00,https://www.legislation.gov.au/C2004A00148/latest
C2004A02028,Repatriation Acts Amendment Act 1979,1979,18,Veterans' Affairs,Department of Veterans' Affairs,1979-03-28,C2004A02028,2005-01-01T00:00:00,https://www.legislation.gov.au/C2004A02028/latest
C2004A02826,Representation Act 1983,1983,109,Finance,Department of Finance,1985-06-04,C2004C00214,2013-02-27T11:33:25.0470000,https://www.legislation.gov.au/C2004A02826/latest
C2009A00125,Resale Royalty Right for Visual Artists Act 2009,2009,125,"Infrastructure, Transport, Regional Development, Communications, Sport and the Arts","Department of Infrastructure, Transport, Regional Development, Communications, Sport and the Arts",2024-10-14,C2024C00506,2024-10-14T14:36:18.0388571,https://www.legislation.gov.au/C2009A00125/latest
C2004A01082,Research Involving Human Embryos Act 2002,2002,145,"Health, Disability and Ageing","Department of Health, Disability and Ageing",2024-10-14,C2024C00449,2024-10-14T11:04:06.9412716,https://www.legislation.gov.au/C2004A01082/latest
C1959A00004,Reserve Bank Act 1959,1959,4,Treasury,Department of the Treasury,2025-03-01,C2025C00204,2025-03-13T13:13:40.4032063,https://www.legislation.gov.au/C1959A00004/latest
C2004A00319,Retirement Savings Account Providers Supervisory Levy Imposition Act 1998,1998,59,Treasury,Department of the Treasury,2020-06-20,C2020C00179,2020-06-25T12:04:44.2170000,https://www.legislation.gov.au/C2004A00319/latest
C2004A05159,Retirement Savings Accounts Act 1997,1997,61,Treasury,Department of the Treasury,2025-02-21,C2025C00154,2025-02-27T13:14:22.1581577,https://www.legislation.gov.au/C2004A05159/latest
C2008A00148,Road Charges Legislation Repeal and Amendment Act 2008,2008,148,"Infrastructure, Transport, Regional Development, Communications, Sport and the Arts","Department of Infrastructure, Transport, Regional Development, Communications, Sport and the Arts",2008-12-11,C2008A00148,2008-12-17T11:49:31,https://www.legislation.gov.au/C2008A00148/latest
C2012A00047,Road Safety Remuneration (Consequential Amendments and Related Provisions) Act 2012,2012,47,Employment and Workplace Relations,Department of Employment and Workplace Relations,2012-04-16,C2012A00047,2012-04-20T12:50:39.4870000,https://www.legislation.gov.au/C2012A00047/latest
C2018A00164,Road Vehicle Standards (Consequential and Transitional Provisions) Act 2018,2018,164,"Infrastructure, Transport, Regional Development, Communications, Sport and the Arts","Department of Infrastructure, Transport, Regional Development, Communications, Sport and the Arts",2022-04-01,C2022C00138,2022-04-14T15:56:07.5070000,https://www.legislation.gov.au/C2018A00164/latest
C2018A00163,Road Vehicle Standards Act 2018,2018,163,"Infrastructure, Transport, Regional Development, Communications, Sport and the Arts","Department of Infrastructure, Transport, Regional Development, Communications, Sport and the Arts",2025-01-01,C2025C00016,2025-01-08T13:28:18.0566292,https://www.legislation.gov.au/C2018A00163/latest
C2018A00165,Road Vehicle Standards Charges (Imposition—Customs) Act 2018,2018,165,"Infrastructure, Transport, Regional Development, Communications, Sport and the Arts","Department of Infrastructure, Transport, Regional Development, Communications, Sport and the Arts",2018-12-10,C2018A00165,2018-12-14T17:19:32.3530000,https://www.legislation.gov.au/C2018A00165/latest
C2018A00166,Road Vehicle Standards Charges (Imposition—Excise) Act 2018,2018,166,"Infrastructure, Transport, Regional Development, Communications, Sport and the Arts","Department of Infrastructure, Transport, Regional Development, Communications, Sport and the Arts",2018-12-10,C2018A00166,2018-12-14T17:22:28.0870000,https://www.legislation.gov.au/C2018A00166/latest
C2018A00167,Road Vehicle Standards Charges (Imposition—General) Act 2018,2018,167,"Infrastructure, Transport, Regional Development, Communications, Sport and the Arts","Department of Infrastructure, Transport, Regional Development, Communications, Sport and the Arts",2018-12-10,C2018A00167,2018-12-14T17:23:25.9900000,https://www.legislation.gov.au/C2018A00167/latest
C1953A00092,Royal Australian Air Force Veterans' Residences Act 1953,1953,92,Defence,Department of Defence,2014-07-01,C2014C00545,2014-08-08T16:37:38.0930000,https://www.legislation.gov.au/C1953A00092/latest
C1902A00012,Royal Commissions Act 1902,1902,12,Attorney-General's,Attorney-General's Department,2026-03-28,C2026C00133,2026-04-11T13:51:07.0909200,https://www.legislation.gov.au/C1902A00012/latest
C1953A00074,Royal Powers Act 1953,1953,74,Prime Minister and Cabinet,Department of the Prime Minister and Cabinet,2024-12-11,C2025C00006,2025-01-03T17:51:37.1898186,https://www.legislation.gov.au/C1953A00074/latest
C2004A00044,Royal Style and Titles Act 1973,1973,114,Prime Minister and Cabinet,Department of the Prime Minister and Cabinet,1973-10-19,C2004A00044,2005-01-01T00:00:00,https://www.legislation.gov.au/C2004A00044/latest
C2008A00157,Safe Work Australia (Consequential and Transitional Provisions) Act 2008,2008,157,Employment and Workplace Relations,Department of Employment and Workplace Relations,2008-12-18,C2008A00157,2008-12-22T09:07:36,https://www.legislation.gov.au/C2008A00157/latest
C2009A00084,Safe Work Australia Act 2008,2009,84,Employment and Workplace Relations,Department of Employment and Workplace Relations,2023-09-21,C2023C00248,2023-09-26T09:20:25.0170000,https://www.legislation.gov.au/C2009A00084/latest
C1988A00156,"Safety, Rehabilitation and Compensation (Defence-related Claims) Act 1988",1988,156,Veterans' Affairs,Department of Veterans' Affairs,2025-12-05,C2025C00670,2025-12-16T15:54:54.3759914,https://www.legislation.gov.au/C1988A00156/latest
C2004A03668,"Safety, Rehabilitation and Compensation Act 1988",1988,75,Employment and Workplace Relations,Department of Employment and Workplace Relations,2025-02-21,C2025C00175,2025-03-01T09:21:35.8660695,https://www.legislation.gov.au/C2004A03668/latest
C1956A00018,Salaries Adjustment Act 1956,1956,18,Finance,Department of Finance,1956-05-12,C1956A00018,2013-01-23T20:43:28.4700000,https://www.legislation.gov.au/C1956A00018/latest
C2008A00134,Same-Sex Relationships (Equal Treatment in Commonwealth Laws—Superannuation) Act 2008,2008,134,Attorney-General's,Attorney-General's Department,2015-07-01,C2015C00455,2015-08-26T10:41:58.8970000,https://www.legislation.gov.au/C2008A00134/latest
C2004A01370,Schools Assistance (Learning Together—Achievement Through Choice and Opportunity) Act 2004,2004,135,Education,Department of Education,2016-03-05,C2016C00429,2016-05-10T16:21:21.6200000,https://www.legislation.gov.au/C2004A01370/latest
C2008A00153,Schools Assistance Act 2008,2008,153,Education,Department of Education,2016-03-05,C2016C00447,2016-05-13T07:56:29.3800000,https://www.legislation.gov.au/C2008A00153/latest
C1926A00021,Science and Industry Endowment Act 1926,1926,21,"Industry, Science and Resources","Department of Industry, Science and Resources",1986-12-05,C2004C00158,2013-07-25T12:21:44.6230000,https://www.legislation.gov.au/C1926A00021/latest
C1949A00013,Science and Industry Research Act 1949,1949,13,"Industry, Science and Resources","Department of Industry, Science and Resources",2022-09-14,C2022C00256,2022-09-21T16:20:28.5530000,https://www.legislation.gov.au/C1949A00013/latest
C1924A00031,Scout Association Act 1924,1924,31,Education,Department of Education,2016-10-21,C2016C01002,2016-10-28T08:58:36.9070000,https://www.legislation.gov.au/C1924A00031/latest
C2011A00020,Screen Australia (Transfer of Assets) Act 2011,2011,20,"Infrastructure, Transport, Regional Development, Communications, Sport and the Arts","Department of Infrastructure, Transport, Regional Development, Communications, Sport and the Arts",2011-04-12,C2011A00020,2011-04-15T08:33:43.4900000,https://www.legislation.gov.au/C2011A00020/latest
C2008A00012,Screen Australia Act 2008,2008,12,"Infrastructure, Transport, Regional Development, Communications, Sport and the Arts","Department of Infrastructure, Transport, Regional Development, Communications, Sport and the Arts",2016-03-05,C2016C00421,2016-05-10T09:25:20.6670000,https://www.legislation.gov.au/C2008A00012/latest
C2008A00013,Screen Australia and the National Film and Sound Archive of Australia (Consequential and Transitional Provisions) Act 2008,2008,13,"Infrastructure, Transport, Regional Development, Communications, Sport and the Arts","Department of Infrastructure, Transport, Regional Development, Communications, Sport and the Arts",2016-03-05,C2016C00432,2016-05-11T12:41:45.7430000,https://www.legislation.gov.au/C2008A00013/latest
C2004A03511,Sea Installations Act 1987,1987,102,"Climate Change, Energy, the Environment and Water","Department of Climate Change, Energy, the Environment and Water",2024-10-14,C2024C00547,2024-10-14T13:10:15.1019021,https://www.legislation.gov.au/C2004A03511/latest
C2004A04524,Seafarers Rehabilitation and Compensation (Transitional Provisions and Consequential Amendments) Act 1992,1992,233,Employment and Workplace Relations,Department of Employment and Workplace Relations,1992-12-24,C2004A04524,2005-01-01T00:00:00,https://www.legislation.gov.au/C2004A04524/latest
C2004A04525,Seafarers Rehabilitation and Compensation Act 1992,1992,234,Employment and Workplace Relations,Department of Employment and Workplace Relations,2025-02-21,C2025C00116,2025-02-24T15:39:13.5999506,https://www.legislation.gov.au/C2004A04525/latest
C2004A04522,Seafarers Rehabilitation and Compensation Levy Act 1992,1992,231,Employment and Workplace Relations,Department of Employment and Workplace Relations,1994-01-18,C2004C00281,2013-02-18T11:17:10.6030000,https://www.legislation.gov.au/C2004A04522/latest
C2004A04523,Seafarers Rehabilitation and Compensation Levy Collection Act 1992,1992,232,Employment and Workplace Relations,Department of Employment and Workplace Relations,2003-06-11,C2004C00776,2013-07-26T13:20:02.6370000,https://www.legislation.gov.au/C2004A04523/latest
C2004A00046,Seas and Submerged Lands Act 1973,1973,161,Attorney-General's,Attorney-General's Department,2019-08-30,C2019C00259,2019-09-11T12:18:53.5530000,https://www.legislation.gov.au/C2004A00046/latest
C1910A00025,Seat of Government (Administration) Act 1910,1910,25,"Infrastructure, Transport, Regional Development, Communications, Sport and the Arts","Department of Infrastructure, Transport, Regional Development, Communications, Sport and the Arts",2017-03-22,C2017C00093,2017-03-22T09:23:01.7930000,https://www.legislation.gov.au/C1910A00025/latest
C1909A00023,Seat of Government Acceptance Act 1909,1909,23,"Infrastructure, Transport, Regional Development, Communications, Sport and the Arts","Department of Infrastructure, Transport, Regional Development, Communications, Sport and the Arts",1973-12-31,C2004C00608,2012-08-30T09:17:19.1570000,https://www.legislation.gov.au/C1909A00023/latest
C1922A00028,Seat of Government Acceptance Act 1922,1922,28,,,1922-10-18,C1922A00028,2013-01-23T21:01:14.3170000,https://www.legislation.gov.au/C1922A00028/latest
C1908A00024,Seat of Government Act 1908,1908,24,"Infrastructure, Transport, Regional Development, Communications, Sport and the Arts","Department of Infrastructure, Transport, Regional Development, Communications, Sport and the Arts",1973-12-31,C2004C00607,2012-08-30T09:18:00.7500000,https://www.legislation.gov.au/C1908A00024/latest
C1952A00006,"Security Treaty (Australia, New Zealand and the United States of America) Act 1952",1952,6,Foreign Affairs and Trade,Department of Foreign Affairs and Trade,1952-03-13,C1952A00006,2013-01-23T21:01:34.6170000,https://www.legislation.gov.au/C1952A00006/latest
C2018A00029,Security of Critical Infrastructure Act 2018,2018,29,Home Affairs,Department of Home Affairs,2025-04-04,C2025C00238,2025-04-04T08:27:47.8905229,https://www.legislation.gov.au/C2018A00029/latest
C2004A04213,Senate (Quorum) Act 1991,1991,138,Prime Minister and Cabinet,Department of the Prime Minister and Cabinet,1991-09-27,C2004A04213,2005-01-01T00:00:00,https://www.legislation.gov.au/C2004A04213/latest
C2004A04457,Service and Execution of Process (Transitional Provisions and Consequential Amendments) Act 1992,1992,166,Attorney-General's,Attorney-General's Department,1992-12-11,C2004A04457,2005-01-01T00:00:00,https://www.legislation.gov.au/C2004A04457/latest
C2004A04463,Service and Execution of Process Act 1992,1992,172,Attorney-General's,Attorney-General's Department,2018-05-11,C2018C00175,2018-05-22T14:41:09.8130000,https://www.legislation.gov.au/C2004A04463/latest
C1947A00023,Services Trust Funds Act 1947,1947,23,Defence,Department of Defence,2014-07-01,C2014C00415,2014-07-18T16:07:23.6830000,https://www.legislation.gov.au/C1947A00023/latest
C2004A00047,Sewerage Agreements Act 1973,1973,204,"Climate Change, Energy, the Environment and Water","Department of Climate Change, Energy, the Environment and Water",2005-02-22,C2005C00099,2005-03-01T17:07:24,https://www.legislation.gov.au/C2004A00047/latest
C2004A00131,Sewerage Agreements Act 1974,1974,73,"Climate Change, Energy, the Environment and Water","Department of Climate Change, Energy, the Environment and Water",2005-02-22,C2005C00098,2005-03-01T17:09:21,https://www.legislation.gov.au/C2004A00131/latest
C2004A02868,Sex Discrimination Act 1984,1984,4,Attorney-General's,Attorney-General's Department,2025-11-01,C2025C00597,2025-11-01T08:43:45.9206396,https://www.legislation.gov.au/C2004A02868/latest
C2013A00098,"Sex Discrimination Amendment (Sexual Orientation, Gender Identity and Intersex Status) Act 2013",2013,98,Attorney-General's,Attorney-General's Department,2013-06-28,C2013A00098,2013-07-10T12:46:47.8870000,https://www.legislation.gov.au/C2013A00098/latest
C2012A00053,Shipping Reform (Tax Incentives) Act 2012,2012,53,"Infrastructure, Transport, Regional Development, Communications, Sport and the Arts","Department of Infrastructure, Transport, Regional Development, Communications, Sport and the Arts",2024-10-14,C2024C00633,2024-10-14T14:14:33.3577859,https://www.legislation.gov.au/C2012A00053/latest
C2004A02386,Shipping Registration Act 1981,1981,8,"Infrastructure, Transport, Regional Development, Communications, Sport and the Arts","Department of Infrastructure, Transport, Regional Development, Communications, Sport and the Arts",2024-10-14,C2024C00673,2024-10-16T08:05:44.3026360,https://www.legislation.gov.au/C2004A02386/latest
C2005A00076,Shortfall Interest Charge (Imposition) Act 2005,2005,76,Treasury,Department of the Treasury,2005-06-29,C2005A00076,2005-07-04T19:05:19,https://www.legislation.gov.au/C2005A00076/latest
C2004A04905,Small Superannuation Accounts Act 1995,1995,52,Treasury,Department of the Treasury,2025-02-21,C2025C00161,2025-02-28T12:38:36.4946714,https://www.legislation.gov.au/C2004A04905/latest
C2004A05270,Snowy Hydro Corporatisation Act 1997,1997,176,,,2014-07-01,C2014C00390,2014-07-16T15:52:20.4100000,https://www.legislation.gov.au/C2004A05270/latest
C2004A03814,Snowy Mountains Engineering Corporation (Conversion into Public Company) Act 1989,1989,66,"Climate Change, Energy, the Environment and Water","Department of Climate Change, Energy, the Environment and Water",1989-06-19,C2004A03814,2005-01-01T00:00:00,https://www.legislation.gov.au/C2004A03814/latest
C2004A04609,Snowy Mountains Engineering Corporation Limited Sale Act 1993,1993,54,"Climate Change, Energy, the Environment and Water","Department of Climate Change, Energy, the Environment and Water",2018-03-30,C2018C00103,2018-04-09T16:24:06.5830000,https://www.legislation.gov.au/C2004A04609/latest
C2004A00580,Social Security (Administration) Act 1999,1999,191,Home Affairs,Department of Home Affairs,2025-12-05,C2026C00010,2026-01-09T13:15:27.6626921,https://www.legislation.gov.au/C2004A00580/latest
C2022A00039,Social Security (Administration) Amendment (Repeal of Cashless Debit Card and Other Measures) Act 2022,2022,39,Social Services,Department of Social Services,2022-09-30,C2022A00039,2022-09-30T15:08:08.9730000,https://www.legislation.gov.au/C2022A00039/latest
C2004A00564,Social Security (International Agreements) Act 1999,1999,173,Social Services,Department of Social Services,2024-02-01,C2024C00057,2024-02-05T14:02:03.9715405,https://www.legislation.gov.au/C2004A00564/latest
C2004A04121,Social Security Act 1991,1991,46,Home Affairs,Department of Home Affairs,2026-04-02,C2026C00160,2026-04-20T17:08:04.0472022,https://www.legislation.gov.au/C2004A04121/latest
C2005A00055,Social Security Legislation Amendment (One-off Payments for Carers) Act 2005,2005,55,Social Services,Department of Social Services,2018-06-19,C2018C00229,2018-06-19T15:22:12.4930000,https://www.legislation.gov.au/C2005A00055/latest
C2025A00079,Social Security and Other Legislation Amendment (Technical Changes No. 2) Act 2025,2025,79,Social Services,Department of Social Services,2025-12-04,C2025A00079,2025-12-05T11:19:24.5562895,https://www.legislation.gov.au/C2025A00079/latest
C2008A00019,Social Security and Veterans' Entitlements Legislation Amendment (One-off Payments and Other Budget Measures) Act 2008,2008,19,Veterans' Affairs,Department of Veterans' Affairs,2008-07-01,C2010C00286,2010-04-15T17:32:10,https://www.legislation.gov.au/C2008A00019/latest
C2004A03381,South Pacific Nuclear Free Zone Treaty Act 1986,1986,140,Foreign Affairs and Trade,Department of Foreign Affairs and Trade,2016-10-21,C2016C00940,2016-10-21T10:27:36.8930000,https://www.legislation.gov.au/C2004A03381/latest
C2004A00391,Space (Launches and Returns) Act 2018,1998,123,,,2024-10-14,C2024C00604,2024-10-14T11:48:17.0180582,https://www.legislation.gov.au/C2004A00391/latest
C2004A01214,Spam Act 2003,2003,129,"Infrastructure, Transport, Regional Development, Communications, Sport and the Arts","Department of Infrastructure, Transport, Regional Development, Communications, Sport and the Arts",2016-03-10,C2016C00614,2016-06-09T13:48:18.7600000,https://www.legislation.gov.au/C2004A01214/latest
C2004A04255,Special Broadcasting Service Act 1991,1991,180,"Infrastructure, Transport, Regional Development, Communications, Sport and the Arts","Department of Infrastructure, Transport, Regional Development, Communications, Sport and the Arts",2023-10-18,C2023C00366,2023-10-27T11:13:01.7000000,https://www.legislation.gov.au/C2004A04255/latest
C2004A02638,Special Prosecutors Act 1982,1982,79,Attorney-General's,Attorney-General's Department,2011-12-27,C2012C00358,2012-03-29T12:01:18.3000000,https://www.legislation.gov.au/C2004A02638/latest
C2006A00006,Sport Integrity Australia Act 2020,2006,6,"Infrastructure, Transport, Regional Development, Communications, Sport and the Arts","Department of Infrastructure, Transport, Regional Development, Communications, Sport and the Arts",2021-11-04,C2021C00549,2021-11-16T14:48:24.1770000,https://www.legislation.gov.au/C2006A00006/latest
C1971A00114,States Grants (Secondary Schools Libraries) Act 1971,1971,114,Education,Department of Education,1971-12-09,C1971A00114,2013-01-23T21:11:58.4630000,https://www.legislation.gov.au/C1971A00114/latest
C1942A00056,Statute of Westminster Adoption Act 1942,1942,56,Attorney-General's,Attorney-General's Department,1986-03-03,C2004C00661,2013-02-18T14:42:34.2000000,https://www.legislation.gov.au/C1942A00056/latest
C1959A00052,Statutory Declarations Act 1959,1959,52,Attorney-General's,Attorney-General's Department,2024-01-01,C2024C00005,2024-01-03T09:27:16.9214156,https://www.legislation.gov.au/C1959A00052/latest
C2004A04232,Statutory Fishing Rights Charge Act 1991,1991,157,"Agriculture, Fisheries and Forestry","Department of Agriculture, Fisheries and Forestry",1991-10-21,C2004A04232,2005-01-01T00:00:00,https://www.legislation.gov.au/C2004A04232/latest
C1965A00066,Stevedoring Industry Act 1965,1965,66,Employment and Workplace Relations,Department of Employment and Workplace Relations,1973-12-19,C2004C07091,2009-12-07T14:45:11,https://www.legislation.gov.au/C1965A00066/latest
C2012A00101,Stronger Futures in the Northern Territory (Consequential and Transitional Provisions) Act 2012,2012,101,Prime Minister and Cabinet,Department of the Prime Minister and Cabinet,2012-07-16,C2013C00553,2013-09-23T11:41:33.1830000,https://www.legislation.gov.au/C2012A00101/latest
C2020A00027,Structured Finance Support (Coronavirus Economic Response Package) Act 2020,2020,27,Treasury,Department of the Treasury,2020-03-24,C2020A00027,2020-03-25T11:50:36.2600000,https://www.legislation.gov.au/C2020A00027/latest
C2004A00058,Student Assistance Act 1973,1973,155,Social Services,Department of Social Services,2026-03-20,C2026C00092,2026-03-20T17:18:38.1381568,https://www.legislation.gov.au/C2004A00058/latest
C2014A00036,Student Identifiers Act 2014,2014,36,Education,Department of Education,2025-06-10,C2025C00374,2025-06-10T08:52:46.0431392,https://www.legislation.gov.au/C2014A00036/latest
C2015A00155,Student Loans (Overseas Debtors Repayment Levy) Act 2015,2015,155,Education,Department of Education,2024-01-01,C2024C00043,2024-01-15T08:09:59.5795394,https://www.legislation.gov.au/C2015A00155/latest
C1963A00061,Submarine Cables and Pipelines Protection Act 1963,1963,61,"Infrastructure, Transport, Regional Development, Communications, Sport and the Arts","Department of Infrastructure, Transport, Regional Development, Communications, Sport and the Arts",2016-10-21,C2016C00970,2016-10-24T12:32:05.8970000,https://www.legislation.gov.au/C1963A00061/latest
C2015A00023,Succession to the Crown Act 2015,2015,23,Prime Minister and Cabinet,Department of the Prime Minister and Cabinet,2015-03-24,C2015A00023,2015-03-27T08:01:22.1200000,https://www.legislation.gov.au/C2015A00023/latest
C2026A00009,Superannuation (Building a Stronger and Fairer Super System) Imposition Act 2026,2026,9,Treasury,Department of the Treasury,2026-03-13,C2026A00009,2026-03-16T11:32:43.7831225,https://www.legislation.gov.au/C2026A00009/latest
C2007A00013,Superannuation (Departing Australia Superannuation Payments Tax) Act 2007,2007,13,Treasury,Department of the Treasury,2016-12-02,C2016C01135,2016-12-08T14:04:04.1400000,https://www.legislation.gov.au/C2007A00013/latest
C2004A00074,Superannuation (Distribution of Surplus) Act 1974,1974,15,Finance,Department of Finance,1974-04-11,C2004A00074,2005-01-01T00:00:00,https://www.legislation.gov.au/C2004A00074/latest
C2007A00011,Superannuation (Excess Non-concessional Contributions Tax) Act 2007,2007,11,Treasury,Department of the Treasury,2014-06-25,C2014C00330,2014-07-07T09:10:41.9970000,https://www.legislation.gov.au/C2007A00011/latest
C2016A00080,Superannuation (Excess Transfer Balance Tax) Imposition Act 2016,2016,80,Treasury,Department of the Treasury,2016-11-29,C2016A00080,2016-11-30T15:20:02.3100000,https://www.legislation.gov.au/C2016A00080/latest
C2007A00012,Superannuation (Excess Untaxed Roll-over Amounts Tax) Act 2007,2007,12,Treasury,Department of the Treasury,2014-06-25,C2014C00322,2014-07-04T14:54:39.3370000,https://www.legislation.gov.au/C2007A00012/latest
C2004A04634,Superannuation (Financial Assistance Funding) Levy Act 1993,1993,79,Treasury,Department of the Treasury,2003-06-26,C2004C00798,2013-07-26T14:32:22.6870000,https://www.legislation.gov.au/C2004A04634/latest
C2004A01195,Superannuation (Government Co-contribution for Low Income Earners) Act 2003,2003,110,Treasury,Department of the Treasury,2018-07-01,C2018C00325,2018-08-08T15:46:40.6100000,https://www.legislation.gov.au/C2004A01195/latest
C2024A00129,Superannuation (Objective) Act 2024,2024,129,Treasury,Department of the Treasury,2024-12-10,C2024A00129,2024-12-12T12:38:57.5238062,https://www.legislation.gov.au/C2024A00129/latest
C1961A00086,Superannuation (Pension Increases) Act 1961,1961,86,Finance,Department of Finance,2012-09-25,C2012C00783,2012-11-05T14:31:37.2730000,https://www.legislation.gov.au/C1961A00086/latest
C1967A00090,Superannuation (Pension Increases) Act 1967,1967,90,Finance,Department of Finance,2011-09-16,C2011C00795,2011-09-28T12:20:11.7070000,https://www.legislation.gov.au/C1967A00090/latest
C1971A00073,Superannuation (Pension Increases) Act 1971,1971,73,Finance,Department of Finance,2014-07-01,C2014C00569,2014-08-12T16:30:24.2730000,https://www.legislation.gov.au/C1971A00073/latest
C2004A03663,Superannuation (Productivity Benefit) Act 1988,1988,70,Finance,Department of Finance,2017-03-22,C2017C00101,2017-03-22T11:14:04.1500000,https://www.legislation.gov.au/C2004A03663/latest
C2004A04136,Superannuation (Self Managed Superannuation Funds) Supervisory Levy Imposition Act 1991,1991,61,Treasury,Department of the Treasury,2013-07-01,C2013C00317,2013-07-01T15:11:06.8430000,https://www.legislation.gov.au/C2004A04136/latest
C2004A03506,Superannuation (Self Managed Superannuation Funds) Taxation Act 1987,1987,97,Treasury,Department of the Treasury,2025-02-21,C2025C00124,2025-02-25T13:14:44.8820470,https://www.legislation.gov.au/C2004A03506/latest
C2013A00087,Superannuation (Sustaining the Superannuation Contribution Concession) Imposition Act 2013,2013,87,Treasury,Department of the Treasury,2013-06-28,C2013A00087,2013-07-10T09:50:36.3170000,https://www.legislation.gov.au/C2013A00087/latest
C2004A00518,Superannuation (Unclaimed Money and Lost Members) Act 1999,1999,127,Treasury,Department of the Treasury,2022-09-28,C2022C00273,2022-10-04T17:34:51.1100000,https://www.legislation.gov.au/C2004A00518/latest
C2004A00519,Superannuation (Unclaimed Money and Lost Members) Consequential and Transitional Act 1999,1999,128,Treasury,Department of the Treasury,1997-06-02,C2004A00519,2005-01-01T00:00:00,https://www.legislation.gov.au/C2004A00519/latest
C1922A00033,Superannuation Act 1922,1922,33,,,2024-12-11,C2024C00825,2024-12-20T09:37:37.8958410,https://www.legislation.gov.au/C1922A00033/latest
C2004A01462,Superannuation Act 1976,1976,31,Finance,Department of Finance,2026-04-01,C2026C00132,2026-04-10T17:53:16.5700477,https://www.legislation.gov.au/C2004A01462/latest
C2004A03969,Superannuation Act 1990,1990,38,Finance,Department of Finance,2026-04-01,C2026C00120,2026-04-02T14:19:36.1329613,https://www.legislation.gov.au/C2004A03969/latest
C2005A00080,Superannuation Act 2005,2005,80,Finance,Department of Finance,2022-09-28,C2022C00286,2022-10-07T16:02:45.5430000,https://www.legislation.gov.au/C2005A00080/latest
C2012A00161,Superannuation Auditor Registration Imposition Act 2012,2012,161,Treasury,Department of the Treasury,2018-06-29,C2018C00249,2018-07-06T09:59:04.5500000,https://www.legislation.gov.au/C2012A00161/latest
C2004A03970,Superannuation Benefits (Supervisory Mechanisms) Act 1990,1990,39,Finance,Department of Finance,2005-07-01,C2005C00431,2005-07-07T17:29:20,https://www.legislation.gov.au/C2004A03970/latest
C2004A05166,Superannuation Contributions Tax (Application to the Commonwealth) Act 1997,1997,68,Treasury,Department of the Treasury,2009-09-18,C2009C00451,2009-09-28T12:30:43,https://www.legislation.gov.au/C2004A05166/latest
C2004A05167,Superannuation Contributions Tax (Application to the Commonwealth—Reduction of Benefits) Act 1997,1997,69,Treasury,Department of the Treasury,2005-08-12,C2005C00531,2005-08-16T14:37:01,https://www.legislation.gov.au/C2004A05167/latest
C2004A05168,Superannuation Contributions Tax (Assessment and Collection) Act 1997,1997,70,Treasury,Department of the Treasury,2023-10-20,C2023C00409,2023-11-07T16:21:42.2400000,https://www.legislation.gov.au/C2004A05168/latest
C2004A05279,Superannuation Contributions Tax (Members of Constitutionally Protected Superannuation Funds) Assessment and Collection Act 1997,1997,185,Treasury,Department of the Treasury,2022-09-28,C2022C00279,2022-10-06T13:26:23.8230000,https://www.legislation.gov.au/C2004A05279/latest
C2004A05278,Superannuation Contributions Tax (Members of Constitutionally Protected Superannuation Funds) Imposition Act 1997,1997,184,Treasury,Department of the Treasury,2005-08-12,C2005C00533,2005-08-16T14:12:12,https://www.legislation.gov.au/C2004A05278/latest
C2004A05170,Superannuation Contributions Tax Imposition Act 1997,1997,72,Treasury,Department of the Treasury,2005-08-12,C2005C00530,2005-08-16T13:49:42,https://www.legislation.gov.au/C2004A05170/latest
C2004A04402,Superannuation Guarantee (Administration) Act 1992,1992,111,Treasury,Department of the Treasury,2026-03-27,C2026C00146,2026-04-15T16:16:39.6045661,https://www.legislation.gov.au/C2004A04402/latest
C2004A04384,Superannuation Guarantee Charge Act 1992,1992,93,Treasury,Department of the Treasury,2003-07-01,C2004C00841,2013-07-26T14:32:57.2800000,https://www.legislation.gov.au/C2004A04384/latest
C2004A04633,Superannuation Industry (Supervision) Act 1993,1993,78,Treasury,Department of the Treasury,2025-02-21,C2025C00134,2025-02-26T10:38:21.3956882,https://www.legislation.gov.au/C2004A04633/latest
C2011A00058,Superannuation Legislation (Consequential Amendments and Transitional Provisions) Act 2011,2011,58,Finance,Department of Finance,2011-07-01,C2012C00824,2012-11-15T14:27:47.3170000,https://www.legislation.gov.au/C2011A00058/latest
C2004A00320,Superannuation Supervisory Levy Imposition Act 1998,1998,60,Treasury,Department of the Treasury,2020-06-20,C2020C00187,2020-06-30T14:24:37.3530000,https://www.legislation.gov.au/C2004A00320/latest
C2025A00021,Supply (Parliamentary Departments) Act (No. 1) 2025-2026,2025,21,Finance,Department of Finance,2025-03-27,C2025A00021,2025-03-31T13:48:42.8631492,https://www.legislation.gov.au/C2025A00021/latest
C2025A00019,Supply Act (No. 1) 2025-2026,2025,19,Finance,Department of Finance,2025-03-27,C2025A00019,2025-03-31T13:56:57.1765776,https://www.legislation.gov.au/C2025A00019/latest
C2025A00020,Supply Act (No. 2) 2025-2026,2025,20,Finance,Department of Finance,2025-03-27,C2025A00020,2025-03-31T14:08:31.1946804,https://www.legislation.gov.au/C2025A00020/latest
C2004A04835,Supported Accommodation Assistance Act 1994,1994,162,Treasury,Department of the Treasury,2014-03-12,C2014C00101,2014-03-12T11:15:40.9400000,https://www.legislation.gov.au/C2004A04835/latest
C1908A00015,Surplus Revenue Act 1908,1908,15,Finance,Department of Finance,1998-01-01,C2004C00639,2013-07-29T09:31:07.3030000,https://www.legislation.gov.au/C1908A00015/latest
C1910A00008,Surplus Revenue Act 1910,1910,8,Finance,Department of Finance,2012-09-22,C2012C00803,2012-11-09T13:53:11.8030000,https://www.legislation.gov.au/C1910A00008/latest
C2004A01387,Surveillance Devices Act 2004,2004,152,Home Affairs,Department of Home Affairs,2026-01-22,C2026C00074,2026-01-27T12:21:45.2612280,https://www.legislation.gov.au/C2004A01387/latest
C2024A00130,Surveillance Legislation (Confirmation of Application) Act 2024,2024,130,Home Affairs,Department of Home Affairs,2024-12-10,C2024A00130,2024-12-12T08:53:46.2245515,https://www.legislation.gov.au/C2024A00130/latest
C2004A04984,Sydney Airport Curfew Act 1995,1995,134,"Infrastructure, Transport, Regional Development, Communications, Sport and the Arts","Department of Infrastructure, Transport, Regional Development, Communications, Sport and the Arts",2024-10-14,C2024C00497,2024-10-14T13:49:51.6496554,https://www.legislation.gov.au/C2004A04984/latest
C2004A05267,Sydney Airport Demand Management Act 1997,1997,173,"Infrastructure, Transport, Regional Development, Communications, Sport and the Arts","Department of Infrastructure, Transport, Regional Development, Communications, Sport and the Arts",2025-10-26,C2025C00585,2025-10-28T12:51:37.4152985,https://www.legislation.gov.au/C2004A05267/latest
C2004A00779,Sydney Harbour Federation Trust Act 2001,2001,2,"Climate Change, Energy, the Environment and Water","Department of Climate Change, Energy, the Environment and Water",2024-10-14,C2024C00642,2024-10-14T14:44:18.1848389,https://www.legislation.gov.au/C2004A00779/latest
C2009A00114,Tax Agent Services (Transitional Provisions and Consequential Amendments) Act 2009,2009,114,Treasury,Department of the Treasury,2009-11-16,C2009A00114,2009-11-20T08:19:08,https://www.legislation.gov.au/C2009A00114/latest
C2009A00013,Tax Agent Services Act 2009,2009,13,Treasury,Department of the Treasury,2025-02-21,C2025C00107,2025-02-24T09:27:45.8805870,https://www.legislation.gov.au/C2009A00013/latest
C2004A04613,Taxation (Deficit Reduction) Act (No. 3) 1993,1993,58,Treasury,Department of the Treasury,2015-06-25,C2015C00297,2015-07-03T12:22:51.0530000,https://www.legislation.gov.au/C2004A04613/latest
C2004A04055,Taxation (Interest on Non-resident Trust Distributions) Act 1990,1990,124,Treasury,Department of the Treasury,1990-12-28,C2004A04055,2005-01-01T00:00:00,https://www.legislation.gov.au/C2004A04055/latest
C2004A02729,Taxation (Interest on Overpayments and Early Payments) Act 1983,1983,12,Treasury,Department of the Treasury,2024-10-14,C2024C00692,2024-10-17T16:16:42.6435788,https://www.legislation.gov.au/C2004A02729/latest
C2024A00132,Taxation (Multinational—Global and Domestic Minimum Tax) Act 2024,2024,132,Treasury,Department of the Treasury,2024-12-10,C2024A00132,2024-12-12T09:16:53.3128310,https://www.legislation.gov.au/C2024A00132/latest
C2024A00133,Taxation (Multinational—Global and Domestic Minimum Tax) Imposition Act 2024,2024,133,Treasury,Department of the Treasury,2024-12-10,C2024A00133,2024-12-12T09:23:06.4181452,https://www.legislation.gov.au/C2024A00133/latest
C2007A00144,Taxation (Trustee Beneficiary Non-disclosure Tax) Act (No. 1) 2007,2007,144,Treasury,Department of the Treasury,2014-06-25,C2014C00326,2014-07-04T16:41:58.6570000,https://www.legislation.gov.au/C2007A00144/latest
C2007A00145,Taxation (Trustee Beneficiary Non-disclosure Tax) Act (No. 2) 2007,2007,145,Treasury,Department of the Treasury,2014-06-25,C2014C00329,2014-07-07T08:45:09.6630000,https://www.legislation.gov.au/C2007A00145/latest
C1953A00001,Taxation Administration Act 1953,1953,1,Treasury,Department of the Treasury,2026-04-01,C2026C00170,2026-04-28T15:32:24.4261181,https://www.legislation.gov.au/C1953A00001/latest
C2004A05147,Telecommunications (Carrier Licence Charges) Act 1997,1997,49,"Infrastructure, Transport, Regional Development, Communications, Sport and the Arts","Department of Infrastructure, Transport, Regional Development, Communications, Sport and the Arts",2018-06-19,C2018C00218,2018-06-19T11:27:02.6000000,https://www.legislation.gov.au/C2004A05147/latest
C2004A00441,Telecommunications (Consumer Protection and Service Standards) Act 1999,1999,50,"Infrastructure, Transport, Regional Development, Communications, Sport and the Arts","Department of Infrastructure, Transport, Regional Development, Communications, Sport and the Arts",2025-10-31,C2025C00623,2025-11-05T16:33:25.0823427,https://www.legislation.gov.au/C2004A00441/latest
C2012A00045,Telecommunications (Industry Levy) Act 2012,2012,45,"Infrastructure, Transport, Regional Development, Communications, Sport and the Arts","Department of Infrastructure, Transport, Regional Development, Communications, Sport and the Arts",2018-06-19,C2018C00225,2018-06-19T13:59:35.3030000,https://www.legislation.gov.au/C2012A00045/latest
C2004A02124,Telecommunications (Interception and Access) Act 1979,1979,114,Home Affairs,Department of Home Affairs,2026-01-22,C2026C00070,2026-01-23T16:46:15.1394674,https://www.legislation.gov.au/C2004A02124/latest
C2004A05149,Telecommunications (Numbering Charges) Act 1997,1997,51,"Infrastructure, Transport, Regional Development, Communications, Sport and the Arts","Department of Infrastructure, Transport, Regional Development, Communications, Sport and the Arts",2019-12-12,C2020C00005,2020-01-07T11:36:12.1500000,https://www.legislation.gov.au/C2004A05149/latest
C2020A00048,Telecommunications (Regional Broadband Scheme) Charge Act 2020,2020,48,"Infrastructure, Transport, Regional Development, Communications, Sport and the Arts","Department of Infrastructure, Transport, Regional Development, Communications, Sport and the Arts",2020-05-25,C2020A00048,2020-05-27T11:24:16.0670000,https://www.legislation.gov.au/C2020A00048/latest
C2004A04174,Telecommunications (Transitional Provisions and Consequential Amendments) Act 1991,1991,99,"Infrastructure, Transport, Regional Development, Communications, Sport and the Arts","Department of Infrastructure, Transport, Regional Development, Communications, Sport and the Arts",2016-07-01,C2016C00833,2016-07-18T11:13:17.0130000,https://www.legislation.gov.au/C2004A04174/latest
C2004A05157,Telecommunications (Transitional Provisions and Consequential Amendments) Act 1997,1997,59,"Infrastructure, Transport, Regional Development, Communications, Sport and the Arts","Department of Infrastructure, Transport, Regional Development, Communications, Sport and the Arts",2016-07-01,C2016C00900,2016-07-27T09:40:44.3230000,https://www.legislation.gov.au/C2004A05157/latest
C2004A05145,Telecommunications Act 1997,1997,47,"Infrastructure, Transport, Regional Development, Communications, Sport and the Arts","Department of Infrastructure, Transport, Regional Development, Communications, Sport and the Arts",2025-10-31,C2025C00624,2025-11-06T13:19:40.2612215,https://www.legislation.gov.au/C2004A05145/latest
C2004A03811,Telecommunications and Postal Services (Transitional Provisions and Consequential Amendments) Act 1989,1989,63,"Infrastructure, Transport, Regional Development, Communications, Sport and the Arts","Department of Infrastructure, Transport, Regional Development, Communications, Sport and the Arts",2014-10-17,C2014C00761,2014-11-06T13:48:51.7370000,https://www.legislation.gov.au/C2004A03811/latest
C2004A04154,Telstra Corporation Act 1991,1991,79,"Infrastructure, Transport, Regional Development, Communications, Sport and the Arts","Department of Infrastructure, Transport, Regional Development, Communications, Sport and the Arts",2024-10-14,C2024C00549,2024-10-14T13:13:18.6728527,https://www.legislation.gov.au/C2004A04154/latest
C2010A00139,Territories Law Reform Act 2010,2010,139,"Infrastructure, Transport, Regional Development, Communications, Sport and the Arts","Department of Infrastructure, Transport, Regional Development, Communications, Sport and the Arts",2011-01-01,C2012C00707,2012-10-11T12:27:31.3930000,https://www.legislation.gov.au/C2010A00139/latest
C2021A00126,Territories Stolen Generations Redress Scheme (Facilitation) Act 2021,2021,126,Prime Minister and Cabinet,Department of the Prime Minister and Cabinet,2021-12-07,C2021A00126,2021-12-09T14:12:06.2430000,https://www.legislation.gov.au/C2021A00126/latest
C2004A01128,Terrorism and Cyclone Insurance Act 2003,2003,43,Treasury,Department of the Treasury,2025-11-08,C2025C00633,2025-11-18T17:15:40.1171192,https://www.legislation.gov.au/C2004A01128/latest
C2021A00081,Tertiary Education Quality and Standards Agency (Charges) Act 2021,2021,81,Education,Department of Education,2022-01-01,C2022C00003,2022-01-04T12:18:43.1500000,https://www.legislation.gov.au/C2021A00081/latest
C2011A00074,Tertiary Education Quality and Standards Agency (Consequential Amendments and Transitional Provisions) Act 2011,2011,74,Education,Department of Education,2011-06-29,C2011A00074,2011-07-04T09:26:44.0400000,https://www.legislation.gov.au/C2011A00074/latest
C2011A00073,Tertiary Education Quality and Standards Agency Act 2011,2011,73,Education,Department of Education,2026-04-29,C2026C00171,2026-04-29T11:11:57.2569485,https://www.legislation.gov.au/C2011A00073/latest
C2004A00571,"Textile, Clothing and Footwear Investment and Innovation Programs Act 1999",1999,182,"Industry, Science and Resources","Department of Industry, Science and Resources",2018-12-29,C2019C00064,2019-01-21T14:47:53.3870000,https://www.legislation.gov.au/C2004A00571/latest
C2004A03953,Therapeutic Goods (Charges) Act 1989,1990,22,"Health, Disability and Ageing","Department of Health, Disability and Ageing",2018-03-06,C2018C00066,2018-03-20T11:27:20.2270000,https://www.legislation.gov.au/C2004A03953/latest
C2004A03952,Therapeutic Goods Act 1989,1990,21,"Health, Disability and Ageing","Department of Health, Disability and Ageing",2025-09-05,C2025C00525,2025-09-18T13:23:22.4640995,https://www.legislation.gov.au/C2004A03952/latest
C2004A02887,Torres Strait Fisheries Act 1984,1984,23,"Agriculture, Fisheries and Forestry","Department of Agriculture, Fisheries and Forestry",2024-10-14,C2024C00644,2024-10-14T14:58:26.0123393,https://www.legislation.gov.au/C2004A02887/latest
C2004A01308,Tourism Australia (Repeal and Transitional Provisions) Act 2004,2004,75,Foreign Affairs and Trade,Department of Foreign Affairs and Trade,2006-03-27,C2006C00085,2006-03-28T16:34:23,https://www.legislation.gov.au/C2004A01308/latest
C2004A01307,Tourism Australia Act 2004,2004,74,Foreign Affairs and Trade,Department of Foreign Affairs and Trade,2016-03-05,C2016C00443,2016-05-12T14:17:48.7100000,https://www.legislation.gov.au/C2004A01307/latest
C2004A04969,Trade Marks Act 1995,1995,119,"Industry, Science and Resources","Department of Industry, Science and Resources",2024-10-14,C2024C00545,2024-10-14T13:40:38.9539588,https://www.legislation.gov.au/C2004A04969/latest
C1933A00074,Trade Representatives Act 1933,1933,74,Foreign Affairs and Trade,Department of Foreign Affairs and Trade,2023-10-18,C2023C00392,2023-11-02T10:23:12.6970000,https://www.legislation.gov.au/C1933A00074/latest
C2004A00575,Tradex Duty Imposition (Customs) Act 1999,1999,186,"Industry, Science and Resources","Department of Industry, Science and Resources",2016-07-01,C2016C00893,2016-07-25T14:10:56.8830000,https://www.legislation.gov.au/C2004A00575/latest
C2004A00576,Tradex Duty Imposition (Excise) Act 1999,1999,187,"Industry, Science and Resources","Department of Industry, Science and Resources",2016-07-01,C2016C00896,2016-07-25T14:41:24.7700000,https://www.legislation.gov.au/C2004A00576/latest
C2004A00577,Tradex Duty Imposition (General) Act 1999,1999,188,"Industry, Science and Resources","Department of Industry, Science and Resources",2016-07-01,C2016C00891,2016-07-25T12:51:24.7900000,https://www.legislation.gov.au/C2004A00577/latest
C2004A00574,Tradex Scheme Act 1999,1999,185,"Industry, Science and Resources","Department of Industry, Science and Resources",2024-10-14,C2024C00499,2024-10-14T13:56:24.3722523,https://www.legislation.gov.au/C2004A00574/latest
C2004A05284,Trans-Tasman Mutual Recognition Act 1997,1997,190,"Industry, Science and Resources","Department of Industry, Science and Resources",2026-03-21,C2026C00137,2026-04-13T13:35:11.9826722,https://www.legislation.gov.au/C2004A05284/latest
C2010A00036,Trans-Tasman Proceedings (Transitional and Consequential Provisions) Act 2010,2010,36,Attorney-General's,Attorney-General's Department,2013-10-11,C2013C00642,2013-10-11T12:42:09.5470000,https://www.legislation.gov.au/C2010A00036/latest
C2010A00035,Trans-Tasman Proceedings Act 2010,2010,35,Attorney-General's,Attorney-General's Department,2021-09-01,C2021C00487,2021-11-04T15:02:32.9330000,https://www.legislation.gov.au/C2010A00035/latest
C2004A02812,Transfer of Prisoners Act 1983,1983,95,Attorney-General's,Attorney-General's Department,2024-12-11,C2024C00810,2024-12-17T10:26:52.6901623,https://www.legislation.gov.au/C2004A02812/latest
C1948A00020,Transferred Officers' Allowances Act 1948,1948,20,Finance,Department of Finance,1955-11-12,C2004C00643,2012-11-09T12:25:09.8530000,https://www.legislation.gov.au/C1948A00020/latest
C2026A00040,Translating and Interpreting Services Act 2026,2026,40,Home Affairs,Department of Home Affairs,2026-04-08,C2026A00040,2026-04-09T11:47:41.4430646,https://www.legislation.gov.au/C2026A00040/latest
C2004A01102,Transport Safety Investigation Act 2003,2003,18,"Infrastructure, Transport, Regional Development, Communications, Sport and the Arts","Department of Infrastructure, Transport, Regional Development, Communications, Sport and the Arts",2024-03-20,C2024C00120,2024-04-05T15:32:53.0233878,https://www.legislation.gov.au/C2004A01102/latest
C1914A00033,Treasury Bills Act 1914,1914,33,Treasury,Department of the Treasury,2011-04-19,C2011C00217,2011-04-21T11:57:51.0430000,https://www.legislation.gov.au/C1914A00033/latest
C2023A00081,Treasury Laws Amendment (Housing Measures No. 1) Act 2023,2023,81,Treasury,Department of the Treasury,2023-09-28,C2023A00081,2023-10-03T09:26:41.0370000,https://www.legislation.gov.au/C2023A00081/latest
C2019A00042,Treatment Benefits (Special Access) (Consequential Amendments and Transitional Provisions) Act 2019,2019,42,Veterans' Affairs,Department of Veterans' Affairs,2019-04-05,C2019A00042,2019-04-10T14:13:18.6030000,https://www.legislation.gov.au/C2019A00042/latest
C2019A00041,Treatment Benefits (Special Access) Act 2019,2019,41,Veterans' Affairs,Department of Veterans' Affairs,2025-11-01,C2025C00618,2025-11-03T14:36:10.7081215,https://www.legislation.gov.au/C2019A00041/latest
C2014A00085,True-up Shortfall Levy (Excise) (Carbon Tax Repeal) Act 2014,2014,85,"Industry, Science and Resources","Department of Industry, Science and Resources",2018-06-19,C2018C00211,2018-06-19T08:49:06.6870000,https://www.legislation.gov.au/C2014A00085/latest
C2014A00084,True-up Shortfall Levy (General) (Carbon Tax Repeal) Act 2014,2014,84,"Climate Change, Energy, the Environment and Water","Department of Climate Change, Energy, the Environment and Water",2018-06-19,C2018C00212,2018-06-19T08:50:23.7470000,https://www.legislation.gov.au/C2014A00084/latest
C2004A03042,Trust Recoupment Tax Act 1985,1985,3,Treasury,Department of the Treasury,2014-06-25,C2014C00331,2014-07-07T09:41:11.0330000,https://www.legislation.gov.au/C2004A03042/latest
C2004A03048,Trust Recoupment Tax Assessment Act 1985,1985,9,Treasury,Department of the Treasury,2016-10-21,C2016C00969,2016-10-24T12:03:16.3670000,https://www.legislation.gov.au/C2004A03048/latest
C2004A04125,Trusts (Hague Convention) Act 1991,1991,50,Attorney-General's,Attorney-General's Department,2016-07-01,C2016C00898,2016-07-25T16:14:36.8570000,https://www.legislation.gov.au/C2004A04125/latest
C2018A00086,Underwater Cultural Heritage (Consequential and Transitional Provisions) Act 2018,2018,86,"Climate Change, Energy, the Environment and Water","Department of Climate Change, Energy, the Environment and Water",2018-08-24,C2018A00086,2018-08-28T14:12:34.7830000,https://www.legislation.gov.au/C2018A00086/latest
C2018A00085,Underwater Cultural Heritage Act 2018,2018,85,"Climate Change, Energy, the Environment and Water","Department of Climate Change, Energy, the Environment and Water",2024-10-14,C2024C00456,2024-10-14T11:39:20.7153191,https://www.legislation.gov.au/C2018A00085/latest
C1947A00024,"United Nations Educational, Scientific and Cultural Organization Act 1947",1947,24,Foreign Affairs and Trade,Department of Foreign Affairs and Trade,1947-06-10,C1947A00024,2013-01-23T21:48:12.2830000,https://www.legislation.gov.au/C1947A00024/latest
C1944A00042,United Nations Food and Agriculture Organization Act 1944,1944,42,"Agriculture, Fisheries and Forestry","Department of Agriculture, Fisheries and Forestry",1973-12-31,C2004C00646,2012-08-30T10:49:31.4670000,https://www.legislation.gov.au/C1944A00042/latest
C1968A00054,United States Naval Communication Station (Civilian Employees) Act 1968,1968,54,Employment and Workplace Relations,Department of Employment and Workplace Relations,2009-07-01,C2009C00330,2009-07-16T15:51:16,https://www.legislation.gov.au/C1968A00054/latest
C1963A00030,United States Naval Communication Station Agreement Act 1963,1963,30,Foreign Affairs and Trade,Department of Foreign Affairs and Trade,1963-05-31,C1963A00030,2013-01-23T21:49:28.2070000,https://www.legislation.gov.au/C1963A00030/latest
C2004A01412,United States Naval Communication Station Agreement Act 1975,1975,102,Foreign Affairs and Trade,Department of Foreign Affairs and Trade,1975-09-10,C2004A01412,2005-01-01T00:00:00,https://www.legislation.gov.au/C2004A01412/latest
C2026A00026,Universities Accord (Australian Tertiary Education Commission) (Consequential and Transitional Provisions) Act 2026,2026,26,Education,Department of Education,2026-04-01,C2026A00026,2026-04-07T16:34:50.5645561,https://www.legislation.gov.au/C2026A00026/latest
C2025A00034,Universities Accord (National Higher Education Code to Prevent and Respond to Gender-based Violence) Act 2025,2025,34,Education,Department of Education,2025-08-28,C2025A00034,2025-08-29T17:48:30.5210946,https://www.legislation.gov.au/C2025A00034/latest
C2009A00095,Uranium Royalty (Northern Territory) Act 2009,2009,95,"Industry, Science and Resources","Department of Industry, Science and Resources",2023-10-18,C2023C00364,2023-10-26T16:06:58.2070000,https://www.legislation.gov.au/C2009A00095/latest
C2004A00191,Urban and Regional Development (Financial Assistance) Act 1974,1974,135,Treasury,Department of the Treasury,2017-03-22,C2017C00111,2017-03-22T14:49:22.6700000,https://www.legislation.gov.au/C2004A00191/latest
C2016A00099,VET Student Loans (Charges) Act 2016,2016,99,Employment and Workplace Relations,Department of Employment and Workplace Relations,2016-12-07,C2016A00099,2016-12-09T10:42:29.9330000,https://www.legislation.gov.au/C2016A00099/latest
C2016A00100,VET Student Loans (Consequential Amendments and Transitional Provisions) Act 2016,2016,100,Employment and Workplace Relations,Department of Employment and Workplace Relations,2016-12-07,C2016A00100,2016-12-09T11:08:27.1370000,https://www.legislation.gov.au/C2016A00100/latest
C2025A00077,VET Student Loans (Miscellaneous Measures) Act 2025,2025,77,Employment and Workplace Relations,Department of Employment and Workplace Relations,2025-12-04,C2025A00077,2025-12-05T12:19:31.6754154,https://www.legislation.gov.au/C2025A00077/latest
C2020A00005,VET Student Loans (VSL Tuition Protection Levy) Act 2020,2020,5,Employment and Workplace Relations,Department of Employment and Workplace Relations,2020-01-01,C2020A00005,2020-02-20T11:20:29.4800000,https://www.legislation.gov.au/C2020A00005/latest
C2016A00098,VET Student Loans Act 2016,2016,98,Employment and Workplace Relations,Department of Employment and Workplace Relations,2025-08-03,C2025C00474,2025-08-08T12:00:37.6952642,https://www.legislation.gov.au/C2016A00098/latest
C2004A01074,Venture Capital Act 2002,2002,137,"Industry, Science and Resources","Department of Industry, Science and Resources",2024-10-14,C2024C00617,2024-10-14T12:00:49.2640027,https://www.legislation.gov.au/C2004A01074/latest
C2004A01336,Veterans' Entitlements (Clarke Review) Act 2004,2004,100,Veterans' Affairs,Department of Veterans' Affairs,2024-10-14,C2024C00574,2024-10-14T11:19:40.1749718,https://www.legislation.gov.au/C2004A01336/latest
C2004A04148,Veterans' Entitlements (Rewrite) Transition Act 1991,1991,73,Veterans' Affairs,Department of Veterans' Affairs,1991-06-25,C2004A04148,2005-01-01T00:00:00,https://www.legislation.gov.au/C2004A04148/latest
C2004A03269,Veterans' Entitlements (Transitional Provisions and Consequential Amendments) Act 1986,1986,28,Veterans' Affairs,Department of Veterans' Affairs,1997-07-01,C2016C00143,2016-02-18T16:35:39.2500000,https://www.legislation.gov.au/C2004A03269/latest
C2004A03268,Veterans' Entitlements Act 1986,1986,27,Veterans' Affairs,Department of Veterans' Affairs,2026-03-19,C2026C00099,2026-03-23T16:57:30.1014382,https://www.legislation.gov.au/C2004A03268/latest
C2024A00140,Wage Justice for Early Childhood Education and Care Workers (Special Account) Act 2024,2024,140,Education,Department of Education,2024-12-10,C2024A00140,2024-12-12T12:22:30.8623739,https://www.legislation.gov.au/C2024A00140/latest
C1945A00048,War Crimes Act 1945,1945,48,Attorney-General's,Attorney-General's Department,2018-05-23,C2018C00198,2018-05-30T11:02:59.4700000,https://www.legislation.gov.au/C1945A00048/latest
C1945A00016,War Gratuity Act 1945,1945,16,Defence,Department of Defence,2016-10-21,C2016C00964,2016-10-24T11:01:28.0830000,https://www.legislation.gov.au/C1945A00016/latest
C2004A02301,War Graves Act 1980,1980,100,Veterans' Affairs,Department of Veterans' Affairs,2011-12-27,C2012C00353,2012-03-29T10:56:07.8670000,https://www.legislation.gov.au/C2004A02301/latest
C2007A00137,Water Act 2007,2007,137,"Climate Change, Energy, the Environment and Water","Department of Climate Change, Energy, the Environment and Water",2025-07-01,C2025C00411,2025-07-01T17:28:52.8953061,https://www.legislation.gov.au/C2007A00137/latest
C2013A00063,Water Efficiency Labelling and Standards (Registration Fees) Act 2013,2013,63,"Climate Change, Energy, the Environment and Water","Department of Climate Change, Energy, the Environment and Water",2013-06-26,C2013A00063,2013-07-08T15:05:56.7300000,https://www.legislation.gov.au/C2013A00063/latest
C2005A00004,Water Efficiency Labelling and Standards Act 2005,2005,4,"Climate Change, Energy, the Environment and Water","Department of Climate Change, Energy, the Environment and Water",2024-10-14,C2024C00548,2024-10-14T13:43:36.4990986,https://www.legislation.gov.au/C2005A00004/latest
C2004A04891,Weapons of Mass Destruction (Prevention of Proliferation) Act 1995,1995,38,Defence,Department of Defence,2018-11-06,C2018C00445,2018-11-13T14:06:33.0370000,https://www.legislation.gov.au/C2004A04891/latest
C2004A04708,Wet Tropics of Queensland World Heritage Area Conservation Act 1994,1994,32,"Climate Change, Energy, the Environment and Water","Department of Climate Change, Energy, the Environment and Water",2000-07-16,C2004C00809,2012-11-13T11:54:33.7730000,https://www.legislation.gov.au/C2004A04708/latest
C2004A02362,Wine Australia Act 2013,1980,161,"Agriculture, Fisheries and Forestry","Department of Agriculture, Fisheries and Forestry",2025-02-21,C2025C00117,2025-02-24T15:32:17.8879565,https://www.legislation.gov.au/C2004A02362/latest
C2004A04797,Witness Protection Act 1994,1994,124,Home Affairs,Department of Home Affairs,2024-03-13,C2024C00075,2024-03-14T14:18:03.1046703,https://www.legislation.gov.au/C2004A04797/latest
C2004A00738,Wool Services Privatisation Act 2000,2000,145,"Agriculture, Fisheries and Forestry","Department of Agriculture, Fisheries and Forestry",2025-01-01,C2025C00024,2025-01-10T11:31:42.5333594,https://www.legislation.gov.au/C2004A00738/latest
C2011A00146,Work Health and Safety (Transitional and Consequential Provisions) Act 2011,2011,146,Employment and Workplace Relations,Department of Employment and Workplace Relations,2011-11-29,C2011A00146,2011-12-14T13:52:53.5870000,https://www.legislation.gov.au/C2011A00146/latest
C2011A00137,Work Health and Safety Act 2011,2011,137,Employment and Workplace Relations,Department of Employment and Workplace Relations,2024-07-01,C2024C00243,2024-07-01T09:14:52.4641808,https://www.legislation.gov.au/C2011A00137/latest
C2004A03332,Workplace Gender Equality Act 2012,1986,91,Prime Minister and Cabinet,Department of the Prime Minister and Cabinet,2025-04-04,C2025C00286,2025-04-09T14:29:07.9337001,https://www.legislation.gov.au/C2004A03332/latest
C1947A00093,World Health Organization Act 1947,1947,93,"Health, Disability and Ageing","Department of Health, Disability and Ageing",2016-10-21,C2016C00962,2016-10-24T10:37:37.2630000,https://www.legislation.gov.au/C1947A00093/latest
