[fetch] document_1: https://www.legislation.gov.au/C1953A00001/2026-04-01/2026-04-01/text/original/epub/OEBPS/document_1/document_1.html
[fetch] document_1: 2,168,183 bytes
[fetch] document_2: https://www.legislation.gov.au/C1953A00001/2026-04-01/2026-04-01/text/original/epub/OEBPS/document_2/document_2.html
[fetch] document_2: 2,516,184 bytes
[fetch] document_3: https://www.legislation.gov.au/C1953A00001/2026-04-01/2026-04-01/text/original/epub/OEBPS/document_3/document_3.html
[fetch] document_3: 1,636,763 bytes
[fetch] document_4: https://www.legislation.gov.au/C1953A00001/2026-04-01/2026-04-01/text/original/epub/OEBPS/document_4/document_4.html
[fetch] document_4: 2,191,125 bytes
[fetch] document_5: https://www.legislation.gov.au/C1953A00001/2026-04-01/2026-04-01/text/original/epub/OEBPS/document_5/document_5.html
[fetch] document_5 not found — stopping. Fetched 4 document(s).
[fetch] combined 4 document(s), 8,512,255 source bytes → 8,438,616 combined bytes
[citation] Taxation (Cth)
[parse] starting
[parser-diag] total <p> elements found: 29554
[parser-unknown-class] "TofSectsHeading", text="Table of sections"
[parser-unknown-class] "TofSectsSection", text="6‑5 The Pay as you go (PAYG) system"
[parser-unknown-class] "TofSectsSection", text="6‑10 How the amounts collected are dealt with"
[parser-unknown-class] "TofSectsHeading", text="Table of sections"
[parser-unknown-class] "TofSectsSection", text="11‑1 Object of this Part"
[parser-unknown-class] "TofSectsSection", text="11‑5 Constructive payment"
[parser-unknown-class] "TofSectsHeading", text="Table of Subdivisions"
[parser-unknown-class] "TofSectsSubdiv", text="12‑A General rules"
[parser-unknown-class] "TofSectsSubdiv", text="12‑B Payments for work and services"
[parser-unknown-class] "TofSectsSubdiv", text="12‑C Payments for retirement or because of termination of employment"
[parser-unknown-class] "TofSectsSubdiv", text="12‑D Benefit and compensation payments"
[parser-unknown-class] "TofSectsSubdiv", text="12‑E Payments where TFN or ABN not quoted"
[parser-unknown-class] "TofSectsSubdiv", text="12‑F Dividend, interest and royalty payments"
[parser-unknown-class] "TofSectsSubdiv", text="12‑FA Departing Australia superannuation payments"
[parser-unknown-class] "TofSectsSubdiv", text="12‑FAA Excess untaxed roll‑over amount"
[parser-unknown-class] "TofSectsSubdiv", text="12‑FB Payments to foreign residents etc."
[parser-unknown-class] "TofSectsSubdiv", text="12‑FC Labour mobility programs"
[parser-unknown-class] "TofSectsSubdiv", text="12‑G Payments in respect of mining on Aboriginal land, and natural resources"
[parser-unknown-class] "TofSectsSubdiv", text="12‑H Distributions of withholding MIT income"
[parser-unknown-class] "TofSectsSubdiv", text="12‑J FHSS released amounts"
[parser-unknown-class] "TofSectsHeading", text="Table of sections"
[parser-unknown-class] "TofSectsSection", text="12‑1 General exceptions"
[parser-unknown-class] "TofSectsSection", text="12‑5 What to do if more than one provision requires a withholding"
[parser-unknown-class] "TofSectsSection", text="12‑7 Division does not apply to alienated personal services payments"
[parser-unknown-class] "TofSectsSection", text="12‑10 Division does not apply to non‑cash benefits"
[parser-unknown-class] "TofSectsSection", text="12‑20 Application of Division and regulations to non‑share dividends"
[parser-unknown-class] "TofSectsHeading", text="Table of sections"
[parser-unknown-class] "TofSectsSection", text="12‑35 Payment to employee"
[parser-unknown-class] "TofSectsSection", text="12‑40 Payment to company director"
[parser-unknown-class] "TofSectsSection", text="12‑45 Payment to office holder"
[parser-unknown-class] "TofSectsSection", text="12‑47 Payment to religious practitioners"
[parser-unknown-class] "TofSectsSection", text="12‑50 Return to work payment"
[parser-unknown-class] "TofSectsSection", text="12‑55 Voluntary agreement to withhold"
[parser-unknown-class] "TofSectsSection", text="12‑60 Payment under labour hire arrangement, or specified by regulations"
[parser-unknown-class] "TofSectsHeading", text="Table of sections"
[parser-unknown-class] "TofSectsSection", text="12‑110 Social Security or other benefit payment"
[parser-unknown-class] "TofSectsSection", text="12‑115 Commonwealth education or training payment"
[parser-unknown-class] "TofSectsSection", text="12‑120 Compensation, sickness or accident payment"
[parser-unknown-class] "TofSectsHeading", text="Table of sections"
[parser-unknown-class] "TofSectsGroupHeading", text="Payment in respect of investment"
[parser-unknown-class] "TofSectsSection", text="12‑140 Recipient does not quote tax file number"
[parser-unknown-class] "TofSectsSection", text="12‑145 Investor becoming presently entitled to income of a unit trust"
[parser-unknown-class] "TofSectsSection", text="12‑150 Limited application of section 12‑140 to payment under financial arrangement"
[parser-unknown-class] "TofSectsSection", text="12‑152 Limited application of section 12‑140 to payment covered by section 12A‑205"
[parser-unknown-class] "TofSectsSection", text="12‑155 When investor may quote ABN as alternative"
[parser-unknown-class] "TofSectsSection", text="12‑160 Investment body unaware that exemption from quoting TFN has stopped applying"
[parser-unknown-class] "TofSectsSection", text="12‑165 Exception for fully franked dividend"
[parser-unknown-class] "TofSectsSection", text="12‑170 Exception for payments below thresholds set by regulations"
[parser-unknown-class] "TofSectsGroupHeading", text="Payment of income of closely held trust where TFN not quoted"
[parser-unknown-class] "TofSectsSection", text="12‑175 Trustee distributes income of closely held trust"
[parser-unknown-class] "TofSectsSection", text="12‑180 Beneficiary becomes presently entitled to income of closely held trust"
[parser-unknown-class] "TofSectsSection", text="12‑185 Exception for payments below thresholds set by regulations"
[parser-unknown-class] "TofSectsGroupHeading", text="Payment for a supply"
[parser-unknown-class] "TofSectsSection", text="12‑190 Recipient does not quote ABN"
[parser-unknown-class] "TofSectsHeading", text="Table of sections"
[parser-unknown-class] "TofSectsGroupHeading", text="Dividends"
[parser-unknown-class] "TofSectsSection", text="12‑210 Dividend payment to overseas person"
[parser-unknown-class] "TofSectsSection", text="12‑215 Dividend payment received for foreign resident"
[parser-unknown-class] "TofSectsSection", text="12‑220 Application to part of a dividend"
[parser-unknown-class] "TofSectsSection", text="12‑225 Application to distribution by a liquidator or other person"
[parser-unknown-class] "TofSectsGroupHeading", text="Interest"
[parser-unknown-class] "TofSectsSection", text="12‑245 Interest payment to overseas person"
[parser-unknown-class] "TofSectsSection", text="12‑250 Interest payment received for foreign resident"
[parser-unknown-class] "TofSectsSection", text="12‑255 Interest payment derived by lender in carrying on business through overseas permanent esta..."
[parser-unknown-class] "TofSectsSection", text="12‑260 Lender to notify borrower if interest derived through overseas permanent establishment"
[parser-unknown-class] "TofSectsGroupHeading", text="Royalties"
[parser-unknown-class] "TofSectsSection", text="12‑280 Royalty payment to overseas person"
[parser-unknown-class] "TofSectsSection", text="12‑285 Royalty payment received for foreign resident"
[parser-unknown-class] "TofSectsGroupHeading", text="General"
[parser-unknown-class] "TofSectsSection", text="12‑300 Limits on amount withheld under this Subdivision"
[parser-unknown-class] "TofSectsHeading", text="Table of sections"
[parser-unknown-class] "TofSectsSection", text="12‑305 Departing Australia superannuation payment"
[parser-unknown-class] "TofSectsSection", text="12‑310 Limits on amount withheld under this Subdivision"
[parser-unknown-class] "TofSectsHeading", text="Table of sections"
[parser-unknown-class] "TofSectsSection", text="12‑312 Untaxed roll‑over superannuation benefits"
[parser-unknown-class] "TofSectsSection", text="12‑313 Limits on amount withheld under this Subdivision"
[parser-unknown-class] "TofSectsHeading", text="Table of sections"
[parser-unknown-class] "TofSectsSection", text="12‑315 Payment to foreign resident etc."
[parser-unknown-class] "TofSectsSection", text="12‑317 Payment received for foreign resident etc."
[parser-unknown-class] "TofSectsSection", text="12‑319 Exemptions from withholding obligations under this Subdivision"
[parser-unknown-class] "TofSectsHeading", text="Table of sections"
[parser-unknown-class] "TofSectsSection", text="12‑319A Payment to employee"
[parser-unknown-class] "TofSectsHeading", text="Table of sections"
[parser-unknown-class] "TofSectsGroupHeading", text="Mining on Aboriginal land"
[parser-unknown-class] "TofSectsSection", text="12‑320 Mining payment"
[parser-unknown-class] "TofSectsGroupHeading", text="Natural resources"
[parser-unknown-class] "TofSectsSection", text="12‑325 Natural resource payment"
[parser-unknown-class] "TofSectsSection", text="12‑330 Payer must ask Commissioner how much to withhold"
[parser-unknown-class] "TofSectsSection", text="12‑335 Commissioner may exempt from section 12‑330, subject to conditions"
[parser-unknown-class] "TofSectsHeading", text="Table of sections"
[parser-unknown-class] "TofSectsGroupHeading", text="Operative provisions"
[parser-unknown-class] "TofSectsSection", text="12‑383 Meaning of withholding MIT"
[parser-unknown-class] "TofSectsSection", text="12‑385 Withholding by withholding MITs"
[parser-unknown-class] "TofSectsSection", text="12‑390 Withholding by custodians and other entities"
[parser-unknown-class] "TofSectsSection", text="12‑395 Requirement to give notice or make information available"
[parser-unknown-class] "TofSectsSection", text="12‑405 Meaning of fund payment—general case"
[parser-unknown-class] "TofSectsSection", text="12‑410 Entity to whom payment is made"
[parser-unknown-class] "TofSectsSection", text="12‑415 Failure to give notice or make information available: administrative penalty"
[parser-unknown-class] "TofSectsSection", text="12‑420 Agency rules"
[parser-unknown-class] "TofSectsSection", text="12‑425 Meaning of clean building managed investment trust"
[parser-unknown-class] "TofSectsSection", text="12‑430 Meaning of clean building"
[parser-unknown-class] "TofSectsSection", text="12‑435 Meaning of non‑concessional MIT income"
[parser-unknown-class] "TofSectsSection", text="12‑436 Meaning of asset entity, operating entity, cross staple arrangement and stapled entity"
[parser-unknown-class] "TofSectsSection", text="12‑437 Meaning of MIT cross staple arrangement income"
[parser-unknown-class] "TofSectsSection", text="12‑438 MIT cross staple arrangement income—de minimis exception"
[parser-unknown-class] "TofSectsSection", text="12‑439 MIT cross staple arrangement income—approved economic infrastructure facility exception"
[parser-unknown-class] "TofSectsSection", text="12‑440 Transitional—MIT cross staple arrangement income"
[parser-unknown-class] "TofSectsSection", text="12‑441 Integrity rule—concessional cross staple rent cap"
[parser-unknown-class] "TofSectsSection", text="12‑442 Meaning of excepted MIT CSA income"
[parser-unknown-class] "TofSectsSection", text="12‑443 Concessional cross staple rent cap—existing lease with specified rent or rent method"
[parser-unknown-class] "TofSectsSection", text="12‑444 Concessional cross staple rent cap—general"
[parser-unknown-class] "TofSectsSection", text="12‑445 Asset entity to allocate deductions first against rental income that is not MIT cross stap..."
[parser-unknown-class] "TofSectsSection", text="12‑446 Meaning of MIT trading trust income"
[parser-unknown-class] "TofSectsSection", text="12‑447 Transitional—MIT trading trust income"
[parser-unknown-class] "TofSectsSection", text="12‑448 Meaning of MIT agricultural income, Australian agricultural land for rent and Division 6C ..."
[parser-unknown-class] "TofSectsSection", text="12‑449 Transitional—MIT agricultural income"
[parser-unknown-class] "TofSectsSection", text="12‑450 Meaning of MIT residential housing income"
[parser-unknown-class] "TofSectsSection", text="12‑451 Transitional—MIT residential housing income"
[parser-unknown-class] "TofSectsSection", text="12‑452 Meaning of residential dwelling asset"
[parser-unknown-class] "TofSectsSection", text="12‑453 MIT agricultural income and MIT residential housing income—capital gains in relation to me..."
[parser-unknown-class] "BoxStep", text="Step 1. Reduce the actual payment by so much of it that is attributable to excluded amounts, and ..."
[parser-unknown-class] "BoxStep", text="Step 2. Work out what it is reasonable to expect will be the *net income of the trust for the inc..."
[parser-unknown-class] "BoxStep", text="Step 3. The fund payment is so much of the step 2 amount as is reasonable having regard to:"
[parser-unknown-class] "TofSectsHeading", text="Table of sections"
[parser-unknown-class] "TofSectsSection", text="12‑460 FHSS released amounts"
[parser-unknown-class] "TofSectsHeading", text="Table of Subdivisions"
[parser-unknown-class] "TofSectsSubdiv", text="Guide to Division 12A"
[parser-unknown-class] "TofSectsSubdiv", text="12A‑A Distributions by AMITs relating to dividend, interest and royalties"
[parser-unknown-class] "TofSectsSubdiv", text="12A‑B Distributions by AMITs relating to Subdivision 12‑H fund payments"
[parser-unknown-class] "TofSectsSubdiv", text="12A‑C Deemed payments by AMITs etc."
[parser-unknown-class] "TofSectsHeading", text="Table of sections"
[parser-unknown-class] "TofSectsGroupHeading", text="Operative provisions"
[parser-unknown-class] "TofSectsSection", text="12A‑10 Deemed payments—no obligation to withhold under Subdivision 12‑F (dividend, interest and r..."
[parser-unknown-class] "TofSectsSection", text="12A‑15 Dividend, interest or royalty payments relating to AMIT—requirement to give notice or make..."
[parser-unknown-class] "TofSectsSection", text="12A‑20 Failure to give notice or make information available under section 12A‑15: administrative ..."
[parser-unknown-class] "TofSectsSection", text="12A‑25 Meaning of AMIT DIR payment"
[parser-unknown-class] "TofSectsSection", text="12A‑30 Meaning of AMIT dividend payment"
[parser-unknown-class] "TofSectsSection", text="12A‑35 Meaning of AMIT interest payment"
[parser-unknown-class] "TofSectsSection", text="12A‑40 Meaning of AMIT royalty payment"
[parser-unknown-class] "BoxStep", text="Step 1. Work out what it is reasonable to expect will be the amount mentioned in subsection (3)."
[parser-unknown-class] "BoxStep", text="Step 2. The AMIT dividend payment is so much of the step 1 amount as is reasonable having regard to:"
[parser-unknown-class] "TofSectsHeading", text="Table of sections"
[parser-unknown-class] "TofSectsGroupHeading", text="Operative provisions"
[parser-unknown-class] "TofSectsSection", text="12A‑105 Deemed payments—no obligation to withhold under Subdivision 12‑H"
[parser-unknown-class] "TofSectsSection", text="12A‑110 Meaning of fund payment—AMITs"
[parser-unknown-class] "BoxStep", text="Step 1. Reduce the actual or deemed payment by so much of it that is attributable to the excluded..."
[parser-unknown-class] "BoxStep", text="Step 2. Work out what it is reasonable to expect will be the amount mentioned in subsection (3)."
[parser-unknown-class] "BoxStep", text="Do so on the basis that a *capital gain from *taxable Australian property of the trust that was o..."
[parser-unknown-class] "BoxStep", text="Step 3. The fund payment is so much of the step 2 amount as is reasonable having regard to:"
[parser-unknown-class] "TofSectsHeading", text="Table of sections"
[parser-unknown-class] "TofSectsGroupHeading", text="Operative provisions"
[parser-unknown-class] "TofSectsSection", text="12A‑205 Issue of AMMA statement etc. deemed to be payment"
[parser-unknown-class] "TofSectsSection", text="12A‑210 Post‑AMMA actual payment and pre‑AMMA actual payment in respect of deemed payment"
[parser-unknown-class] "TofSectsSection", text="12A‑215 AMIT payment to the Commissioner in respect of deemed payments to offshore entities etc."
[parser-unknown-class] "TofSectsSection", text="12A‑220 Custodian payment to the Commissioner in respect of deemed payments to offshore entities ..."
[parser-unknown-class] "TofSectsHeading", text="Table of sections"
[parser-unknown-class] "TofSectsSection", text="13‑1 Object of this Division"
[parser-unknown-class] "TofSectsSection", text="13‑5 Payment to the Commissioner in respect of alienated personal services payments"
[parser-unknown-class] "TofSectsSection", text="13‑10 Alienated personal services payments"
[parser-unknown-class] "TofSectsSection", text="13‑15 Personal services payment remitters"
[parser-unknown-class] "TofSectsSection", text="13‑20 Time for payments to Commissioner for alienated personal services payments made during 2000‑01"
[parser-unknown-class] "BoxStep", text="Step 1. Identify the payments that the *personal services entity makes to the individual during t..."
[parser-unknown-class] "BoxStep", text="Step 2. Identify the amounts that:"
[parser-unknown-class] "BoxStep", text="Step 3. Work out the sum of all the amounts that Division 12 would require the entity to withhold..."
[parser-unknown-class] "BoxStep", text="Step 4. Work out the sum of all the amounts withheld under section 12‑35 from the payments identi..."
[parser-unknown-class] "BoxStep", text="Step 5. Subtract the sum under step 4 from the sum under step 3."
[parser-unknown-class] "TofSectsHeading", text="Table of sections"
[parser-unknown-class] "TofSectsSection", text="14‑1 Object of this Subdivision"
[parser-unknown-class] "TofSectsSection", text="14‑5 Provider of non‑cash benefit must pay amount to the Commissioner if payment would be subject..."
[parser-unknown-class] "TofSectsSection", text="14‑10 Dividend, interest or royalty received, for a foreign resident, in the form of a non‑cash b..."
[parser-unknown-class] "TofSectsSection", text="14‑15 Payer can recover amount paid to the Commissioner"
[parser-unknown-class] "TofSectsSection", text="14‑50 Object of this Subdivision"
[parser-unknown-class] "TofSectsSection", text="14‑55 Liability for TFN withholding tax"
[parser-unknown-class] "TofSectsSection", text="14‑60 Investment body may recover TFN withholding tax from investor"
[parser-unknown-class] "TofSectsSection", text="14‑65 Application of rules in Division 18"
[parser-unknown-class] "TofSectsSection", text="14‑75 Overpayment of TFN withholding tax"
[parser-unknown-class] "TofSectsSection", text="14‑85 Other laws do not exempt from TFN withholding tax"
[parser-unknown-class] "TofSectsHeading", text="Table of sections"
[parser-unknown-class] "TofSectsSection", text="14‑155 Liability for TFN withholding tax (ESS)"
[parser-unknown-class] "TofSectsSection", text="14‑160 Employer may give individual tax file numbers to provider"
[parser-unknown-class] "TofSectsSection", text="14‑165 Provider may recover TFN withholding tax (ESS) from individual"
[parser-unknown-class] "TofSectsSection", text="14‑170 Application of rules in Division 18"
[parser-unknown-class] "TofSectsSection", text="14‑175 Overpayment of TFN withholding tax (ESS)"
[parser-unknown-class] "TofSectsSection", text="14‑180 Application of certain provisions of Division 83A of the Income Tax Assessment Act 1997"
[parser-unknown-class] "TofSectsHeading", text="Table of sections"
[parser-unknown-class] "TofSectsSection", text="14‑200 Certain acquisitions of taxable Australian property from foreign residents"
[parser-unknown-class] "TofSectsSection", text="14‑205 Effect of look‑through earnout rights"
[parser-unknown-class] "TofSectsSection", text="14‑210 Whether an entity is a relevant foreign resident"
[parser-unknown-class] "TofSectsSection", text="14‑215 Excluded transactions"
[parser-unknown-class] "TofSectsSection", text="14‑220 Commissioner clearance certificates"
[parser-unknown-class] "TofSectsSection", text="14‑225 Entity declarations"
[parser-unknown-class] "TofSectsSection", text="14‑230 Administrative penalties for false or misleading declarations"
[parser-unknown-class] "TofSectsSection", text="14‑235 Varying amounts to be paid to the Commissioner"
[parser-unknown-class] "TofSectsHeading", text="Table of sections"
[parser-unknown-class] "TofSectsSection", text="14‑250 Recipients of certain taxable supplies of real property must pay amounts to Commissioner"
[parser-unknown-class] "TofSectsSection", text="14‑255 Notification by suppliers of residential premises etc."
[parser-unknown-class] "TofSectsHeading", text="Table of Subdivisions"
[parser-unknown-class] "TofSectsSubdiv", text="Guide to Division 15"
[parser-unknown-class] "TofSectsSubdiv", text="15‑A Working out how much to withhold"
[parser-unknown-class] "TofSectsSubdiv", text="15‑B Withholding schedules and regulations"
[parser-unknown-class] "TofSectsSubdiv", text="15‑C Declarations"
[parser-unknown-class] "TofSectsHeading", text="Table of sections"
[parser-unknown-class] "TofSectsSection", text="15‑10 How much to withhold"
[parser-unknown-class] "TofSectsSection", text="15‑15 Variation of amounts required to be withheld"
[parser-unknown-class] "TofSectsHeading", text="Table of sections"
[parser-unknown-class] "TofSectsSection", text="15‑25 Commissioner’s power to make withholding schedules"
[parser-unknown-class] "TofSectsSection", text="15‑30 Matters to be considered when making withholding schedules"
[parser-unknown-class] "TofSectsSection", text="15‑35 Regulations about withholding"
[parser-unknown-class] "TofSectsHeading", text="Table of sections"
[parser-unknown-class] "TofSectsSection", text="15‑50 Declarations"
[parser-unknown-class] "TofSectsHeading", text="Table of Subdivisions"
[parser-unknown-class] "TofSectsSubdiv", text="Guide to Division 16"
[parser-unknown-class] "TofSectsSubdiv", text="16‑A To withhold"
[parser-unknown-class] "TofSectsSubdiv", text="16‑B To pay withheld amounts to the Commissioner"
[parser-unknown-class] "TofSectsSubdiv", text="16‑BA To be registered"
[parser-unknown-class] "TofSectsSubdiv", text="16‑C To provide information"
[parser-unknown-class] "TofSectsSubdiv", text="16‑D Additional rights and obligations of entity that makes a payment"
[parser-unknown-class] "TofSectsHeading", text="Table of sections"
[parser-unknown-class] "TofSectsGroupHeading", text="When to withhold"
[parser-unknown-class] "TofSectsSection", text="16‑5 When to withhold an amount"
[parser-unknown-class] "TofSectsSection", text="16‑7 Treat entity obliged to pay under Subdivision 12A‑C as having withheld amount under Division 12"
[parser-unknown-class] "TofSectsSection", text="16‑20 Payer discharged from liability to recipient for amount withheld"
[parser-unknown-class] "TofSectsGroupHeading", text="Penalties for not withholding"
[parser-unknown-class] "TofSectsSection", text="16‑25 Failure to withhold: offence"
[parser-unknown-class] "TofSectsSection", text="16‑30 Failure to withhold: administrative penalty for entity other than exempt Australian governm..."
[parser-unknown-class] "TofSectsSection", text="16‑35 Failure to withhold: administrative penalty for exempt Australian government agency in rela..."
[parser-unknown-class] "TofSectsSection", text="16‑40 Failure to withhold: administrative penalty for exempt Australian government agency in rela..."
[parser-unknown-class] "TofSectsSection", text="16‑43 Failure to withhold: administrative penalty for exempt Australian government agency in rela..."
[parser-unknown-class] "TofSectsHeading", text="Table of sections"
[parser-unknown-class] "TofSectsGroupHeading", text="When and how to pay amounts to the Commissioner"
[parser-unknown-class] "TofSectsSection", text="16‑70 Entity to pay amounts to Commissioner"
[parser-unknown-class] "TofSectsSection", text="16‑75 When amounts must be paid to Commissioner"
[parser-unknown-class] "TofSectsSection", text="16‑80 Penalty for failure to pay within time"
[parser-unknown-class] "TofSectsSection", text="16‑85 How amounts are to be paid"
[parser-unknown-class] "TofSectsGroupHeading", text="Who is a large, medium or small withholder"
[parser-unknown-class] "TofSectsSection", text="16‑95 Meaning of large withholder"
[parser-unknown-class] "TofSectsSection", text="16‑100 Meaning of medium withholder"
[parser-unknown-class] "TofSectsSection", text="16‑105 Meaning of small withholder"
[parser-unknown-class] "TofSectsSection", text="16‑110 Commissioner may vary withholder’s status downwards"
[parser-unknown-class] "TofSectsSection", text="16‑115 Commissioner may vary withholder’s status upwards"
[parser-unknown-class] "TofSectsHeading", text="Table of sections"
[parser-unknown-class] "TofSectsGroupHeading", text="Registration of withholders"
[parser-unknown-class] "TofSectsSection", text="16‑140 Withholders must be registered"
[parser-unknown-class] "TofSectsSection", text="16‑141 Registration and cancellation"
[parser-unknown-class] "TofSectsGroupHeading", text="Branch registration"
[parser-unknown-class] "TofSectsSection", text="16‑142 Branches may be registered"
[parser-unknown-class] "TofSectsSection", text="16‑143 Separate amounts for entities and branches"
[parser-unknown-class] "TofSectsSection", text="16‑144 Cancellation of branch registration"
[parser-unknown-class] "TofSectsSection", text="16‑145 Effect on branches of cancelling the entity’s registration"
[parser-unknown-class] "TofSectsGroupHeading", text="Registration of employers of working holiday makers"
[parser-unknown-class] "TofSectsSection", text="16‑146 Employers of working holiday makers must be registered"
[parser-unknown-class] "TofSectsSection", text="16‑147 Registering employers of working holiday makers"
[parser-unknown-class] "TofSectsSection", text="16‑148 Cancelling the registration of employers of working holiday makers"
[parser-unknown-class] "TofSectsHeading", text="Table of sections"
[parser-unknown-class] "TofSectsGroupHeading", text="To the Commissioner"
[parser-unknown-class] "TofSectsSection", text="16‑150 Commissioner must be notified of amounts"
[parser-unknown-class] "TofSectsSection", text="16‑152 Annual reports—Withholding payments covered by section 12‑175"
[parser-unknown-class] "TofSectsSection", text="16‑153 Annual reports—other payments"
[parser-unknown-class] "TofSectsGroupHeading", text="To recipients of withholding payments"
[parser-unknown-class] "TofSectsSection", text="16‑155 Annual payment summary"
[parser-unknown-class] "TofSectsSection", text="16‑156 Annual payment summary for sections 12‑175 and 12‑180"
[parser-unknown-class] "TofSectsSection", text="16‑157 Payment summary for Subdivision 12‑H"
[parser-unknown-class] "TofSectsSection", text="16‑160 Part‑year payment summary"
[parser-unknown-class] "TofSectsSection", text="16‑165 Payment summaries for superannuation lump sums and payments for termination of employment"
[parser-unknown-class] "TofSectsSection", text="16‑166 Payment summary for a departing Australia superannuation payment"
[parser-unknown-class] "TofSectsSection", text="16‑167 Payment summary for payment to recipient who does not quote ABN"
[parser-unknown-class] "TofSectsSection", text="16‑170 Form and content of payment summary"
[parser-unknown-class] "TofSectsSection", text="16‑175 Penalty for not providing payment summary"
[parser-unknown-class] "TofSectsSection", text="16‑180 Commissioner may exempt entity from giving payment summary"
[parser-unknown-class] "TofSectsSection", text="16‑182 Definition of reportable employer superannuation contribution"
[parser-unknown-class] "TofSectsHeading", text="Table of sections"
[parser-unknown-class] "TofSectsSection", text="16‑195 Payer’s right to recover amounts of penalty: certain withholding taxes"
[parser-unknown-class] "TofSectsHeading", text="Table of Subdivisions"
[parser-unknown-class] "TofSectsSubdiv", text="18‑A Crediting withheld amounts"
[parser-unknown-class] "TofSectsSubdiv", text="18‑B Refund of certain withheld amounts"
[parser-unknown-class] "TofSectsSubdiv", text="18‑C Recipient’s obligations"
[parser-unknown-class] "TofSectsSubdiv", text="18‑D Directors etc. of non‑complying companies"
[parser-unknown-class] "TofSectsHeading", text="Table of sections"
[parser-unknown-class] "TofSectsGroupHeading", text="General exception"
[parser-unknown-class] "TofSectsSection", text="18‑5 No credit for refunded amount"
[parser-unknown-class] "TofSectsGroupHeading", text="Entitlement to credits: income tax liability"
[parser-unknown-class] "TofSectsSection", text="18‑10 Application of sections 18‑15, 18‑20 and 18‑25"
[parser-unknown-class] "TofSectsSection", text="18‑15 Tax credit for recipient of withholding payments"
[parser-unknown-class] "TofSectsSection", text="18‑20 Tax credit where recipient is a partnership"
[parser-unknown-class] "TofSectsSection", text="18‑25 Tax credit where recipient is a trust"
[parser-unknown-class] "TofSectsSection", text="18‑27 Tax credit for alienated personal services payments"
[parser-unknown-class] "TofSectsGroupHeading", text="Entitlement to credits: dividend, interest or royalty, amount attributable to fund payment or lab..."
[parser-unknown-class] "TofSectsSection", text="18‑30 Credit: dividend, interest or royalty"
[parser-unknown-class] "TofSectsSection", text="18‑32 Credit: amount attributable to fund payment"
[parser-unknown-class] "TofSectsSection", text="18‑33 Credit: labour mobility programs"
[parser-unknown-class] "TofSectsSection", text="18‑35 Credit: penalty under section 12‑415, 16‑30, 16‑35 or 16‑40 or related general interest charge"
[parser-unknown-class] "TofSectsSection", text="18‑40 Credit: liability under Part 4‑25"
[parser-unknown-class] "TofSectsGroupHeading", text="Entitlement to credit: departing Australia superannuation payment"
[parser-unknown-class] "TofSectsSection", text="18‑42 Credit—departing Australia superannuation payment"
[parser-unknown-class] "TofSectsGroupHeading", text="Entitlement to credit: mining payment"
[parser-unknown-class] "TofSectsSection", text="18‑45 Credit—mining payment"
[parser-unknown-class] "TofSectsGroupHeading", text="Entitlement to credit: Petroleum resource rent tax"
[parser-unknown-class] "TofSectsSection", text="18‑55 Credit—Natural resource payments"
[parser-unknown-class] "TofSectsGroupHeading", text="Entitlement to credit: taxable supply of real property"
[parser-unknown-class] "TofSectsSection", text="18‑60 Credit—payment relating to taxable supply of real property"
[parser-unknown-class] "TofSectsHeading", text="Table of sections"
[parser-unknown-class] "TofSectsSection", text="18‑65 Refund of withheld amounts by the payer to the recipient"
[parser-unknown-class] "TofSectsSection", text="18‑70 Refund of withheld amounts by the Commissioner to the recipient"
[parser-unknown-class] "TofSectsSection", text="18‑80 Refund by Commissioner of amount withheld from payment in respect of investment"
[parser-unknown-class] "TofSectsSection", text="18‑85 Refund by Commissioner of amount withheld from payment in respect of supply of real property"
[parser-unknown-class] "TofSectsHeading", text="Table of sections"
[parser-unknown-class] "TofSectsGroupHeading", text="Object of Subdivision"
[parser-unknown-class] "TofSectsSection", text="18‑120 Object of Subdivision"
[parser-unknown-class] "TofSectsGroupHeading", text="PAYG withholding non‑compliance tax"
[parser-unknown-class] "TofSectsSection", text="18‑125 Directors of non‑complying companies"
[parser-unknown-class] "TofSectsSection", text="18‑130 Directors of non‑complying companies—tax reduced in certain circumstances"
[parser-unknown-class] "TofSectsSection", text="18‑135 Associates of directors of non‑complying companies"
[parser-unknown-class] "TofSectsSection", text="18‑140 Notices"
[parser-unknown-class] "TofSectsSection", text="18‑145 When PAYG withholding non‑compliance tax must be paid"
[parser-unknown-class] "TofSectsSection", text="18‑150 General interest charge payable on unpaid PAYG withholding non‑compliance tax"
[parser-unknown-class] "TofSectsSection", text="18‑155 Validity of decisions and evidence"
[parser-unknown-class] "TofSectsSection", text="18‑160 Rights of indemnity and contribution"
[parser-unknown-class] "TofSectsGroupHeading", text="Credits for later compliance"
[parser-unknown-class] "TofSectsSection", text="18‑165 Credits for later compliance—scope"
[parser-unknown-class] "TofSectsSection", text="18‑170 Credits for later compliance—Commissioner must give notice in certain circumstances"
[parser-unknown-class] "TofSectsSection", text="18‑175 Credits for later compliance—Commissioner may give notice"
[parser-unknown-class] "TofSectsSection", text="18‑180 Effect of earlier credits"
[parser-unknown-class] "TofSectsGroupHeading", text="Other provisions"
[parser-unknown-class] "TofSectsSection", text="18‑185 When Commissioner may give notice"
[parser-unknown-class] "TofSectsSection", text="18‑190 Review of decisions"
[parser-unknown-class] "TofSectsHeading", text="Table of Subdivisions"
[parser-unknown-class] "TofSectsSubdiv", text="20‑B Offences"
[parser-unknown-class] "TofSectsSubdiv", text="20‑D Review of decisions"
[parser-unknown-class] "TofSectsHeading", text="Table of sections"
[parser-unknown-class] "TofSectsSection", text="20‑35 Offences"
[parser-unknown-class] "TofSectsSection", text="20‑40 Joining of charges"
[parser-unknown-class] "TofSectsSection", text="20‑45 Offences that would otherwise be committed by a partnership or unincorporated company"
[parser-unknown-class] "TofSectsHeading", text="Table of Subdivisions"
[parser-unknown-class] "TofSectsSubdiv", text="Guide to Division 21"
[parser-unknown-class] "TofSectsSubdiv", text="21‑A Treatment of some payments by APRA"
[parser-unknown-class] "TofSectsHeading", text="Table of sections"
[parser-unknown-class] "TofSectsSection", text="21‑5 APRA treated like ADI or general insurance company"
[parser-unknown-class] "TofSectsHeading", text="Table of Subdivisions"
[parser-unknown-class] "TofSectsSubdiv", text="Guide to Division 45"
[parser-unknown-class] "TofSectsSubdiv", text="45‑A Basic rules"
[parser-unknown-class] "TofSectsSubdiv", text="45‑B When instalments are due"
[parser-unknown-class] "TofSectsSubdiv", text="45‑C Working out instalment amounts"
[parser-unknown-class] "TofSectsSubdiv", text="45‑D Quarterly payers"
[parser-unknown-class] "TofSectsSubdiv", text="45‑DA Monthly payers"
[parser-unknown-class] "TofSectsSubdiv", text="45‑E Annual payers"
[parser-unknown-class] "TofSectsSubdiv", text="45‑F Varying the instalment rate for quarterly payers who pay on the basis of instalment income"
[parser-unknown-class] "TofSectsSubdiv", text="45‑G General interest charge payable in certain cases if instalments are too low"
[parser-unknown-class] "TofSectsSubdiv", text="45‑H Partnership income"
[parser-unknown-class] "TofSectsSubdiv", text="45‑I Trust income included in instalment income of beneficiary"
[parser-unknown-class] "TofSectsSubdiv", text="45‑J How Commissioner works out your instalment rate and notional tax"
[parser-unknown-class] "TofSectsSubdiv", text="45‑K How Commissioner works out your benchmark instalment rate and benchmark tax"
[parser-unknown-class] "TofSectsSubdiv", text="45‑L How Commissioner works out amount of quarterly instalment on basis of GDP‑adjusted notional tax"
[parser-unknown-class] "TofSectsSubdiv", text="45‑M How amount of quarterly instalment is worked out on basis of your estimate of your benchmark..."
[parser-unknown-class] "TofSectsSubdiv", text="45‑N How this Part applies to the trustee of a trust"
[parser-unknown-class] "TofSectsSubdiv", text="45‑P Anti‑avoidance rules"
[parser-unknown-class] "TofSectsSubdiv", text="45‑Q General rules for consolidated groups"
[parser-unknown-class] "TofSectsSubdiv", text="45‑R Special rules for consolidated groups"
[parser-unknown-class] "TofSectsSubdiv", text="45‑S MEC groups"
[parser-unknown-class] "TofSectsHeading", text="Table of sections"
[parser-unknown-class] "TofSectsSection", text="45‑5 Object of this Part"
[parser-unknown-class] "TofSectsSection", text="45‑10 Application of Part"
[parser-unknown-class] "TofSectsSection", text="45‑15 Liability for instalments"
[parser-unknown-class] "TofSectsSection", text="45‑20 Information to be given to the Commissioner by certain payers"
[parser-unknown-class] "TofSectsSection", text="45‑25 Penalty for failure to notify Commissioner"
[parser-unknown-class] "TofSectsSection", text="45‑30 Credit for instalments payable"
[parser-unknown-class] "TofSectsHeading", text="Table of sections"
[parser-unknown-class] "TofSectsSection", text="45‑50 Liability to pay instalments"
[parser-unknown-class] "TofSectsSection", text="45‑60 Meaning of instalment quarter"
[parser-unknown-class] "TofSectsSection", text="45‑61 When quarterly instalments are due—payers of quarterly instalments"
[parser-unknown-class] "TofSectsSection", text="45‑65 Meaning of instalment month"
[parser-unknown-class] "TofSectsSection", text="45‑67 When monthly instalments are due—payers of monthly instalments"
[parser-unknown-class] "TofSectsSection", text="45‑70 When annual instalments are due"
[parser-unknown-class] "TofSectsSection", text="45‑72 Means of payment of instalment"
[parser-unknown-class] "TofSectsSection", text="45‑75 Instalments recoverable in same way as income tax"
[parser-unknown-class] "TofSectsSection", text="45‑80 General interest charge on late payment"
[parser-unknown-class] "TofSectsSection", text="45‑90 Commissioner may withdraw instalment rate"
[parser-unknown-class] "TofSectsHeading", text="Table of sections"
[parser-unknown-class] "TofSectsSection", text="45‑110 How to work out amount of quarterly instalment on instalment income basis"
[parser-unknown-class] "TofSectsSection", text="45‑112 Amount of instalment for quarterly payer who pays on basis of GDP‑adjusted notional tax"
[parser-unknown-class] "TofSectsSection", text="45‑114 How to work out amount of monthly instalment"
[parser-unknown-class] "TofSectsSection", text="45‑115 How to work out amount of annual instalment"
[parser-unknown-class] "TofSectsSection", text="45‑120 Meaning of instalment income"
[parser-unknown-class] "TofSectsHeading", text="Table of sections"
[parser-unknown-class] "TofSectsSection", text="45‑125 Quarterly payer who pays instalments on the basis of instalment income"
[parser-unknown-class] "TofSectsSection", text="45‑130 Quarterly payer who pays on the basis of GDP‑adjusted notional tax"
[parser-unknown-class] "TofSectsSection", text="45‑132 Quarterly payer who pays 4 instalments annually on the basis of GDP‑adjusted notional tax"
[parser-unknown-class] "TofSectsSection", text="45‑134 Quarterly payer who pays 2 instalments annually on the basis of GDP‑adjusted notional tax"
[parser-unknown-class] "TofSectsHeading", text="Table of sections"
[parser-unknown-class] "TofSectsSection", text="45‑136 Monthly payer"
[parser-unknown-class] "TofSectsSection", text="45‑138 Monthly payer requirement"
[parser-unknown-class] "TofSectsHeading", text="Table of sections"
[parser-unknown-class] "TofSectsGroupHeading", text="When you start and stop being an annual payer"
[parser-unknown-class] "TofSectsSection", text="45‑140 Choosing to pay annual instalments"
[parser-unknown-class] "TofSectsSection", text="45‑145 Meaning of instalment group"
[parser-unknown-class] "TofSectsSection", text="45‑150 Entity stops being annual payer if involved with GST registration or instalment group"
[parser-unknown-class] "TofSectsSection", text="45‑155 Entity stops being annual payer if notional tax is $8,000 or more, or entity chooses to pa..."
[parser-unknown-class] "TofSectsSection", text="45‑160 Head company of a consolidated group stops being annual payer"
[parser-unknown-class] "TofSectsHeading", text="Table of sections"
[parser-unknown-class] "TofSectsSection", text="45‑200 Application"
[parser-unknown-class] "TofSectsSection", text="45‑205 Choosing a varied instalment rate"
[parser-unknown-class] "TofSectsSection", text="45‑210 Notifying Commissioner of varied instalment rate"
[parser-unknown-class] "TofSectsSection", text="45‑215 Credit on using varied rate in certain cases"
[parser-unknown-class] "BoxStep", text="Step 1. Add up the instalments you are liable to pay for the earlier *instalment quarters in the ..."
[parser-unknown-class] "BoxStep", text="Step 2. Subtract from the step 1 amount each earlier credit that you have claimed under this sect..."
[parser-unknown-class] "BoxStep", text="Step 3. Multiply the total of your *instalment income for those earlier *instalment quarters by t..."
[parser-unknown-class] "BoxStep", text="Step 4. Subtract the step 3 amount from the step 2 amount."
[parser-unknown-class] "BoxStep", text="Step 5. If the result is a positive amount, it is the amount of the credit you can claim."
[parser-unknown-class] "TofSectsHeading", text="Table of sections"
[parser-unknown-class] "TofSectsSection", text="45‑225 Effect of Subdivision in relation to monthly payers"
[parser-unknown-class] "TofSectsSection", text="45‑230 Liability to GIC on shortfall in quarterly instalment worked out on the basis of varied rate"
[parser-unknown-class] "TofSectsSection", text="45‑232 Liability to GIC on shortfall in quarterly instalment worked out on the basis of estimated..."
[parser-unknown-class] "TofSectsSection", text="45‑233 Reduction in GIC liability under section 45‑232 if shortfall is made up in later instalment"
[parser-unknown-class] "TofSectsSection", text="45‑235 Liability to GIC on shortfall in annual instalment"
[parser-unknown-class] "TofSectsSection", text="45‑240 Commissioner may remit general interest charge"
[parser-unknown-class] "TofSectsHeading", text="Table of sections"
[parser-unknown-class] "TofSectsSection", text="45‑280 Instalment income for a period in which you are a beneficiary of a trust"
[parser-unknown-class] "TofSectsSection", text="45‑285 Instalment income includes distributions by certain resident unit trusts"
[parser-unknown-class] "TofSectsSection", text="45‑286 Instalment income includes distributions by certain managed investment trusts"
[parser-unknown-class] "TofSectsSection", text="45‑287 When trusts are disqualified due to concentrated ownership"
[parser-unknown-class] "TofSectsSection", text="45‑288 Resident investment trusts for beneficiaries who are absolutely entitled"
[parser-unknown-class] "TofSectsSection", text="45‑290 Exceptions to exclusion of trust capital gains from beneficiary’s instalment income"
[parser-unknown-class] "TofSectsHeading", text="Table of sections"
[parser-unknown-class] "TofSectsSection", text="45‑320 Working out instalment rate"
[parser-unknown-class] "TofSectsSection", text="45‑325 Working out your notional tax"
[parser-unknown-class] "TofSectsSection", text="45‑330 Working out your adjusted taxable income"
[parser-unknown-class] "TofSectsSection", text="45‑335 Working out your adjusted withholding income"
[parser-unknown-class] "TofSectsSection", text="45‑340 Adjusted tax on adjusted taxable income or on adjusted withholding income"
[parser-unknown-class] "BoxStep", text="Step 1. Recalculate the taxable income of the *ordinary class for the *base assessment on the bas..."
[parser-unknown-class] "BoxStep", text="Step 2. Add to the step 1 result the deductions for *tax losses of the *ordinary class that were ..."
[parser-unknown-class] "BoxStep", text="Step 3. Reduce the step 2 result by the lesser of the following amounts:"
[parser-unknown-class] "BoxStep", text="Step 4. Add to the step 3 result the taxable income of the *complying superannuation class for th..."
[parser-unknown-class] "BoxStep", text="Step 5. Add to the step 4 result the deductions for *tax losses of the *complying superannuation ..."
[parser-unknown-class] "BoxStep", text="Step 6. Reduce the step 5 result by the lesser of the following amounts:"
[parser-unknown-class] "BoxStep", text="The result of this step is the adjusted taxable income of the company for the *base year."
[parser-unknown-class] "BoxStep", text="Step 1. The income tax payable on your *adjusted taxable income, or on your *adjusted withholding..."
[parser-unknown-class] "BoxStep", text="Step 2. The *Medicare levy payable on your *adjusted taxable income, or on your *adjusted withhol..."
[parser-unknown-class] "BoxStep", text="Step 3. The amount (if any) that you would have been liable to pay for the *base year in respect ..."
[parser-unknown-class] "BoxStep", text="Step 3AAA. The amount (if any) that you would have been liable to pay for the *base year in respe..."
[parser-unknown-class] "BoxStep", text="Step 3AA. The amount (if any) that you would have been liable to pay for the *base year in respec..."
[parser-unknown-class] "BoxStep", text="Step 3AB. The amount (if any) that you would have been liable to pay for the *base year in respec..."
[parser-unknown-class] "BoxStep", text="Step 3AC. The amount (if any) that you would have been liable to pay for the *base year in respec..."
[parser-unknown-class] "BoxStep", text="Step 3A. The amount (if any) that you would have been liable to pay for the *base year by way of ..."
[parser-unknown-class] "BoxStep", text="Step 4. The results of steps 1, 2, 3, 3AAA, 3AA, 3AB, 3AC and 3A are added together. The result i..."
[parser-unknown-class] "TofSectsHeading", text="Table of sections"
[parser-unknown-class] "TofSectsSection", text="45‑355 When Commissioner works out benchmark instalment rate and benchmark tax"
[parser-unknown-class] "TofSectsSection", text="45‑360 How Commissioner works out benchmark instalment rate"
[parser-unknown-class] "TofSectsSection", text="45‑365 Working out your benchmark tax"
[parser-unknown-class] "TofSectsSection", text="45‑370 Working out your adjusted assessed taxable income for the variation year"
[parser-unknown-class] "TofSectsSection", text="45‑375 Adjusted assessed tax on adjusted assessed taxable income"
[parser-unknown-class] "BoxStep", text="Step 1. Recalculate the *ordinary class of the taxable income for the variation year on the basis..."
[parser-unknown-class] "BoxStep", text="Step 2. Add to the step 1 result the *complying superannuation class of the taxable income for th..."
[parser-unknown-class] "BoxStep", text="Step 1. The income tax payable on your *adjusted assessed taxable income for the variation year i..."
[parser-unknown-class] "BoxStep", text="Step 2. The *Medicare levy payable on your *adjusted assessed taxable income for the variation ye..."
[parser-unknown-class] "BoxStep", text="Step 3. The amount (if any) that you would have been liable to pay for the variation year in resp..."
[parser-unknown-class] "BoxStep", text="Step 3AAA. The amount (if any) that you would have been liable to pay for the variation year in r..."
[parser-unknown-class] "BoxStep", text="Step 3AA. The amount (if any) that you would have been liable to pay for the variation year in re..."
[parser-unknown-class] "BoxStep", text="Step 3AB. The amount (if any) that you would have been liable to pay for the variation year in re..."
[parser-unknown-class] "BoxStep", text="Step 3AC. The amount (if any) that you would have been liable to pay for the variation year in re..."
[parser-unknown-class] "BoxStep", text="Step 3A. The amount (if any) that you would have been liable to pay for the variation year by way..."
[parser-unknown-class] "BoxStep", text="Step 4. The results of steps 1, 2, 3, 3AAA, 3AA, 3AB, 3AC and 3A are added together. The result i..."
[parser-unknown-class] "TofSectsHeading", text="Table of sections"
[parser-unknown-class] "TofSectsSection", text="45‑400 Working out amount of instalment—payers of 4 quarterly instalments"
[parser-unknown-class] "TofSectsSection", text="45‑402 Working out amount of instalment—payers of 2 quarterly instalments"
[parser-unknown-class] "TofSectsSection", text="45‑405 Working out your GDP‑adjusted notional tax"
[parser-unknown-class] "TofSectsHeading", text="Table of sections"
[parser-unknown-class] "TofSectsSection", text="45‑410 Working out amount of instalment—payers of 4 quarterly instalments"
[parser-unknown-class] "TofSectsSection", text="45‑412 Working out amount of instalment—payers of 2 quarterly instalments"
[parser-unknown-class] "TofSectsSection", text="45‑415 Estimating your benchmark tax"
[parser-unknown-class] "TofSectsSection", text="45‑420 Credit in certain cases where amount of instalment is nil"
[parser-unknown-class] "BoxStep", text="Step 1. The total of your instalments under section 45‑112 for earlier *instalment quarters in th..."
[parser-unknown-class] "BoxStep", text="Step 2. If you were entitled to claim a credit under section 45‑420 for the second of those earli..."
[parser-unknown-class] "BoxStep", text="Step 1. The total of your instalments under section 45‑112 for earlier *instalment quarters in th..."
[parser-unknown-class] "BoxStep", text="Step 2. For each credit that you were entitled to claim under section 45‑420 for any of those ear..."
[parser-unknown-class] "TofSectsHeading", text="Table of sections"
[parser-unknown-class] "TofSectsGroupHeading", text="Trustees to whom this Part applies"
[parser-unknown-class] "TofSectsSection", text="45‑450 Trustees to whom a single instalment rate is given"
[parser-unknown-class] "TofSectsSection", text="45‑455 Trustees to whom several instalment rates are given"
[parser-unknown-class] "TofSectsSection", text="45‑460 Rest of Subdivision applies only to multi‑rate trustees"
[parser-unknown-class] "TofSectsSection", text="45‑465 Meaning of instalment income"
[parser-unknown-class] "TofSectsSection", text="45‑468 Multi‑rate trustee may pay quarterly instalments"
[parser-unknown-class] "TofSectsGroupHeading", text="How Commissioner works out instalment rate and notional tax for a multi‑rate trustee"
[parser-unknown-class] "TofSectsSection", text="45‑470 Working out instalment rate"
[parser-unknown-class] "TofSectsSection", text="45‑473 Commissioner must notify you of notional tax"
[parser-unknown-class] "TofSectsSection", text="45‑475 Working out your notional tax"
[parser-unknown-class] "TofSectsSection", text="45‑480 Working out your adjusted taxable income"
[parser-unknown-class] "TofSectsSection", text="45‑483 Meaning of reduced beneficiary’s share and reduced no beneficiary’s share"
[parser-unknown-class] "TofSectsSection", text="45‑485 Working out your adjusted withholding income"
[parser-unknown-class] "TofSectsGroupHeading", text="How Commissioner works out benchmark instalment rate and benchmark tax for a multi‑rate trustee"
[parser-unknown-class] "TofSectsSection", text="45‑525 When Commissioner works out benchmark instalment rate and benchmark tax"
[parser-unknown-class] "TofSectsSection", text="45‑530 How Commissioner works out benchmark instalment rate"
[parser-unknown-class] "TofSectsSection", text="45‑535 Working out your benchmark tax"
[parser-unknown-class] "TofSectsHeading", text="Table of sections"
[parser-unknown-class] "TofSectsSection", text="45‑595 Object of this Subdivision"
[parser-unknown-class] "TofSectsSection", text="45‑597 Effect of Subdivision in relation to instalment months"
[parser-unknown-class] "TofSectsSection", text="45‑600 General interest charge on tax benefit relating to instalments"
[parser-unknown-class] "TofSectsSection", text="45‑605 When do you get a tax benefit from a scheme?"
[parser-unknown-class] "TofSectsSection", text="45‑610 What is your tax position for an income year?"
[parser-unknown-class] "TofSectsSection", text="45‑615 What is your hypothetical tax position for an income year?"
[parser-unknown-class] "TofSectsSection", text="45‑620 Amount on which GIC is payable, and period for which it is payable"
[parser-unknown-class] "TofSectsSection", text="45‑625 Credit if you also got a tax detriment from the scheme"
[parser-unknown-class] "TofSectsSection", text="45‑630 When do you get a tax detriment from a scheme?"
[parser-unknown-class] "TofSectsSection", text="45‑635 No tax benefit or detriment results from choice for which income tax law expressly provides"
[parser-unknown-class] "TofSectsSection", text="45‑640 Commissioner may remit general interest charge in special cases"
[parser-unknown-class] "TofSectsHeading", text="Table of sections"
[parser-unknown-class] "TofSectsGroupHeading", text="Application of Subdivision"
[parser-unknown-class] "TofSectsSection", text="45‑703 Effect of this Subdivision and Subdivision 45‑R in relation to monthly payers"
[parser-unknown-class] "TofSectsSection", text="45‑705 Application of Subdivision to head company"
[parser-unknown-class] "TofSectsGroupHeading", text="Usual operation of this Part for consolidated group members"
[parser-unknown-class] "TofSectsSection", text="45‑710 Single entity rule"
[parser-unknown-class] "TofSectsSection", text="45‑715 When instalments are due—modification of section 45‑61"
[parser-unknown-class] "TofSectsSection", text="45‑720 Head company cannot be an annual payer—modification of section 45‑140"
[parser-unknown-class] "TofSectsGroupHeading", text="Membership changes"
[parser-unknown-class] "TofSectsSection", text="45‑740 Change of head company"
[parser-unknown-class] "TofSectsSection", text="45‑755 Entry rule (for an entity that becomes a subsidiary member of a consolidated group)"
[parser-unknown-class] "TofSectsSection", text="45‑760 Exit rule (for an entity that ceases to be a subsidiary member of a consolidated group)"
[parser-unknown-class] "TofSectsSection", text="45‑775 Commissioner’s power to work out different instalment rate or GDP‑adjusted notional tax"
[parser-unknown-class] "TofSectsHeading", text="Table of sections"
[parser-unknown-class] "TofSectsGroupHeading", text="Operative provisions"
[parser-unknown-class] "TofSectsSection", text="45‑855 Section 701‑1 disregarded for certain purposes"
[parser-unknown-class] "TofSectsSection", text="45‑860 Member having a different instalment period"
[parser-unknown-class] "TofSectsSection", text="45‑865 Credit rule"
[parser-unknown-class] "TofSectsSection", text="45‑870 Head company’s liability to GIC on shortfall in quarterly instalment"
[parser-unknown-class] "TofSectsSection", text="45‑875 Other rules about the general interest charge"
[parser-unknown-class] "TofSectsSection", text="45‑880 Continued application of Subdivision 45‑Q to the head company of an acquired group"
[parser-unknown-class] "TofSectsSection", text="45‑885 Early application of Subdivision 45‑Q to the head company of a new group"
[parser-unknown-class] "BoxStep", text="Step 1. Work out the amount that is 1/4 of the *benchmark tax of the *head company for that *cons..."
[parser-unknown-class] "BoxStep", text="Step 2. Work out the sum of instalments that would have been payable by all the *members of the g..."
[parser-unknown-class] "BoxStep", text="Step 3. Work out the sum of instalments payable by all the *members of the group for that *instal..."
[parser-unknown-class] "BoxStep", text="Step 4. Reduce the lesser of the results of steps 1 and 2 by the result of step 3. The result of ..."
[parser-unknown-class] "TofSectsHeading", text="Table of sections"
[parser-unknown-class] "TofSectsGroupHeading", text="Preliminary"
[parser-unknown-class] "TofSectsSection", text="45‑905 Objects of Subdivision"
[parser-unknown-class] "TofSectsGroupHeading", text="General modification rules"
[parser-unknown-class] "TofSectsSection", text="45‑910 Extended operation of Part to cover MEC groups"
[parser-unknown-class] "TofSectsGroupHeading", text="Extended operation of Subdivision 45‑Q"
[parser-unknown-class] "TofSectsSection", text="45‑913 Sections 45‑705 and 45‑740 do not apply to members of MEC groups"
[parser-unknown-class] "TofSectsSection", text="45‑915 Application of Subdivision 45‑Q to provisional head company"
[parser-unknown-class] "TofSectsSection", text="45‑917 Assumption for applying section 45‑710 (single entity rule)"
[parser-unknown-class] "TofSectsSection", text="45‑920 Change of provisional head company"
[parser-unknown-class] "TofSectsSection", text="45‑922 Life insurance company"
[parser-unknown-class] "TofSectsGroupHeading", text="Extended operation of Subdivision 45‑R"
[parser-unknown-class] "TofSectsSection", text="45‑925 Additional modifications of sections 45‑855 and 45‑860"
[parser-unknown-class] "TofSectsSection", text="45‑930 Modifications of sections 45‑865 and 45‑870 and a related provision"
[parser-unknown-class] "TofSectsSection", text="45‑935 Additional modifications of section 45‑885"
[parser-unknown-class] "TofSectsHeading", text="Table of Subdivisions"
[parser-unknown-class] "TofSectsSubdiv", text="Guide to Division 70"
[parser-unknown-class] "TofSectsSubdiv", text="70‑A Tax receipts"
[parser-unknown-class] "TofSectsHeading", text="Table of sections"
[parser-unknown-class] "TofSectsSection", text="70‑5 Tax receipt to be provided to certain individual taxpayers"
[parser-unknown-class] "TofSectsHeading", text="Table of Subdivisions"
[parser-unknown-class] "TofSectsSubdiv", text="90‑A Treatment like income tax"
[parser-unknown-class] "TofSectsHeading", text="Table of sections"
[parser-unknown-class] "TofSectsSection", text="90‑1 Laws apply in relation to Medicare levy and Medicare levy surcharge as they apply in relatio..."
[parser-unknown-class] "TofSectsHeading", text="Table of Subdivisions"
[parser-unknown-class] "TofSectsSubdiv", text="97‑A Excess concessional contributions determinations"
[parser-unknown-class] "TofSectsSubdiv", text="97‑B Excess non‑concessional contributions determinations"
[parser-unknown-class] "TofSectsHeading", text="Table of sections"
[parser-unknown-class] "TofSectsGroupHeading", text="Operative provisions"
[parser-unknown-class] "TofSectsSection", text="97‑5 Determination of excess concessional contributions"
[parser-unknown-class] "TofSectsSection", text="97‑10 Review"
[parser-unknown-class] "TofSectsHeading", text="Table of sections"
[parser-unknown-class] "TofSectsGroupHeading", text="Operative provisions"
[parser-unknown-class] "TofSectsSection", text="97‑25 Excess non‑concessional contributions determinations"
[parser-unknown-class] "TofSectsSection", text="97‑30 Associated earnings"
[parser-unknown-class] "TofSectsSection", text="97‑35 Review"
[parser-unknown-class] "TofSectsHeading", text="Table of Subdivisions"
[parser-unknown-class] "TofSectsSubdiv", text="Guide to Division 105"
[parser-unknown-class] "TofSectsSubdiv", text="105‑D General interest charge and penalties"
[parser-unknown-class] "TofSectsSubdiv", text="105‑F Indirect tax refund schemes"
[parser-unknown-class] "TofSectsSubdiv", text="105‑G Other administrative provisions"
[parser-unknown-class] "SOBulletNote", text="Note 1: Administration rules relevant to particular indirect tax laws are in Divisions 110, 111 a..."
[parser-unknown-class] "SOBulletNote", text="Note 2: For assessment of assessable amounts under indirect tax laws, see Division 155."
[parser-unknown-class] "TofSectsHeading", text="Table of sections"
[parser-unknown-class] "TofSectsSection", text="105‑80 General interest charge"
[parser-unknown-class] "TofSectsSection", text="105‑85 Amending Acts cannot impose penalties or general interest charge earlier than 28 days afte..."
[parser-unknown-class] "TofSectsHeading", text="Table of sections"
[parser-unknown-class] "TofSectsSection", text="105‑120 Refund scheme—defence related international obligations"
[parser-unknown-class] "TofSectsSection", text="105‑125 Refund scheme—international obligations"
[parser-unknown-class] "TofSectsHeading", text="Table of sections"
[parser-unknown-class] "TofSectsSection", text="105‑145 Commissioner must give things in writing"
[parser-unknown-class] "TofSectsHeading", text="Table of Subdivisions"
[parser-unknown-class] "TofSectsSubdiv", text="Guide to Division 110"
[parser-unknown-class] "TofSectsSubdiv", text="110‑F Review of GST decisions"
[parser-unknown-class] "TofSectsHeading", text="Table of sections"
[parser-unknown-class] "TofSectsSection", text="110‑50 Reviewable GST decisions"
[parser-unknown-class] "TofSectsHeading", text="Table of Subdivisions"
[parser-unknown-class] "TofSectsSubdiv", text="Guide to Division 111"
[parser-unknown-class] "TofSectsSubdiv", text="111‑C Review of wine tax decisions"
[parser-unknown-class] "TofSectsSubdiv", text="111‑D Effect on contracts from amendments to laws"
[parser-unknown-class] "TofSectsHeading", text="Table of sections"
[parser-unknown-class] "TofSectsSection", text="111‑50 Reviewable wine tax decisions"
[parser-unknown-class] "TofSectsHeading", text="Table of sections"
[parser-unknown-class] "TofSectsSection", text="111‑60 Alteration of contracts if cost of complying with agreement is affected by later alteratio..."
[parser-unknown-class] "TofSectsHeading", text="Table of Subdivisions"
[parser-unknown-class] "TofSectsSubdiv", text="Guide to Division 112"
[parser-unknown-class] "TofSectsSubdiv", text="112‑E Review of fuel tax decisions"
[parser-unknown-class] "TofSectsHeading", text="Table of sections"
[parser-unknown-class] "TofSectsSection", text="112‑50 Reviewable fuel tax decisions"
[parser-unknown-class] "TofSectsHeading", text="Table of sections"
[parser-unknown-class] "TofSectsSection", text="115‑5 Returns"
[parser-unknown-class] "TofSectsSection", text="115‑10 When major bank levy is due and payable"
[parser-unknown-class] "TofSectsHeading", text="Table of Subdivisions"
[parser-unknown-class] "TofSectsSubdiv", text="Guide to Division 117"
[parser-unknown-class] "TofSectsSubdiv", text="117‑A Application of this Division"
[parser-unknown-class] "TofSectsSubdiv", text="117‑B Commissioner may negate effects of schemes for MBL benefits"
[parser-unknown-class] "TofSectsHeading", text="Table of sections"
[parser-unknown-class] "TofSectsSection", text="117‑5 Object of this Division"
[parser-unknown-class] "TofSectsSection", text="117‑10 Application of this Division"
[parser-unknown-class] "TofSectsSection", text="117‑15 Meaning of MBL benefit"
[parser-unknown-class] "TofSectsSection", text="117‑20 Matters to be considered in determining purpose"
[parser-unknown-class] "TofSectsHeading", text="Table of sections"
[parser-unknown-class] "TofSectsSection", text="117‑25 Commissioner may negate entity’s MBL benefits"
[parser-unknown-class] "TofSectsSection", text="117‑30 Determination has effect according to its terms"
[parser-unknown-class] "TofSectsSection", text="117‑35 Commissioner may disregard scheme in making determinations"
[parser-unknown-class] "TofSectsSection", text="117‑40 One determination may cover several quarters etc."
[parser-unknown-class] "TofSectsSection", text="117‑45 Commissioner must give copy of determination to entity affected"
[parser-unknown-class] "TofSectsSection", text="117‑50 Objections"
[parser-unknown-class] "TofSectsHeading", text="Table of sections"
[parser-unknown-class] "TofSectsGroupHeading", text="Operative provisions"
[parser-unknown-class] "TofSectsSection", text="125‑5 Returns"
[parser-unknown-class] "TofSectsSection", text="125‑10 When Laminaria and Corallina decommissioning levy and related charges are due and payable"
[parser-unknown-class] "TofSectsSection", text="125‑15 Assessments of Laminaria and Corallina decommissioning levy"
[parser-unknown-class] "TofSectsHeading", text="Table of Subdivisions"
[parser-unknown-class] "TofSectsSubdiv", text="Guide to Division 127"
[parser-unknown-class] "TofSectsSubdiv", text="127‑A Returns"
[parser-unknown-class] "TofSectsSubdiv", text="127‑B When taxes are due and payable etc."
[parser-unknown-class] "TofSectsSubdiv", text="127‑C GloBE Excluded Entities"
[parser-unknown-class] "TofSectsHeading", text="Table of sections"
[parser-unknown-class] "TofSectsGroupHeading", text="GloBE Information Returns"
[parser-unknown-class] "TofSectsSection", text="127‑5 GloBE Information Returns"
[parser-unknown-class] "TofSectsSection", text="127‑10 GloBE Information Returns given by Designated Local Entities"
[parser-unknown-class] "TofSectsSection", text="127‑15 Meaning of Designated Local Entity"
[parser-unknown-class] "TofSectsSection", text="127‑20 GloBE Information Returns given to foreign government agencies"
[parser-unknown-class] "TofSectsSection", text="127‑25 Meaning of Designated Filing Entity"
[parser-unknown-class] "TofSectsSection", text="127‑30 GloBE Information Returns given to foreign government agencies—notification requirement"
[parser-unknown-class] "TofSectsGroupHeading", text="Australian IIR/UTPR tax returns"
[parser-unknown-class] "TofSectsSection", text="127‑35 Australian IIR/UTPR tax returns"
[parser-unknown-class] "TofSectsSection", text="127‑40 Australian IIR/UTPR tax returns given by Designated Local Entities"
[parser-unknown-class] "TofSectsGroupHeading", text="Australian DMT tax returns"
[parser-unknown-class] "TofSectsSection", text="127‑45 Australian DMT tax returns"
[parser-unknown-class] "TofSectsSection", text="127‑50 Australian DMT tax returns given by Designated Local Entities"
[parser-unknown-class] "TofSectsSection", text="127‑55 GloBE Joint Ventures and GloBE JV Subsidiaries"
[parser-unknown-class] "TofSectsGroupHeading", text="Other provisions"
[parser-unknown-class] "TofSectsSection", text="127‑60 When returns must be given"
[parser-unknown-class] "TofSectsSection", text="127‑65 GloBE Main Entities and GloBE Permanent Establishments"
[parser-unknown-class] "TofSectsHeading", text="Table of sections"
[parser-unknown-class] "TofSectsGroupHeading", text="Operative provisions"
[parser-unknown-class] "TofSectsSection", text="127‑70 When Australian IIR/UTPR tax and Australian DMT tax and related charges are due and payable"
[parser-unknown-class] "TofSectsSection", text="127‑75 Assessments of Australian IIR/UTPR tax and Australian DMT tax"
[parser-unknown-class] "TofSectsHeading", text="Table of sections"
[parser-unknown-class] "TofSectsGroupHeading", text="Operative provisions"
[parser-unknown-class] "TofSectsSection", text="127‑80 Provisions do not apply to GloBE Excluded Entities"
[parser-unknown-class] "TofSectsHeading", text="Table of Subdivisions"
[parser-unknown-class] "TofSectsSubdiv", text="Guide to Division 128"
[parser-unknown-class] "TofSectsSubdiv", text="128‑A Additional liability of Entities in Group or JV Group"
[parser-unknown-class] "TofSectsSubdiv", text="128‑B Extended application to certain types of entity"
[parser-unknown-class] "TofSectsSubdiv", text="128‑C GloBE Excluded Entities"
[parser-unknown-class] "TofSectsHeading", text="Table of sections"
[parser-unknown-class] "TofSectsSection", text="128‑5 Additional liability of Group Entities of Applicable MNE Group"
[parser-unknown-class] "TofSectsSection", text="128‑10 Additional liability of Entities in a JV Group"
[parser-unknown-class] "TofSectsHeading", text="Table of sections"
[parser-unknown-class] "TofSectsSection", text="128‑15 Trusts"
[parser-unknown-class] "TofSectsSection", text="128‑20 Partnerships"
[parser-unknown-class] "TofSectsSection", text="128‑25 Unincorporated GloBE Joint Ventures, etc. and certain unincorporated Group Entities"
[parser-unknown-class] "TofSectsHeading", text="Table of sections"
[parser-unknown-class] "TofSectsGroupHeading", text="Operative provisions"
[parser-unknown-class] "TofSectsSection", text="128‑30 Provisions do not apply to GloBE Excluded Entities"
[parser-unknown-class] "TofSectsSection", text="128‑35 Joint and several liability does not extend to GloBE Securitisation Entities"
[parser-unknown-class] "TofSectsHeading", text="Table of Subdivisions"
[parser-unknown-class] "TofSectsSubdiv", text="131‑A Releasing money from superannuation"
[parser-unknown-class] "TofSectsHeading", text="Table of sections"
[parser-unknown-class] "TofSectsGroupHeading", text="Requesting a release authority"
[parser-unknown-class] "TofSectsSection", text="131‑5 Requesting the release of amounts from superannuation interests"
[parser-unknown-class] "TofSectsSection", text="131‑10 Restrictions on the total amount you can request to be released"
[parser-unknown-class] "TofSectsSection", text="131‑12 Withdrawing or amending your request for a release authority relating to an FHSS determina..."
[parser-unknown-class] "TofSectsGroupHeading", text="Issuing a release authority to superannuation provider"
[parser-unknown-class] "TofSectsSection", text="131‑15 Issuing release authorities"
[parser-unknown-class] "TofSectsSection", text="131‑20 Amount to be stated in a release authority"
[parser-unknown-class] "TofSectsSection", text="131‑25 Contents of a release authority"
[parser-unknown-class] "TofSectsSection", text="131‑30 Varying or revoking a release authority"
[parser-unknown-class] "TofSectsGroupHeading", text="Complying with a release authority"
[parser-unknown-class] "TofSectsSection", text="131‑35 Obligations of superannuation providers"
[parser-unknown-class] "TofSectsSection", text="131‑40 Voluntary compliance with a release authority relating to defined benefit interests"
[parser-unknown-class] "TofSectsSection", text="131‑45 Meaning of maximum available release amount"
[parser-unknown-class] "TofSectsSection", text="131‑50 Notifying Commissioner"
[parser-unknown-class] "TofSectsSection", text="131‑55 Notifying you"
[parser-unknown-class] "TofSectsSection", text="131‑60 Compensation for acquisition of property"
[parser-unknown-class] "TofSectsGroupHeading", text="Consequences of releasing amounts"
[parser-unknown-class] "TofSectsSection", text="131‑65 Entitlement to credits"
[parser-unknown-class] "TofSectsSection", text="131‑70 Interest for late payments of money received by the Commissioner in accordance with releas..."
[parser-unknown-class] "TofSectsSection", text="131‑75 Income tax treatment of amounts released—proportioning rule does not apply"
[parser-unknown-class] "TofSectsGroupHeading", text="Repayments if your entitlement to a credit ceases for a release authority relating to an FHSS det..."
[parser-unknown-class] "TofSectsSection", text="131‑80 Repayments if your entitlement to a credit ceases for a release authority relating to an F..."
[parser-unknown-class] "TofSectsHeading", text="Table of Subdivisions"
[parser-unknown-class] "TofSectsSubdiv", text="Guide to Division 133"
[parser-unknown-class] "TofSectsSubdiv", text="133‑A Deferral determination"
[parser-unknown-class] "TofSectsSubdiv", text="133‑B Debt account"
[parser-unknown-class] "TofSectsSubdiv", text="133‑C Compulsory payment"
[parser-unknown-class] "TofSectsHeading", text="Table of sections"
[parser-unknown-class] "TofSectsGroupHeading", text="Operative provisions"
[parser-unknown-class] "TofSectsSection", text="133‑10 Determination of tax that is deferred to a debt account"
[parser-unknown-class] "TofSectsSection", text="133‑15 Defined benefit tax"
[parser-unknown-class] "TofSectsSection", text="133‑20 How to attribute the defined benefit tax to defined benefit interests"
[parser-unknown-class] "TofSectsSection", text="133‑25 Determination reducing tax deferred to a debt account"
[parser-unknown-class] "TofSectsSection", text="133‑30 General provisions applying to determinations under this Subdivision"
[parser-unknown-class] "TofSectsHeading", text="Table of sections"
[parser-unknown-class] "TofSectsGroupHeading", text="Operative provisions"
[parser-unknown-class] "TofSectsSection", text="133‑60 Debt account to be kept for deferred tax"
[parser-unknown-class] "TofSectsSection", text="133‑65 Interest on debt account balance"
[parser-unknown-class] "TofSectsSection", text="133‑70 Voluntary payments"
[parser-unknown-class] "TofSectsSection", text="133‑75 Commissioner must notify superannuation provider of debt account"
[parser-unknown-class] "TofSectsHeading", text="Table of sections"
[parser-unknown-class] "TofSectsGroupHeading", text="Debt account discharge liability"
[parser-unknown-class] "TofSectsSection", text="133‑105 Liability to pay debt account discharge liability"
[parser-unknown-class] "TofSectsSection", text="133‑110 When debt account discharge liability must be paid"
[parser-unknown-class] "TofSectsSection", text="133‑115 General interest charge"
[parser-unknown-class] "TofSectsSection", text="133‑120 Meaning of debt account discharge liability"
[parser-unknown-class] "TofSectsSection", text="133‑125 Notice of debt account discharge liability"
[parser-unknown-class] "TofSectsGroupHeading", text="End benefit"
[parser-unknown-class] "TofSectsSection", text="133‑130 Meaning of end benefit"
[parser-unknown-class] "TofSectsSection", text="133‑135 Superannuation provider may request debt account status"
[parser-unknown-class] "TofSectsSection", text="133‑140 End benefit notice—superannuation provider"
[parser-unknown-class] "TofSectsSection", text="133‑145 End benefit notice—material changes or omissions"
[parser-unknown-class] "TofSectsHeading", text="Table of Subdivisions"
[parser-unknown-class] "TofSectsSubdiv", text="Guide to Division 134"
[parser-unknown-class] "TofSectsSubdiv", text="134‑A Deferral determination"
[parser-unknown-class] "TofSectsSubdiv", text="134‑B Division 296 debt account"
[parser-unknown-class] "TofSectsSubdiv", text="134‑C Compulsory payment"
[parser-unknown-class] "TofSectsHeading", text="Table of sections"
[parser-unknown-class] "TofSectsGroupHeading", text="Operative provisions"
[parser-unknown-class] "TofSectsSection", text="134‑10 Determination of tax that is deferred to a Division 296 debt account"
[parser-unknown-class] "TofSectsSection", text="134‑15 Your defined benefit Division 296 tax"
[parser-unknown-class] "TofSectsSection", text="134‑20 Determination reducing tax deferred to a Division 296 debt account"
[parser-unknown-class] "TofSectsSection", text="134‑25 General provisions applying to determinations under this Subdivision"
[parser-unknown-class] "TofSectsHeading", text="Table of sections"
[parser-unknown-class] "TofSectsGroupHeading", text="Operative provisions"
[parser-unknown-class] "TofSectsSection", text="134‑60 Division 296 debt account to be kept for deferred Division 296 tax"
[parser-unknown-class] "TofSectsSection", text="134‑65 Interest on Division 296 debt account balance"
[parser-unknown-class] "TofSectsSection", text="134‑70 Voluntary payments"
[parser-unknown-class] "TofSectsSection", text="134‑75 Commissioner must notify superannuation provider of Division 296 debt account"
[parser-unknown-class] "TofSectsHeading", text="Table of sections"
[parser-unknown-class] "TofSectsGroupHeading", text="Division 296 debt account discharge liability"
[parser-unknown-class] "TofSectsSection", text="134‑105 Liability to pay Division 296 debt account discharge liability"
[parser-unknown-class] "TofSectsSection", text="134‑110 When Division 296 debt account discharge liability must be paid"
[parser-unknown-class] "TofSectsSection", text="134‑115 General interest charge"
[parser-unknown-class] "TofSectsSection", text="134‑120 Meaning of Division 296 debt account discharge liability"
[parser-unknown-class] "TofSectsSection", text="134‑125 Notice of Division 296 debt account discharge liability"
[parser-unknown-class] "TofSectsGroupHeading", text="Division 296 end benefit"
[parser-unknown-class] "TofSectsSection", text="134‑130 Meaning of Division 296 end benefit"
[parser-unknown-class] "TofSectsSection", text="134‑135 Superannuation provider may request Division 296 debt account status"
[parser-unknown-class] "TofSectsSection", text="134‑140 Division 296 end benefit notice—superannuation provider"
[parser-unknown-class] "TofSectsSection", text="134‑145 Division 296 end benefit notice—material changes or omissions"
[parser-unknown-class] "TofSectsHeading", text="Table of Subdivisions"
[parser-unknown-class] "TofSectsSubdiv", text="Guide to Division 135"
[parser-unknown-class] "TofSectsSubdiv", text="135‑A When the Commissioner must issue a release authority"
[parser-unknown-class] "TofSectsSubdiv", text="135‑B When a release authority can be given to a superannuation provider"
[parser-unknown-class] "TofSectsSubdiv", text="135‑C Release of superannuation money under a release authority"
[parser-unknown-class] "TofSectsHeading", text="Table of sections"
[parser-unknown-class] "TofSectsGroupHeading", text="Operative provisions"
[parser-unknown-class] "TofSectsSection", text="135‑10 Release authorities"
[parser-unknown-class] "TofSectsHeading", text="Table of sections"
[parser-unknown-class] "TofSectsGroupHeading", text="Operative provisions"
[parser-unknown-class] "TofSectsSection", text="135‑40 When you may give release authority to superannuation provider"
[parser-unknown-class] "TofSectsHeading", text="Table of sections"
[parser-unknown-class] "TofSectsGroupHeading", text="Operative provisions"
[parser-unknown-class] "TofSectsSection", text="135‑75 Requirement for superannuation provider to release money"
[parser-unknown-class] "TofSectsSection", text="135‑80 Compensation for acquisition of property"
[parser-unknown-class] "TofSectsSection", text="135‑85 Release amount"
[parser-unknown-class] "TofSectsSection", text="135‑90 How the Commissioner applies amounts received under a release authority"
[parser-unknown-class] "TofSectsSection", text="135‑95 Defined benefit interests—releasing amounts to pay debt account discharge liability"
[parser-unknown-class] "TofSectsSection", text="135‑97 Defined benefit interests—releasing amounts to pay Division 296 debt account discharge lia..."
[parser-unknown-class] "TofSectsSection", text="135‑100 Income tax treatment of amounts released—proportioning rule does not apply"
[parser-unknown-class] "TofSectsHeading", text="Table of Subdivisions"
[parser-unknown-class] "TofSectsSubdiv", text="Guide to Division 136"
[parser-unknown-class] "TofSectsSubdiv", text="136‑A Excess transfer balance determinations"
[parser-unknown-class] "TofSectsSubdiv", text="136‑B Commutation authorities"
[parser-unknown-class] "TofSectsHeading", text="Table of sections"
[parser-unknown-class] "TofSectsGroupHeading", text="Operative provisions"
[parser-unknown-class] "TofSectsSection", text="136‑10 Excess transfer balance determination"
[parser-unknown-class] "TofSectsSection", text="136‑15 Review"
[parser-unknown-class] "TofSectsSection", text="136‑20 Electing to commute a different superannuation income stream"
[parser-unknown-class] "TofSectsSection", text="136‑25 Notifying Commissioner of transfer balance debits"
[parser-unknown-class] "TofSectsHeading", text="Table of sections"
[parser-unknown-class] "TofSectsGroupHeading", text="Obligations of Commissioner"
[parser-unknown-class] "TofSectsSection", text="136‑55 Issuing of commutation authorities"
[parser-unknown-class] "TofSectsSection", text="136‑60 Varying and revoking a commutation authority"
[parser-unknown-class] "TofSectsSection", text="136‑65 Issuing further commutation authorities"
[parser-unknown-class] "TofSectsSection", text="136‑70 Notifying of non‑commutable excess transfer balance"
[parser-unknown-class] "TofSectsGroupHeading", text="Obligations of superannuation income stream providers"
[parser-unknown-class] "TofSectsSection", text="136‑80 Obligations on superannuation income stream providers"
[parser-unknown-class] "TofSectsSection", text="136‑85 Notifying the Commissioner"
[parser-unknown-class] "TofSectsSection", text="136‑90 Notifying you"
[parser-unknown-class] "TofSectsHeading", text="Table of Subdivisions"
[parser-unknown-class] "TofSectsSubdiv", text="Guide to Division 138"
[parser-unknown-class] "TofSectsSubdiv", text="138‑A First home super saver determination"
[parser-unknown-class] "TofSectsSubdiv", text="138‑B FHSS maximum release amount"
[parser-unknown-class] "TofSectsHeading", text="Table of sections"
[parser-unknown-class] "TofSectsGroupHeading", text="Operative provisions"
[parser-unknown-class] "TofSectsSection", text="138‑10 First home super saver determination"
[parser-unknown-class] "TofSectsSection", text="138‑12 Withdrawing or amending your request"
[parser-unknown-class] "TofSectsSection", text="138‑13 Amending or revoking a first home super saver determination"
[parser-unknown-class] "TofSectsSection", text="138‑15 Review"
[parser-unknown-class] "TofSectsHeading", text="Table of sections"
[parser-unknown-class] "TofSectsGroupHeading", text="Operative provisions"
[parser-unknown-class] "TofSectsSection", text="138‑25 FHSS maximum release amount"
[parser-unknown-class] "TofSectsSection", text="138‑30 FHSS releasable contributions amount"
[parser-unknown-class] "TofSectsSection", text="138‑35 Eligible contributions"
[parser-unknown-class] "TofSectsSection", text="138‑40 Associated earnings"
[parser-unknown-class] "TofSectsHeading", text="Table of sections"
[parser-unknown-class] "TofSectsSection", text="145‑5 DPT assessments—modified application of Division 155"
[parser-unknown-class] "TofSectsSection", text="145‑10 When DPT assessments can be made"
[parser-unknown-class] "TofSectsSection", text="145‑15 Period of review of DPT assessments"
[parser-unknown-class] "TofSectsSection", text="145‑20 Review of assessments"
[parser-unknown-class] "TofSectsSection", text="145‑25 Restricted DPT evidence"
[parser-unknown-class] "TofSectsHeading", text="Table of Subdivisions"
[parser-unknown-class] "TofSectsSubdiv", text="Guide to Division 155"
[parser-unknown-class] "TofSectsSubdiv", text="155‑A Making assessments"
[parser-unknown-class] "TofSectsSubdiv", text="155‑B Amending assessments"
[parser-unknown-class] "TofSectsSubdiv", text="155‑C Validity and review of assessments"
[parser-unknown-class] "TofSectsSubdiv", text="155‑D Miscellaneous"
[parser-unknown-class] "TofSectsHeading", text="Table of sections"
[parser-unknown-class] "TofSectsSection", text="155‑5 Commissioner may make assessment"
[parser-unknown-class] "TofSectsSection", text="155‑10 Commissioner must give notice of assessment"
[parser-unknown-class] "TofSectsSection", text="155‑15 Self‑assessment"
[parser-unknown-class] "TofSectsSection", text="155‑20 Assessment of indirect tax on importations and customs dealing"
[parser-unknown-class] "TofSectsSection", text="155‑25 Special assessment"
[parser-unknown-class] "TofSectsSection", text="155‑30 Delays in making assessments"
[parser-unknown-class] "TofSectsHeading", text="Table of sections"
[parser-unknown-class] "TofSectsGroupHeading", text="When Commissioner may amend assessments"
[parser-unknown-class] "TofSectsSection", text="155‑35 Amendment during period of review"
[parser-unknown-class] "TofSectsSection", text="155‑40 Amendment during period of review—certain applications taken to be notices"
[parser-unknown-class] "TofSectsSection", text="155‑45 Amendment on application"
[parser-unknown-class] "TofSectsSection", text="155‑50 Amendment to give effect to private ruling"
[parser-unknown-class] "TofSectsSection", text="155‑55 Amendment to give effect to certain anti‑avoidance declarations"
[parser-unknown-class] "TofSectsSection", text="155‑60 Amendment because of review, objection or fraud"
[parser-unknown-class] "TofSectsGroupHeading", text="Special rules about amending amended assessments"
[parser-unknown-class] "TofSectsSection", text="155‑65 Amending amended assessments"
[parser-unknown-class] "TofSectsSection", text="155‑70 Refreshed period of review"
[parser-unknown-class] "TofSectsGroupHeading", text="General rules"
[parser-unknown-class] "TofSectsSection", text="155‑75 Refunds of amounts overpaid"
[parser-unknown-class] "TofSectsSection", text="155‑80 Amended assessments are assessments"
[parser-unknown-class] "TofSectsHeading", text="Table of sections"
[parser-unknown-class] "TofSectsSection", text="155‑85 Validity of assessment"
[parser-unknown-class] "TofSectsSection", text="155‑90 Review of assessments"
[parser-unknown-class] "TofSectsHeading", text="Table of sections"
[parser-unknown-class] "TofSectsSection", text="155‑95 Entities"
[parser-unknown-class] "TofSectsHeading", text="Table of Subdivisions"
[parser-unknown-class] "TofSectsSubdiv", text="250‑A Guide to Part 4‑15"
[parser-unknown-class] "TofSectsSubdiv", text="250‑B Object of this Part"
[parser-unknown-class] "TofSectsHeading", text="Table of sections"
[parser-unknown-class] "TofSectsSection", text="250‑5 Some important concepts about tax‑related liabilities"
[parser-unknown-class] "TofSectsSection", text="250‑10 Summary of tax‑related liabilities"
[parser-unknown-class] "TofSectsHeading", text="Table of Subdivisions"
[parser-unknown-class] "TofSectsSubdiv", text="255‑A Tax‑related liabilities"
[parser-unknown-class] "TofSectsSubdiv", text="255‑B Commissioner’s power to vary payment time"
[parser-unknown-class] "TofSectsSubdiv", text="255‑C Service of documents if person absent from Australia or cannot be found"
[parser-unknown-class] "TofSectsSubdiv", text="255‑D Security deposits"
[parser-unknown-class] "TofSectsHeading", text="Table of sections"
[parser-unknown-class] "TofSectsSection", text="255‑1 Meaning of tax‑related liability"
[parser-unknown-class] "TofSectsSection", text="255‑5 Recovering a tax‑related liability that is due and payable"
[parser-unknown-class] "TofSectsHeading", text="Table of sections"
[parser-unknown-class] "TofSectsSection", text="255‑10 To defer the payment time"
[parser-unknown-class] "TofSectsSection", text="255‑15 To permit payments by instalments"
[parser-unknown-class] "TofSectsSection", text="255‑20 To bring forward the payment time in certain cases"
[parser-unknown-class] "TofSectsHeading", text="Table of sections"
[parser-unknown-class] "TofSectsGroupHeading", text="Operative provisions"
[parser-unknown-class] "TofSectsSection", text="255‑40 Service of documents if person absent from Australia or cannot be found"
[parser-unknown-class] "TofSectsHeading", text="Table of sections"
[parser-unknown-class] "TofSectsSection", text="255‑100 Commissioner may require security deposit"
[parser-unknown-class] "TofSectsSection", text="255‑105 Notice of requirement to give security"
[parser-unknown-class] "TofSectsSection", text="255‑110 Offence"
[parser-unknown-class] "TofSectsSection", text="255‑115 Order to comply with requirement"
[parser-unknown-class] "TofSectsSection", text="255‑120 Offence"
[parser-unknown-class] "TofSectsHeading", text="Table of Subdivisions"
[parser-unknown-class] "TofSectsSubdiv", text="Guide to Division 260"
[parser-unknown-class] "TofSectsSubdiv", text="260‑A From third party"
[parser-unknown-class] "TofSectsSubdiv", text="260‑B From liquidator"
[parser-unknown-class] "TofSectsSubdiv", text="260‑C From receiver"
[parser-unknown-class] "TofSectsSubdiv", text="260‑D From agent winding up business for foreign resident principal"
[parser-unknown-class] "TofSectsSubdiv", text="260‑E From deceased person’s estate"
[parser-unknown-class] "TofSectsHeading", text="Table of sections"
[parser-unknown-class] "TofSectsSection", text="260‑5 Commissioner may collect amounts from third party"
[parser-unknown-class] "TofSectsSection", text="260‑10 Notice to Commonwealth, State or Territory"
[parser-unknown-class] "TofSectsSection", text="260‑15 Indemnity"
[parser-unknown-class] "TofSectsSection", text="260‑20 Offence"
[parser-unknown-class] "TofSectsHeading", text="Table of sections"
[parser-unknown-class] "TofSectsSection", text="260‑40 Subdivision does not apply to superannuation guarantee charge"
[parser-unknown-class] "TofSectsSection", text="260‑45 Liquidator’s obligation"
[parser-unknown-class] "TofSectsSection", text="260‑50 Offence"
[parser-unknown-class] "TofSectsSection", text="260‑55 Joint liability of 2 or more liquidators"
[parser-unknown-class] "TofSectsSection", text="260‑60 Liquidator’s other obligation or liability"
[parser-unknown-class] "TofSectsHeading", text="Table of sections"
[parser-unknown-class] "TofSectsSection", text="260‑75 Receiver’s obligation"
[parser-unknown-class] "TofSectsSection", text="260‑80 Offence"
[parser-unknown-class] "TofSectsSection", text="260‑85 Joint liability of 2 or more receivers"
[parser-unknown-class] "TofSectsSection", text="260‑90 Receiver’s other obligation or liability"
[parser-unknown-class] "TofSectsHeading", text="Table of sections"
[parser-unknown-class] "TofSectsSection", text="260‑105 Obligation of agent winding up business for foreign resident principal"
[parser-unknown-class] "TofSectsSection", text="260‑110 Offence"
[parser-unknown-class] "TofSectsSection", text="260‑115 Joint liability of 2 or more agents"
[parser-unknown-class] "TofSectsSection", text="260‑120 Agent’s other obligation or liability"
[parser-unknown-class] "TofSectsHeading", text="Table of sections"
[parser-unknown-class] "TofSectsSection", text="260‑140 Administered estate"
[parser-unknown-class] "TofSectsSection", text="260‑145 Unadministered estate"
[parser-unknown-class] "TofSectsSection", text="260‑150 Commissioner may authorise amount to be recovered"
[parser-unknown-class] "TofSectsHeading", text="Table of Subdivisions"
[parser-unknown-class] "TofSectsSubdiv", text="263‑A Foreign revenue claims"
[parser-unknown-class] "TofSectsSubdiv", text="263‑B Service of documents in Australia on behalf of foreign revenue authorities"
[parser-unknown-class] "TofSectsHeading", text="Table of sections"
[parser-unknown-class] "TofSectsGroupHeading", text="Operative provisions"
[parser-unknown-class] "TofSectsSection", text="263‑10 Meaning of foreign revenue claim"
[parser-unknown-class] "TofSectsSection", text="263‑15 Requirements for foreign revenue claims"
[parser-unknown-class] "TofSectsSection", text="263‑20 Foreign Revenue Claims Register"
[parser-unknown-class] "TofSectsSection", text="263‑25 Registering claims"
[parser-unknown-class] "TofSectsSection", text="263‑30 When amount is due and payable"
[parser-unknown-class] "TofSectsSection", text="263‑35 Amending the Register etc."
[parser-unknown-class] "TofSectsSection", text="263‑40 Payment to competent authority"
[parser-unknown-class] "TofSectsHeading", text="Table of sections"
[parser-unknown-class] "TofSectsGroupHeading", text="Operative provisions"
[parser-unknown-class] "TofSectsSection", text="263‑60 Meaning of foreign service of document request"
[parser-unknown-class] "TofSectsSection", text="263‑65 Service of document subject to foreign service of document request"
[parser-unknown-class] "TofSectsHeading", text="Table of Subdivisions"
[parser-unknown-class] "TofSectsSubdiv", text="265‑A Right of person to seek recovery or contribution"
[parser-unknown-class] "TofSectsSubdiv", text="265‑B Application of laws"
[parser-unknown-class] "TofSectsHeading", text="Table of sections"
[parser-unknown-class] "TofSectsGroupHeading", text="Operative provisions"
[parser-unknown-class] "TofSectsSection", text="265‑40 Right of recovery if another person is liable"
[parser-unknown-class] "TofSectsSection", text="265‑45 Right of contribution if persons are jointly liable"
[parser-unknown-class] "TofSectsHeading", text="Table of sections"
[parser-unknown-class] "TofSectsSection", text="265‑65 Non‑application of certain taxation laws"
[parser-unknown-class] "TofSectsHeading", text="Table of sections"
[parser-unknown-class] "TofSectsSection", text="265‑90 Direction to pay superannuation guarantee charge"
[parser-unknown-class] "TofSectsSection", text="265‑95 Offence"
[parser-unknown-class] "TofSectsSection", text="265‑100 Variation or revocation"
[parser-unknown-class] "TofSectsSection", text="265‑105 Effect of liability being reduced or ceasing to exist"
[parser-unknown-class] "TofSectsSection", text="265‑110 Taxation objection"
[parser-unknown-class] "TofSectsSection", text="265‑115 Extension of period to comply if taxation objection made"
[parser-unknown-class] "TofSectsHeading", text="Table of Subdivisions"
[parser-unknown-class] "TofSectsSubdiv", text="Guide to Division 268"
[parser-unknown-class] "TofSectsSubdiv", text="268‑A Object"
[parser-unknown-class] "TofSectsSubdiv", text="268‑B Making estimates"
[parser-unknown-class] "TofSectsSubdiv", text="268‑C Liability to pay estimates"
[parser-unknown-class] "TofSectsSubdiv", text="268‑D Reducing and revoking estimates"
[parser-unknown-class] "TofSectsSubdiv", text="268‑E Late payment of estimates"
[parser-unknown-class] "TofSectsSubdiv", text="268‑F Miscellaneous"
[parser-unknown-class] "TofSectsHeading", text="Table of sections"
[parser-unknown-class] "TofSectsSection", text="268‑5 Object of Division"
[parser-unknown-class] "TofSectsHeading", text="Table of sections"
[parser-unknown-class] "TofSectsSection", text="268‑10 Commissioner may make estimate"
[parser-unknown-class] "TofSectsSection", text="268‑15 Notice of estimate"
[parser-unknown-class] "TofSectsHeading", text="Table of sections"
[parser-unknown-class] "TofSectsSection", text="268‑20 Nature of liability to pay estimate"
[parser-unknown-class] "TofSectsSection", text="268‑25 Accuracy of estimate irrelevant to liability to pay"
[parser-unknown-class] "TofSectsSection", text="268‑30 Estimate provable in bankruptcy or winding up"
[parser-unknown-class] "TofSectsHeading", text="Table of sections"
[parser-unknown-class] "TofSectsSection", text="268‑35 How estimate may be reduced or revoked—Commissioner’s powers"
[parser-unknown-class] "TofSectsSection", text="268‑40 How estimate may be reduced or revoked—statutory declaration or affidavit"
[parser-unknown-class] "TofSectsSection", text="268‑45 How estimate may be reduced or revoked—rejection of proof of debt"
[parser-unknown-class] "TofSectsSection", text="268‑50 How estimate may be reduced—amount paid or applied"
[parser-unknown-class] "TofSectsSection", text="268‑55 When reduction or revocation takes effect"
[parser-unknown-class] "TofSectsSection", text="268‑60 Consequences of reduction or revocation—refund"
[parser-unknown-class] "TofSectsSection", text="268‑65 Consequences of reduction or revocation—statutory demand changed or set aside"
[parser-unknown-class] "TofSectsSection", text="268‑70 Consequences of reduction or revocation—underlying liability"
[parser-unknown-class] "TofSectsHeading", text="Table of sections"
[parser-unknown-class] "TofSectsSection", text="268‑75 Liability to pay the general interest charge"
[parser-unknown-class] "TofSectsSection", text="268‑80 Effect of paying the general interest charge"
[parser-unknown-class] "TofSectsHeading", text="Table of sections"
[parser-unknown-class] "TofSectsSection", text="268‑85 Effect of judgment on liability on which it is based"
[parser-unknown-class] "TofSectsSection", text="268‑90 Requirements for statutory declaration or affidavit"
[parser-unknown-class] "TofSectsSection", text="268‑95 Liquidators, receivers and trustees in bankruptcy"
[parser-unknown-class] "TofSectsSection", text="268‑100 Division not to limit or exclude Corporations or Bankruptcy Act"
[parser-unknown-class] "TofSectsHeading", text="Table of Subdivisions"
[parser-unknown-class] "TofSectsSubdiv", text="Guide to Division 269"
[parser-unknown-class] "TofSectsSubdiv", text="269‑A Object and scope"
[parser-unknown-class] "TofSectsSubdiv", text="269‑B Obligations and penalties"
[parser-unknown-class] "TofSectsSubdiv", text="269‑C Discharging liabilities"
[parser-unknown-class] "TofSectsSubdiv", text="269‑D Miscellaneous"
[parser-unknown-class] "TofSectsHeading", text="Table of sections"
[parser-unknown-class] "TofSectsSection", text="269‑5 Object of Division"
[parser-unknown-class] "TofSectsSection", text="269‑10 Scope of Division"
[parser-unknown-class] "TofSectsHeading", text="Table of sections"
[parser-unknown-class] "TofSectsSection", text="269‑15 Directors’ obligations"
[parser-unknown-class] "TofSectsSection", text="269‑20 Penalty"
[parser-unknown-class] "TofSectsSection", text="269‑25 Notice"
[parser-unknown-class] "TofSectsSection", text="269‑30 Effect on penalty of directors’ obligation ending before end of notice period"
[parser-unknown-class] "TofSectsSection", text="269‑35 Defences"
[parser-unknown-class] "TofSectsHeading", text="Table of sections"
[parser-unknown-class] "TofSectsSection", text="269‑40 Effect of director paying penalty or company discharging liability"
[parser-unknown-class] "TofSectsSection", text="269‑45 Directors’ rights of indemnity and contribution"
[parser-unknown-class] "TofSectsHeading", text="Table of sections"
[parser-unknown-class] "TofSectsSection", text="269‑50 How notice may be given"
[parser-unknown-class] "TofSectsSection", text="269‑52 Copies of notices"
[parser-unknown-class] "TofSectsSection", text="269‑55 Division not to limit or exclude Corporations Act"
[parser-unknown-class] "TofSectsHeading", text="Table of Subdivisions"
[parser-unknown-class] "TofSectsSubdiv", text="Guide to Division 280"
[parser-unknown-class] "TofSectsSubdiv", text="280‑A Object of Division"
[parser-unknown-class] "TofSectsSubdiv", text="280‑B Shortfall interest charge"
[parser-unknown-class] "TofSectsSubdiv", text="280‑C Remitting shortfall interest charge"
[parser-unknown-class] "TofSectsHeading", text="Table of sections"
[parser-unknown-class] "TofSectsSection", text="280‑50 Object of Division"
[parser-unknown-class] "TofSectsHeading", text="Table of sections"
[parser-unknown-class] "TofSectsSection", text="280‑100 Liability to shortfall interest charge—income tax"
[parser-unknown-class] "TofSectsSection", text="280‑101 Liability to shortfall interest charge—excess exploration credit tax"
[parser-unknown-class] "TofSectsSection", text="280‑102 Liability to shortfall interest charge—petroleum resource rent tax"
[parser-unknown-class] "TofSectsSection", text="280‑102A Liability to shortfall interest charge—excess non‑concessional contributions tax"
[parser-unknown-class] "TofSectsSection", text="280‑102B Liability to shortfall interest charge—Division 293 tax"
[parser-unknown-class] "TofSectsSection", text="280‑102BA Liability to shortfall interest charge—Division 296 tax"
[parser-unknown-class] "TofSectsSection", text="280‑102C Liability to shortfall interest charge—diverted profits tax"
[parser-unknown-class] "TofSectsSection", text="280‑102D Liability to shortfall interest charge—Laminaria and Corallina decommissioning levy"
[parser-unknown-class] "TofSectsSection", text="280‑102E Liability to shortfall interest charge—Australian IIR/UTPR tax and Australian DMT tax"
[parser-unknown-class] "TofSectsSection", text="280‑102F Liability to shortfall interest charge—excessive tax offset refunds"
[parser-unknown-class] "TofSectsSection", text="280‑103 Liability to shortfall interest charge—general"
[parser-unknown-class] "TofSectsSection", text="280‑105 Amount of shortfall interest charge"
[parser-unknown-class] "TofSectsSection", text="280‑110 Notification by Commissioner"
[parser-unknown-class] "TofSectsHeading", text="Table of sections"
[parser-unknown-class] "TofSectsSection", text="280‑160 Remitting shortfall interest charge"
[parser-unknown-class] "TofSectsSection", text="280‑165 Commissioner must give reasons for not remitting in certain cases"
[parser-unknown-class] "TofSectsSection", text="280‑170 Objecting against remission decision"
[parser-unknown-class] "TofSectsHeading", text="Table of Subdivisions"
[parser-unknown-class] "TofSectsSubdiv", text="Guide to Division 284"
[parser-unknown-class] "TofSectsSubdiv", text="284‑A General provisions"
[parser-unknown-class] "TofSectsSubdiv", text="284‑B Penalties relating to statements"
[parser-unknown-class] "TofSectsSubdiv", text="284‑C Penalties relating to schemes"
[parser-unknown-class] "TofSectsSubdiv", text="284‑D Provisions common to Subdivisions 284‑B and 284‑C"
[parser-unknown-class] "TofSectsSubdiv", text="284‑E Special rules about unarguable positions for cross‑border transfer pricing"
[parser-unknown-class] "TofSectsHeading", text="Table of sections"
[parser-unknown-class] "TofSectsSection", text="284‑10 Object of Division"
[parser-unknown-class] "TofSectsSection", text="284‑15 When a matter is reasonably arguable"
[parser-unknown-class] "TofSectsSection", text="284‑20 Which statements this Division applies to"
[parser-unknown-class] "TofSectsSection", text="284‑25 Statements by agents"
[parser-unknown-class] "TofSectsSection", text="284‑27 GloBE Information Returns, Australian IIR/UTPR tax returns and Australian DMT tax returns ..."
[parser-unknown-class] "TofSectsSection", text="284‑30 Application of Division to trusts"
[parser-unknown-class] "TofSectsSection", text="284‑35 Application of Division to partnerships"
[parser-unknown-class] "TofSectsHeading", text="Table of sections"
[parser-unknown-class] "TofSectsGroupHeading", text="Operative provisions"
[parser-unknown-class] "TofSectsSection", text="284‑75 Liability to penalty"
[parser-unknown-class] "TofSectsSection", text="284‑80 Shortfall amounts"
[parser-unknown-class] "TofSectsSection", text="284‑85 Amount of penalty"
[parser-unknown-class] "TofSectsSection", text="284‑90 Base penalty amount"
[parser-unknown-class] "TofSectsSection", text="284‑95 Joint and several liability of directors of corporate trustee that makes a false or mislea..."
[parser-unknown-class] "TofSectsHeading", text="Table of sections"
[parser-unknown-class] "TofSectsGroupHeading", text="Operative provisions"
[parser-unknown-class] "TofSectsSection", text="284‑145 Liability to penalty"
[parser-unknown-class] "TofSectsSection", text="284‑150 Scheme benefits and scheme shortfall amounts"
[parser-unknown-class] "TofSectsSection", text="284‑155 Amount of penalty"
[parser-unknown-class] "TofSectsSection", text="284‑160 Base penalty amount: schemes"
[parser-unknown-class] "TofSectsSection", text="284‑165 Exception—threshold for penalty arising from cross‑border transfer pricing"
[parser-unknown-class] "TofSectsHeading", text="Table of sections"
[parser-unknown-class] "TofSectsSection", text="284‑220 Increase in base penalty amount"
[parser-unknown-class] "TofSectsSection", text="284‑224 Reduction of base penalty amount if law was applied in an accepted way"
[parser-unknown-class] "TofSectsSection", text="284‑225 Reduction of base penalty amount if you voluntarily tell the Commissioner"
[parser-unknown-class] "TofSectsHeading", text="Table of sections"
[parser-unknown-class] "TofSectsSection", text="284‑250 Undocumented transfer pricing treatment not reasonably arguable"
[parser-unknown-class] "TofSectsSection", text="284‑255 Documentation requirements"
[parser-unknown-class] "TofSectsHeading", text="Table of Subdivisions"
[parser-unknown-class] "TofSectsSubdiv", text="286‑A Guide to Division 286"
[parser-unknown-class] "TofSectsSubdiv", text="286‑B Object of Division"
[parser-unknown-class] "TofSectsSubdiv", text="286‑C Penalties for failing to lodge documents on time"
[parser-unknown-class] "TofSectsHeading", text="Table of sections"
[parser-unknown-class] "TofSectsSection", text="286‑25 Object of Division"
[parser-unknown-class] "TofSectsHeading", text="Table of sections"
[parser-unknown-class] "TofSectsSection", text="286‑75 Liability to penalty"
[parser-unknown-class] "TofSectsSection", text="286‑80 Amount of penalty"
[parser-unknown-class] "TofSectsHeading", text="Table of sections"
[parser-unknown-class] "TofSectsSection", text="288‑10 Penalty for non‑electronic notification"
[parser-unknown-class] "TofSectsSection", text="288‑20 Penalty for non‑electronic payment"
[parser-unknown-class] "TofSectsSection", text="288‑25 Penalty for failure to keep or retain records"
[parser-unknown-class] "TofSectsSection", text="288‑30 Penalty for failure to retain or produce declarations"
[parser-unknown-class] "TofSectsSection", text="288‑35 Penalty for preventing access etc."
[parser-unknown-class] "TofSectsSection", text="288‑40 Penalty for failing to register or cancel registration"
[parser-unknown-class] "TofSectsSection", text="288‑45 Penalty for failing to issue tax invoice etc."
[parser-unknown-class] "TofSectsSection", text="288‑46 Penalty for failing to ensure tax information about supplies of low value goods is include..."
[parser-unknown-class] "TofSectsSection", text="288‑50 Penalty for both principal and agent issuing certain documents"
[parser-unknown-class] "TofSectsSection", text="288‑70 Administrative penalties for life insurance companies"
[parser-unknown-class] "TofSectsSection", text="288‑75 Administrative penalty for a copyright or resale royalty collecting society"
[parser-unknown-class] "TofSectsSection", text="288‑80 Administrative penalty for over declaring conduit foreign income"
[parser-unknown-class] "TofSectsSection", text="288‑85 Failure by Reporting Financial Institution to obtain self‑certification"
[parser-unknown-class] "TofSectsSection", text="288‑95 Failing to comply etc. with release authority"
[parser-unknown-class] "TofSectsSection", text="288‑100 Excess money paid under release authority"
[parser-unknown-class] "TofSectsSection", text="288‑105 Superannuation provider to calculate crystallised pre‑July 83 amount of superannuation in..."
[parser-unknown-class] "TofSectsSection", text="288‑110 Contravention of superannuation data and payment regulation or standard"
[parser-unknown-class] "TofSectsSection", text="288‑115 AMIT under or over resulting from intentional disregard of or recklessness as to taxation..."
[parser-unknown-class] "TofSectsSection", text="288‑120 Prohibited offsets of liabilities using interest etc. accrued on farm management deposits"
[parser-unknown-class] "TofSectsSection", text="288‑125 Producing or supplying electronic sales suppression tools"
[parser-unknown-class] "TofSectsSection", text="288‑130 Possessing electronic sales suppression tools"
[parser-unknown-class] "TofSectsSection", text="288‑135 Incorrectly keeping records using electronic sales suppression tools"
[parser-unknown-class] "TofSectsSection", text="288‑140 Penalty for failing to publish information on time"
[parser-unknown-class] "TofSectsHeading", text="Table of Subdivisions"
[parser-unknown-class] "TofSectsSubdiv", text="290‑A Preliminary"
[parser-unknown-class] "TofSectsSubdiv", text="290‑B Civil penalties"
[parser-unknown-class] "TofSectsSubdiv", text="290‑C Injunctions"
[parser-unknown-class] "TofSectsSubdiv", text="290‑D Voluntary undertakings"
[parser-unknown-class] "TofSectsHeading", text="Table of sections"
[parser-unknown-class] "TofSectsSection", text="290‑5 Objects of this Division"
[parser-unknown-class] "TofSectsSection", text="290‑10 Extra‑territorial application"
[parser-unknown-class] "TofSectsHeading", text="Table of sections"
[parser-unknown-class] "TofSectsSection", text="290‑50 Civil penalties"
[parser-unknown-class] "TofSectsSection", text="290‑55 Exceptions"
[parser-unknown-class] "TofSectsSection", text="290‑60 Meaning of promoter"
[parser-unknown-class] "TofSectsSection", text="290‑65 Meaning of tax exploitation scheme"
[parser-unknown-class] "TofSectsHeading", text="Table of sections"
[parser-unknown-class] "TofSectsSection", text="290‑120 Conduct to which this Subdivision applies"
[parser-unknown-class] "TofSectsSection", text="290‑125 Injunctions"
[parser-unknown-class] "TofSectsSection", text="290‑130 Interim injunctions"
[parser-unknown-class] "TofSectsSection", text="290‑135 Delay in making ruling"
[parser-unknown-class] "TofSectsSection", text="290‑140 Discharge etc. of injunctions"
[parser-unknown-class] "TofSectsSection", text="290‑145 Certain limits on granting injunctions not to apply"
[parser-unknown-class] "TofSectsSection", text="290‑150 Other powers of the Federal Court unaffected"
[parser-unknown-class] "TofSectsHeading", text="Table of sections"
[parser-unknown-class] "TofSectsSection", text="290‑200 Voluntary undertakings"
[parser-unknown-class] "TofSectsHeading", text="Table of Subdivisions"
[parser-unknown-class] "TofSectsSubdiv", text="295‑B Civil penalty for possession of tobacco without relevant documentation"
[parser-unknown-class] "TofSectsHeading", text="Table of sections"
[parser-unknown-class] "TofSectsSection", text="295‑75 Possession of tobacco without relevant documentation etc."
[parser-unknown-class] "TofSectsSection", text="295‑80 Things treated as tobacco"
[parser-unknown-class] "TofSectsHeading", text="Table of sections"
[parser-unknown-class] "TofSectsSection", text="298‑5 Scope of Subdivision"
[parser-unknown-class] "TofSectsSection", text="298‑10 Notification of liability"
[parser-unknown-class] "TofSectsSection", text="298‑15 Due date for penalty"
[parser-unknown-class] "TofSectsSection", text="298‑20 Remission of penalty"
[parser-unknown-class] "TofSectsSection", text="298‑25 General interest charge on unpaid penalty"
[parser-unknown-class] "TofSectsSection", text="298‑30 Assessment of penalties under Division 284 or section 288‑115"
[parser-unknown-class] "TofSectsHeading", text="Table of sections"
[parser-unknown-class] "TofSectsSection", text="298‑80 Application of Subdivision"
[parser-unknown-class] "TofSectsSection", text="298‑85 Civil evidence and procedure rules for civil penalty orders"
[parser-unknown-class] "TofSectsSection", text="298‑90 Civil proceedings after criminal proceedings"
[parser-unknown-class] "TofSectsSection", text="298‑95 Criminal proceedings during civil proceedings"
[parser-unknown-class] "TofSectsSection", text="298‑100 Criminal proceedings after civil proceedings"
[parser-unknown-class] "TofSectsSection", text="298‑105 Evidence given in proceedings for penalty not admissible in criminal proceedings"
[parser-unknown-class] "TofSectsSection", text="298‑110 Civil double jeopardy"
[parser-unknown-class] "TofSectsHeading", text="Table of Subdivisions"
[parser-unknown-class] "TofSectsSubdiv", text="Guide to Division 308"
[parser-unknown-class] "TofSectsSubdiv", text="308‑A Reasonable suspicion offences relating to tobacco"
[parser-unknown-class] "TofSectsSubdiv", text="308‑B Fault‑based offences of possession, production and manufacture"
[parser-unknown-class] "TofSectsSubdiv", text="308‑C Offences relating to equipment relating to the manufacture or production of tobacco"
[parser-unknown-class] "TofSectsSubdiv", text="308‑E Other provisions"
[parser-unknown-class] "TofSectsHeading", text="Table of sections"
[parser-unknown-class] "TofSectsSection", text="308‑10 Possession of tobacco (500 kilograms or above)—reasonable suspicion offence"
[parser-unknown-class] "TofSectsSection", text="308‑15 Possession of tobacco (100 kilograms or above)—reasonable suspicion offence"
[parser-unknown-class] "TofSectsSection", text="308‑20 Possession of tobacco (5 kg or above)—reasonable suspicion offence"
[parser-unknown-class] "TofSectsSection", text="308‑25 Sale of tobacco (500 kilograms or above)—reasonable suspicion offence"
[parser-unknown-class] "TofSectsSection", text="308‑30 Sale of tobacco (100 kilograms or above)—reasonable suspicion offence"
[parser-unknown-class] "TofSectsSection", text="308‑35 Sale of tobacco (5 kg or above)—reasonable suspicion offence"
[parser-unknown-class] "TofSectsSection", text="308‑40 Buying of tobacco (500 kilograms or above)—reasonable suspicion offence"
[parser-unknown-class] "TofSectsSection", text="308‑45 Buying of tobacco (100 kilograms or above)—reasonable suspicion offence"
[parser-unknown-class] "TofSectsSection", text="308‑50 Buying of tobacco (5 kg or above)—reasonable suspicion offence"
[parser-unknown-class] "TofSectsSection", text="308‑55 Matters taken to satisfy “reasonable to suspect” requirement"
[parser-unknown-class] "TofSectsHeading", text="Table of sections"
[parser-unknown-class] "TofSectsSection", text="308‑110 Possession of tobacco (500 kg or above)—fault‑based offence"
[parser-unknown-class] "TofSectsSection", text="308‑115 Possession of tobacco (100 kg or above)—fault‑based offence"
[parser-unknown-class] "TofSectsSection", text="308‑120 Possession of tobacco (5 kg or above)—fault‑based offence"
[parser-unknown-class] "TofSectsSection", text="308‑125 Manufacture or production of tobacco (500 kg or above)—fault‑based offence"
[parser-unknown-class] "TofSectsSection", text="308‑130 Manufacture or production of tobacco (100 kg or above)—fault‑based offence"
[parser-unknown-class] "TofSectsSection", text="308‑135 Manufacture or production of tobacco (5 kg or above)—fault‑based offence"
[parser-unknown-class] "TofSectsHeading", text="Table of sections"
[parser-unknown-class] "TofSectsSection", text="308‑205 Possession of equipment for use in illegal manufacture or production of tobacco"
[parser-unknown-class] "TofSectsSection", text="308‑210 Possession of equipment designed or adapted to manufacture or produce tobacco"
[parser-unknown-class] "TofSectsHeading", text="Table of sections"
[parser-unknown-class] "TofSectsSection", text="308‑505 Things treated as tobacco"
[parser-unknown-class] "TofSectsSection", text="308‑510 Matters treated as possession"
[parser-unknown-class] "TofSectsSection", text="308‑515 Where excise duty or customs duty is treated as not payable for the purpose of the reason..."
[parser-unknown-class] "TofSectsSection", text="308‑520 Section 8ZD does not apply to this Division"
[parser-unknown-class] "TofSectsHeading", text="Table of sections"
[parser-unknown-class] "TofSectsGroupHeading", text="Operative provisions"
[parser-unknown-class] "TofSectsSection", text="340‑5 Release from particular liabilities in cases of serious hardship"
[parser-unknown-class] "TofSectsSection", text="340‑10 Liabilities to which this section applies"
[parser-unknown-class] "TofSectsSection", text="340‑15 Commissioner may take action to give effect to a release decision"
[parser-unknown-class] "TofSectsSection", text="340‑20 Extinguishing your liability to pay a fringe benefits tax instalment if you are released"
[parser-unknown-class] "TofSectsSection", text="340‑25 Extinguishing your liability to pay a PAYG instalment if you are released"
[parser-unknown-class] "TofSectsHeading", text="Table of Subdivisions"
[parser-unknown-class] "TofSectsSubdiv", text="Guide to Division 342"
[parser-unknown-class] "TofSectsSubdiv", text="342‑A Power to waive right to payment of tax‑related liabilities"
[parser-unknown-class] "TofSectsHeading", text="Table of sections"
[parser-unknown-class] "TofSectsSection", text="342‑5 Object of this Subdivision"
[parser-unknown-class] "TofSectsSection", text="342‑10 Power to waive right to payment of tax‑related liability"
[parser-unknown-class] "TofSectsHeading", text="Table of Subdivisions"
[parser-unknown-class] "TofSectsSubdiv", text="Guide to Division 350"
[parser-unknown-class] "TofSectsSubdiv", text="350‑A Evidence"
[parser-unknown-class] "TofSectsHeading", text="Table of sections"
[parser-unknown-class] "TofSectsSection", text="350‑5 Application of Subdivision"
[parser-unknown-class] "TofSectsSection", text="350‑10 Evidence"
[parser-unknown-class] "TofSectsSection", text="350‑12 Prima facie evidence—particulars stated in evidentiary certificate"
[parser-unknown-class] "TofSectsSection", text="350‑15 Judicial notice of signature"
[parser-unknown-class] "TofSectsSection", text="350‑20 Certain statements or averments in proceedings to recover tax‑related liabilities"
[parser-unknown-class] "TofSectsSection", text="350‑25 Evidence by affidavit in proceedings to recover tax‑related liabilities"
[parser-unknown-class] "TofSectsHeading", text="Table of Subdivisions"
[parser-unknown-class] "TofSectsSubdiv", text="Guide to Division 352"
[parser-unknown-class] "TofSectsSubdiv", text="352‑A Accountability of the Commissioner in respect of indirect tax laws"
[parser-unknown-class] "TofSectsSubdiv", text="352‑C Reporting on working holiday makers"
[parser-unknown-class] "TofSectsHeading", text="Table of sections"
[parser-unknown-class] "TofSectsSection", text="352‑5 Commissioner must prepare annual report on indirect tax laws"
[parser-unknown-class] "TofSectsHeading", text="Table of sections"
[parser-unknown-class] "TofSectsSection", text="352‑25 Commissioner must prepare annual report on working holiday makers"
[parser-unknown-class] "TofSectsHeading", text="Table of Subdivisions"
[parser-unknown-class] "TofSectsSubdiv", text="Guide to Division 353"
[parser-unknown-class] "TofSectsSubdiv", text="353‑A Powers to obtain information and evidence"
[parser-unknown-class] "TofSectsSubdiv", text="353‑B Powers to obtain information and evidence from overseas"
[parser-unknown-class] "TofSectsHeading", text="Table of sections"
[parser-unknown-class] "TofSectsSection", text="353‑10 Commissioner’s power"
[parser-unknown-class] "TofSectsSection", text="353‑15 Access to premises, documents etc."
[parser-unknown-class] "TofSectsSection", text="353‑20 Checking status of specifically listed deductible gift recipients"
[parser-unknown-class] "TofSectsHeading", text="Table of sections"
[parser-unknown-class] "TofSectsSection", text="353‑25 Offshore information notices"
[parser-unknown-class] "TofSectsSection", text="353‑30 Offshore information notices—consequence of not complying"
[parser-unknown-class] "TofSectsHeading", text="Table of Subdivisions"
[parser-unknown-class] "TofSectsSubdiv", text="Guide to Division 355"
[parser-unknown-class] "TofSectsSubdiv", text="355‑A Objects and application of Division"
[parser-unknown-class] "TofSectsSubdiv", text="355‑B Disclosure of protected information by taxation officers"
[parser-unknown-class] "TofSectsSubdiv", text="355‑C On‑disclosure of protected information by other people"
[parser-unknown-class] "TofSectsSubdiv", text="355‑D Disclosure of protected information that has been unlawfully acquired"
[parser-unknown-class] "TofSectsSubdiv", text="355‑E Other matters"
[parser-unknown-class] "TofSectsHeading", text="Table of sections"
[parser-unknown-class] "TofSectsSection", text="355‑10 Objects of Division"
[parser-unknown-class] "TofSectsSection", text="355‑15 Application of Division"
[parser-unknown-class] "TofSectsHeading", text="Table of sections"
[parser-unknown-class] "TofSectsGroupHeading", text="Operative provisions"
[parser-unknown-class] "TofSectsSection", text="355‑25 Offence—disclosure of protected information by taxation officers"
[parser-unknown-class] "TofSectsSection", text="355‑30 Meaning of protected information and taxation officer"
[parser-unknown-class] "TofSectsSection", text="355‑35 Consent is not a defence"
[parser-unknown-class] "TofSectsSection", text="355‑40 Generality of Subdivision not limited"
[parser-unknown-class] "TofSectsSection", text="355‑45 Exception—disclosure of publicly available information"
[parser-unknown-class] "TofSectsSection", text="355‑47 Exception—disclosure of periodic aggregate tax information"
[parser-unknown-class] "TofSectsSection", text="355‑50 Exception—disclosure in performing duties"
[parser-unknown-class] "TofSectsSection", text="355‑55 Exception—disclosure to Ministers"
[parser-unknown-class] "TofSectsSection", text="355‑60 Limits on disclosure to Ministers"
[parser-unknown-class] "TofSectsSection", text="355‑65 Exception—disclosure for other government purposes"
[parser-unknown-class] "TofSectsSection", text="355‑66 Major disaster support programs"
[parser-unknown-class] "TofSectsSection", text="355‑67 Exception—disclosure to registrars"
[parser-unknown-class] "TofSectsSection", text="355‑70 Exception—disclosure for law enforcement and related purposes"
[parser-unknown-class] "TofSectsSection", text="355‑72 Exception—disclosure to credit reporting bureaus"
[parser-unknown-class] "TofSectsSection", text="355‑75 Limits on disclosure to courts and tribunals"
[parser-unknown-class] "TofSectsHeading", text="Table of sections"
[parser-unknown-class] "TofSectsGroupHeading", text="Operative provisions"
[parser-unknown-class] "TofSectsSection", text="355‑155 Offence—on‑disclosure of protected information by other people"
[parser-unknown-class] "TofSectsSection", text="355‑160 Consent is not a defence"
[parser-unknown-class] "TofSectsSection", text="355‑165 Generality of Subdivision not limited"
[parser-unknown-class] "TofSectsSection", text="355‑170 Exception—on‑disclosure of publicly available information"
[parser-unknown-class] "TofSectsSection", text="355‑172 Exception—disclosure of periodic aggregate tax information"
[parser-unknown-class] "TofSectsSection", text="355‑175 Exception—on‑disclosure for original purpose"
[parser-unknown-class] "TofSectsSection", text="355‑180 Exception—on‑disclosure to Ministers in relation to statutory powers or functions"
[parser-unknown-class] "TofSectsSection", text="355‑181 Exception—on‑disclosure to Ministers in relation to breach of confidence and related matters"
[parser-unknown-class] "TofSectsSection", text="355‑182 Exception—on‑disclosure of certain information to Commonwealth Ombudsman"
[parser-unknown-class] "TofSectsSection", text="355‑185 Exception—on‑disclosure to IGIS officials"
[parser-unknown-class] "TofSectsSection", text="355‑190 Exception—on‑disclosure in relation to ASIO"
[parser-unknown-class] "TofSectsSection", text="355‑192 Exception—on‑disclosure in relation to National Anti‑Corruption Commission Act 2022"
[parser-unknown-class] "TofSectsSection", text="355‑195 Exception—on‑disclosure by Royal Commissions"
[parser-unknown-class] "TofSectsSection", text="355‑200 Exception—records made in compliance with Australian laws"
[parser-unknown-class] "TofSectsSection", text="355‑205 Limits on on‑disclosure to courts or tribunals"
[parser-unknown-class] "TofSectsSection", text="355‑210 Limits on on‑disclosure to Ministers"
[parser-unknown-class] "TofSectsSection", text="355‑215 Exception—on‑disclosure of information disclosed to credit reporting bureaus"
[parser-unknown-class] "TofSectsHeading", text="Table of sections"
[parser-unknown-class] "TofSectsGroupHeading", text="Operative provisions"
[parser-unknown-class] "TofSectsSection", text="355‑265 Offence—disclosure of protected information acquired in breach of a taxation law"
[parser-unknown-class] "TofSectsSection", text="355‑270 Exception—disclosure of publicly available information"
[parser-unknown-class] "TofSectsSection", text="355‑275 Exception—disclosure in relation to a taxation law"
[parser-unknown-class] "TofSectsSection", text="355‑280 Limits on disclosure to courts and tribunals"
[parser-unknown-class] "TofSectsHeading", text="Table of sections"
[parser-unknown-class] "TofSectsGroupHeading", text="Operative provisions"
[parser-unknown-class] "TofSectsSection", text="355‑325 Oath or affirmation to protect information"
[parser-unknown-class] "TofSectsSection", text="355‑330 Injunctions to prevent contravention of non‑disclosure provisions"
[parser-unknown-class] "TofSectsSection", text="355‑335 Procedures for disclosing protected information"
[parser-unknown-class] "TofSectsHeading", text="Table of Subdivisions"
[parser-unknown-class] "TofSectsSubdiv", text="Guide to Division 356"
[parser-unknown-class] "TofSectsSubdiv", text="356‑A Indirect tax laws"
[parser-unknown-class] "TofSectsSubdiv", text="356‑B Major bank levy"
[parser-unknown-class] "TofSectsSubdiv", text="356‑C Laminaria and Corallina decommissioning levy"
[parser-unknown-class] "TofSectsSubdiv", text="356‑D Australian IIR/UTPR tax and Australian DMT tax"
[parser-unknown-class] "TofSectsHeading", text="Table of sections"
[parser-unknown-class] "TofSectsSection", text="356‑5 Commissioner has general administration of indirect tax laws"
[parser-unknown-class] "TofSectsHeading", text="Table of sections"
[parser-unknown-class] "TofSectsSection", text="356‑10 Commissioner has general administration of major bank levy"
[parser-unknown-class] "TofSectsHeading", text="Table of sections"
[parser-unknown-class] "TofSectsSection", text="356‑15 Commissioner has general administration of Laminaria and Corallina decommissioning levy"
[parser-unknown-class] "TofSectsHeading", text="Table of sections"
[parser-unknown-class] "TofSectsSection", text="356‑20 Commissioner has general administration of Minimum Tax Act"
[parser-unknown-class] "TofSectsHeading", text="Table of Subdivisions"
[parser-unknown-class] "TofSectsSubdiv", text="Guide to Division 357"
[parser-unknown-class] "TofSectsSubdiv", text="357‑A Object of this Part"
[parser-unknown-class] "TofSectsSubdiv", text="357‑B Common rules for rulings"
[parser-unknown-class] "TofSectsHeading", text="Table of sections"
[parser-unknown-class] "TofSectsSection", text="357‑5 Object of this Part"
[parser-unknown-class] "TofSectsHeading", text="Table of sections"
[parser-unknown-class] "TofSectsGroupHeading", text="Rules for all rulings"
[parser-unknown-class] "TofSectsSection", text="357‑50 Scope of Division"
[parser-unknown-class] "TofSectsSection", text="357‑55 The provisions that are relevant for rulings"
[parser-unknown-class] "TofSectsSection", text="357‑60 When rulings are binding on the Commissioner"
[parser-unknown-class] "TofSectsSection", text="357‑65 Stopping relying on a ruling"
[parser-unknown-class] "TofSectsSection", text="357‑70 Commissioner may apply the law if more favourable than the ruling"
[parser-unknown-class] "TofSectsSection", text="357‑75 Inconsistent rulings"
[parser-unknown-class] "TofSectsSection", text="357‑80 Contracts for schemes"
[parser-unknown-class] "TofSectsSection", text="357‑85 Effect on ruling if relevant provision re‑enacted"
[parser-unknown-class] "TofSectsSection", text="357‑90 Validity of ruling not affected by formal defect"
[parser-unknown-class] "TofSectsGroupHeading", text="Common rules for public and private rulings"
[parser-unknown-class] "TofSectsSection", text="357‑95 Electronic communications"
[parser-unknown-class] "TofSectsGroupHeading", text="Common rules for private and oral rulings"
[parser-unknown-class] "TofSectsSection", text="357‑105 Further information must be sought"
[parser-unknown-class] "TofSectsSection", text="357‑110 Assumptions in making private or oral ruling"
[parser-unknown-class] "TofSectsSection", text="357‑115 Additional information provided by applicant"
[parser-unknown-class] "TofSectsSection", text="357‑120 Commissioner may take into account information from third parties"
[parser-unknown-class] "TofSectsSection", text="357‑125 Applications and objections not to affect obligations and powers"
[parser-unknown-class] "TofSectsHeading", text="Table of sections"
[parser-unknown-class] "TofSectsGroupHeading", text="Making public rulings"
[parser-unknown-class] "TofSectsSection", text="358‑5 What is a public ruling?"
[parser-unknown-class] "TofSectsSection", text="358‑10 Application of public rulings"
[parser-unknown-class] "TofSectsSection", text="358‑15 When a public ruling ceases to apply"
[parser-unknown-class] "TofSectsGroupHeading", text="Withdrawing public rulings"
[parser-unknown-class] "TofSectsSection", text="358‑20 Withdrawing public rulings"
[parser-unknown-class] "TofSectsHeading", text="Table of sections"
[parser-unknown-class] "TofSectsGroupHeading", text="Private rulings"
[parser-unknown-class] "TofSectsSection", text="359‑5 Private rulings"
[parser-unknown-class] "TofSectsSection", text="359‑10 Applying for a private ruling"
[parser-unknown-class] "TofSectsSection", text="359‑15 Private rulings to be given to applicants"
[parser-unknown-class] "TofSectsSection", text="359‑20 Private rulings must contain certain details"
[parser-unknown-class] "TofSectsSection", text="359‑25 Time of application of private rulings"
[parser-unknown-class] "TofSectsSection", text="359‑30 Ruling for trustee of a trust"
[parser-unknown-class] "TofSectsSection", text="359‑35 Dealing with applications"
[parser-unknown-class] "TofSectsSection", text="359‑40 Valuations"
[parser-unknown-class] "TofSectsSection", text="359‑45 Related rulings"
[parser-unknown-class] "TofSectsSection", text="359‑50 Delays in making private rulings"
[parser-unknown-class] "TofSectsSection", text="359‑55 Revised private rulings"
[parser-unknown-class] "TofSectsSection", text="359‑60 Objections, reviews and appeals relating to private rulings"
[parser-unknown-class] "TofSectsSection", text="359‑65 Commissioner may consider new information on objection"
[parser-unknown-class] "TofSectsSection", text="359‑70 Successful objection decision alters ruling"
[parser-unknown-class] "TofSectsHeading", text="Table of sections"
[parser-unknown-class] "TofSectsGroupHeading", text="Oral rulings"
[parser-unknown-class] "TofSectsSection", text="360‑5 Applying for and making of oral rulings"
[parser-unknown-class] "TofSectsSection", text="360‑10 Withdrawing an application for an oral ruling"
[parser-unknown-class] "TofSectsSection", text="360‑15 Commissioner determinations"
[parser-unknown-class] "TofSectsHeading", text="Table of sections"
[parser-unknown-class] "TofSectsSection", text="361‑5 Non‑ruling advice and general administrative practice"
[parser-unknown-class] "TofSectsHeading", text="Table of sections"
[parser-unknown-class] "TofSectsGroupHeading", text="Public rulings by Industry Innovation and Science Australia"
[parser-unknown-class] "TofSectsSection", text="362‑5 Industry Innovation and Science Australia may make public rulings on a specified class of a..."
[parser-unknown-class] "TofSectsSection", text="362‑10 Application of public rulings"
[parser-unknown-class] "TofSectsSection", text="362‑15 When a public ruling ceases to apply"
[parser-unknown-class] "TofSectsSection", text="362‑20 Withdrawing public rulings"
[parser-unknown-class] "TofSectsGroupHeading", text="Private rulings by Industry Innovation and Science Australia"
[parser-unknown-class] "TofSectsSection", text="362‑25 Industry Innovation and Science Australia may make private rulings on a specified activity"
[parser-unknown-class] "TofSectsSection", text="362‑30 Applying for a private ruling"
[parser-unknown-class] "TofSectsSection", text="362‑35 Industry Innovation and Science Australia must give notice of its decision"
[parser-unknown-class] "TofSectsSection", text="362‑40 Private rulings must contain certain details"
[parser-unknown-class] "TofSectsSection", text="362‑45 Application of private rulings"
[parser-unknown-class] "TofSectsSection", text="362‑50 Delays in making private rulings"
[parser-unknown-class] "TofSectsSection", text="362‑55 When a private ruling ceases to apply"
[parser-unknown-class] "TofSectsSection", text="362‑60 Withdrawing private rulings"
[parser-unknown-class] "TofSectsGroupHeading", text="General provisions"
[parser-unknown-class] "TofSectsSection", text="362‑65 When rulings are binding on the Commissioner and Industry Innovation and Science Australia"
[parser-unknown-class] "TofSectsSection", text="362‑70 Application of common rules under Subdivision 357‑B"
[parser-unknown-class] "TofSectsSection", text="362‑75 Application of Divisions 358 and 359"
[parser-unknown-class] "TofSectsHeading", text="Table of Subdivisions"
[parser-unknown-class] "TofSectsSubdiv", text="Guide to Division 370"
[parser-unknown-class] "TofSectsSubdiv", text="370‑A Commissioner’s remedial power"
[parser-unknown-class] "TofSectsHeading", text="Table of sections"
[parser-unknown-class] "TofSectsSection", text="370‑5 Commissioner’s remedial power"
[parser-unknown-class] "TofSectsSection", text="370‑10 Intended purpose or object"
[parser-unknown-class] "TofSectsSection", text="370‑15 Repeal of determinations"
[parser-unknown-class] "TofSectsSection", text="370‑20 Commencement of determinations"
[parser-unknown-class] "TofSectsHeading", text="Table of Subdivisions"
[parser-unknown-class] "TofSectsSubdiv", text="Guide to Division 382"
[parser-unknown-class] "TofSectsSubdiv", text="382‑A Keeping records of indirect tax transactions"
[parser-unknown-class] "TofSectsSubdiv", text="382‑B Record keeping obligations of deductible gift recipients"
[parser-unknown-class] "TofSectsSubdiv", text="382‑C Keeping records in respect of Minimum Tax law"
[parser-unknown-class] "TofSectsHeading", text="Table of sections"
[parser-unknown-class] "TofSectsSection", text="382‑5 Keeping records of indirect tax transactions"
[parser-unknown-class] "TofSectsHeading", text="Table of sections"
[parser-unknown-class] "TofSectsSection", text="382‑15 Deductible gift recipients to keep records"
[parser-unknown-class] "TofSectsHeading", text="Table of sections"
[parser-unknown-class] "TofSectsGroupHeading", text="Operative provisions"
[parser-unknown-class] "TofSectsSection", text="382‑20 Keeping of records in respect of Minimum Tax law"
[parser-unknown-class] "TofSectsHeading", text="Table of sections"
[parser-unknown-class] "TofSectsSection", text="384‑10 When a superannuation guarantee education direction may be given"
[parser-unknown-class] "TofSectsSection", text="384‑12 When a tax‑records education direction may be given"
[parser-unknown-class] "TofSectsSection", text="384‑15 Content of, and matters relating to compliance with, education directions"
[parser-unknown-class] "TofSectsSection", text="384‑17 Compliance with superannuation guarantee education directions"
[parser-unknown-class] "TofSectsSection", text="384‑20 Approval of courses of education"
[parser-unknown-class] "TofSectsSection", text="384‑25 Costs of course of education"
[parser-unknown-class] "TofSectsSection", text="384‑30 Variation or revocation on Commissioner’s own initiative"
[parser-unknown-class] "TofSectsSection", text="384‑35 Variation on request"
[parser-unknown-class] "TofSectsSection", text="384‑40 Taxation objection"
[parser-unknown-class] "TofSectsHeading", text="Table of Subdivisions"
[parser-unknown-class] "TofSectsSubdiv", text="388‑A Object of Division"
[parser-unknown-class] "TofSectsSubdiv", text="388‑B General provisions"
[parser-unknown-class] "TofSectsHeading", text="Table of sections"
[parser-unknown-class] "TofSectsSection", text="388‑50 Approved forms"
[parser-unknown-class] "TofSectsSection", text="388‑52 Saturdays, Sundays and public holidays"
[parser-unknown-class] "TofSectsSection", text="388‑55 Commissioner may defer time for lodgment"
[parser-unknown-class] "TofSectsSection", text="388‑60 Declaration by entity"
[parser-unknown-class] "TofSectsSection", text="388‑65 Declaration by entity where agent gives document"
[parser-unknown-class] "TofSectsSection", text="388‑70 Declaration by agent"
[parser-unknown-class] "TofSectsSection", text="388‑75 Signing declarations"
[parser-unknown-class] "TofSectsSection", text="388‑80 Electronic notification of BAS amounts"
[parser-unknown-class] "TofSectsSection", text="388‑85 Truncating amounts"
[parser-unknown-class] "TofSectsHeading", text="Table of sections"
[parser-unknown-class] "TofSectsSection", text="Operative provisions"
[parser-unknown-class] "TofSectsSection", text="389‑5 Required reporting by employers"
[parser-unknown-class] "TofSectsSection", text="389‑10 Exemptions"
[parser-unknown-class] "TofSectsSection", text="389‑15 Voluntary reporting by employers in relation to taxation laws"
[parser-unknown-class] "TofSectsSection", text="389‑20 Effect on reporting requirements under Subdivision 16‑C"
[parser-unknown-class] "TofSectsSection", text="389‑25 Grace periods for correcting false or misleading notifications"
[parser-unknown-class] "TofSectsSection", text="389‑30 Voluntary reporting by employers in relation to child support laws"
[parser-unknown-class] "TofSectsSection", text="389‑35 Declaration where agent gives notification under this Division"
[parser-unknown-class] "TofSectsHeading", text="Table of Subdivisions"
[parser-unknown-class] "TofSectsSubdiv", text="Guide to Division 390"
[parser-unknown-class] "TofSectsSubdiv", text="390‑A Member information statements and roll‑over superannuation benefit statements"
[parser-unknown-class] "TofSectsSubdiv", text="390‑B Statements relating to release authorities"
[parser-unknown-class] "TofSectsSubdiv", text="390‑C Other statements"
[parser-unknown-class] "TofSectsHeading", text="Table of Subdivisions"
[parser-unknown-class] "TofSectsSubdiv", text="Guide to Division 392"
[parser-unknown-class] "TofSectsSubdiv", text="392‑A Statements"
[parser-unknown-class] "TofSectsSubdiv", text="392‑B Miscellaneous"
[parser-unknown-class] "TofSectsHeading", text="Table of sections"
[parser-unknown-class] "TofSectsSection", text="392‑5 Statements by providers"
[parser-unknown-class] "TofSectsSection", text="392‑10 Change or omission in information given to the Commissioner"
[parser-unknown-class] "TofSectsHeading", text="Table of sections"
[parser-unknown-class] "TofSectsSection", text="392‑15 Application of certain provisions of Division 83A of the Income Tax Assessment Act 1997"
[parser-unknown-class] "TofSectsHeading", text="Table of sections"
[parser-unknown-class] "TofSectsSection", text="393‑5 Reports about quoting tax file numbers and ABNs"
[parser-unknown-class] "TofSectsSection", text="393‑10 Annual investment income reports"
[parser-unknown-class] "TofSectsSection", text="393‑15 Errors in reports"
[parser-unknown-class] "TofSectsHeading", text="Table of sections"
[parser-unknown-class] "TofSectsSection", text="394‑5 Statements about initial contributions to scheme"
[parser-unknown-class] "TofSectsSection", text="394‑10 Statements about failure to establish trees within 18 months"
[parser-unknown-class] "TofSectsHeading", text="Table of Subdivisions"
[parser-unknown-class] "TofSectsSubdiv", text="Guide to Division 396"
[parser-unknown-class] "TofSectsSubdiv", text="396‑A FATCA"
[parser-unknown-class] "TofSectsSubdiv", text="396‑B Information about transactions that could have tax consequences for taxpayers"
[parser-unknown-class] "TofSectsSubdiv", text="396‑C Common Reporting Standard"
[parser-unknown-class] "TofSectsHeading", text="Table of sections"
[parser-unknown-class] "TofSectsGroupHeading", text="Operative provisions"
[parser-unknown-class] "TofSectsSection", text="396‑5 Statements about U.S. Reportable Accounts"
[parser-unknown-class] "TofSectsSection", text="396‑10 Statements about payments to Nonparticipating Financial Institutions"
[parser-unknown-class] "TofSectsSection", text="396‑15 Meaning of the FATCA Agreement"
[parser-unknown-class] "TofSectsSection", text="396‑20 Permissions and elections"
[parser-unknown-class] "TofSectsSection", text="396‑25 Record keeping"
[parser-unknown-class] "TofSectsHeading", text="Table of sections"
[parser-unknown-class] "TofSectsGroupHeading", text="Operative provisions"
[parser-unknown-class] "TofSectsSection", text="396‑55 Reporting tax‑related information about transactions to the Commissioner"
[parser-unknown-class] "TofSectsSection", text="396‑60 Information required"
[parser-unknown-class] "TofSectsSection", text="396‑65 Exemptions—wholesale clients"
[parser-unknown-class] "TofSectsSection", text="396‑70 Exemptions—other cases"
[parser-unknown-class] "TofSectsSection", text="396‑75 Errors in reports"
[parser-unknown-class] "TofSectsHeading", text="Table of sections"
[parser-unknown-class] "TofSectsGroupHeading", text="Operative provisions"
[parser-unknown-class] "TofSectsSection", text="396‑105 Statements about Reportable Accounts"
[parser-unknown-class] "TofSectsSection", text="396‑110 Meaning of CRS"
[parser-unknown-class] "TofSectsSection", text="396‑115 Matters Common Reporting Standard leaves to domestic law"
[parser-unknown-class] "TofSectsSection", text="396‑120 Application of Common Reporting Standard"
[parser-unknown-class] "TofSectsSection", text="396‑125 Record keeping"
[parser-unknown-class] "TofSectsSection", text="396‑130 Anti‑avoidance provisions"
[parser-unknown-class] "TofSectsSection", text="396‑135 Application of penalty to false or misleading self‑certification"
[parser-unknown-class] "TofSectsSection", text="396‑136 Report on Reportable Accounts maintained by Australian Reporting Financial Institutions"
[parser-unknown-class] "TofSectsHeading", text="Table of Subdivisions"
[parser-unknown-class] "TofSectsSubdiv", text="Guide to Division 398"
[parser-unknown-class] "TofSectsSubdiv", text="398‑A Farm Management Deposit reporting"
[parser-unknown-class] "TofSectsHeading", text="Table of sections"
[parser-unknown-class] "TofSectsSection", text="398‑5 Reporting to Agriculture Department"
[parser-unknown-class] "TofSectsHeading", text="Table of sections"
[parser-unknown-class] "TofSectsSection", text="405‑5 Payments to which this Division applies"
[parser-unknown-class] "TofSectsSection", text="405‑10 Reporting requirements"
[parser-unknown-class] "TofSectsSection", text="405‑15 Invoices produced by purchasers"
[parser-unknown-class] "TofSectsHeading", text="Table of sections"
[parser-unknown-class] "TofSectsSection", text="410‑5 Payments to which this Division applies"
[parser-unknown-class] "TofSectsSection", text="410‑10 Reporting requirements"
[parser-unknown-class] "TofSectsSection", text="410‑15 Invoices produced by purchasers"
[parser-unknown-class] "TofSectsHeading", text="Table of sections"
[parser-unknown-class] "TofSectsSection", text="415‑5 Payments to which this Division applies"
[parser-unknown-class] "TofSectsSection", text="415‑10 ABN verification requirements"
[parser-unknown-class] "TofSectsSection", text="415‑15 Method of obtaining ABN verification"
[parser-unknown-class] "TofSectsSection", text="415‑20 Verification applies to later payments"
[parser-unknown-class] "TofSectsHeading", text="Table of sections"
[parser-unknown-class] "TofSectsSection", text="417‑5 Payments to which this Division applies"
[parser-unknown-class] "TofSectsSection", text="417‑10 Identity verification requirements"
[parser-unknown-class] "TofSectsSection", text="417‑15 Method of obtaining identity verification"
[parser-unknown-class] "TofSectsSection", text="417‑20 Verification applies to later payments"
[parser-unknown-class] "TofSectsHeading", text="Table of sections"
[parser-unknown-class] "TofSectsSection", text="420‑5 Failing to report or verify: administrative penalty"
[parser-unknown-class] "TofSectsHeading", text="Table of sections"
[parser-unknown-class] "TofSectsSection", text="425‑20 Constructive payment"
[parser-unknown-class] "TofSectsSection", text="425‑25 Non‑cash benefits"
[parser-unknown-class] "TofSectsHeading", text="Table of Subdivisions"
[parser-unknown-class] "TofSectsSubdiv", text="Guide to Division 426"
[parser-unknown-class] "TofSectsSubdiv", text="426‑A Application of Subdivision 426‑B to various kinds of endorsement"
[parser-unknown-class] "TofSectsSubdiv", text="426‑B Process of endorsement etc."
[parser-unknown-class] "TofSectsSubdiv", text="426‑C Entries on Australian Business Register"
[parser-unknown-class] "TofSectsSubdiv", text="426‑D Public and private ancillary funds"
[parser-unknown-class] "TofSectsHeading", text="Table of sections"
[parser-unknown-class] "TofSectsSection", text="426‑5 Application of Subdivision 426‑B to various kinds of endorsement"
[parser-unknown-class] "TofSectsSection", text="426‑10 How Subdivision 426‑B applies to government entities in relation to endorsement under sect..."
[parser-unknown-class] "TofSectsHeading", text="Table of sections"
[parser-unknown-class] "TofSectsSection", text="426‑15 Applying for endorsement"
[parser-unknown-class] "TofSectsSection", text="426‑20 Dealing with an application for endorsement"
[parser-unknown-class] "TofSectsSection", text="426‑25 Notifying outcome of application for endorsement"
[parser-unknown-class] "TofSectsSection", text="426‑30 Date of effect of endorsement"
[parser-unknown-class] "TofSectsSection", text="426‑35 Review of refusal of endorsement"
[parser-unknown-class] "TofSectsSection", text="426‑40 Checking entitlement to endorsement"
[parser-unknown-class] "TofSectsSection", text="426‑45 Telling Commissioner of loss of entitlement to endorsement"
[parser-unknown-class] "TofSectsSection", text="426‑50 Partnerships and unincorporated bodies"
[parser-unknown-class] "TofSectsSection", text="426‑55 Revoking endorsement"
[parser-unknown-class] "TofSectsSection", text="426‑60 Review of revocation of endorsement"
[parser-unknown-class] "TofSectsHeading", text="Table of sections"
[parser-unknown-class] "TofSectsSection", text="426‑65 Entries on Australian Business Register"
[parser-unknown-class] "TofSectsHeading", text="Table of sections"
[parser-unknown-class] "TofSectsGroupHeading", text="Public ancillary funds"
[parser-unknown-class] "TofSectsSection", text="426‑102 Public ancillary funds"
[parser-unknown-class] "TofSectsSection", text="426‑103 Public ancillary fund guidelines"
[parser-unknown-class] "TofSectsSection", text="426‑104 Australian Business Register must show public ancillary fund status"
[parser-unknown-class] "TofSectsGroupHeading", text="Private ancillary funds"
[parser-unknown-class] "TofSectsSection", text="426‑105 Private ancillary funds"
[parser-unknown-class] "TofSectsSection", text="426‑110 Private ancillary fund guidelines"
[parser-unknown-class] "TofSectsSection", text="426‑115 Australian Business Register must show private ancillary fund status"
[parser-unknown-class] "TofSectsGroupHeading", text="Community charity trusts"
[parser-unknown-class] "TofSectsSection", text="426‑117 Community charity trusts"
[parser-unknown-class] "TofSectsSection", text="426‑118 Community charity trust guidelines"
[parser-unknown-class] "TofSectsSection", text="426‑119 Australian Business Register must show community charity trust status"
[parser-unknown-class] "TofSectsGroupHeading", text="Administrative penalties"
[parser-unknown-class] "TofSectsSection", text="426‑120 Administrative penalties for trustees of ancillary funds"
[parser-unknown-class] "TofSectsGroupHeading", text="Suspension and removal of trustees"
[parser-unknown-class] "TofSectsSection", text="426‑125 Suspension or removal of trustees"
[parser-unknown-class] "TofSectsSection", text="426‑130 Commissioner to appoint acting trustee in cases of suspension or removal"
[parser-unknown-class] "TofSectsSection", text="426‑135 Terms and conditions of appointment of acting trustee"
[parser-unknown-class] "TofSectsSection", text="426‑140 Termination of appointment of acting trustee"
[parser-unknown-class] "TofSectsSection", text="426‑145 Resignation of acting trustee"
[parser-unknown-class] "TofSectsSection", text="426‑150 Property vesting orders"
[parser-unknown-class] "TofSectsSection", text="426‑155 Powers of acting trustee"
[parser-unknown-class] "TofSectsSection", text="426‑160 Commissioner may give directions to acting trustee"
[parser-unknown-class] "TofSectsSection", text="426‑165 Property vested in acting trustee—former trustees’ obligations relating to books, identif..."
[parser-unknown-class] "TofSectsGroupHeading", text="Limitation on certain transfers"
[parser-unknown-class] "TofSectsSection", text="426‑170 Limitation on ancillary and community charity trust funds making certain transfers"
[parser-unknown-class] "TofSectsHeading", text="Table of sections"
[parser-unknown-class] "TofSectsGroupHeading", text="Community charity corporations"
[parser-unknown-class] "TofSectsSection", text="426‑180 Community charity corporations"
[parser-unknown-class] "TofSectsSection", text="426‑185 Community charity corporation guidelines"
[parser-unknown-class] "TofSectsSection", text="426‑190 Australian Business Register must show community charity corporation status"
[parser-unknown-class] "TofSectsGroupHeading", text="Administrative penalties"
[parser-unknown-class] "TofSectsSection", text="426‑195 Administrative penalties for community charity corporations"
[parser-unknown-class] "TofSectsGroupHeading", text="Limitation on certain transfers"
[parser-unknown-class] "TofSectsSection", text="426‑200 Limitation on community charity corporations making certain transfers"
[parser-unknown-class] "TofSectsHeading", text="Table of Subdivisions"
[parser-unknown-class] "TofSectsSubdiv", text="Guide to Division 444"
[parser-unknown-class] "TofSectsSubdiv", text="444‑A Unincorporated associations and bodies and companies"
[parser-unknown-class] "TofSectsSubdiv", text="444‑B Partnerships"
[parser-unknown-class] "TofSectsSubdiv", text="444‑C Superannuation funds"
[parser-unknown-class] "TofSectsSubdiv", text="444‑D Incapacitated entities"
[parser-unknown-class] "TofSectsSubdiv", text="444‑E Indirect tax specific entities"
[parser-unknown-class] "TofSectsSubdiv", text="444‑F Trusts"
[parser-unknown-class] "TofSectsHeading", text="Table of sections"
[parser-unknown-class] "TofSectsSection", text="444‑5 Unincorporated associations and bodies"
[parser-unknown-class] "TofSectsSection", text="444‑10 Public officers of companies"
[parser-unknown-class] "TofSectsSection", text="444‑15 Notifying and serving companies"
[parser-unknown-class] "TofSectsHeading", text="Table of sections"
[parser-unknown-class] "TofSectsSection", text="444‑30 Partnerships"
[parser-unknown-class] "TofSectsHeading", text="Table of sections"
[parser-unknown-class] "TofSectsSection", text="444‑50 Superannuation funds"
[parser-unknown-class] "TofSectsHeading", text="Table of sections"
[parser-unknown-class] "TofSectsSection", text="444‑70 Representatives of incapacitated entities"
[parser-unknown-class] "TofSectsHeading", text="Table of sections"
[parser-unknown-class] "TofSectsSection", text="444‑80 GST joint ventures"
[parser-unknown-class] "TofSectsSection", text="444‑85 Non‑profit sub‑entities"
[parser-unknown-class] "TofSectsSection", text="444‑90 GST groups"
[parser-unknown-class] "TofSectsHeading", text="Table of sections"
[parser-unknown-class] "TofSectsSection", text="444‑120 Joint and several liability for all trustees"
[parser-unknown-class] "TofSectsHeading", text="Table of sections"
[parser-unknown-class] "TofSectsGroupHeading", text="Operative provisions"
[parser-unknown-class] "TofSectsSection", text="446‑5 Requirements for unanimous resolutions by local governing bodies"
[parser-unknown-class] "TofSectsHeading", text="Table of Subdivisions"
[parser-unknown-class] "TofSectsSubdiv", text="850‑A Declaration relating to security or intelligence agency"
[parser-unknown-class] "TofSectsHeading", text="Table of sections"
[parser-unknown-class] "TofSectsSection", text="850‑100 Declaration relating to security or intelligence agency"
[parser-unknown-class] "TofSectsHeading", text="Table of Subdivisions"
[parser-unknown-class] "TofSectsSubdiv", text="990‑A Combining notices"
[parser-unknown-class] "TofSectsHeading", text="Table of sections"
[parser-unknown-class] "TofSectsSection", text="990‑5 Commissioner may combine notices"
[parser-diag] processed 29554 <p> elements
[parser-diag] last section was added at element index: 20348
[parse] sections: 1807
[parse] compilation: date=2026-04-01 no=222
[parser-diag] state phase at end: ENDNOTES
[parser-diag] hierarchy stack depth at end: 3
[parser-diag] insideSchedule at end: true
[parse] by level:
         part         11
         section      200
         division     50
         subdivision  486
         schedule     1
         schedule_part 6
         schedule_clause 1053
[db] inserted new legislation row: 26765803-6f31-42b7-884e-5bc042a9975a
[db] inserting 1807 sections (pass 1)
[db] inserted 1807 sections
[db] linking parent FKs (pass 2)
[db] linked 1795 parent references

[done] ingested Taxation
       legislation_id: 26765803-6f31-42b7-884e-5bc042a9975a
       sections: 1807
       compilation: 2026-04-01
