[fetch] document_1: https://www.legislation.gov.au/C2004A00849/2001-07-11/2001-07-11/text/original/epub/OEBPS/document_1/document_1.html
[fetch] document_1: 684,510 bytes
[fetch] document_2: https://www.legislation.gov.au/C2004A00849/2001-07-11/2001-07-11/text/original/epub/OEBPS/document_2/document_2.html
[fetch] document_2 not found — stopping. Fetched 1 document(s).
[fetch] combined 1 document(s), 684,510 source bytes → 683,023 combined bytes
[citation] Environment Protection and Biodiversity Conservation Amendment (Wildlife Protection) Act 2001 (Cth)
[parse] starting
[parser-diag] total <p> elements found: 2166
[parser-unknown-class] "Subsection", text="This Act may be cited as the Environment Protection and Biodiversity Conservation Amendment (Wild..."
[parser-unknown-class] "Subsection", text="(1) The following provisions of this Act commence on the day on which this Act receives the Royal..."
[parser-unknown-class] "indenta", text="(a) sections 1, 2 and 3; and"
[parser-unknown-class] "indenta", text="(b) Part 3 of Schedule 1."
[parser-unknown-class] "Subsection", text="(2) The remaining provisions of this Act commence on a day to be fixed by Proclamation."
[parser-unknown-class] "Subsection", text="(3) If the remaining provisions of this Act do not commence under subsection (2) within the perio..."
[parser-unknown-class] "Subsection", text="Subject to section 2, each Act that is specified in a Schedule to this Act is amended or repealed..."
[parser-unknown-class] "ActHead6", text="Schedule 1—Amendment of the Environment Protection and Biodiversity Conservation Act 1999"
[parser-unknown-class] "ActHead7", text="Part 1—Amendments relating to wildlife"
[parser-unknown-class] "ItemHead", text="1  Subsection 224(2)"
[parser-unknown-class] "ItemHead", text="2  At the end of section 224"
[parser-unknown-class] "Subsection", text="(4) In this section:"
[parser-unknown-class] "indenta", text="(a) section 232A; or"
[parser-unknown-class] "indenta", text="(b) section 232B; or"
[parser-unknown-class] "indenta", text="(c) any other provision of this Division, in so far as that provision relates to section 232A or ..."
[parser-unknown-class] "ItemHead", text="3  Subdivision D of Division 3 of Part 13 (heading)"
[parser-unknown-class] "ItemHead", text="4  Before section 233"
[parser-unknown-class] "Subsection", text="(1) Subject to section 235, a person is guilty of an offence if the person exports:"
[parser-unknown-class] "indenta", text="(a) a cetacean; or"
[parser-unknown-class] "indenta", text="(b) a part of a cetacean; or"
[parser-unknown-class] "indenta", text="(c) a product derived from a cetacean."
[parser-unknown-class] "Subsection", text="(2) An offence against this section is punishable on conviction by imprisonment for not more than..."
[parser-unknown-class] "Subsection", text="(1) Subject to section 235, a person is guilty of an offence if the person imports:"
[parser-unknown-class] "indenta", text="(a) a cetacean; or"
[parser-unknown-class] "indenta", text="(b) a part of a cetacean; or"
[parser-unknown-class] "indenta", text="(c) a product derived from a cetacean."
[parser-unknown-class] "Subsection", text="(2) An offence against this section is punishable on conviction by imprisonment for not more than..."
[parser-unknown-class] "ItemHead", text="5  Paragraph 233(1)(b)"
[parser-unknown-class] "ItemHead", text="6  Subsection 233(2)"
[parser-unknown-class] "ItemHead", text="7  Subsection 234(2)"
[parser-unknown-class] "ItemHead", text="8  Section 235"
[parser-unknown-class] "ItemHead", text="9  Subsection 238(2)"
[parser-unknown-class] "ItemHead", text="10  At the end of subsection 238(3)"
[parser-unknown-class] "indenta", text="; or (d) all of the following subparagraphs apply:"
[parser-unknown-class] "indentii", text="(i) the specified action is the export of a part of a cetacean;"
[parser-unknown-class] "indentii", text="(ii) the export of the part is an export that, under the regulations, is taken to be an export of..."
[parser-unknown-class] "indentii", text="(iii) the export of the part will not be detrimental to the conservation of cetaceans;"
[parser-unknown-class] "indentii", text="(iv) the export of the part is not for commercial purposes; or"
[parser-unknown-class] "indenta", text="(e) all of the following subparagraphs apply:"
[parser-unknown-class] "indentii", text="(i) the specified action is the import of a part of a cetacean;"
[parser-unknown-class] "indentii", text="(ii) the import of the part is an import that, under the regulations, is taken to be an import of..."
[parser-unknown-class] "indentii", text="(iii) the import of the part will not be detrimental to the conservation of cetaceans;"
[parser-unknown-class] "indentii", text="(iv) the import of the part is not for commercial purposes."
[parser-unknown-class] "ItemHead", text="11  After Part 13"
[parser-unknown-class] "Subsection", text="(1) The objects of this Part are as follows:"
[parser-unknown-class] "indenta", text="(a) to ensure that Australia complies with its obligations under CITES and the Biodiversity Conve..."
[parser-unknown-class] "indenta", text="(b) to protect wildlife that may be adversely affected by trade;"
[parser-unknown-class] "indenta", text="(c) to promote the conservation of biodiversity in Australia and other countries;"
[parser-unknown-class] "indenta", text="(d) to ensure that any commercial utilisation of Australian native wildlife for the purposes of e..."
[parser-unknown-class] "indenta", text="(e) to promote the humane treatment of wildlife;"
[parser-unknown-class] "indenta", text="(f) to ensure ethical conduct during any research associated with the utilisation of wildlife;"
[parser-unknown-class] "indenta", text="(h) to ensure that the precautionary principle is taken into account in making decisions relating..."
[parser-unknown-class] "Subsection", text="(2) In order to achieve its objects, this Part includes special provisions to conserve the biodiv..."
[parser-unknown-class] "Subsection", text="To avoid doubt, nothing in this Part prevents an indigenous person from continuing in accordance ..."
[parser-unknown-class] "indenta", text="(a) hunting (except for the purposes of sale); or"
[parser-unknown-class] "indenta", text="(b) food gathering (except for the purposes of sale); or"
[parser-unknown-class] "indenta", text="(c) ceremonial or religious purposes."
[parser-unknown-class] "Subsection", text="The following is a simplified outline of this Part:"
[parser-unknown-class] "Subsection", text="In this Part, unless the contrary intention appears:"
[parser-unknown-class] "indenta", text="(a) do an act; or"
[parser-unknown-class] "indenta", text="(b) omit to perform an act."
[parser-unknown-class] "indenta", text="(a) export from Australia or from an external Territory; or"
[parser-unknown-class] "indenta", text="(b) export from the sea;"
[parser-unknown-class] "indenta", text="(c) export from Australia to an external Territory; or"
[parser-unknown-class] "indenta", text="(d) export from an external Territory to Australia; or"
[parser-unknown-class] "indenta", text="(e) export from an external Territory to another external Territory."
[parser-unknown-class] "indenta", text="(a) import into Australia or into an external Territory; or"
[parser-unknown-class] "indenta", text="(b) import by way of introduction from the sea;"
[parser-unknown-class] "indenta", text="(c) import into Australia from an external Territory; or"
[parser-unknown-class] "indenta", text="(d) import into an external Territory from Australia; or"
[parser-unknown-class] "indenta", text="(e) import into an external Territory from another external Territory."
[parser-unknown-class] "indenta", text="(a) the air space above the sea; and"
[parser-unknown-class] "indenta", text="(b) the seabed and subsoil beneath the sea."
[parser-unknown-class] "indenta", text="(a) in relation to a specimen that is exported—the person in the country to which the specimen is..."
[parser-unknown-class] "indenta", text="(b) in relation to a specimen that is imported into Australia or into an external Territory—the p..."
[parser-unknown-class] "indenta", text="(a) if the country is a party to CITES—a Management Authority of that country; or"
[parser-unknown-class] "indenta", text="(b) if the country is not a party to CITES—a competent authority of that country within the meani..."
[parser-unknown-class] "indenta", text="(a) in relation to an animal—harvest, catch, capture, trap and kill; and"
[parser-unknown-class] "indenta", text="(b) in relation to a plant specimen—harvest, pick, gather and cut."
[parser-unknown-class] "Subsection", text="(1) The Minister must, by instrument published in the Gazette, establish a list of CITES species ..."
[parser-unknown-class] "Subsection", text="(2) The Minister must ensure that the list is established on the commencement of this section."
[parser-unknown-class] "Subsection", text="(3) The list must include all species from time to time included in any of Appendices I, II and I..."
[parser-unknown-class] "Subsection", text="(4) For each species included in the list, there is to be a notation:"
[parser-unknown-class] "indenta", text="(a) describing the specimens belonging to that species that are included in a particular Appendix..."
[parser-unknown-class] "indenta", text="(b) identifying the Appendix in which the species is included; and"
[parser-unknown-class] "indenta", text="(c) identifying the date on which the provisions of CITES first applied to the specimens."
[parser-unknown-class] "Subsection", text="(5) A description mentioned in paragraph (4)(a):"
[parser-unknown-class] "indenta", text="(a) may cover all specimens that belong to the species; or"
[parser-unknown-class] "indenta", text="(b) may cover specified kinds of specimens that belong to the species; or"
[parser-unknown-class] "indenta", text="(c) may state that the inclusion of a specimen in a particular Appendix to CITES is subject to re..."
[parser-unknown-class] "Subsection", text="(6) A restriction or condition mentioned in paragraph (5)(c) may:"
[parser-unknown-class] "indenta", text="(a) impose a quantitative limit in relation to the export or import of a specimen; or"
[parser-unknown-class] "indenta", text="(b) relate to the imposition of a quota in relation to the export or import of specimens; or"
[parser-unknown-class] "indenta", text="(c) relate to a particular population of a species; or"
[parser-unknown-class] "indenta", text="(d) reflect any other restriction or condition set out in the relevant Appendix to CITES."
[parser-unknown-class] "Subsection", text="(7) Subsection (6) does not limit paragraph (5)(c)."
[parser-unknown-class] "Subsection", text="(8) A notation in the list is to be consistent with CITES."
[parser-unknown-class] "Subsection", text="(9) The Minister may, by instrument published in the Gazette:"
[parser-unknown-class] "indenta", text="(a) correct an inaccuracy or update the name of a species; or"
[parser-unknown-class] "indenta", text="(b) amend the list, as necessary, so that it includes all species required to be included in the ..."
[parser-unknown-class] "indenta", text="(c) amend the list, as necessary, so that the notations in the list are consistent with CITES."
[parser-unknown-class] "Subsection", text="(10) A copy of an instrument under subsection (1) or (9) is to be made available for inspection o..."
[parser-unknown-class] "Subsection", text="(11) For the purposes of this section, it is to be assumed that the definition of specimen in CIT..."
[parser-unknown-class] "Subsection", text="(1) The Minister may, by instrument published in the Gazette, declare that the list referred to i..."
[parser-unknown-class] "Subsection", text="(2) The Minister must not make a declaration under subsection (1) unless:"
[parser-unknown-class] "indenta", text="(a) the modification has the effect of treating a specified specimen that is included in Appendix..."
[parser-unknown-class] "indenta", text="(b) the modification has the effect of broadening the range of specimens included in a specified ..."
[parser-unknown-class] "indenta", text="(c) the modification has the effect of decreasing a quantitative limit in relation to the export ..."
[parser-unknown-class] "indenta", text="(d) the modification has the effect of treating a specified specimen that is not included in Appe..."
[parser-unknown-class] "indenta", text="(e) the modification has the effect of treating a specified specimen that is not included in Appe..."
[parser-unknown-class] "Subsection", text="(3) An instrument under subsection (1) is a disallowable instrument for the purposes of section 4..."
[parser-unknown-class] "Subsection", text="(4) A copy of an instrument under subsection (1) is to be made available for inspection on the In..."
[parser-unknown-class] "Subsection", text="(5) A reference in this Act to the list referred to in section 303CA is a reference to that list ..."
[parser-unknown-class] "Subsection", text="(1) A person is guilty of an offence if:"
[parser-unknown-class] "indenta", text="(a) the person exports a specimen; and"
[parser-unknown-class] "indenta", text="(b) the specimen is a CITES specimen."
[parser-unknown-class] "Subsection", text="(2) Subsection (1) does not apply if the specimen is exported in accordance with a permit that wa..."
[parser-unknown-class] "Subsection", text="(3) Subsection (1) does not apply if the export of the specimen is an export that, in accordance ..."
[parser-unknown-class] "Subsection", text="(4) Subsection (1) does not apply if the Minister issues a certificate under subsection (5) in re..."
[parser-unknown-class] "Subsection", text="(5) If the Minister is satisfied that a specimen was acquired before the provisions of CITES appl..."
[parser-unknown-class] "Subsection", text="(6) Subsection (1) does not apply if the export of the specimen is an export that, under the regu..."
[parser-unknown-class] "Subsection", text="(1) A person is guilty of an offence if:"
[parser-unknown-class] "indenta", text="(a) the person imports a specimen; and"
[parser-unknown-class] "indenta", text="(b) the specimen is a CITES specimen."
[parser-unknown-class] "Subsection", text="(2) Subsection (1) does not apply if the specimen is imported in accordance with a permit that wa..."
[parser-unknown-class] "Subsection", text="(3) Subsection (1) does not apply if the import of the specimen is an import that, under the regu..."
[parser-unknown-class] "Subsection", text="(4) Subsection (1) does not apply if:"
[parser-unknown-class] "indenta", text="(a) the specimen is a CITES II specimen; and"
[parser-unknown-class] "indenta", text="(b) the specimen is not a live specimen; and"
[parser-unknown-class] "indenta", text="(c) the specimen belongs to a species that is not specified in the regulations; and"
[parser-unknown-class] "indenta", text="(d) in a case where a quantitative limit is applicable to the specimen under a notation in the li..."
[parser-unknown-class] "indenta", text="(e) the specimen is within the personal baggage of a person entering Australia or an external Ter..."
[parser-unknown-class] "indenta", text="(f) the specimen is not intended for sale or for any other commercial purpose; and"
[parser-unknown-class] "indenta", text="(g) both:"
[parser-unknown-class] "indentii", text="(i) the country from which the specimen is proposed to be imported has a relevant CITES authority..."
[parser-unknown-class] "indentii", text="(ii) permission to export the specimen from that country has been given by a relevant CITES autho..."
[parser-unknown-class] "Subsection", text="(5) Subsection (1) does not apply if the import of the specimen is an import that, in accordance ..."
[parser-unknown-class] "Subsection", text="(6) Subsection (1) does not apply if:"
[parser-unknown-class] "indenta", text="(a) the country from which the specimen is proposed to be imported has a relevant CITES authority..."
[parser-unknown-class] "indenta", text="(b) a relevant CITES authority of that country has issued a certificate under paragraph 2 of Arti..."
[parser-unknown-class] "Subsection", text="(1) A person may, in accordance with the regulations, apply to the Minister for a permit to be is..."
[parser-unknown-class] "Subsection", text="(2) The application must be accompanied by the fee (if any) prescribed by the regulations."
[parser-unknown-class] "Subsection", text="(1) The Minister may, within 40 business days after the application is made, request the applican..."
[parser-unknown-class] "Subsection", text="(2) The Minister may refuse to consider the application until the applicant gives the Minister th..."
[parser-unknown-class] "Subsection", text="(1) The Minister may, on application made by a person under section 303CE, issue a permit to the ..."
[parser-unknown-class] "Subsection", text="(2) A permit authorises its holder to take the action or actions specified in the permit without ..."
[parser-unknown-class] "Subsection", text="(3) The Minister must not issue a permit unless the Minister is satisfied that:"
[parser-unknown-class] "indenta", text="(a) the action or actions specified in the permit will not be detrimental to, or contribute to tr..."
[parser-unknown-class] "indentii", text="(i) the survival of any taxon to which the specimen belongs; or"
[parser-unknown-class] "indentii", text="(ii) the recovery in nature of any taxon to which the specimen belongs; or"
[parser-unknown-class] "indentii", text="(iii) any relevant ecosystem (for example, detriment to habitat or biodiversity); and"
[parser-unknown-class] "indenta", text="(b) the specimen was not obtained in contravention of, and the action or actions specified in the..."
[parser-unknown-class] "indenta", text="(c) if the specimen is a live specimen that belongs to a taxon specified in the regulations—the c..."
[parser-unknown-class] "indenta", text="(d) if any restriction or condition is applicable to the specimen under a notation in the list re..."
[parser-unknown-class] "indenta", text="(e) if the permit authorises the export of a CITES specimen:"
[parser-unknown-class] "indentii", text="(i) the proposed export would be an eligible non‑commercial purpose export (within the meaning of..."
[parser-unknown-class] "indentii", text="(ii) the relevant conditions set out in the table in section 303CH have been met; and"
[parser-unknown-class] "indenta", text="(f) if the permit authorises the import of a CITES specimen:"
[parser-unknown-class] "indentii", text="(i) the proposed import would be an eligible non‑commercial purpose import (within the meaning of..."
[parser-unknown-class] "indentii", text="(ii) the relevant conditions set out in the table in section 303CH have been met; and"
[parser-unknown-class] "indenta", text="(g) if:"
[parser-unknown-class] "indentii", text="(i) the permit authorises the import of a CITES II specimen; and"
[parser-unknown-class] "indentii", text="(ii) the proposed import would be an eligible non‑commercial purpose import (within the meaning o..."
[parser-unknown-class] "indenta", text="the country from which the specimen is proposed to be imported has a relevant CITES authority and..."
[parser-unknown-class] "indenta", text="(h) if the permit authorises the export of a CITES specimen that is a regulated native specimen—t..."
[parser-unknown-class] "indenta", text="(i) if the permit authorises the import of a CITES specimen that is a regulated live specimen—the..."
[parser-unknown-class] "Subsection", text="(4) Subsection (3) does not apply in relation to a permit to export from Australia or an external..."
[parser-unknown-class] "Subsection", text="(5) The Minister must not issue a permit to export a specimen (other than a live animal) that has..."
[parser-unknown-class] "indenta", text="(a) the specimen was lawfully imported (section 303GY); and"
[parser-unknown-class] "indenta", text="(b) if the specimen is a CITES I specimen:"
[parser-unknown-class] "indentii", text="(i) the country to which the specimen is proposed to be exported has a relevant CITES authority; and"
[parser-unknown-class] "indentii", text="(ii) permission to import that specimen into that country has been given by a relevant CITES auth..."
[parser-unknown-class] "Subsection", text="(6) This section has effect subject to section 303GA."
[parser-unknown-class] "Subsection", text="The following table sets out the conditions mentioned in paragraphs 303CG(3)(e) and (f):"
[parser-unknown-class] "Table", text=""
[parser-unknown-class] "Table", text="Specific conditions"
[parser-unknown-class] "Table", text="Item"
[parser-unknown-class] "Table", text="Category of specimen"
[parser-unknown-class] "Table", text="Action"
[parser-unknown-class] "Table", text="Specific conditions"
[parser-unknown-class] "Table", text="1"
[parser-unknown-class] "Table", text="CITES I"
[parser-unknown-class] "Table", text="Import"
[parser-unknown-class] "Table", text="2"
[parser-unknown-class] "Table", text="CITES I"
[parser-unknown-class] "Table", text="Export"
[parser-unknown-class] "Table", text="3"
[parser-unknown-class] "Table", text="CITES II"
[parser-unknown-class] "Table", text="Import"
[parser-unknown-class] "Table", text="4"
[parser-unknown-class] "Table", text="CITES II"
[parser-unknown-class] "Table", text="Export"
[parser-unknown-class] "Table", text="5"
[parser-unknown-class] "Table", text="CITES III"
[parser-unknown-class] "Table", text="Import"
[parser-unknown-class] "Table", text="The country from which the specimen is proposed to be imported has a relevant CITES authority, an..."
[parser-unknown-class] "Table", text="6"
[parser-unknown-class] "Table", text="CITES III"
[parser-unknown-class] "Table", text="Export"
[parser-unknown-class] "Subsection", text="If an application for a permit is made under section 303CE, the Minister must either issue, or re..."
[parser-unknown-class] "indenta", text="(a) the day on which the application is made;"
[parser-unknown-class] "indenta", text="(b) if a request for further information in relation to the application is made under section 303..."
[parser-unknown-class] "indenta", text="(c) if section 303GA applies to the application—the day that is applicable under subsection 303GA..."
[parser-unknown-class] "Subsection", text="A permit under section 303CG:"
[parser-unknown-class] "indenta", text="(a) comes into force on the date on which it is issued; and"
[parser-unknown-class] "indenta", text="(b) unless it is sooner cancelled, remains in force for:"
[parser-unknown-class] "indentii", text="(i) a period of 6 months beginning on the date on which it is issued; or"
[parser-unknown-class] "indentii", text="(ii) if a shorter period is specified in the permit—that shorter period."
[parser-unknown-class] "Subsection", text="(1) As soon as practicable after the commencement of this section, the Minister must cause to be ..."
[parser-unknown-class] "indenta", text="(a) prescribed particulars of applications made under section 303CE after the establishment of th..."
[parser-unknown-class] "indenta", text="(b) prescribed particulars of decisions made by the Minister under section 303CG after the establ..."
[parser-unknown-class] "Subsection", text="(2) The register may be maintained by electronic means."
[parser-unknown-class] "Subsection", text="(3) The register is to be made available for inspection on the Internet."
[parser-unknown-class] "Subsection", text="For the purposes of the application of CITES to Australia:"
[parser-unknown-class] "indenta", text="(a) the Minister is the Management Authority; and"
[parser-unknown-class] "indenta", text="(b) the Secretary is the Scientific Authority."
[parser-unknown-class] "Subsection", text="(1) Except so far as the contrary intention appears, an expression that:"
[parser-unknown-class] "indenta", text="(a) is used in the CITES provisions without definition; and"
[parser-unknown-class] "indenta", text="(b) is used in CITES (whether or not it is defined in, or a particular meaning is assigned to it ..."
[parser-unknown-class] "Subsection", text="(2) For the purposes of subsection (1), the CITES provisions consist of:"
[parser-unknown-class] "indenta", text="(a) this Division; and"
[parser-unknown-class] "indenta", text="(b) any other provision of this Act in so far as that other provision relates to, or to permits u..."
[parser-unknown-class] "Subsection", text="(1) In making a decision under this Part in relation to a CITES specimen, the Minister may have r..."
[parser-unknown-class] "Subsection", text="(2) Subsection (1) applies to a resolution, whether made before or after the commencement of this..."
[parser-unknown-class] "Subsection", text="For the purposes of this Act, a regulated native specimen is a specimen that:"
[parser-unknown-class] "indenta", text="(a) is, or is derived from, a native animal or a native plant; and"
[parser-unknown-class] "indenta", text="(b) is not included in the list referred to in section 303DB."
[parser-unknown-class] "Subsection", text="(1) The Minister must, by instrument published in the Gazette, establish a list of exempt native ..."
[parser-unknown-class] "Subsection", text="(2) For each specimen included in the list, there is to be a notation that states whether the inc..."
[parser-unknown-class] "Subsection", text="(3) A restriction or condition mentioned in subsection (2) may:"
[parser-unknown-class] "indenta", text="(a) consist of a quantitative limit in relation to the export of the specimen; or"
[parser-unknown-class] "indenta", text="(b) relate to the circumstances of the export of the specimen; or"
[parser-unknown-class] "indenta", text="(c) relate to the source of the specimen; or"
[parser-unknown-class] "indenta", text="(d) relate to the circumstances in which the specimen was taken or, if the specimen is derived fr..."
[parser-unknown-class] "indenta", text="(e) relate to an expiry date for the inclusion of the specimen on the list."
[parser-unknown-class] "Subsection", text="(4) Subsection (3) does not limit subsection (2)."
[parser-unknown-class] "Subsection", text="(5) The list, as first established, must:"
[parser-unknown-class] "indenta", text="(a) contain the specimens referred to in Part I of Schedule 4 to the Wildlife Protection (Regulat..."
[parser-unknown-class] "indenta", text="(b) reflect the restrictions and conditions that are applicable to the inclusion of those specime..."
[parser-unknown-class] "Subsection", text="(6) The list must not include a specimen that belongs to an eligible listed threatened species un..."
[parser-unknown-class] "indenta", text="(a) the Minister is satisfied that the export of the specimen will not:"
[parser-unknown-class] "indentii", text="(i) adversely affect the conservation status of the species concerned; and"
[parser-unknown-class] "indentii", text="(ii) be inconsistent with any recovery plan or wildlife conservation plan for that species; and"
[parser-unknown-class] "indenta", text="(b) the inclusion of the specimen on the list is subject to a restriction or condition to the eff..."
[parser-unknown-class] "indentii", text="(i) the specimen must be, or be derived from, a plant that was artificially propagated (section 5..."
[parser-unknown-class] "indentii", text="(ii) the specimen was propagated in an operation that has derived its stock in a way that did not..."
[parser-unknown-class] "Subsection", text="(7) A copy of an instrument under subsection (1) is to be made available for inspection on the In..."
[parser-unknown-class] "Subsection", text="(1) The Minister may, by instrument published in the Gazette, amend the list referred to in secti..."
[parser-unknown-class] "indenta", text="(a) including items in the list; or"
[parser-unknown-class] "indenta", text="(b) deleting items from the list; or"
[parser-unknown-class] "indenta", text="(c) imposing a condition or restriction to which the inclusion of a specimen in the list is subje..."
[parser-unknown-class] "indenta", text="(d) varying or revoking a condition or restriction to which the inclusion of a specimen in the li..."
[parser-unknown-class] "indenta", text="(e) correcting an inaccuracy or updating the name of a species."
[parser-unknown-class] "Subsection", text="(1A) In deciding whether to amend the list referred to in section 303DB to include a specimen der..."
[parser-unknown-class] "Subsection", text="(1B) Subsection (1A) does not apply to an amendment mentioned in paragraph (1)(e)."
[parser-unknown-class] "Subsection", text="(1C) Subsection (1A) does not limit the matters that may be taken into account in deciding whethe..."
[parser-unknown-class] "Subsection", text="(1D) In this section:"
[parser-unknown-class] "Subsection", text="(2) For the purposes of paragraph (1)(e), correcting an inaccuracy includes ensuring that the lis..."
[parser-unknown-class] "Subsection", text="(3) Before amending the list referred to in section 303DB as mentioned in paragraph (1)(a), (b), ..."
[parser-unknown-class] "indenta", text="(a) must consult such other Minister or Ministers as the Minister considers appropriate; and"
[parser-unknown-class] "indenta", text="(b) must consult such other Minister or Ministers of each State and self‑governing Territory as t..."
[parser-unknown-class] "indenta", text="(c) may consult such other persons and organisations as the Minister considers appropriate."
[parser-unknown-class] "Subsection", text="(4) An instrument under subsection (1) (other than an instrument mentioned in paragraph (1)(e)) i..."
[parser-unknown-class] "Subsection", text="(5) A copy of an instrument under subsection (1) is to be made available for inspection on the In..."
[parser-unknown-class] "Subsection", text="(1) A person is guilty of an offence if:"
[parser-unknown-class] "indenta", text="(a) the person exports a specimen; and"
[parser-unknown-class] "indenta", text="(b) the specimen is a regulated native specimen."
[parser-unknown-class] "Subsection", text="(2) Subsection (1) does not apply if the specimen is exported in accordance with a permit that wa..."
[parser-unknown-class] "Subsection", text="(3) Subsection (1) does not apply if:"
[parser-unknown-class] "indenta", text="(a) the export of the specimen would be an export in accordance with an accredited wildlife trade..."
[parser-unknown-class] "indenta", text="(b) the specimen is not a live native mammal, a live native reptile, a live native amphibian or a..."
[parser-unknown-class] "indenta", text="(ba) either:"
[parser-unknown-class] "indentii", text="(i) the specimen is not a live terrestrial invertebrate, or a live freshwater fish, prescribed by..."
[parser-unknown-class] "indentii", text="(ii) the export is an export from an approved aquaculture program in accordance with section 303F..."
[parser-unknown-class] "indenta", text="(c) the specimen is not a CITES specimen; and"
[parser-unknown-class] "indenta", text="(d) the specimen does not belong to an eligible listed threatened species."
[parser-unknown-class] "Subsection", text="(4) Subsection (1) does not apply if the export of the specimen is an export that, in accordance ..."
[parser-unknown-class] "Subsection", text="(1) A person may, in accordance with the regulations, apply to the Minister for a permit to be is..."
[parser-unknown-class] "Subsection", text="(2) The application must be accompanied by the fee (if any) prescribed by the regulations."
[parser-unknown-class] "Subsection", text="(1) The Minister may, within 40 business days after the application is made, request the applican..."
[parser-unknown-class] "Subsection", text="(2) The Minister may refuse to consider the application until the applicant gives the Minister th..."
[parser-unknown-class] "Subsection", text="(1) The Minister may, on application made by a person under section 303DE, issue a permit to the ..."
[parser-unknown-class] "Subsection", text="(2) A permit authorises its holder to take the action or actions specified in the permit without ..."
[parser-unknown-class] "Subsection", text="(3) The Minister must not issue a permit authorising the export of a live native mammal, a live n..."
[parser-unknown-class] "Subsection", text="(3A) The Minister must not issue a permit authorising the export of a live terrestrial invertebra..."
[parser-unknown-class] "indenta", text="(a) the proposed export would be an eligible non‑commercial purpose export (within the meaning of..."
[parser-unknown-class] "indenta", text="(b) the proposed export would be an export from an approved aquaculture program in accordance wit..."
[parser-unknown-class] "Subsection", text="(4) The Minister must not issue a permit unless the Minister is satisfied that:"
[parser-unknown-class] "indenta", text="(a) the export of the specimen will not be detrimental to, or contribute to trade which is detrim..."
[parser-unknown-class] "indentii", text="(i) the survival of any taxon to which the specimen belongs; or"
[parser-unknown-class] "indentii", text="(ii) any relevant ecosystem (for example, detriment to habitat or biodiversity); and"
[parser-unknown-class] "indenta", text="(b) if the specimen is a live specimen that belongs to a taxon specified in the regulations—the c..."
[parser-unknown-class] "indenta", text="(c) the specimen was not obtained in contravention of, and the export would not involve the contr..."
[parser-unknown-class] "indenta", text="(d) if the specimen belongs to an eligible listed threatened species—the export of the specimen i..."
[parser-unknown-class] "indenta", text="(e) if the specimen does not belong to an eligible listed threatened species:"
[parser-unknown-class] "indentii", text="(i) the proposed export would be an eligible non‑commercial purpose export (within the meaning of..."
[parser-unknown-class] "indentii", text="(ii) the proposed export would be an eligible commercial purpose export (within the meaning of se..."
[parser-unknown-class] "Subsection", text="(5) Subsection (4) does not apply in relation to a permit to export from Australia or an external..."
[parser-unknown-class] "Subsection", text="(6) The Minister must not issue a permit to export from Australia or an external Territory a spec..."
[parser-unknown-class] "Subsection", text="(7) This subsection covers the export of a specimen if:"
[parser-unknown-class] "indenta", text="(a) the export of the specimen would be an export from an approved captive breeding program in ac..."
[parser-unknown-class] "indenta", text="(b) the export of the specimen would be an export from an approved artificial propagation program..."
[parser-unknown-class] "indenta", text="(c) the export of the specimen would be an export from an approved aquaculture program in accorda..."
[parser-unknown-class] "Subsection", text="(8) This subsection covers the export of a specimen if:"
[parser-unknown-class] "indenta", text="(a) the export of the specimen would be an export for the purposes of research in accordance with..."
[parser-unknown-class] "indenta", text="(b) the export of the specimen would be an export for the purposes of education in accordance wit..."
[parser-unknown-class] "indenta", text="(c) the export of the specimen would be an export for the purposes of exhibition in accordance wi..."
[parser-unknown-class] "indenta", text="(d) the export of the specimen would be an export for the purposes of conservation breeding or pr..."
[parser-unknown-class] "Subsection", text="(9) This section has effect subject to section 303GA."
[parser-unknown-class] "Subsection", text="If an application for a permit is made under section 303DE, the Minister must either issue, or re..."
[parser-unknown-class] "indenta", text="(a) the day on which the application is made;"
[parser-unknown-class] "indenta", text="(b) if a request for further information in relation to the application is made under section 303..."
[parser-unknown-class] "indenta", text="(c) if section 303GA applies to the application—the day that is applicable under subsection 303GA..."
[parser-unknown-class] "Subsection", text="A permit under section 303DG:"
[parser-unknown-class] "indenta", text="(a) comes into force on the date on which it is issued; and"
[parser-unknown-class] "indenta", text="(b) unless it is sooner cancelled, remains in force for:"
[parser-unknown-class] "indentii", text="(i) a period of 3 years beginning on the date on which it is issued; or"
[parser-unknown-class] "indentii", text="(ii) if a shorter period is specified in the permit—that shorter period."
[parser-unknown-class] "Subsection", text="(1) As soon as practicable after the commencement of this section, the Minister must cause to be ..."
[parser-unknown-class] "indenta", text="(a) prescribed particulars of applications made under section 303DE after the establishment of th..."
[parser-unknown-class] "indenta", text="(b) prescribed particulars of decisions made by the Minister under section 303DG after the establ..."
[parser-unknown-class] "Subsection", text="(2) The register may be maintained by electronic means."
[parser-unknown-class] "Subsection", text="(3) The register is to be made available for inspection on the Internet."
[parser-unknown-class] "Subsection", text="For the purposes of this Act, a regulated live specimen is a specimen that:"
[parser-unknown-class] "indenta", text="(a) is a live animal or a live plant; and"
[parser-unknown-class] "indenta", text="(b) is not included in Part 1 of the list referred to in section 303EB."
[parser-unknown-class] "Subsection", text="(1) The Minister must, by instrument published in the Gazette, establish a list of specimens that..."
[parser-unknown-class] "Subsection", text="(2) The list is to be divided into 2 Parts, as follows:"
[parser-unknown-class] "indenta", text="(a) Part 1 is to be a list of unregulated specimens;"
[parser-unknown-class] "indenta", text="(b) Part 2 is to be a list of allowable regulated specimens."
[parser-unknown-class] "Subsection", text="(3) The list may only contain specimens that are live animals or live plants."
[parser-unknown-class] "Subsection", text="(4) Part 1 of the list, as first established, must contain only the specimens referred to in Part..."
[parser-unknown-class] "Subsection", text="(5) Part 1 of the list must not contain a CITES specimen."
[parser-unknown-class] "Subsection", text="(6) Part 1 of the list is taken to include a live plant the introduction of which into Australia ..."
[parser-unknown-class] "Subsection", text="(7) For each specimen included in Part 2 of the list, there is to be a notation that states wheth..."
[parser-unknown-class] "Subsection", text="(8) A restriction or condition referred to in subsection (7) may:"
[parser-unknown-class] "indenta", text="(a) consist of a quantitative limit in relation to the import of the specimen; or"
[parser-unknown-class] "indenta", text="(b) relate to the circumstances of the import of the specimen; or"
[parser-unknown-class] "indenta", text="(c) relate to the source of the specimen; or"
[parser-unknown-class] "indenta", text="(d) relate to the circumstances in which the specimen was taken."
[parser-unknown-class] "Subsection", text="(9) Subsection (8) does not limit subsection (7)."
[parser-unknown-class] "Subsection", text="(10) Part 2 of the list, as first established, must contain only specimens that were, at any time..."
[parser-unknown-class] "Subsection", text="(11) For the purposes of subsection (10), a specimen is taken to have been the subject of an impo..."
[parser-unknown-class] "Subsection", text="(12) A copy of an instrument under subsection (1) is to be made available for inspection on the I..."
[parser-unknown-class] "Subsection", text="(1) The Minister may, by instrument published in the Gazette, amend the list referred to in secti..."
[parser-unknown-class] "indenta", text="(a) including items in a particular part of the list; or"
[parser-unknown-class] "indenta", text="(b) deleting items from a particular part of the list; or"
[parser-unknown-class] "indenta", text="(c) correcting an inaccuracy or updating the name of a species; or"
[parser-unknown-class] "indenta", text="(d) imposing a restriction or condition to which the inclusion of a specimen in Part 2 of the lis..."
[parser-unknown-class] "indenta", text="(e) varying or revoking a restriction or condition to which the inclusion of a specimen in Part 2..."
[parser-unknown-class] "Subsection", text="(2) For the purposes of paragraph (1)(c), correcting an inaccuracy includes ensuring that the lis..."
[parser-unknown-class] "Subsection", text="(3) Before amending the list referred to in section 303EB as mentioned in paragraph (1)(a), (b), ..."
[parser-unknown-class] "indenta", text="(a) must consult such other Minister or Ministers as the Minister considers appropriate; and"
[parser-unknown-class] "indenta", text="(b) must consult such other Minister or Ministers of each State and self‑governing Territory as t..."
[parser-unknown-class] "indenta", text="(c) may consult such other persons and organisations as the Minister considers appropriate."
[parser-unknown-class] "Subsection", text="(4) An instrument under subsection (1) (other than an instrument mentioned in paragraph (1)(c)) i..."
[parser-unknown-class] "Subsection", text="(5) The Minister must not amend the list referred to in section 303EB by including an item in the..."
[parser-unknown-class] "indenta", text="(a) the amendment is made following consideration of a relevant report under section 303ED or 303..."
[parser-unknown-class] "indenta", text="(b) the amendment is made following consideration of a relevant review under section 303EJ."
[parser-unknown-class] "Subsection", text="(6) A copy of an instrument under subsection (1) is to be made available for inspection on the In..."
[parser-unknown-class] "Subsection", text="(1) The Minister may formulate a proposal for the list referred to in section 303EB to be amended..."
[parser-unknown-class] "Subsection", text="(2) The Minister must cause to be conducted an assessment of the potential impacts on the environ..."
[parser-unknown-class] "Subsection", text="(3) The Minister must cause to be prepared a report on those impacts. The report must be prepared..."
[parser-unknown-class] "Subsection", text="(4) A report under subsection (3) is to be given to the Minister."
[parser-unknown-class] "Subsection", text="(1) A person may, in accordance with the regulations, apply to the Minister for the list referred..."
[parser-unknown-class] "Subsection", text="(2) The Minister must not consider the application unless:"
[parser-unknown-class] "indenta", text="(a) an assessment is made of the potential impacts on the environment of the proposed amendment; and"
[parser-unknown-class] "indenta", text="(b) a report on those impacts is given to the Minister."
[parser-unknown-class] "Subsection", text="An assessment under subsection 303ED(2) or 303EE(2) must provide for:"
[parser-unknown-class] "indenta", text="(a) the preparation of draft terms of reference for a report on the relevant impacts; and"
[parser-unknown-class] "indenta", text="(b) the publication of the draft terms of reference for public comment for a period of at least 1..."
[parser-unknown-class] "indenta", text="(c) the finalisation of the terms of reference, to the Minister’s satisfaction, taking into accou..."
[parser-unknown-class] "indenta", text="(d) the preparation of a draft of a report on the relevant impacts; and"
[parser-unknown-class] "indenta", text="(e) the publication of the draft report for public comment for a period of at least 20 business d..."
[parser-unknown-class] "indenta", text="(f) the finalisation of the report, taking into account the comments (if any) received after publ..."
[parser-unknown-class] "indenta", text="(g) any other matter prescribed by the regulations."
[parser-unknown-class] "Subsection", text="(1) If the Minister receives a report under section 303ED or 303EE in relation to a proposed amen..."
[parser-unknown-class] "indenta", text="(a) 30 business days; or"
[parser-unknown-class] "indenta", text="(b) if the Minister, by writing, specifies a longer period—that longer period;"
[parser-unknown-class] "Subsection", text="(2) If the Minister specifies a longer period for the purposes of subsection (1), he or she must:"
[parser-unknown-class] "indenta", text="(a) if section 303EE applies—give a copy of the specification to the applicant; and"
[parser-unknown-class] "indenta", text="(b) publish the specification in accordance with the regulations."
[parser-unknown-class] "Subsection", text="(1) If:"
[parser-unknown-class] "indenta", text="(a) section 303EE applies; and"
[parser-unknown-class] "indenta", text="(b) the Minister believes on reasonable grounds that he or she does not have enough information t..."
[parser-unknown-class] "Subsection", text="(2) The Minister may refuse to consider the application until the applicant gives the Minister th..."
[parser-unknown-class] "Subsection", text="If section 303EE applies and the Minister refuses to make the proposed amendment, the Minister mu..."
[parser-unknown-class] "Subsection", text="If, following consideration of a relevant report under section 303ED or 303EE, the Minister has m..."
[parser-unknown-class] "Subsection", text="(1) A person is guilty of an offence if:"
[parser-unknown-class] "indenta", text="(a) the person imports a specimen; and"
[parser-unknown-class] "indenta", text="(b) the specimen is a regulated live specimen."
[parser-unknown-class] "Subsection", text="(2) Subsection (1) does not apply if:"
[parser-unknown-class] "indenta", text="(a) the specimen is included in Part 2 of the list referred to in section 303EB; and"
[parser-unknown-class] "indenta", text="(b) the specimen is imported in accordance with a permit that was issued under section 303CG, 303..."
[parser-unknown-class] "Subsection", text="(3) Subsection (1) does not apply if the specimen is imported in accordance with a permit that wa..."
[parser-unknown-class] "Subsection", text="(1) A person may, in accordance with the regulations, apply to the Minister for a permit to be is..."
[parser-unknown-class] "Subsection", text="(2) The application must be accompanied by the fee (if any) prescribed by the regulations."
[parser-unknown-class] "Subsection", text="(1) The Minister may, within 40 business days after the application is made, request the applican..."
[parser-unknown-class] "Subsection", text="(2) The Minister may refuse to consider the application until the applicant gives the Minister th..."
[parser-unknown-class] "Subsection", text="(1) The Minister may, on application made by a person under section 303EL, issue a permit to the ..."
[parser-unknown-class] "Subsection", text="(2) A permit authorises its holder to take the action or actions specified in the permit without ..."
[parser-unknown-class] "Subsection", text="(3) The Minister must not issue a permit unless the Minister is satisfied that:"
[parser-unknown-class] "indenta", text="(a) the proposed import would not be:"
[parser-unknown-class] "indentii", text="(i) likely to threaten the conservation status of a species or ecological community; or"
[parser-unknown-class] "indentii", text="(ii) likely to threaten biodiversity; and"
[parser-unknown-class] "indenta", text="(b) the specimen is included in Part 2 of the list referred to in section 303EB; and"
[parser-unknown-class] "indenta", text="(c) if any restriction or condition is applicable to the specimen under a notation in Part 2 of t..."
[parser-unknown-class] "indenta", text="(d) the specimen was not obtained in contravention of, and the import would not involve the contr..."
[parser-unknown-class] "indenta", text="(e) if the specimen belongs to a taxon specified in the regulations—the conditions that, under th..."
[parser-unknown-class] "Subsection", text="(4) This section has effect subject to section 303GA."
[parser-unknown-class] "Subsection", text="If an application for a permit is made under section 303EL, the Minister must either issue, or re..."
[parser-unknown-class] "indenta", text="(a) the day on which the application is made;"
[parser-unknown-class] "indenta", text="(b) if a request for further information in relation to the application is made under section 303..."
[parser-unknown-class] "indenta", text="(c) if section 303GA applies to the application—the day that is applicable under subsection 303GA..."
[parser-unknown-class] "Subsection", text="A permit under section 303EN:"
[parser-unknown-class] "indenta", text="(a) comes into force on the date on which it is issued; and"
[parser-unknown-class] "indenta", text="(b) unless it is sooner cancelled, remains in force for:"
[parser-unknown-class] "indentii", text="(i) a period of 3 years beginning on the date on which it is issued; or"
[parser-unknown-class] "indentii", text="(ii) if a shorter period is specified in the permit—that shorter period."
[parser-unknown-class] "Subsection", text="(1) As soon as practicable after the commencement of this section, the Minister must cause to be ..."
[parser-unknown-class] "indenta", text="(a) prescribed particulars of applications made under section 303EL after the establishment of th..."
[parser-unknown-class] "indenta", text="(b) prescribed particulars of decisions made by the Minister under section 303EN after the establ..."
[parser-unknown-class] "Subsection", text="(2) The register may be maintained by electronic means."
[parser-unknown-class] "Subsection", text="(3) The register is to be made available for inspection on the Internet."
[parser-unknown-class] "Subsection", text="The object of this Subdivision is:"
[parser-unknown-class] "indenta", text="(a) to comply with Australia’s obligations under:"
[parser-unknown-class] "indentii", text="(i) the Biodiversity Convention; and"
[parser-unknown-class] "indentii", text="(ii) CITES; and"
[parser-unknown-class] "indenta", text="(b) otherwise to further the protection and conservation of the wild fauna and flora of Australia..."
[parser-unknown-class] "Subsection", text="This Subdivision applies to a regulated live specimen if:"
[parser-unknown-class] "indenta", text="(a) the specimen has been imported in accordance with:"
[parser-unknown-class] "indentii", text="(i) a permit under this Division; or"
[parser-unknown-class] "indentii", text="(ii) a permit or authority under the Wildlife Protection (Regulation of Exports and Imports) Act ..."
[parser-unknown-class] "indenta", text="(b) the specimen is the progeny of a specimen referred to in paragraph (a)."
[parser-unknown-class] "Subsection", text="A reference in this Subdivision to the marking of a specimen includes a reference to the following:"
[parser-unknown-class] "indenta", text="(a) in the case of a live plant:"
[parser-unknown-class] "indentii", text="(i) the marking or labelling of a container in which the plant is kept or in which the plant is g..."
[parser-unknown-class] "indentii", text="(ii) the placement of a label or tag on the plant;"
[parser-unknown-class] "indenta", text="(b) in the case of a live animal:"
[parser-unknown-class] "indentii", text="(i) the implantation of a scannable device in the animal; and"
[parser-unknown-class] "indentii", text="(ii) the placement of a band on any part of the animal; and"
[parser-unknown-class] "indentii", text="(iii) the placement (whether by piercing or otherwise) of a tag or ring on any part of the animal..."
[parser-unknown-class] "indentii", text="(iv) the marking or labelling of a container within which the animal is kept."
[parser-unknown-class] "Subsection", text="(1) The Secretary may make a written determination about the marking of specified kinds of specim..."
[parser-unknown-class] "Subsection", text="(2) Without limiting subsection (1), a determination by the Secretary under that subsection may:"
[parser-unknown-class] "indenta", text="(a) require specimens to be marked; and"
[parser-unknown-class] "indenta", text="(b) deal with the manner in which specimens are to be marked; and"
[parser-unknown-class] "indenta", text="(c) deal with the times at which marking is to occur; and"
[parser-unknown-class] "indenta", text="(d) deal with the removal or destruction of marks; and"
[parser-unknown-class] "indenta", text="(e) deal with the replacement or modification of marks; and"
[parser-unknown-class] "indenta", text="(f) require that marking be carried out by persons approved in writing by the Secretary under tha..."
[parser-unknown-class] "indenta", text="(g) deal with the circumstances in which marks may be, or are required to be, rendered useless; and"
[parser-unknown-class] "indenta", text="(h) in the case of a mark that consists of a label, tag, band or device:"
[parser-unknown-class] "indentii", text="(i) set out specifications relating to the label, tag, band or device; and"
[parser-unknown-class] "indentii", text="(ii) require that any destruction or removal of the label, tag, band or device be carried out by ..."
[parser-unknown-class] "Subsection", text="(3) In the case of a live animal, a determination under subsection (1) must not require marking t..."
[parser-unknown-class] "indenta", text="(a) undue pain or distress to the animal; or"
[parser-unknown-class] "indenta", text="(b) undue risk of the death of the animal."
[parser-unknown-class] "Subsection", text="(4) In the case of a live plant, a determination under subsection (1) must not require marking th..."
[parser-unknown-class] "Subsection", text="(5) A determination under subsection (1) is a disallowable instrument for the purposes of section..."
[parser-unknown-class] "Subsection", text="(1) If a determination under section 303EU applies to a specimen, the owner of the specimen must ..."
[parser-unknown-class] "Subsection", text="(2) A person contravenes this subsection if:"
[parser-unknown-class] "indenta", text="(a) a specimen is marked in accordance with a determination under section 303EU; and"
[parser-unknown-class] "indenta", text="(b) the person engages in conduct; and"
[parser-unknown-class] "indenta", text="(c) the conduct causes the removal of the mark or interference with the mark, or renders the mark..."
[parser-unknown-class] "Subsection", text="(3) A person who contravenes subsection (1) or (2) is guilty of an offence punishable on convicti..."
[parser-unknown-class] "Subsection", text="(4) Subsection (2) does not apply if the person engages in the conduct in accordance with a deter..."
[parser-unknown-class] "Subsection", text="(5) In subsections (1) and (2), strict liability applies to the circumstance that a determination..."
[parser-unknown-class] "Subsection", text="This Subdivision does not limit section 303GE (which deals with conditions of permits)."
[parser-unknown-class] "Subsection", text="For the purposes of this Part, the export of a specimen is an eligible non‑commercial purpose exp..."
[parser-unknown-class] "indenta", text="(a) the export of the specimen would be an export for the purposes of research in accordance with..."
[parser-unknown-class] "indenta", text="(b) the export of the specimen would be an export for the purposes of education in accordance wit..."
[parser-unknown-class] "indenta", text="(c) the export of the specimen would be an export for the purposes of exhibition in accordance wi..."
[parser-unknown-class] "indenta", text="(d) the export of the specimen would be an export for the purposes of conservation breeding or pr..."
[parser-unknown-class] "indenta", text="(e) the export of the specimen would be an export of a household pet in accordance with section 3..."
[parser-unknown-class] "indenta", text="(f) the export of the specimen would be an export of a personal item in accordance with section 3..."
[parser-unknown-class] "indenta", text="(g) the export of a specimen would be an export for the purposes of a travelling exhibition in ac..."
[parser-unknown-class] "Subsection", text="For the purposes of this Part, the import of a specimen is an eligible non‑commercial purpose imp..."
[parser-unknown-class] "indenta", text="(a) the import of the specimen would be an import for the purposes of research in accordance with..."
[parser-unknown-class] "indenta", text="(b) the import of the specimen would be an import for the purposes of education in accordance wit..."
[parser-unknown-class] "indenta", text="(c) the import of the specimen would be an import for the purposes of exhibition in accordance wi..."
[parser-unknown-class] "indenta", text="(d) the import of the specimen would be an import for the purposes of conservation breeding or pr..."
[parser-unknown-class] "indenta", text="(e) the import of the specimen would be an import of a household pet in accordance with section 3..."
[parser-unknown-class] "indenta", text="(f) the import of the specimen would be an import of a personal item in accordance with section 3..."
[parser-unknown-class] "indenta", text="(g) the import of a specimen would be an import for the purposes of a travelling exhibition in ac..."
[parser-unknown-class] "Subsection", text="(1) The export of a specimen is an export for the purposes of research in accordance with this se..."
[parser-unknown-class] "indenta", text="(a) the specimen will be used for the purpose of scientific research; and"
[parser-unknown-class] "indenta", text="(b) the objects of the research are covered by any or all of the following subparagraphs:"
[parser-unknown-class] "indentii", text="(i) the acquisition of a better understanding, and/or increased knowledge, of a taxon to which th..."
[parser-unknown-class] "indentii", text="(ii) the conservation of biodiversity;"
[parser-unknown-class] "indentii", text="(iii) the maintenance and/or improvement of human health; and"
[parser-unknown-class] "indenta", text="(c) the export is not primarily for commercial purposes; and"
[parser-unknown-class] "indenta", text="(d) such other conditions (if any) as are specified in the regulations have been, or are likely t..."
[parser-unknown-class] "Subsection", text="(2) The import of a specimen is an import for the purposes of research in accordance with this se..."
[parser-unknown-class] "indenta", text="(a) the specimen will be used for the purpose of scientific research; and"
[parser-unknown-class] "indenta", text="(b) the objects of the research are covered by any or all of the following subparagraphs:"
[parser-unknown-class] "indentii", text="(i) the acquisition of a better understanding, and/or increased knowledge, of a taxon to which th..."
[parser-unknown-class] "indentii", text="(ii) the conservation of biodiversity;"
[parser-unknown-class] "indentii", text="(iii) the maintenance and/or improvement of human health; and"
[parser-unknown-class] "indenta", text="(c) the import is not primarily for commercial purposes; and"
[parser-unknown-class] "indenta", text="(d) such other conditions (if any) as are specified in the regulations have been, or are likely t..."
[parser-unknown-class] "Subsection", text="(1) The export of a specimen is an export for the purposes of education in accordance with this s..."
[parser-unknown-class] "indenta", text="(a) the specimen will be used for the purpose of education or training; and"
[parser-unknown-class] "indenta", text="(b) the export is not primarily for commercial purposes; and"
[parser-unknown-class] "indenta", text="(c) such other conditions (if any) as are specified in the regulations have been, or are likely t..."
[parser-unknown-class] "Subsection", text="(2) The import of a specimen is an import for the purposes of education in accordance with this s..."
[parser-unknown-class] "indenta", text="(a) the specimen will be used for the purpose of education or training; and"
[parser-unknown-class] "indenta", text="(b) the import is not primarily for commercial purposes; and"
[parser-unknown-class] "indenta", text="(c) such other conditions (if any) as are specified in the regulations have been, or are likely t..."
[parser-unknown-class] "Subsection", text="(1) The export of a specimen is an export for the purposes of exhibition in accordance with this ..."
[parser-unknown-class] "indenta", text="(a) the specimen will be used for the purpose of an exhibition; and"
[parser-unknown-class] "indenta", text="(b) the export is not primarily for commercial purposes; and"
[parser-unknown-class] "indenta", text="(c) such other conditions (if any) as are specified in the regulations have been, or are likely t..."
[parser-unknown-class] "Subsection", text="(2) The import of a specimen is an import for the purposes of exhibition in accordance with this ..."
[parser-unknown-class] "indenta", text="(a) the specimen will be used for the purpose of an exhibition; and"
[parser-unknown-class] "indenta", text="(b) the import is not primarily for commercial purposes; and"
[parser-unknown-class] "indenta", text="(c) such other conditions (if any) as are specified in the regulations have been, or are likely t..."
[parser-unknown-class] "Subsection", text="(3) In this section:"
[parser-unknown-class] "Subsection", text="(1) The export of a specimen is an export for the purposes of conservation breeding or propagatio..."
[parser-unknown-class] "indenta", text="(a) the specimen is a live animal or a live plant; and"
[parser-unknown-class] "indenta", text="(b) the specimen is for use in a program the object of which is the establishment and/or maintena..."
[parser-unknown-class] "indenta", text="(c) the program is a program that, under the regulations, is taken to be an approved co‑operative..."
[parser-unknown-class] "indenta", text="(d) the export is not primarily for commercial purposes; and"
[parser-unknown-class] "indenta", text="(e) such other conditions (if any) as are specified in the regulations have been, or are likely t..."
[parser-unknown-class] "Subsection", text="(2) The import of a specimen is an import for the purposes of conservation breeding or propagatio..."
[parser-unknown-class] "indenta", text="(a) the specimen is a live animal or a live plant; and"
[parser-unknown-class] "indenta", text="(b) the specimen is for use in a program the object of which is the establishment and/or maintena..."
[parser-unknown-class] "indenta", text="(c) the program is a program that, under the regulations, is taken to be an approved co‑operative..."
[parser-unknown-class] "indenta", text="(d) the import is not primarily for commercial purposes; and"
[parser-unknown-class] "indenta", text="(e) such other conditions (if any) as are specified in the regulations have been, or are likely t..."
[parser-unknown-class] "Subsection", text="(1) The export of a live native animal (other than a CITES specimen) is an export of a household ..."
[parser-unknown-class] "indenta", text="(a) the animal is included in the list referred to in subsection (4); and"
[parser-unknown-class] "indenta", text="(b) the export is not primarily for commercial purposes; and"
[parser-unknown-class] "indenta", text="(c) such other conditions as are specified in the regulations have been, or are likely to be, sat..."
[parser-unknown-class] "Subsection", text="(2) The export of a CITES specimen is an export of a household pet in accordance with this sectio..."
[parser-unknown-class] "indenta", text="(a) the specimen is a live animal; and"
[parser-unknown-class] "indenta", text="(b) if the animal is a native animal—the animal is included in the list referred to in subsection..."
[parser-unknown-class] "indenta", text="(c) the export is not primarily for commercial purposes; and"
[parser-unknown-class] "indenta", text="(d) such other conditions as are specified in the regulations have been, or are likely to be, sat..."
[parser-unknown-class] "Subsection", text="(3) The import of a live animal is an import of a household pet in accordance with this section if:"
[parser-unknown-class] "indenta", text="(a) the conditions specified in the regulations have been, or are likely to be, satisfied; and"
[parser-unknown-class] "indenta", text="(b) the import is not primarily for commercial purposes; and"
[parser-unknown-class] "indenta", text="(c) the animal is included in Part 2 of the list referred to in section 303EB."
[parser-unknown-class] "Subsection", text="(4) The Minister must, by instrument published in the Gazette, establish a list of native househo..."
[parser-unknown-class] "Subsection", text="(5) The list, as first established, must contain the animals referred to in Schedule 7 to the Wil..."
[parser-unknown-class] "Subsection", text="(6) The Minister may, by instrument in the Gazette, amend the list referred to in subsection (4) by:"
[parser-unknown-class] "indenta", text="(a) including items in the list; or"
[parser-unknown-class] "indenta", text="(b) deleting items from the list; or"
[parser-unknown-class] "indenta", text="(c) correcting an inaccuracy or updating the name of a species."
[parser-unknown-class] "Subsection", text="(7) An instrument under subsection (6) (other than an instrument mentioned in paragraph (6)(c)) i..."
[parser-unknown-class] "Subsection", text="(1) The export of a specimen is an export of a personal item in accordance with this section if:"
[parser-unknown-class] "indenta", text="(a) the specimen is not a live specimen; and"
[parser-unknown-class] "indenta", text="(b) the export is not primarily for commercial purposes; and"
[parser-unknown-class] "indenta", text="(c) the conditions specified in the regulations have been, or are likely to be, satisfied."
[parser-unknown-class] "Subsection", text="(2) The import of a specimen is an import of a personal item in accordance with this section if:"
[parser-unknown-class] "indenta", text="(a) the specimen is not a live specimen; and"
[parser-unknown-class] "indenta", text="(b) the import is not primarily for commercial purposes; and"
[parser-unknown-class] "indenta", text="(c) the conditions specified in the regulations have been, or are likely to be, satisfied."
[parser-unknown-class] "Subsection", text="(1) The export of a specimen is an export for the purposes of a travelling exhibition in accordan..."
[parser-unknown-class] "indenta", text="(a) the export is not primarily for commercial purposes; and"
[parser-unknown-class] "indenta", text="(b) the conditions specified in the regulations have been, or are likely to be, satisfied."
[parser-unknown-class] "Subsection", text="(2) The import of a specimen is an import for the purposes of a travelling exhibition in accordan..."
[parser-unknown-class] "indenta", text="(a) the import is not primarily for commercial purposes; and"
[parser-unknown-class] "indenta", text="(b) the conditions specified in the regulations have been, or are likely to be, satisfied."
[parser-unknown-class] "Subsection", text="For the purposes of this Part, the export of a specimen is an eligible commercial purpose export ..."
[parser-unknown-class] "indenta", text="(a) the export of the specimen would be an export from an approved captive breeding program in ac..."
[parser-unknown-class] "indenta", text="(b) the export of the specimen would be an export from an approved artificial propagation program..."
[parser-unknown-class] "indenta", text="(c) the export of the specimen would be an export from an approved aquaculture program in accorda..."
[parser-unknown-class] "indenta", text="(d) the export of the specimen would be an export in accordance with an approved wildlife trade o..."
[parser-unknown-class] "indenta", text="(e) the export of the specimen would be an export in accordance with an approved wildlife trade m..."
[parser-unknown-class] "Subsection", text="(1) The export of a specimen is an export from an approved captive breeding program in accordance..."
[parser-unknown-class] "Subsection", text="(2) The export of a specimen is an export from an approved CITES‑registered captive breeding prog..."
[parser-unknown-class] "Subsection", text="(3) The import of a specimen is an import from an approved CITES‑registered captive breeding prog..."
[parser-unknown-class] "Subsection", text="The export of a specimen is an export from an approved artificial propagation program in accordan..."
[parser-unknown-class] "Subsection", text="The export of a specimen is an export from an approved aquaculture program in accordance with thi..."
[parser-unknown-class] "Subsection", text="(1) The export of a specimen is an export in accordance with an approved wildlife trade operation..."
[parser-unknown-class] "Subsection", text="(2) The Minister may, by instrument published in the Gazette, declare that a specified wildlife t..."
[parser-unknown-class] "Subsection", text="(3) The Minister must not declare an operation under subsection (2) unless the Minister is satisf..."
[parser-unknown-class] "indenta", text="(a) the operation is consistent with the objects of this Part; and"
[parser-unknown-class] "indenta", text="(b) the operation will not be detrimental to:"
[parser-unknown-class] "indentii", text="(i) the survival of a taxon to which the operation relates; or"
[parser-unknown-class] "indentii", text="(ii) the conservation status of a taxon to which the operation relates; and"
[parser-unknown-class] "indenta", text="(ba) the operation will not be likely to threaten any relevant ecosystem including (but not limit..."
[parser-unknown-class] "indenta", text="(c) if the operation relates to the taking of live specimens that belong to a taxon specified in ..."
[parser-unknown-class] "indenta", text="(d) such other conditions (if any) as are specified in the regulations have been, or are likely t..."
[parser-unknown-class] "Subsection", text="(4) In deciding whether to declare an operation under subsection (2), the Minister must have rega..."
[parser-unknown-class] "indenta", text="(a) the significance of the impact of the operation on an ecosystem (for example, an impact on ha..."
[parser-unknown-class] "indenta", text="(b) the effectiveness of the management arrangements for the operation (including monitoring proc..."
[parser-unknown-class] "Subsection", text="(5) In deciding whether to declare an operation under subsection (2), the Minister must have rega..."
[parser-unknown-class] "indenta", text="(a) whether legislation relating to the protection, conservation or management of the specimens t..."
[parser-unknown-class] "indenta", text="(b) whether the legislation applies throughout the State or Territory concerned; and"
[parser-unknown-class] "indenta", text="(c) whether, in the opinion of the Minister, the legislation is effective."
[parser-unknown-class] "Subsection", text="(6) A declaration under subsection (2) ceases to be in force at the beginning of the third annive..."
[parser-unknown-class] "Subsection", text="(7) If a declaration ceases to be in force, this Act does not prevent the Minister from making a ..."
[parser-unknown-class] "Subsection", text="(8) A fresh declaration may be made during the 90‑day period before the time when the current dec..."
[parser-unknown-class] "Subsection", text="(9) A fresh declaration that is made during that 90‑day period takes effect immediately after the..."
[parser-unknown-class] "Subsection", text="(10) For the purposes of this section, an operation is a wildlife trade operation if, and only if..."
[parser-unknown-class] "indenta", text="(a) the operation is an operation that, under the regulations, is taken to be a market‑testing op..."
[parser-unknown-class] "indenta", text="(b) the operation is an operation that, under the regulations, is taken to be a small‑scale opera..."
[parser-unknown-class] "indenta", text="(c) the operation is an operation that, under the regulations, is taken to be a developmental ope..."
[parser-unknown-class] "indenta", text="(d) the operation is a commercial fishery; or"
[parser-unknown-class] "indenta", text="(e) the operation is an operation that, under the regulations, is taken to be a provisional opera..."
[parser-unknown-class] "indenta", text="(f) the operation is an operation of a kind specified in the regulations."
[parser-unknown-class] "Subsection", text="(10A) In deciding whether to declare that a commercial fishery is an approved wildlife trade oper..."
[parser-unknown-class] "Subsection", text="(10B) Subsection (10A) does not limit the matters that may be taken into account in deciding whet..."
[parser-unknown-class] "Subsection", text="(11) In this section:"
[parser-unknown-class] "indenta", text="(a) a species or type of fish;"
[parser-unknown-class] "indenta", text="(b) a description of fish by reference to sex or any other characteristic;"
[parser-unknown-class] "indenta", text="(c) an area of waters or of seabed;"
[parser-unknown-class] "indenta", text="(d) a method of fishing;"
[parser-unknown-class] "indenta", text="(e) a class of vessels;"
[parser-unknown-class] "indenta", text="(f) a class of persons;"
[parser-unknown-class] "indenta", text="(g) a purpose of activities."
[parser-unknown-class] "Subsection", text="(1) The export of a specimen is an export in accordance with an approved wildlife trade managemen..."
[parser-unknown-class] "Subsection", text="(2) The Minister may, by instrument published in the Gazette, declare that a specified plan is an..."
[parser-unknown-class] "Subsection", text="(3) The Minister must not declare a plan under subsection (2) unless the Minister is satisfied that:"
[parser-unknown-class] "indenta", text="(a) the plan is consistent with the objects of this Part; and"
[parser-unknown-class] "indenta", text="(b) there has been an assessment of the environmental impact of the activities covered by the pla..."
[parser-unknown-class] "indentii", text="(i) the status of the species to which the plan relates in the wild; and"
[parser-unknown-class] "indentii", text="(ii) the extent of the habitat of the species to which the plan relates; and"
[parser-unknown-class] "indentii", text="(iii) the threats to the species to which the plan relates; and"
[parser-unknown-class] "indentii", text="(iv) the impacts of the activities covered by the plan on the habitat or relevant ecosystems; and"
[parser-unknown-class] "indenta", text="(c) the plan includes management controls directed towards ensuring that the impacts of the activ..."
[parser-unknown-class] "indentii", text="(i) a taxon to which the plan relates; and"
[parser-unknown-class] "indentii", text="(ii) any taxa that may be affected by activities covered by the plan; and"
[parser-unknown-class] "indentii", text="(iii) any relevant ecosystem (for example, impacts on habitat or biodiversity);"
[parser-unknown-class] "indenta", text="are ecologically sustainable; and"
[parser-unknown-class] "indenta", text="(d) the activities covered by the plan will not be detrimental to:"
[parser-unknown-class] "indentii", text="(i) the survival of a taxon to which the plan relates; or"
[parser-unknown-class] "indentii", text="(ii) the conservation status of a taxon to which the plan relates; or"
[parser-unknown-class] "indentii", text="(iii) any relevant ecosystem (for example, detriment to habitat or biodiversity); and"
[parser-unknown-class] "indenta", text="(e) the plan includes measures:"
[parser-unknown-class] "indentii", text="(i) to mitigate and/or minimise the environmental impact of the activities covered by the plan; and"
[parser-unknown-class] "indentii", text="(ii) to monitor the environmental impact of the activities covered by the plan; and"
[parser-unknown-class] "indentii", text="(iii) to respond to changes in the environmental impact of the activities covered by the plan; and"
[parser-unknown-class] "indenta", text="(f) if the plan relates to the taking of live specimens that belong to a taxon specified in the r..."
[parser-unknown-class] "indenta", text="(g) such other conditions (if any) as are specified in the regulations have been, or are likely t..."
[parser-unknown-class] "Subsection", text="(4) In deciding whether to declare a plan under subsection (2), the Minister must have regard to:"
[parser-unknown-class] "indenta", text="(a) whether legislation relating to the protection, conservation or management of the specimens t..."
[parser-unknown-class] "indenta", text="(b) whether the legislation applies throughout the State or Territory concerned; and"
[parser-unknown-class] "indenta", text="(c) whether, in the opinion of the Minister, the legislation is effective."
[parser-unknown-class] "Subsection", text="(5) A declaration under subsection (2) ceases to be in force at the beginning of the fifth annive..."
[parser-unknown-class] "Subsection", text="(6) If a declaration ceases to be in force, this Act does not prevent the Minister from making a ..."
[parser-unknown-class] "Subsection", text="(7) A fresh declaration may be made during the 90‑day period before the time when the current dec..."
[parser-unknown-class] "Subsection", text="(8) A fresh declaration that is made during that 90‑day period takes effect immediately after the..."
[parser-unknown-class] "Subsection", text="(1) The export of a specimen is an export in accordance with an accredited wildlife trade managem..."
[parser-unknown-class] "Subsection", text="(2) The Minister may, by instrument published in the Gazette, declare that a specified plan is an..."
[parser-unknown-class] "Subsection", text="(3) The Minister must not declare a plan under subsection (2) unless the Minister is satisfied that:"
[parser-unknown-class] "indenta", text="(a) the plan is in force under a law of the Commonwealth or of a State or Territory; and"
[parser-unknown-class] "indenta", text="(b) the conditions set out in subsection 303FO(3) have been met in relation to the plan; and"
[parser-unknown-class] "indenta", text="(c) the plan imposes limits in relation to the taking of specimens; and"
[parser-unknown-class] "indenta", text="(d) the compliance and enforcement measures relating to the plan are likely to be effective in pr..."
[parser-unknown-class] "indenta", text="(e) the plan provides for the monitoring of:"
[parser-unknown-class] "indentii", text="(i) the taking of specimens under the plan; and"
[parser-unknown-class] "indentii", text="(ii) the export of specimens taken under the plan; and"
[parser-unknown-class] "indentii", text="(iii) the status of the species to which the plan relates in the wild; and"
[parser-unknown-class] "indentii", text="(iv) the impacts of the activities under the plan on the habitat of the species to which the plan..."
[parser-unknown-class] "indenta", text="(f) the plan provides for statistical reports about specimens taken under the plan to be given to..."
[parser-unknown-class] "indenta", text="(g) such other conditions (if any) as are specified in the regulations have been, or are likely t..."
[parser-unknown-class] "Subsection", text="(4) A declaration under subsection (2) ceases to be in force at the beginning of the fifth annive..."
[parser-unknown-class] "Subsection", text="(5) If a declaration ceases to be in force, this Act does not prevent the Minister from making a ..."
[parser-unknown-class] "Subsection", text="(6) A fresh declaration may be made during the 90‑day period before the time when the current dec..."
[parser-unknown-class] "Subsection", text="(7) A fresh declaration that is made during that 90‑day period takes effect immediately after the..."
[parser-unknown-class] "Subsection", text="(8) The Minister must publish on the Internet copies of reports given as mentioned in paragraph (..."
[parser-unknown-class] "Subsection", text="(9) The Minister is not required to comply with subsection (8) to the extent to which compliance ..."
[parser-unknown-class] "indenta", text="(a) prejudice substantially the commercial interests of a person; or"
[parser-unknown-class] "indenta", text="(b) be detrimental to:"
[parser-unknown-class] "indentii", text="(i) the survival of a taxon to which the plan relates; or"
[parser-unknown-class] "indentii", text="(ii) the conservation status of a taxon to which the plan relates."
[parser-unknown-class] "Subsection", text="Before making a declaration under section 303FO or 303FP, the Minister must consult a relevant ag..."
[parser-unknown-class] "Subsection", text="(1) Before making a declaration under section 303FN, 303FO or 303FP, the Minister must cause to b..."
[parser-unknown-class] "indenta", text="(a) setting out the proposal to make the declaration; and"
[parser-unknown-class] "indenta", text="(b) setting out sufficient information to enable persons and organisations to consider adequately..."
[parser-unknown-class] "indenta", text="(c) inviting persons and organisations to give the Minister, within the period specified in the n..."
[parser-unknown-class] "Subsection", text="(2) A period specified in a notice under subsection (1) must not be shorter than 20 business days..."
[parser-unknown-class] "Subsection", text="(3) In making a decision about whether to make a declaration under section 303FN, 303FO or 303FP,..."
[parser-unknown-class] "Subsection", text="(1) The regulations may prescribe an assessment process that is to be used for the purposes of se..."
[parser-unknown-class] "indenta", text="(a) a wildlife trade operation; or"
[parser-unknown-class] "indenta", text="(b) the activities covered by a plan;"
[parser-unknown-class] "Subsection", text="(2) If regulations made for the purposes of subsection (1) apply to a wildlife trade operation or..."
[parser-unknown-class] "indenta", text="(a) the operation under subsection 303FN(2); or"
[parser-unknown-class] "indenta", text="(b) the plan under subsection 303FO(2) or 303FP(2);"
[parser-unknown-class] "Subsection", text="(3) Without limiting subsection (1), regulations made for the purposes of that subsection may mak..."
[parser-unknown-class] "indenta", text="(a) the application of Part 8 (except sections 82, 83 and 84) and the other provisions of this Ac..."
[parser-unknown-class] "indenta", text="(b) exemptions from the assessment process."
[parser-unknown-class] "Subsection", text="(4) In this section:"
[parser-unknown-class] "Subsection", text="(1) The Minister must cause to be maintained a register that sets out declarations made under sec..."
[parser-unknown-class] "Subsection", text="(2) The register may be maintained by electronic means."
[parser-unknown-class] "Subsection", text="(3) The register is to be made available for inspection on the Internet."
[parser-unknown-class] "Subsection", text="(1) This section applies to a declaration under section 303FN, 303FO or 303FP."
[parser-unknown-class] "Subsection", text="(2) A declaration may be made:"
[parser-unknown-class] "indenta", text="(a) on the Minister’s own initiative; or"
[parser-unknown-class] "indenta", text="(b) on written application being made to the Minister."
[parser-unknown-class] "Subsection", text="(3) The Minister may make a declaration about a plan or operation even though he or she considers..."
[parser-unknown-class] "indenta", text="(a) the instrument of declaration is to specify that class of specimens; and"
[parser-unknown-class] "indenta", text="(b) the plan or operation is covered by the declaration only to the extent that the plan or opera..."
[parser-unknown-class] "Subsection", text="(4) The Minister may make a declaration about a plan or operation even though he or she considers..."
[parser-unknown-class] "indenta", text="(a) during a particular period; or"
[parser-unknown-class] "indenta", text="(b) while certain circumstances exist; or"
[parser-unknown-class] "indenta", text="(c) while a certain condition is complied with."
[parser-unknown-class] "Subsection", text="(5) If a declaration specifies a particular period as mentioned in subsection (4), the declaratio..."
[parser-unknown-class] "Subsection", text="(6) If a declaration specifies circumstances as mentioned in subsection (4), the Minister must, b..."
[parser-unknown-class] "Subsection", text="(7) The Minister may, by instrument published in the Gazette, vary a declaration by:"
[parser-unknown-class] "indenta", text="(a) specifying one or more conditions (or further conditions) to which the declaration is subject..."
[parser-unknown-class] "indenta", text="(b) revoking or varying a condition:"
[parser-unknown-class] "indentii", text="(i) specified in the instrument of declaration; or"
[parser-unknown-class] "indentii", text="(ii) specified under paragraph (a)."
[parser-unknown-class] "Subsection", text="(8) A condition may relate to reporting or monitoring."
[parser-unknown-class] "Subsection", text="(9) The Minister must, by instrument published in the Gazette, revoke a declaration if he or she ..."
[parser-unknown-class] "Subsection", text="(10) The Minister may, by instrument published in the Gazette, revoke a declaration at any time."
[parser-unknown-class] "Subsection", text="(11) A copy of an instrument under section 303FN, 303FO or 303FP or this section is to be made av..."
[parser-unknown-class] "Subsection", text="The import of a specimen is an import from an approved commercial import program in accordance wi..."
[parser-unknown-class] "Subsection", text="(1) This section applies if:"
[parser-unknown-class] "indenta", text="(a) an application is made under section 303CE, 303DE or 303EL for a permit (the first permit) to..."
[parser-unknown-class] "indenta", text="(b) the Minister considers that:"
[parser-unknown-class] "indentii", text="(i) the proposed action may be or is a controlled action; or"
[parser-unknown-class] "indentii", text="(ii) the proposed action is related to an action (the related action) that may be or is a control..."
[parser-unknown-class] "indentii", text="(iii) the proposed action is an action for which a non‑Part 13A permit is required; or"
[parser-unknown-class] "indentii", text="(iv) the proposed action is related to an action (the related action) that is an action for which..."
[parser-unknown-class] "Subsection", text="(2) The Minister must neither issue, nor refuse to issue, the first permit before whichever is th..."
[parser-unknown-class] "indenta", text="(a) if subparagraph (1)(b)(i) applies—the day on which the Minister makes a decision under sectio..."
[parser-unknown-class] "indenta", text="(b) if subparagraph (1)(b)(i) applies and the Minister makes a decision under section 75 that the..."
[parser-unknown-class] "indenta", text="(c) if subparagraph (1)(b)(ii) applies—the day on which the Minister makes a decision under secti..."
[parser-unknown-class] "indenta", text="(d) if subparagraph (1)(b)(ii) applies and the Minister makes a decision under section 75 that th..."
[parser-unknown-class] "indenta", text="(e) if subparagraph (1)(b)(iii) applies—the day on which a decision is made to issue, or to refus..."
[parser-unknown-class] "indenta", text="(f) if subparagraph (1)(b)(iv) applies—the day on which a decision is made to issue, or to refuse..."
[parser-unknown-class] "Subsection", text="(3) The Minister must not issue the first permit if:"
[parser-unknown-class] "indenta", text="(a) subparagraph (1)(b)(i) applies; and"
[parser-unknown-class] "indenta", text="(b) the Minister makes a decision under section 75 that the proposed action is a controlled actio..."
[parser-unknown-class] "indenta", text="(c) the Minister makes a decision under section 133 refusing to approve the taking of the control..."
[parser-unknown-class] "Subsection", text="(4) The Minister must not issue the first permit if:"
[parser-unknown-class] "indenta", text="(a) subparagraph (1)(b)(ii) applies; and"
[parser-unknown-class] "indenta", text="(b) the Minister makes a decision under section 75 that the related action is a controlled action..."
[parser-unknown-class] "indenta", text="(c) the Minister makes a decision under section 133 refusing to approve the taking of the control..."
[parser-unknown-class] "Subsection", text="(5) The Minister must not issue the first permit if:"
[parser-unknown-class] "indenta", text="(a) subparagraph (1)(b)(iii) applies; and"
[parser-unknown-class] "indenta", text="(b) a decision is made to refuse to issue the non‑Part 13A permit referred to in that subparagraph."
[parser-unknown-class] "Subsection", text="(6) The Minister must not issue the first permit if:"
[parser-unknown-class] "indenta", text="(a) subparagraph (1)(b)(iv) applies; and"
[parser-unknown-class] "indenta", text="(b) a decision is made to refuse to issue the non‑Part 13A permit referred to in that subparagraph."
[parser-unknown-class] "Subsection", text="(7) For the purposes of this section, an action that a person proposes to take is an action for w..."
[parser-unknown-class] "Subsection", text="(8) For the purposes of this section, a non‑Part 13A permit is a permit issued under this Act (ot..."
[parser-unknown-class] "Subsection", text="(9) For the purposes of this section, if a specimen was taken, the action of exporting or importi..."
[parser-unknown-class] "indenta", text="(a) that taking; and"
[parser-unknown-class] "indenta", text="(b) any action that affected the specimen after that taking and before that export or import."
[parser-unknown-class] "Subsection", text="(10) For the purposes of this section, if a specimen is derived from a specimen that was taken, t..."
[parser-unknown-class] "indenta", text="(a) that taking; and"
[parser-unknown-class] "indenta", text="(b) any action that affected the first‑mentioned specimen, or either of those specimens, after th..."
[parser-unknown-class] "Subsection", text="(1) If:"
[parser-unknown-class] "indenta", text="(a) the Minister is considering an application by a person for a permit to be issued under sectio..."
[parser-unknown-class] "indenta", text="(b) under this Part, the Minister is precluded from issuing that permit unless the Minister is sa..."
[parser-unknown-class] "indenta", text="(c) even though the Minister is not satisfied in relation to that matter, the Minister is satisfi..."
[parser-unknown-class] "indentii", text="(i) the export or import of the specimen, as the case may be, would not be contrary to the object..."
[parser-unknown-class] "indentii", text="(ii) exceptional circumstances exist that justify the proposed export or import of the specimen; and"
[parser-unknown-class] "indentii", text="(iii) the export or import of the specimen, as the case may be, would not adversely affect biodiv..."
[parser-unknown-class] "Subsection", text="(1A) The Minister must not issue a permit under this section unless the grant of that permit woul..."
[parser-unknown-class] "Subsection", text="(2) A permit under this section authorises the holder of the permit to take the action or actions..."
[parser-unknown-class] "Subsection", text="(3) A permit under this section that relates to a CITES specimen:"
[parser-unknown-class] "indenta", text="(a) comes into force on the date on which it is issued; and"
[parser-unknown-class] "indenta", text="(b) unless it is sooner cancelled, remains in force for:"
[parser-unknown-class] "indentii", text="(i) a period of 6 months beginning on the date on which it is issued; or"
[parser-unknown-class] "indentii", text="(ii) if a shorter period is specified in the permit—that shorter period."
[parser-unknown-class] "Subsection", text="(4) A permit under this section that relates to a specimen other than a CITES specimen:"
[parser-unknown-class] "indenta", text="(a) comes into force on the date on which it is issued; and"
[parser-unknown-class] "indenta", text="(b) unless it is sooner cancelled, remains in force for:"
[parser-unknown-class] "indentii", text="(i) a period of 12 months beginning on the date on which it is issued; or"
[parser-unknown-class] "indentii", text="(ii) if a shorter period is specified in the permit—that shorter period."
[parser-unknown-class] "Subsection", text="(5) The Minister may, within 40 business days after an application is made as mentioned in subsec..."
[parser-unknown-class] "Subsection", text="(6) The Minister may refuse to consider the application until the applicant gives the Minister th..."
[parser-unknown-class] "Subsection", text="(7) Before issuing a permit under this section, the Minister must cause to be published on the In..."
[parser-unknown-class] "indenta", text="(a) setting out the proposal to issue the permit; and"
[parser-unknown-class] "indenta", text="(b) setting out sufficient information to enable persons and organisations to consider adequately..."
[parser-unknown-class] "indenta", text="(c) inviting persons and organisations to give the Minister, within the period specified in the n..."
[parser-unknown-class] "Subsection", text="(8) A period specified in a notice under subsection (7) must not be shorter than 5 business days ..."
[parser-unknown-class] "Subsection", text="(9) In making a decision under subsection (1) about whether to issue a permit, the Minister must ..."
[parser-unknown-class] "Subsection", text="(1) The Secretary may apply to the Minister for a permit to be issued under subsection (2)."
[parser-unknown-class] "Subsection", text="(2) The Minister may, on application made by the Secretary under subsection (1), issue a permit t..."
[parser-unknown-class] "Subsection", text="(3) A permit under subsection (2) authorises the Secretary to take the action or actions specifie..."
[parser-unknown-class] "Subsection", text="(4) The Minister must not issue a permit under this section to export a specimen unless the Minis..."
[parser-unknown-class] "indenta", text="(a) both:"
[parser-unknown-class] "indentii", text="(i) the recipient of the specimen will be a relevant CITES authority of a country; and"
[parser-unknown-class] "indentii", text="(ii) the specimen will be used by that relevant CITES authority for the purpose of the identifica..."
[parser-unknown-class] "indenta", text="(b) both:"
[parser-unknown-class] "indentii", text="(i) the specimen has been seized under this Act; and"
[parser-unknown-class] "indentii", text="(ii) the specimen will be used to facilitate investigations in or outside Australia in relation t..."
[parser-unknown-class] "Subsection", text="(5) The Minister must not issue a permit under this section to import a specimen unless the Minis..."
[parser-unknown-class] "indenta", text="(a) the specimen will be used by the Secretary for the purposes of the identification of a specim..."
[parser-unknown-class] "indenta", text="(b) both:"
[parser-unknown-class] "indentii", text="(i) the sender of the specimen will be a relevant CITES authority of a country; and"
[parser-unknown-class] "indentii", text="(ii) the specimen will be used for the purpose of the identification of a specimen and/or for the..."
[parser-unknown-class] "indenta", text="(c) the specimen was exported from Australia in contravention of:"
[parser-unknown-class] "indentii", text="(i) this Part; or"
[parser-unknown-class] "indentii", text="(ii) the Wildlife Protection (Regulation of Exports and Imports) Act 1982; or"
[parser-unknown-class] "indenta", text="(d) the specimen will be used to facilitate investigations in or outside Australia in relation to..."
[parser-unknown-class] "Subsection", text="(6) A permit under this section:"
[parser-unknown-class] "indenta", text="(a) comes into force on the date on which it is issued; and"
[parser-unknown-class] "indenta", text="(b) unless it is sooner cancelled, remains in force for:"
[parser-unknown-class] "indentii", text="(i) a period of 12 months beginning on the date on which it is issued; or"
[parser-unknown-class] "indentii", text="(ii) if a shorter period is specified in the permit—that shorter period."
[parser-unknown-class] "Subsection", text="(1) A person may, in accordance with the regulations, apply to the Minister for a permit to be is..."
[parser-unknown-class] "Subsection", text="(2) The application must be accompanied by the fee (if any) prescribed by the regulations."
[parser-unknown-class] "Subsection", text="(3) The Minister may, within 40 business days after the application is made, request the person t..."
[parser-unknown-class] "Subsection", text="(4) The Minister may refuse to consider the application until the person gives the Minister the i..."
[parser-unknown-class] "Subsection", text="(5) The Minister may, on application made by a person under subsection (1), issue a permit to the..."
[parser-unknown-class] "Subsection", text="(6) A permit authorises its holder to take the action or actions specified in the permit without ..."
[parser-unknown-class] "Subsection", text="(7) The Minister must not issue a permit to a person unless the Minister is satisfied that:"
[parser-unknown-class] "indenta", text="(a) the person has made an application to the Minister under section 303EE for the list referred ..."
[parser-unknown-class] "indenta", text="(b) if the proposed amendment were made, the specimen would be covered by the item; and"
[parser-unknown-class] "indenta", text="(c) the specimen is not a CITES specimen; and"
[parser-unknown-class] "indenta", text="(d) an assessment is to be made under section 303EE of the potential impacts on the environment o..."
[parser-unknown-class] "indenta", text="(e) the person proposes to conduct tests on the specimen in Australia in order to obtain informat..."
[parser-unknown-class] "indenta", text="(f) the information is required for the assessment; and"
[parser-unknown-class] "indenta", text="(g) it is not reasonably practicable for the person to obtain the information without conducting ..."
[parser-unknown-class] "indenta", text="(h) the tests will be conducted in a controlled environment."
[parser-unknown-class] "Subsection", text="(8) The Minister must not issue a permit under this section unless the permit is subject to one o..."
[parser-unknown-class] "Subsection", text="(9) A permit under this section:"
[parser-unknown-class] "indenta", text="(a) comes into force on the date on which it is issued; and"
[parser-unknown-class] "indenta", text="(b) unless it is sooner cancelled, remains in force for:"
[parser-unknown-class] "indentii", text="(i) a period of 6 months beginning on the date on which it is issued; or"
[parser-unknown-class] "indentii", text="(ii) if a shorter period is specified in the permit—that shorter period."
[parser-unknown-class] "Subsection", text="(10) A reference in this section to tests on the specimen includes a reference to investigations ..."
[parser-unknown-class] "Subsection", text="(1) This section applies to a permit issued under this Part."
[parser-unknown-class] "Subsection", text="(2) A permit is subject to such conditions as are specified in the permit or as are imposed under..."
[parser-unknown-class] "Subsection", text="(3) The Minister may, in accordance with the regulations:"
[parser-unknown-class] "indenta", text="(a) vary or revoke a condition of a permit; or"
[parser-unknown-class] "indenta", text="(b) impose further conditions of a permit."
[parser-unknown-class] "Subsection", text="(4) The Minister’s powers under subsection (3) may be exercised:"
[parser-unknown-class] "indenta", text="(a) on the Minister’s own initiative; or"
[parser-unknown-class] "indenta", text="(b) on the application of the holder of the permit concerned."
[parser-unknown-class] "Subsection", text="(5) If a permit authorises its holder to take a particular action, a condition of the permit may ..."
[parser-unknown-class] "Subsection", text="(6) If a person is given an authority under section 303GG by the holder of a permit, subsection (..."
[parser-unknown-class] "Subsection", text="(7) Subsections (4), (5) and (6) are to be disregarded in determining the meaning of a provision ..."
[parser-unknown-class] "Subsection", text="(1) This section applies to a permit issued under this Part."
[parser-unknown-class] "Subsection", text="(2) A person is guilty of an offence if:"
[parser-unknown-class] "indenta", text="(a) the person is:"
[parser-unknown-class] "indentii", text="(i) the holder of a permit; or"
[parser-unknown-class] "indentii", text="(ii) a person to whom an authority under section 303GG has been given by the holder of a permit; and"
[parser-unknown-class] "indenta", text="(b) the person engages in conduct; and"
[parser-unknown-class] "indenta", text="(c) the conduct results in a contravention of a condition of the permit."
[parser-unknown-class] "Subsection", text="(3) The holder of a permit is guilty of an offence if:"
[parser-unknown-class] "indenta", text="(a) the person is:"
[parser-unknown-class] "indentii", text="(i) the holder of a permit; or"
[parser-unknown-class] "indentii", text="(ii) a person to whom an authority under section 303GG has been given by the holder of a permit; and"
[parser-unknown-class] "indenta", text="(b) the person engages in conduct; and"
[parser-unknown-class] "indenta", text="(c) the conduct results in a contravention of a condition of the permit; and"
[parser-unknown-class] "indenta", text="(d) the condition relates to:"
[parser-unknown-class] "indentii", text="(i) the sale or other disposal of a live animal or a live plant; or"
[parser-unknown-class] "indentii", text="(ii) the sale or other disposal of the progeny of a live animal or a live plant; or"
[parser-unknown-class] "indentii", text="(iii) the release from captivity of a live animal; or"
[parser-unknown-class] "indentii", text="(iv) the release from captivity of the progeny of a live animal; or"
[parser-unknown-class] "indentii", text="(v) the escape of a live plant."
[parser-unknown-class] "Subsection", text="(4) For the purposes of subsection (3), a person is taken to have released an animal from captivi..."
[parser-unknown-class] "indenta", text="(a) that animal has escaped from captivity; and"
[parser-unknown-class] "indenta", text="(b) either:"
[parser-unknown-class] "indentii", text="(i) the person allowed the animal to escape; or"
[parser-unknown-class] "indentii", text="(ii) the person failed to take all reasonable measures to prevent the animal from escaping."
[parser-unknown-class] "Subsection", text="(4A) For the purposes of subsection (3), a person is taken to have allowed a plant to escape if:"
[parser-unknown-class] "indenta", text="(a) the plant has grown or propagated in the wild; and"
[parser-unknown-class] "indenta", text="(b) either:"
[parser-unknown-class] "indentii", text="(i) the person allowed the plant to escape; or"
[parser-unknown-class] "indentii", text="(ii) the person failed to take all reasonable measures to prevent the plant from growing or propa..."
[parser-unknown-class] "Subsection", text="(5) In subsections (2) and (3), strict liability applies to the circumstance that the person was ..."
[parser-unknown-class] "Subsection", text="(1) This section applies to a permit issued under this Part."
[parser-unknown-class] "Subsection", text="(2) Except as provided in this section, a permit does not authorise the taking of any action by a..."
[parser-unknown-class] "Subsection", text="(3) Subject to subsection (4), the holder of a permit may give a person written authority to take..."
[parser-unknown-class] "Subsection", text="(4) The holder of a permit must not give an authority unless:"
[parser-unknown-class] "indenta", text="(a) the permit contains a condition permitting the holder to do so; and"
[parser-unknown-class] "indenta", text="(b) the authority is given in accordance with any requirements set out in the condition."
[parser-unknown-class] "Subsection", text="(5) A permit is, for the purposes of this Act, taken to authorise the taking of a particular acti..."
[parser-unknown-class] "Subsection", text="(6) The giving of an authority does not prevent the taking of any action by the holder of the per..."
[parser-unknown-class] "Subsection", text="(7) A person who gives an authority must give to the Minister written notice of it within 14 days..."
[parser-unknown-class] "Subsection", text="(1) This section applies to a permit issued under this Part."
[parser-unknown-class] "Subsection", text="(2) On the application, in accordance with the regulations, of the holder of a permit, the Minist..."
[parser-unknown-class] "Subsection", text="(3) In deciding whether to transfer the permit to another person, the Minister must consider whet..."
[parser-unknown-class] "Subsection", text="(1) This section applies to a permit issued under this Part."
[parser-unknown-class] "Subsection", text="(2) The Minister may, in accordance with the regulations:"
[parser-unknown-class] "indenta", text="(a) suspend a permit for a specified period; or"
[parser-unknown-class] "indenta", text="(b) cancel a permit."
[parser-unknown-class] "Subsection", text="(1) An application may be made to the Tribunal for review of a decision:"
[parser-unknown-class] "indenta", text="(a) to issue or refuse a permit; or"
[parser-unknown-class] "indenta", text="(b) to specify, vary or revoke a condition of a permit; or"
[parser-unknown-class] "indenta", text="(c) to impose a further condition of a permit; or"
[parser-unknown-class] "indenta", text="(d) to transfer or refuse to transfer a permit; or"
[parser-unknown-class] "indenta", text="(e) to suspend or cancel a permit; or"
[parser-unknown-class] "indenta", text="(f) to issue or refuse a certificate under subsection 303CC(5); or"
[parser-unknown-class] "indenta", text="(g) of the Secretary under a determination in force under section 303EU; or"
[parser-unknown-class] "indenta", text="(h) to make or refuse a declaration under section 303FN, 303FO or 303FP; or"
[parser-unknown-class] "indenta", text="(i) to vary or revoke a declaration under section 303FN, 303FO or 303FP."
[parser-unknown-class] "Subsection", text="(2) In giving a direction as to the persons who are to constitute the Tribunal for the purposes o..."
[parser-unknown-class] "indenta", text="(a) paragraph 303CG(3)(a);"
[parser-unknown-class] "indenta", text="(b) paragraph 303CG(3)(c);"
[parser-unknown-class] "indenta", text="(c) paragraph 303DG(4)(a);"
[parser-unknown-class] "indenta", text="(d) paragraph 303DG(4)(b);"
[parser-unknown-class] "indenta", text="(e) paragraph 303EN(3)(e);"
[parser-unknown-class] "Subsection", text="(3) In this section:"
[parser-unknown-class] "indenta", text="(a) before the commencement of Parts 4 to 10 of the Administrative Review Tribunal Act 2001—the A..."
[parser-unknown-class] "indenta", text="(b) after the commencement of Parts 4 to 10 of the Administrative Review Tribunal Act 2001—the Ad..."
[parser-unknown-class] "Subsection", text="(1) For the purposes of this Part, if the holder of a permit to export a specimen exports that sp..."
[parser-unknown-class] "indenta", text="(a) produced the permit, or caused the permit to be produced, to an authorised officer doing duty..."
[parser-unknown-class] "indenta", text="(b) received written notice from the Secretary authorising the export of the specimen without the..."
[parser-unknown-class] "Subsection", text="(2) The Secretary must not give the notice referred to in paragraph (1)(b) unless he or she:"
[parser-unknown-class] "indenta", text="(a) is satisfied that the production of the permit is impracticable; and"
[parser-unknown-class] "indenta", text="(b) endorses a copy of the permit to show that the notice is being given; and"
[parser-unknown-class] "indenta", text="(c) makes that copy available to an authorised officer doing duty in relation to the export of th..."
[parser-unknown-class] "Subsection", text="(3) For the purposes of this Part, if the holder of a permit to import a specimen imports that sp..."
[parser-unknown-class] "Subsection", text="(4) If a person is given an authority under section 303GG by the holder of a permit, this section..."
[parser-unknown-class] "Subsection", text="(1) If a person exports a specimen and wishes to rely on a certificate issued under subsection 30..."
[parser-unknown-class] "indenta", text="(a) produced the certificate, or caused the certificate to be produced, to an authorised officer ..."
[parser-unknown-class] "indenta", text="(b) received written notice from the Secretary authorising the export of the specimen without the..."
[parser-unknown-class] "Subsection", text="(2) The Secretary must not give the notice referred to in paragraph (1)(b) unless he or she:"
[parser-unknown-class] "indenta", text="(a) is satisfied that the production of the certificate is impracticable; and"
[parser-unknown-class] "indenta", text="(b) endorses a copy of the certificate to show that the notice is being given; and"
[parser-unknown-class] "indenta", text="(c) makes that copy available to an authorised officer doing duty in relation to the export of th..."
[parser-unknown-class] "Subsection", text="(3) If a person imports a specimen and wishes to rely on a certificate referred to in paragraph 3..."
[parser-unknown-class] "Subsection", text="(1) This section applies to a permit under this Part."
[parser-unknown-class] "Subsection", text="(2) Such fees (if any) as are prescribed are payable in respect of the following:"
[parser-unknown-class] "indenta", text="(a) the issue or the transfer of a permit;"
[parser-unknown-class] "indenta", text="(b) the variation or revocation of a condition of a permit;"
[parser-unknown-class] "indenta", text="(c) the imposition of a further condition of a permit."
[parser-unknown-class] "Subsection", text="(1) The object of this section is:"
[parser-unknown-class] "indenta", text="(a) to comply with Australia’s obligations under:"
[parser-unknown-class] "indentii", text="(i) the Biodiversity Convention; and"
[parser-unknown-class] "indentii", text="(ii) CITES; and"
[parser-unknown-class] "indenta", text="(b) to otherwise further the objects of this Part;"
[parser-unknown-class] "Subsection", text="(2) A person is guilty of an offence if:"
[parser-unknown-class] "indenta", text="(a) the person has in the person’s possession, in the Australian jurisdiction, a specimen; and"
[parser-unknown-class] "indenta", text="(b) the specimen is:"
[parser-unknown-class] "indentii", text="(i) a CITES specimen; or"
[parser-unknown-class] "indentii", text="(ii) a regulated live specimen that is not included in the list referred to in section 303EB;"
[parser-unknown-class] "indenta", text="and the person is reckless as to that fact; and"
[parser-unknown-class] "indenta", text="(c) the specimen does not belong to a native species."
[parser-unknown-class] "Subsection", text="(3) Subsection (2) does not apply if:"
[parser-unknown-class] "indenta", text="(a) the specimen was lawfully imported; or"
[parser-unknown-class] "indenta", text="(b) the specimen was not imported, but all of the specimens of which it is the progeny were lawfu..."
[parser-unknown-class] "Subsection", text="(4) Subsection (2) does not apply if the specimen was neither imported, nor the progeny of any ot..."
[parser-unknown-class] "Subsection", text="(5) Subsection (2) does not apply if the defendant has a reasonable excuse."
[parser-unknown-class] "Subsection", text="(6) A person is guilty of an offence if:"
[parser-unknown-class] "indenta", text="(a) the person has in the person’s possession, in the Australian jurisdiction, a specimen; and"
[parser-unknown-class] "indenta", text="(b) the specimen is a regulated live specimen that is included in Part 2 of the list referred to ..."
[parser-unknown-class] "indenta", text="(c) the specimen does not belong to a native species; and"
[parser-unknown-class] "indenta", text="(d) either:"
[parser-unknown-class] "indentii", text="(i) the specimen was unlawfully imported; or"
[parser-unknown-class] "indentii", text="(ii) the specimen was not imported, but any of the specimens of which it is the progeny was unlaw..."
[parser-unknown-class] "Subsection", text="(7) Subsection (6) does not apply if the defendant has a reasonable excuse."
[parser-unknown-class] "Subsection", text="(8) For the purposes of this section, a specimen is unlawfully imported if, and only if, it was i..."
[parser-unknown-class] "Subsection", text="(1) This section applies to regulations made for the purposes of paragraph 303CG(3)(c), 303DG(4)(..."
[parser-unknown-class] "Subsection", text="(2) The conditions specified in those regulations in relation to a live animal may:"
[parser-unknown-class] "indenta", text="(a) deal with the welfare of the animal:"
[parser-unknown-class] "indentii", text="(i) when the animal is taken; or"
[parser-unknown-class] "indentii", text="(ii) when the animal is being held after it has been taken; or"
[parser-unknown-class] "indentii", text="(iii) when the animal is being prepared or shipped; or"
[parser-unknown-class] "indentii", text="(iv) when the animal is under the control of the proposed recipient; and"
[parser-unknown-class] "indenta", text="(b) may deal with eliminating or minimising the risk of:"
[parser-unknown-class] "indentii", text="(i) injury to the animal; or"
[parser-unknown-class] "indentii", text="(ii) adverse effects on the health of the animal; or"
[parser-unknown-class] "indentii", text="(iii) cruel treatment of the animal."
[parser-unknown-class] "Subsection", text="(3) The conditions specified in those regulations in relation to a live plant may:"
[parser-unknown-class] "indenta", text="(a) deal with the welfare of the plant:"
[parser-unknown-class] "indentii", text="(i) when the plant is taken; or"
[parser-unknown-class] "indentii", text="(ii) when the plant is being held after it has been taken; or"
[parser-unknown-class] "indentii", text="(iii) when the plant is being prepared or shipped; or"
[parser-unknown-class] "indentii", text="(iv) when the plant is under the control of the proposed recipient; and"
[parser-unknown-class] "indenta", text="(b) may deal with eliminating or minimising the risk of:"
[parser-unknown-class] "indentii", text="(i) injury to the plant; or"
[parser-unknown-class] "indentii", text="(ii) adverse effects on the health of the plant."
[parser-unknown-class] "Subsection", text="(4) Subsections (2) and (3) do not limit paragraph 303CG(3)(c), 303DG(4)(b), 303EN(3)(e), 303FN(3..."
[parser-unknown-class] "Subsection", text="(1) A person is guilty of an offence if:"
[parser-unknown-class] "indenta", text="(a) the person exports or imports a live animal in a manner that subjects the animal to cruel tre..."
[parser-unknown-class] "indenta", text="(b) the person knows that, or is reckless as to whether, the export or import subjects the animal..."
[parser-unknown-class] "indenta", text="(c) the animal is a CITES specimen; and"
[parser-unknown-class] "indenta", text="(d) the person contravenes section 303CC or 303CD in relation to the export or import of the animal."
[parser-unknown-class] "Subsection", text="(2) A person is guilty of an offence if:"
[parser-unknown-class] "indenta", text="(a) the person exports a live animal in a manner that subjects the animal to cruel treatment; and"
[parser-unknown-class] "indenta", text="(b) the person knows that, or is reckless as to whether, the export subjects the animal to cruel ..."
[parser-unknown-class] "indenta", text="(c) the animal is a regulated native specimen; and"
[parser-unknown-class] "indenta", text="(d) the person contravenes section 303DD in relation to the export of the animal."
[parser-unknown-class] "Subsection", text="(3) A person is guilty of an offence if:"
[parser-unknown-class] "indenta", text="(a) the person imports a live animal in a manner that subjects the animal to cruel treatment; and"
[parser-unknown-class] "indenta", text="(b) the person knows that, or is reckless as to whether, the import subjects the animal to cruel ..."
[parser-unknown-class] "indenta", text="(c) the animal is a regulated live specimen; and"
[parser-unknown-class] "indenta", text="(d) the person contravenes section 303EK in relation to the import of the animal."
[parser-unknown-class] "Subsection", text="(4) This section does not limit section 303GE."
[parser-unknown-class] "Subsection", text="(1) A person must not intentionally import a specimen if the person knows that:"
[parser-unknown-class] "indenta", text="(a) the specimen was exported from a foreign country; and"
[parser-unknown-class] "indenta", text="(b) at the time the specimen was exported, the export of the specimen was prohibited by a law of ..."
[parser-unknown-class] "Subsection", text="(2) A prosecution must not be instituted for an offence against this section unless a relevant CI..."
[parser-unknown-class] "indenta", text="(a) the investigation of the offence; or"
[parser-unknown-class] "indenta", text="(b) assistance in relation to a class of offences in which the offence is included."
[parser-unknown-class] "Subsection", text="(1) In any proceedings for an offence against this Part:"
[parser-unknown-class] "indenta", text="(a) any record kept in accordance with the regulations or another law of the Commonwealth or a la..."
[parser-unknown-class] "indenta", text="(b) a copy of an entry in such a record, being a copy certified by the person by whom the record ..."
[parser-unknown-class] "indenta", text="(c) a document purporting to be a record kept in accordance with the regulations or another law o..."
[parser-unknown-class] "Subsection", text="(2) If, in any proceedings for an offence against this Part, a record referred to in paragraph (1..."
[parser-unknown-class] "Subsection", text="(1) The Minister may, by writing, appoint appropriately qualified persons to be examiners for the..."
[parser-unknown-class] "Subsection", text="(2) Subject to subsection (4), a certificate signed by an examiner appointed under subsection (1)..."
[parser-unknown-class] "indenta", text="(a) that he or she is appointed as the examiner under subsection (1);"
[parser-unknown-class] "indenta", text="(b) when and from whom the substance, matter, specimen or thing was received;"
[parser-unknown-class] "indenta", text="(c) what labels or other means of identification accompanied the substance, matter, specimen or t..."
[parser-unknown-class] "indenta", text="(d) what container held the substance, matter, specimen or thing when it was received;"
[parser-unknown-class] "indenta", text="(e) a description, including the weight, of the substance, matter, specimen or thing when it was ..."
[parser-unknown-class] "indenta", text="(f) the name of any method used to analyse the substance, matter, specimen or thing or any portio..."
[parser-unknown-class] "indenta", text="(g) the results of any such analysis;"
[parser-unknown-class] "indenta", text="(h) how the substance, matter, specimen or thing was dealt with after handling by the examiner, i..."
[parser-unknown-class] "indentii", text="(i) the quantity of the substance, matter, specimen or thing retained after analysis; and"
[parser-unknown-class] "indentii", text="(ii) names of any persons to whom any of the substance, matter, specimen or thing was given after..."
[parser-unknown-class] "indentii", text="(iii) measures taken to secure any retained quantity of the substance, matter, specimen or thing ..."
[parser-unknown-class] "Subsection", text="(3) For the purposes of this section, a document purporting to be a certificate referred to in su..."
[parser-unknown-class] "Subsection", text="(4) A certificate is not to be admitted in evidence in accordance with subsection (2) in proceedi..."
[parser-unknown-class] "indenta", text="(a) the person charged with the offence; or"
[parser-unknown-class] "indenta", text="(b) a solicitor who has appeared for the person in those proceedings;"
[parser-unknown-class] "Subsection", text="(5) Subject to subsection (6), if, under subsection (2), a certificate is admitted in evidence in..."
[parser-unknown-class] "Subsection", text="(6) Subsection (5) does not entitle the person charged to require the person giving a certificate..."
[parser-unknown-class] "indenta", text="(a) the prosecutor has been given at least 4 days notice of the person’s intention to require the..."
[parser-unknown-class] "indenta", text="(b) the court, by order, allows the person charged to require the person giving the certificate t..."
[parser-unknown-class] "Subsection", text="(7) Any evidence given in support, or in rebuttal, of a matter stated in a certificate given unde..."
[parser-unknown-class] "Subsection", text="(1) A witness for the prosecution in any proceedings for an offence against this Part is not to b..."
[parser-unknown-class] "indenta", text="(a) the fact that the witness received any information; or"
[parser-unknown-class] "indenta", text="(b) the nature of any information received by the witness; or"
[parser-unknown-class] "indenta", text="(c) the name of the person who gave the witness any information."
[parser-unknown-class] "Subsection", text="(2) An authorised officer who is a witness in any proceedings for an offence against this Part is..."
[parser-unknown-class] "indenta", text="(a) that was made or received by the authorised officer in confidence in his or her capacity as a..."
[parser-unknown-class] "indenta", text="(b) that contains information received by the authorised officer in confidence."
[parser-unknown-class] "Subsection", text="(3) Subsections (1) and (2) are to be disregarded in determining the compellability of witnesses ..."
[parser-unknown-class] "Subsection", text="The regulations may provide for forms to be completed, or declarations to be made, in relation to..."
[parser-unknown-class] "Subsection", text="(1) This Part is in addition to the following laws:"
[parser-unknown-class] "indenta", text="(a) the Customs Act 1901;"
[parser-unknown-class] "indenta", text="(b) the Quarantine Act 1908;"
[parser-unknown-class] "indenta", text="(c) any other law of the Commonwealth or of an external Territory, whether passed or made before ..."
[parser-unknown-class] "Subsection", text="(2) The holder of a permit under this Part authorising the export or import of a specimen is not,..."
[parser-unknown-class] "Subsection", text="(3) Without limiting subsection (1), this Part, and regulations made for the purposes of this Par..."
[parser-unknown-class] "Subsection", text="(1) For the purposes of this Part, if a specimen is brought into Australia from a country:"
[parser-unknown-class] "indenta", text="(a) for the purpose of transhipment to another country; or"
[parser-unknown-class] "indenta", text="(b) as part of an aircraft’s stores or ship’s stores;"
[parser-unknown-class] "indenta", text="(c) is taken not to have been imported into Australia; and"
[parser-unknown-class] "indenta", text="(d) when it leaves Australia, is taken not to be exported from Australia."
[parser-unknown-class] "Subsection", text="(2) For the purposes of this Part, if a specimen is brought into an external Territory:"
[parser-unknown-class] "indenta", text="(a) for the purpose of transhipment to another country; or"
[parser-unknown-class] "indenta", text="(b) as part of an aircraft’s stores or ship’s stores;"
[parser-unknown-class] "indenta", text="(c) is taken not to have been imported into that Territory; and"
[parser-unknown-class] "indenta", text="(d) when it leaves that Territory, is taken not to be exported from that Territory."
[parser-unknown-class] "Subsection", text="(3) For the purposes of subsection (1), a specimen is to be taken to be brought into Australia fo..."
[parser-unknown-class] "indenta", text="(a) the specimen is brought into Australia in the course of being transported to an identified pe..."
[parser-unknown-class] "indenta", text="(b) any delay in its leaving Australia will be due solely to the arrangements for its transport; and"
[parser-unknown-class] "indenta", text="(c) it will be under the control of the Customs all the time that it is in Australia."
[parser-unknown-class] "Subsection", text="(4) For the purposes of subsection (2), a specimen is taken to be brought into an external Territ..."
[parser-unknown-class] "indenta", text="(a) the specimen is brought into that Territory in the course of being transported to an identifi..."
[parser-unknown-class] "indenta", text="(b) any delay in its leaving that Territory will be due solely to the arrangements for its transp..."
[parser-unknown-class] "indenta", text="(c) it will be under the control of an authorised officer all the time that it is in that Territory."
[parser-unknown-class] "Subsection", text="(5) For the purposes of this Part, if:"
[parser-unknown-class] "indenta", text="(a) the Minister, the Director of Animal and Plant Quarantine, a prescribed person or a prescribe..."
[parser-unknown-class] "indenta", text="(b) that specimen is sent out of, or brought into, Australia or that Territory, as the case requi..."
[parser-unknown-class] "Subsection", text="(6) Subject to subsections (1), (2) and (5), if, in accordance with the Quarantine Act 1908 or a ..."
[parser-unknown-class] "indenta", text="(a) if a person holds a permit to import that specimen—the holder of that permit; or"
[parser-unknown-class] "indenta", text="(b) in any other case—a person whose identity is not known;"
[parser-unknown-class] "Subsection", text="(7) In this section:"
[parser-unknown-class] "Subsection", text="(1) In this section:"
[parser-unknown-class] "Subsection", text="(2) The Minister may, by notice published in the Gazette, declare an area adjacent to the Protect..."
[parser-unknown-class] "Subsection", text="(3) The Minister may, by notice published in the Gazette, declare that a specimen of a kind speci..."
[parser-unknown-class] "Subsection", text="(4) For the purposes of this Part, if a prescribed specimen that is owned by, or is under the con..."
[parser-unknown-class] "indenta", text="(a) brought to an Australian place from a Papua New Guinea place; or"
[parser-unknown-class] "indenta", text="(b) taken from an Australian place to a Papua New Guinea place;"
[parser-unknown-class] "indenta", text="(c) in the case where the specimen is brought into Australia as mentioned in paragraph (a)—is tak..."
[parser-unknown-class] "indenta", text="(d) in the case where the specimen is taken from Australia as mentioned in paragraph (b)—is taken..."
[parser-unknown-class] "Subsection", text="(5) If:"
[parser-unknown-class] "indenta", text="(a) a prescribed specimen that has been brought into Australia is, under subsection (4), taken no..."
[parser-unknown-class] "indenta", text="(b) that prescribed specimen is brought to a place in Australia that is not in the Protected Zone..."
[parser-unknown-class] "Subsection", text="For the purposes of this Part, a specimen is lawfully imported if, and only if, it was imported and:"
[parser-unknown-class] "indenta", text="(a) in a case where the specimen was imported after the commencement of this Part—it was not impo..."
[parser-unknown-class] "indenta", text="(b) in a case where the specimen was imported when the Wildlife Protection (Regulation of Exports..."
[parser-unknown-class] "indenta", text="(c) in a case where the specimen was imported before the commencement of the Wildlife Protection ..."
[parser-unknown-class] "indentii", text="(i) the Customs (Endangered Species) Regulations; or"
[parser-unknown-class] "indentii", text="(ii) the Customs (Prohibited Imports) Regulations."
[parser-unknown-class] "ItemHead", text="12  Subsection 391(3) (after table item 10)"
[parser-unknown-class] "Table", text=""
[parser-unknown-class] "Table", text="10A"
[parser-unknown-class] "Table", text="303CG"
[parser-unknown-class] "Table", text="whether or not to grant a permit"
[parser-unknown-class] "Table", text="10AA"
[parser-unknown-class] "Table", text="303DC"
[parser-unknown-class] "Table", text="whether or not to amend the list of exempt native specimens"
[parser-unknown-class] "Table", text="10B"
[parser-unknown-class] "Table", text="303DG"
[parser-unknown-class] "Table", text="whether or not to grant a permit"
[parser-unknown-class] "Table", text="10C"
[parser-unknown-class] "Table", text="303EC"
[parser-unknown-class] "Table", text="about including an item in the list referred to section 303EB"
[parser-unknown-class] "Table", text="10D"
[parser-unknown-class] "Table", text="303EN"
[parser-unknown-class] "Table", text="whether or not to grant a permit"
[parser-unknown-class] "Table", text="10E"
[parser-unknown-class] "Table", text="303FN"
[parser-unknown-class] "Table", text="about declaring an operation to be an approved wildlife trade operation"
[parser-unknown-class] "Table", text="10F"
[parser-unknown-class] "Table", text="303FO"
[parser-unknown-class] "Table", text="about declaring a plan to be an approved wildlife trade management plan"
[parser-unknown-class] "Table", text="10G"
[parser-unknown-class] "Table", text="303FP"
[parser-unknown-class] "Table", text="about declaring a plan to be an accredited wildlife trade management plan"
[parser-unknown-class] "Table", text="10H"
[parser-unknown-class] "Table", text="303GB"
[parser-unknown-class] "Table", text="whether or not to grant an exceptional circumstances permit"
[parser-unknown-class] "ItemHead", text="13  At the end of section 397"
[parser-unknown-class] "Subsection", text="(2) Paragraph (1)(b) does not apply for the purposes of the application of this Act to an offence..."
[parser-unknown-class] "Subsection", text="(3) By force of this section, for the purposes of the application of this Act to an offence again..."
[parser-unknown-class] "indenta", text="(a) each officer of Customs;"
[parser-unknown-class] "indenta", text="(b) each member of the police force of an external Territory;"
[parser-unknown-class] "indenta", text="(c) each quarantine officer (animals) (within the meaning of the Quarantine Act 1908);"
[parser-unknown-class] "indenta", text="(d) each quarantine officer (plants) (within the meaning of the Quarantine Act 1908)."
[parser-unknown-class] "ItemHead", text="14  Subsection 399(1)"
[parser-unknown-class] "ItemHead", text="15  Subsection 404(1)"
[parser-unknown-class] "ItemHead", text="16  After paragraph 404(1)(a)"
[parser-unknown-class] "indenta", text="(aa) in the case of an officer of Customs—produce, for inspection by the person in charge of that..."
[parser-unknown-class] "ItemHead", text="17  Subsection 404(3)"
[parser-unknown-class] "ItemHead", text="18  After paragraph 404(3)(a)"
[parser-unknown-class] "indenta", text="(aa) in the case of an officer of Customs—produce, for inspection by that person, written evidenc..."
[parser-unknown-class] "ItemHead", text="19  Subsection 408(4)"
[parser-unknown-class] "ItemHead", text="20  After paragraph 408(7)(c)"
[parser-unknown-class] "indenta", text="(ca) if the authorised officer is an officer of Customs—the officer fails to produce, for inspect..."
[parser-unknown-class] "ItemHead", text="21  Subsection 409(5)"
[parser-unknown-class] "ItemHead", text="22  Subsection 430(2)"
[parser-unknown-class] "ItemHead", text="23  After paragraph 430(2)(a)"
[parser-unknown-class] "indenta", text="(aa) in the case of an officer of Customs—produce, for inspection by that person, written evidenc..."
[parser-unknown-class] "ItemHead", text="24  Subsection 442(5)"
[parser-unknown-class] "ItemHead", text="25  After paragraph 442(5)(a)"
[parser-unknown-class] "indenta", text="(aa) in the case of an officer of Customs—produce, for inspection by that person, written evidenc..."
[parser-unknown-class] "ItemHead", text="26  After Division 8 of Part 17"
[parser-unknown-class] "Subsection", text="(1) This section applies if an authorised officer has reasonable grounds to suspect that:"
[parser-unknown-class] "indenta", text="(a) a specimen has been exported, or is proposed to be exported, in contravention of section 303C..."
[parser-unknown-class] "indenta", text="(b) a specimen has been imported, or is proposed to be imported, in contravention of section 303C..."
[parser-unknown-class] "indenta", text="(c) a person has in the person’s possession a specimen, and that possession contravenes section 3..."
[parser-unknown-class] "Subsection", text="(2) If the authorised officer has reasonable grounds to suspect that a person has information abo..."
[parser-unknown-class] "Subsection", text="(3) Subject to subsections (6) and (7), if a person is asked a question under subsection (2), the..."
[parser-unknown-class] "Subsection", text="(4) A person who contravenes subsection (3) is guilty of an offence punishable on conviction by a..."
[parser-unknown-class] "Subsection", text="(5) In subsection (3), strict liability applies to the circumstance that the person was asked a q..."
[parser-unknown-class] "Subsection", text="(6) If a person is asked a question under subsection (2), the person is not required to answer th..."
[parser-unknown-class] "Subsection", text="(7) If a person is asked a question under subsection (2) by an authorised officer, the person is ..."
[parser-unknown-class] "indenta", text="(a) if the authorised officer is a member of a police force—the authorised officer produces, for ..."
[parser-unknown-class] "indenta", text="(b) if the authorised officer is an officer of Customs—the authorised officer produces, for inspe..."
[parser-unknown-class] "indenta", text="(c) if the authorised officer is neither a member of a police force nor an officer of Customs—the..."
[parser-unknown-class] "ItemHead", text="27  After paragraph 444(4)(a)"
[parser-unknown-class] "indenta", text="(aa) if the authorised officer is an officer of Customs—he or she produces, for inspection by the..."
[parser-unknown-class] "ItemHead", text="28  Before Subdivision A of Division 10 of Part 17"
[parser-unknown-class] "Subsection", text="An authorised officer may seize a specimen if he or she has reasonable grounds to suspect that th..."
[parser-unknown-class] "Subsection", text="(1) Subject to subsection (2), if a specimen is seized by an authorised officer under section 444..."
[parser-unknown-class] "indenta", text="(a) the owner of the specimen; or"
[parser-unknown-class] "indenta", text="(b) the person who had possession, custody or control of the specimen immediately before it was s..."
[parser-unknown-class] "indenta", text="(c) identifying the specimen; and"
[parser-unknown-class] "indenta", text="(d) stating that it has been seized under section 444A and giving the reason for the seizure; and"
[parser-unknown-class] "indenta", text="(e) setting out the terms of sections 444C and 444D."
[parser-unknown-class] "Subsection", text="(2) An authorised officer is not required to give a notice under subsection (1) about a specimen ..."
[parser-unknown-class] "Subsection", text="(1) If a specimen is seized under section 444A, the owner of the specimen may apply in writing to..."
[parser-unknown-class] "Subsection", text="(2) The application must be made:"
[parser-unknown-class] "indenta", text="(a) within 30 days after the seizure; or"
[parser-unknown-class] "indenta", text="(b) if a notice is given under subsection 444B(1) in relation to the specimen—within 30 days afte..."
[parser-unknown-class] "Subsection", text="(3) The application must be made on the ground that the specimen was not used or otherwise involv..."
[parser-unknown-class] "Subsection", text="(4) If the applicant satisfies the Secretary that the ground has been established, the Secretary ..."
[parser-unknown-class] "Subsection", text="(1) If a specimen is seized under section 444A, the owner of the specimen may bring an action aga..."
[parser-unknown-class] "Subsection", text="(2) An action under subsection (1) must be brought:"
[parser-unknown-class] "indenta", text="(a) within 30 days after the seizure; or"
[parser-unknown-class] "indenta", text="(b) if a notice is given under subsection 444B(1) in relation to the specimen—within 30 days afte..."
[parser-unknown-class] "Subsection", text="(3) If:"
[parser-unknown-class] "indenta", text="(a) an action is brought under subsection (1); and"
[parser-unknown-class] "indenta", text="(b) the court finds that the specimen was used or otherwise involved in the commission of the off..."
[parser-unknown-class] "Subsection", text="(4) If:"
[parser-unknown-class] "indenta", text="(a) an action is brought under subsection (1); and"
[parser-unknown-class] "indenta", text="(b) the action is discontinued by the owner otherwise than because of:"
[parser-unknown-class] "indentii", text="(i) the delivery of the specimen to the owner; or"
[parser-unknown-class] "indentii", text="(ii) the forfeiture of the specimen to the Commonwealth; or"
[parser-unknown-class] "indentii", text="(iii) the disposal of the specimen under section 449;"
[parser-unknown-class] "Subsection", text="(1) If:"
[parser-unknown-class] "indenta", text="(a) a specimen is seized under section 444A; and"
[parser-unknown-class] "indenta", text="(b) the specimen was imported from a particular foreign country; and"
[parser-unknown-class] "indenta", text="(c) the export of the specimen from the foreign country was not in contravention of a law of the ..."
[parser-unknown-class] "indenta", text="(d) if the importer had applied for a permit authorising the import of the specimen, there is no ..."
[parser-unknown-class] "indenta", text="(e) the importer produces written evidence from the relevant CITES authority of the foreign count..."
[parser-unknown-class] "Subsection", text="(2) The consignment is to be at the expense of the owner of the specimen."
[parser-unknown-class] "Subsection", text="If a specimen is seized under section 444A, the Secretary may release the specimen to the owner, ..."
[parser-unknown-class] "indenta", text="(a) unconditionally; or"
[parser-unknown-class] "indenta", text="(b) on such conditions as the Secretary thinks fit (including conditions about the giving of secu..."
[parser-unknown-class] "Subsection", text="(1) If a specimen is seized under section 444A, the specimen may be retained until the end of 30 ..."
[parser-unknown-class] "indenta", text="(a) the seizure;"
[parser-unknown-class] "indenta", text="(b) if a notice is given under subsection 444B(1) in relation to the specimen—the giving of the n..."
[parser-unknown-class] "indenta", text="(c) if an application is made under subsection 444C(1) in relation to the specimen—the making of ..."
[parser-unknown-class] "indenta", text="(d) if:"
[parser-unknown-class] "indentii", text="(i) proceedings for an offence against Part 13A are instituted during the period within which an ..."
[parser-unknown-class] "indentii", text="(ii) the specimen may have been used or otherwise involved in the commission of the offence or th..."
[parser-unknown-class] "indenta", text="the termination of the proceedings (including any appeal to a court in relation to those proceedi..."
[parser-unknown-class] "indenta", text="(e) if proceedings under section 444K are instituted during the period within which an applicatio..."
[parser-unknown-class] "Subsection", text="(2) The rule in subsection (1) does not authorise the retention of the specimen if the owner of t..."
[parser-unknown-class] "Subsection", text="(1) If:"
[parser-unknown-class] "indenta", text="(a) a specimen is seized under section 444A; and"
[parser-unknown-class] "indenta", text="(b) none of the following happens before the end of the period for which the specimen may be reta..."
[parser-unknown-class] "indentii", text="(i) proceedings are instituted for an offence against Part 13A, where the specimen is alleged to ..."
[parser-unknown-class] "indentii", text="(ii) the specimen is delivered to the owner;"
[parser-unknown-class] "indentii", text="(iii) the owner of the specimen brings an action under subsection 444D(1) for the delivery of the..."
[parser-unknown-class] "indentii", text="(iv) proceedings are instituted under section 444K in relation to the specimen;"
[parser-unknown-class] "indentii", text="(v) the specimen is disposed of under section 449;"
[parser-unknown-class] "Subsection", text="(2) Subsection (1) has effect only to the extent (if any) to which it gives effect to paragraph 1..."
[parser-unknown-class] "Subsection", text="(1) If:"
[parser-unknown-class] "indenta", text="(a) a specimen is seized under section 444A; and"
[parser-unknown-class] "indenta", text="(b) the owner of the specimen agrees to transfer ownership of the specimen to the Commonwealth, e..."
[parser-unknown-class] "indentii", text="(i) unconditionally; or"
[parser-unknown-class] "indentii", text="(ii) in the event that a future contingency happens; and"
[parser-unknown-class] "indenta", text="(c) if subparagraph (b)(ii) applies—that contingency happens;"
[parser-unknown-class] "indenta", text="(d) the specimen becomes the property of the Commonwealth; and"
[parser-unknown-class] "indenta", text="(e) the provisions of this Part relating to forfeiture apply as if the specimen had been forfeite..."
[parser-unknown-class] "Subsection", text="(2) If:"
[parser-unknown-class] "indenta", text="(a) a specimen is seized under section 444A; and"
[parser-unknown-class] "indenta", text="(b) the owner of the specimen agrees to transfer ownership of the specimen to the Commonwealth in..."
[parser-unknown-class] "indenta", text="(c) until the specimen becomes the property of the Commonwealth; or"
[parser-unknown-class] "indenta", text="(d) if the specimen does not become the property of the Commonwealth—until the occurrence of the ..."
[parser-unknown-class] "Subsection", text="(3) Subsection (2) has effect despite anything in section 444G."
[parser-unknown-class] "Subsection", text="If:"
[parser-unknown-class] "indenta", text="(a) a specimen is seized under section 444A; and"
[parser-unknown-class] "indenta", text="(b) the specimen has been used or otherwise involved in a contravention of Part 13A;"
[parser-unknown-class] "ItemHead", text="29  After subsection 450(1)"
[parser-unknown-class] "Subsection", text="(1A) If a court convicts a person of an offence against Part 13A, the court must order the forfei..."
[parser-unknown-class] "ItemHead", text="30  Subsection 450(2)"
[parser-unknown-class] "ItemHead", text="31  Subsection 450(2)"
[parser-unknown-class] "ItemHead", text="32  At the end of section 451"
[parser-unknown-class] "Subsection", text="(4) The Secretary must not sell a specimen forfeited to the Commonwealth under this Act unless, i..."
[parser-unknown-class] "ItemHead", text="32A  Paragraph 489(1)(a)"
[parser-unknown-class] "ItemHead", text="32B  Paragraph 489(2A)(a)"
[parser-unknown-class] "ItemHead", text="33  At the end of section 517"
[parser-unknown-class] "Subsection", text="(3) A determination does not apply for the purposes of:"
[parser-unknown-class] "indenta", text="(a) Part 13A; or"
[parser-unknown-class] "indenta", text="(b) the definitions of CITES I species, CITES II species and CITES III species in section 528."
[parser-unknown-class] "Subsection", text="(4) Subsection (3) does not affect the meaning of the expression listed threatened species when u..."
[parser-unknown-class] "ItemHead", text="34  At the end of section 520"
[parser-unknown-class] "Subsection", text="(6) The regulations may prohibit or regulate the export from an external Territory to Australia o..."
[parser-unknown-class] "indenta", text="(a) CITES specimens; and"
[parser-unknown-class] "indenta", text="(b) regulated native specimens."
[parser-unknown-class] "Subsection", text="(7) The regulations may prohibit or regulate the import into an external Territory from Australia..."
[parser-unknown-class] "indenta", text="(a) CITES specimens; and"
[parser-unknown-class] "indenta", text="(b) regulated live specimens."
[parser-unknown-class] "Subsection", text="(8) The regulations may prohibit or regulate the possession in an external Territory of:"
[parser-unknown-class] "indenta", text="(a) specimens that have been imported into that Territory in contravention of regulations made fo..."
[parser-unknown-class] "indenta", text="(b) the progeny of such specimens."
[parser-unknown-class] "ItemHead", text="35  At the end of section 522B"
[parser-unknown-class] "Subsection", text="(3) This section is to be disregarded for the purposes of Part 13A."
[parser-unknown-class] "ItemHead", text="36  At the end of section 523"
[parser-unknown-class] "Subsection", text="(3) Subsection (2) is to be disregarded for the purposes of Part 13A."
[parser-unknown-class] "ItemHead", text="37  At the end of Division 1 of Part 23"
[parser-unknown-class] "Subsection", text="(1) For the purposes of this Act, a specimen is:"
[parser-unknown-class] "indenta", text="(a) an animal; or"
[parser-unknown-class] "indenta", text="(b) animal reproductive material; or"
[parser-unknown-class] "indenta", text="(c) the skin, feathers, horns, shell or any other part of an animal; or"
[parser-unknown-class] "indenta", text="(d) any article wholly produced by or from, or otherwise wholly derived from, a single animal; or"
[parser-unknown-class] "indenta", text="(e) a plant; or"
[parser-unknown-class] "indenta", text="(f) plant reproductive material; or"
[parser-unknown-class] "indenta", text="(g) any part of a plant; or"
[parser-unknown-class] "indenta", text="(h) any article wholly produced by or from, or otherwise wholly derived from, a single plant."
[parser-unknown-class] "Subsection", text="(2) However, a fossil, or a mineralised deposit, is not a specimen for the purposes of this Act."
[parser-unknown-class] "Subsection", text="(3) In any provision of this Act, references to a specimen are to be read as including references..."
[parser-unknown-class] "indenta", text="(a) a specimen and material other than a specimen; or"
[parser-unknown-class] "indenta", text="(b) 2 or more specimens; or"
[parser-unknown-class] "indenta", text="(c) 2 or more specimens and material other than a specimen."
[parser-unknown-class] "Subsection", text="(4) If an article consists of, or is derived from, 2 or more specimens, either with or without an..."
[parser-unknown-class] "Subsection", text="(5) For the purposes of this Act:"
[parser-unknown-class] "indenta", text="(a) if a live animal (other than animal reproductive material) that was bred in captivity dies, t..."
[parser-unknown-class] "indenta", text="(b) if a live plant (other than plant reproductive material) that was artificially propagated die..."
[parser-unknown-class] "indenta", text="(c) a specimen covered by paragraph (1)(b), (c) or (d) is taken to be derived from the animal con..."
[parser-unknown-class] "indenta", text="(d) a specimen covered by paragraph (1)(f), (g) or (h) is taken to be derived from the plant conc..."
[parser-unknown-class] "indenta", text="(e) if a specimen is derived from an animal that belongs to a particular species or taxon, the sp..."
[parser-unknown-class] "indenta", text="(f) if a specimen is derived from a plant that belongs to a particular species or taxon, the spec..."
[parser-unknown-class] "Subsection", text="(6) In this section:"
[parser-unknown-class] "Subsection", text="For the purposes of this Act, a live animal of a particular kind is taken to have been bred in ca..."
[parser-unknown-class] "indenta", text="(a) any live animal; or"
[parser-unknown-class] "indenta", text="(b) any live animal of that kind; or"
[parser-unknown-class] "indenta", text="(c) any live animal included in a class of live animals that includes live animals of that kind;"
[parser-unknown-class] "Subsection", text="For the purposes of this Act, a live plant of a particular kind is taken to have been artificiall..."
[parser-unknown-class] "indenta", text="(a) any live plant; or"
[parser-unknown-class] "indenta", text="(b) any live plant of that kind; or"
[parser-unknown-class] "indenta", text="(c) any live plant included in a class of live plants that includes live plants of that kind;"
[parser-unknown-class] "Subsection", text="(1) For the purposes of this Act, if a thing is represented by an accompanying document, the pack..."
[parser-unknown-class] "indenta", text="(a) the skin, feathers, horns, shell or any other part of a CITES listed animal; or"
[parser-unknown-class] "indenta", text="(b) part of a CITES listed plant; or"
[parser-unknown-class] "indenta", text="(c) reproductive material from a CITES listed animal or a CITES listed plant; or"
[parser-unknown-class] "indenta", text="(d) an article produced by or from, or derived from, one or more CITES listed animals or one or m..."
[parser-unknown-class] "Subsection", text="(2) The Minister must not issue a permit under section 303CG authorising the export or import of ..."
[parser-unknown-class] "Subsection", text="(3) In this section:"
[parser-unknown-class] "ItemHead", text="38  Section 528"
[parser-unknown-class] "indenta", text="(a) an embryo, an egg or sperm of an animal; or"
[parser-unknown-class] "indenta", text="(b) any other part, or product, of an animal from which another animal could be produced."
[parser-unknown-class] "ItemHead", text="39  Section 528"
[parser-unknown-class] "ItemHead", text="40  Section 528"
[parser-unknown-class] "ItemHead", text="41  Section 528 (definition of CITES)"
[parser-unknown-class] "ItemHead", text="42  Section 528"
[parser-unknown-class] "ItemHead", text="43  Section 528"
[parser-unknown-class] "ItemHead", text="44  Section 528"
[parser-unknown-class] "ItemHead", text="45  Section 528"
[parser-unknown-class] "ItemHead", text="46  Section 528"
[parser-unknown-class] "ItemHead", text="47  Section 528"
[parser-unknown-class] "ItemHead", text="48  Section 528"
[parser-unknown-class] "indenta", text="(a) a CITES I specimen; or"
[parser-unknown-class] "indenta", text="(b) a CITES II specimen; or"
[parser-unknown-class] "indenta", text="(c) a CITES III specimen."
[parser-unknown-class] "ItemHead", text="49  Section 528"
[parser-unknown-class] "ItemHead", text="50  Section 528"
[parser-unknown-class] "indenta", text="(a) a disease, parasite or pest that, for the purposes of the Quarantine Act 1908, is a disease i..."
[parser-unknown-class] "indenta", text="(b) a disease, pest or plant that, for the purposes of that Act, is a disease in relation to plants."
[parser-unknown-class] "ItemHead", text="51  Section 528"
[parser-unknown-class] "indenta", text="(a) export from Australia or from an external Territory; or"
[parser-unknown-class] "indenta", text="(b) export from the sea;"
[parser-unknown-class] "indenta", text="(c) export from Australia to an external Territory; or"
[parser-unknown-class] "indenta", text="(d) export from an external Territory to Australia; or"
[parser-unknown-class] "indenta", text="(e) export from an external Territory to another external Territory."
[parser-unknown-class] "ItemHead", text="52  Section 528"
[parser-unknown-class] "ItemHead", text="53  Section 528"
[parser-unknown-class] "ItemHead", text="54  Section 528"
[parser-unknown-class] "ItemHead", text="55  Section 528"
[parser-unknown-class] "ItemHead", text="56  Section 528"
[parser-unknown-class] "ItemHead", text="57  Section 528"
[parser-unknown-class] "ItemHead", text="58  Section 528"
[parser-unknown-class] "ItemHead", text="59  Section 528"
[parser-unknown-class] "ItemHead", text="60  Section 528"
[parser-unknown-class] "ItemHead", text="61  Section 528"
[parser-unknown-class] "indenta", text="(a) in relation to an animal—any animal reproductive material of that animal or of any progeny of..."
[parser-unknown-class] "indenta", text="(b) in relation to a plant—any plant reproductive material of that plant or of any progeny of tha..."
[parser-unknown-class] "indenta", text="(c) in relation to a live animal that is animal reproductive material—any animal resulting from t..."
[parser-unknown-class] "indenta", text="(d) in relation to a live plant that is plant reproductive material—any plant resulting from that..."
[parser-unknown-class] "ItemHead", text="62  Section 528"
[parser-unknown-class] "ItemHead", text="63  Section 528"
[parser-unknown-class] "ItemHead", text="64  Section 528 (after paragraph (c) of the definition of species)"
[parser-unknown-class] "indenta", text="(ca) for the purposes of Part 13A—a distinct population of such biological entities; and"
[parser-unknown-class] "ItemHead", text="65  Section 528 (paragraph (d) of the definition of species)"
[parser-unknown-class] "ItemHead", text="66  Section 528 (at the end of the definition of species, before the note)"
[parser-unknown-class] "indenta", text="(a) include the purposes of the definitions of CITES I species, CITES II species and CITES III sp..."
[parser-unknown-class] "indenta", text="(b) do not include determining the meaning of the expression listed threatened species when used ..."
[parser-unknown-class] "ItemHead", text="67  Section 528"
[parser-unknown-class] "ItemHead", text="68  Section 528"
[parser-unknown-class] "ItemHead", text="69  Section 528"
[parser-unknown-class] "indenta", text="(a) an animal; or"
[parser-unknown-class] "indenta", text="(b) a specimen derived from an animal; or"
[parser-unknown-class] "indenta", text="(c) a plant; or"
[parser-unknown-class] "indenta", text="(d) a specimen derived from a plant."
[parser-unknown-class] "ActHead7", text="Part 2—Transitional provisions relating to wildlife"
[parser-unknown-class] "ItemHead", text="70  Transitional—applications pending immediately before this item commenced"
[parser-unknown-class] "Subitem", text="(1) For the purposes of this item, an application for a permit or authority to export or import a..."
[parser-unknown-class] "indenta", text="(a) the application was made by a person under the Wildlife Protection (Regulation of Exports and..."
[parser-unknown-class] "indenta", text="(b) the application was not withdrawn before that commencement; and"
[parser-unknown-class] "indenta", text="(c) the permit or authority was neither granted, nor refused, before that commencement."
[parser-unknown-class] "Subitem", text="(2) If:"
[parser-unknown-class] "indenta", text="(a) the pending application is an application for a permit or authority to export or import a CIT..."
[parser-unknown-class] "indenta", text="(b) within 28 days after the commencement of this item, the person pays the fee prescribed by the..."
[parser-unknown-class] "Subitem", text="(3) If:"
[parser-unknown-class] "indenta", text="(a) the pending application is an application for a permit or authority to export a regulated nat..."
[parser-unknown-class] "indenta", text="(b) within 28 days after the commencement of this item, the person pays the fee prescribed by the..."
[parser-unknown-class] "Subitem", text="(4) If:"
[parser-unknown-class] "indenta", text="(a) the pending application is an application for a permit or authority to import a regulated liv..."
[parser-unknown-class] "indenta", text="(b) within 28 days after the commencement of this item, the person pays the fee prescribed by the..."
[parser-unknown-class] "Subitem", text="(5) If information was given to the Minister in connection with the pending application, the info..."
[parser-unknown-class] "Subitem", text="(6) At the same time as the fee was paid, or at any time during the 28‑day period beginning on th..."
[parser-unknown-class] "indenta", text="(a) give the Minister a written notice:"
[parser-unknown-class] "indentii", text="(i) setting out information relevant to the fresh application; and"
[parser-unknown-class] "indentii", text="(ii) requesting the Minister to have regard to the information when dealing with the fresh applic..."
[parser-unknown-class] "indenta", text="(b) give the Minister a written notice requesting the Minister to consider the fresh application ..."
[parser-unknown-class] "Subitem", text="(7) If the person gives the Minister a notice under paragraph (6)(a), the Minister must have rega..."
[parser-unknown-class] "Subitem", text="(8) The Minister must not consider the fresh application until whichever is the earlier of the fo..."
[parser-unknown-class] "indenta", text="(a) the first day after the end of the 28‑day period beginning on the day on which the fee was paid;"
[parser-unknown-class] "indenta", text="(b) if the person gives the Minister a notice under paragraph (6)(a) or (b)—the day on which the ..."
[parser-unknown-class] "Subitem", text="(9) For the purposes of the application of sections 303CF, 303CI, 303DF, 303DH, 303EM, 303EO and ..."
[parser-unknown-class] "indenta", text="(a) the last day of the 28‑day period beginning on the day on which the fee was paid;"
[parser-unknown-class] "indenta", text="(b) if the person gives the Minister a notice under paragraph (6)(a) or (b)—the day on which the ..."
[parser-unknown-class] "Subitem", text="(10) If, before the commencement of this item, the person paid a fee in respect of the grant of t..."
[parser-unknown-class] "indenta", text="(a) the Commonwealth must refund the fee unless the person elects to treat the payment as fully d..."
[parser-unknown-class] "indenta", text="(b) if, under paragraph (a), the person elects to treat a payment as fully discharging the person..."
[parser-unknown-class] "Subitem", text="(11) Subsections 303CE(2), 303DE(2) and 303EL(2) of the Environment Protection and Biodiversity C..."
[parser-unknown-class] "Subitem", text="(12) A fee under subitem (2) must not exceed the fee that would have been payable under subsectio..."
[parser-unknown-class] "Subitem", text="(13) A fee under subitem (3) must not exceed the fee that would have been payable under subsectio..."
[parser-unknown-class] "Subitem", text="(14) A fee under subitem (4) must not exceed the fee that would have been payable under subsectio..."
[parser-unknown-class] "Subitem", text="(15) If, before the commencement of this item, any comments had been given to the Minister in rel..."
[parser-unknown-class] "Subitem", text="(16) The Governor‑General may make regulations for the purposes of subitem (2), (3) or (4)."
[parser-unknown-class] "Subitem", text="(17) A fee provided for under subitem (2), (3) or (4) must be reasonably related to the expenses ..."
[parser-unknown-class] "Subitem", text="(18) In this item:"
[parser-unknown-class] "ItemHead", text="71  Transitional—permits or authorities in force immediately before this item commenced"
[parser-unknown-class] "Subitem", text="(1) For the purposes of this item, a permit or authority to export or to import a specimen is an ..."
[parser-unknown-class] "indenta", text="(a) the permit or authority was granted or given to a person under the Wildlife Protection (Regul..."
[parser-unknown-class] "indenta", text="(b) the permit or authority was in force immediately before that commencement; and"
[parser-unknown-class] "indenta", text="(c) the specimen had not been exported or imported, as the case may be, before that commencement."
[parser-unknown-class] "Subitem", text="(2) If the old permit or old authority authorised the export or import of a CITES specimen, the E..."
[parser-unknown-class] "indenta", text="(a) the old permit or old authority were a permit issued under section 303CG of that Act authoris..."
[parser-unknown-class] "indenta", text="(b) the person were the holder of the section 303CG permit; and"
[parser-unknown-class] "indenta", text="(c) the section 303CG permit ceases to be in force when the old permit or old authority would hav..."
[parser-unknown-class] "indenta", text="(d) any conditions of the old permit or old authority were conditions of the section 303CG permit..."
[parser-unknown-class] "indenta", text="(e) a notice from the Designated Authority under paragraph 45(1)(b) of the Wildlife Protection (R..."
[parser-unknown-class] "Subitem", text="(3) If the old permit or old authority authorised the export of a regulated native specimen (othe..."
[parser-unknown-class] "indenta", text="(a) the old permit or old authority were a permit issued under section 303DG of that Act authoris..."
[parser-unknown-class] "indenta", text="(b) the person were the holder of the section 303DG permit; and"
[parser-unknown-class] "indenta", text="(c) the section 303DG permit ceases to be in force when the old permit or old authority would hav..."
[parser-unknown-class] "indenta", text="(d) any conditions of the old permit or old authority were conditions of the section 303DG permit..."
[parser-unknown-class] "indenta", text="(e) a notice from the Designated Authority under paragraph 45(1)(b) of the Wildlife Protection (R..."
[parser-unknown-class] "Subitem", text="(4) If the old permit or old authority authorised the import of a regulated live specimen (other ..."
[parser-unknown-class] "indenta", text="(a) the old permit or old authority were a permit issued under section 303EN of that Act authoris..."
[parser-unknown-class] "indenta", text="(b) the person were the holder of the section 303EN permit; and"
[parser-unknown-class] "indenta", text="(c) the section 303EN permit ceases to be in force when the old permit or old authority would hav..."
[parser-unknown-class] "indenta", text="(d) any conditions of the old permit or old authority were conditions of the section 303EN permit."
[parser-unknown-class] "ItemHead", text="72  Transitional—section 303EU of the Environment Protection and Biodiversity Conservation Act 1999"
[parser-unknown-class] "Subitem", text="(1) This item applies if a determination was in force under section 51D of the Wildlife Protectio..."
[parser-unknown-class] "Subitem", text="(2) The Environment Protection and Biodiversity Conservation Act 1999 has effect, after the comme..."
[parser-unknown-class] "indenta", text="(a) the determination had been made by the Secretary under section 303EU of the Environment Prote..."
[parser-unknown-class] "indenta", text="(b) each reference in the determination to the Designated Authority were a reference to the Secre..."
[parser-unknown-class] "indenta", text="(c) anything done under the determination by or in relation to the Designated Authority before th..."
[parser-unknown-class] "ItemHead", text="73  Transitional—section 303FN of the Environment Protection and Biodiversity Conservation Act 1999"
[parser-unknown-class] "Subitem", text="(1) This item applies if:"
[parser-unknown-class] "indenta", text="(a) a declaration relating to specimens was in force under subsection 10A(2) of the Wildlife Prot..."
[parser-unknown-class] "indenta", text="(b) the declaration related to a particular operation."
[parser-unknown-class] "Subitem", text="(2) The Environment Protection and Biodiversity Conservation Act 1999 has effect, after the comme..."
[parser-unknown-class] "indenta", text="(a) the declaration had been made under subsection 303FN(2) of that Act; and"
[parser-unknown-class] "indenta", text="(b) the operation were a wildlife trade operation; and"
[parser-unknown-class] "indenta", text="(c) the declaration had provided that the operation is an approved wildlife trade operation for t..."
[parser-unknown-class] "indenta", text="(d) the period:"
[parser-unknown-class] "indentii", text="(i) beginning on the day on which the declaration took effect; and"
[parser-unknown-class] "indentii", text="(ii) ending when the declaration would have ceased to be in force if this Act had not been enacted;"
[parser-unknown-class] "indenta", text="were specified in the declaration in accordance with subsection 303FT(4) the Environment Protecti..."
[parser-unknown-class] "ItemHead", text="74  Transitional—section 303FO of the Environment Protection and Biodiversity Conservation Act 1999"
[parser-unknown-class] "Subitem", text="(1) This item applies if a declaration relating to a program was in force under subsection 10(1) ..."
[parser-unknown-class] "Subitem", text="(2) The Environment Protection and Biodiversity Conservation Act 1999 has effect, after the comme..."
[parser-unknown-class] "indenta", text="(a) the declaration had been made under subsection 303FO(2) of that Act; and"
[parser-unknown-class] "indenta", text="(b) the program were a plan; and"
[parser-unknown-class] "indenta", text="(c) each reference in the declaration to a program were a reference to a plan; and"
[parser-unknown-class] "indenta", text="(d) each reference in the declaration to an approved management program were a reference to an ap..."
[parser-unknown-class] "indenta", text="(e) each reference in the declaration to the purposes of the Wildlife Protection (Regulation of E..."
[parser-unknown-class] "indenta", text="(f) the period:"
[parser-unknown-class] "indentii", text="(i) beginning on the day on which the declaration took effect; and"
[parser-unknown-class] "indentii", text="(ii) ending when the declaration would have ceased to be in force if this Act had not been enacted;"
[parser-unknown-class] "indenta", text="were specified in the declaration in accordance with subsection 303FT(4) the Environment Protecti..."
[parser-unknown-class] "ItemHead", text="75  Transitional—section 303FR of the Environment Protection and Biodiversity Conservation Act 1999"
[parser-unknown-class] "Subitem", text="(1) This item applies if:"
[parser-unknown-class] "indenta", text="(a) before the commencement of this item, the Minister formulated a proposal to declare specimens..."
[parser-unknown-class] "indenta", text="(b) before the commencement of this item, any comments had been given to the Minister in relation..."
[parser-unknown-class] "indenta", text="(c) the proposal related to a particular operation; and"
[parser-unknown-class] "indenta", text="(d) the operation is a wildlife trade operation for the purposes of section 303FN of the Environm..."
[parser-unknown-class] "indenta", text="(e) after the commencement of this item, the Minister formulates a proposal (the new proposal) to..."
[parser-unknown-class] "Subitem", text="(2) Those comments have effect as if they had been given to the Minister in relation to the new p..."
[parser-unknown-class] "ItemHead", text="76  Transitional—section 303FR of the Environment Protection and Biodiversity Conservation Act 1999"
[parser-unknown-class] "Subitem", text="(1) This item applies if:"
[parser-unknown-class] "indenta", text="(a) before the commencement of this item, the Minister formulated a proposal to declare a program..."
[parser-unknown-class] "indenta", text="(b) before the commencement of this item, any comments had been given to the Minister in relation..."
[parser-unknown-class] "indenta", text="(c) the program is a plan; and"
[parser-unknown-class] "indenta", text="(d) after the commencement of this item, the Minister formulates a proposal (the new proposal) to..."
[parser-unknown-class] "Subitem", text="(2) Those comments have effect as if they had been given to the Minister in relation to the new p..."
[parser-unknown-class] "ItemHead", text="77  Transitional—section 303FU of the Environment Protection and Biodiversity Conservation Act 1999"
[parser-unknown-class] "Subitem", text="(1) This item applies if:"
[parser-unknown-class] "indenta", text="(a) a declaration relating to specimens was in force under subsection 10A(3) of the Wildlife Prot..."
[parser-unknown-class] "indenta", text="(b) the declaration related to a particular program."
[parser-unknown-class] "Subitem", text="(2) The Environment Protection and Biodiversity Conservation Act 1999 has effect, after the comme..."
[parser-unknown-class] "Subitem", text="(3) Subitem (2) ceases to have effect in relation to the program at:"
[parser-unknown-class] "indenta", text="(a) the time when the declaration would have ceased to be in force if this Act had not been enact..."
[parser-unknown-class] "indenta", text="(b) if an earlier time is specified in the regulations in relation to the program—that earlier time."
[parser-unknown-class] "Subitem", text="(4) Subitem (2) does not prevent the program from becoming an approved commercial import program ..."
[parser-unknown-class] "Subitem", text="(5) The Governor‑General may make regulations for the purposes of subitem (3)."
[parser-unknown-class] "ItemHead", text="78  Transitional—section 303GS of the Environment Protection and Biodiversity Conservation Act 1999"
[parser-unknown-class] "Subitem", text="(1) This item applies if an appointment was in force under section 75 of the Wildlife Protection ..."
[parser-unknown-class] "Subitem", text="(2) The Environment Protection and Biodiversity Conservation Act 1999 has effect, after the comme..."
[parser-unknown-class] "indenta", text="(a) the appointment had been made under the corresponding provision of section 303GS of the Envir..."
[parser-unknown-class] "indenta", text="(b) each reference in the appointment to the purposes of the Wildlife Protection (Regulation of E..."
[parser-unknown-class] "ItemHead", text="79  Transitional—section 303GX of the Environment Protection and Biodiversity Conservation Act 1999"
[parser-unknown-class] "Subitem", text="(1) This item applies if a declaration was in force under subsection 8A(2) or (3) of the Wildlife..."
[parser-unknown-class] "Subitem", text="(2) The Environment Protection and Biodiversity Conservation Act 1999 has effect, after the comme..."
[parser-unknown-class] "indenta", text="(a) the declaration had been made under the corresponding provision of section 303GX of the Envir..."
[parser-unknown-class] "indenta", text="(b) each reference in the declaration to section 8A of the Wildlife Protection (Regulation of Exp..."
[parser-unknown-class] "ItemHead", text="80  Transitional—section 396 of the Environment Protection and Biodiversity Conservation Act 1999"
[parser-unknown-class] "Subitem", text="(1) This item applies if an appointment or determination was in force under subsection 58(1) or (..."
[parser-unknown-class] "Subitem", text="(2) The Environment Protection and Biodiversity Conservation Act 1999 has effect, after the comme..."
[parser-unknown-class] "indenta", text="(a) the appointment or determination had been made under the corresponding provision of section 3..."
[parser-unknown-class] "indenta", text="(b) the appointment or determination was revoked at the end of the 6‑month period beginning at th..."
[parser-unknown-class] "indenta", text="(c) in the case of a determination—each reference in the determination to particular powers confe..."
[parser-unknown-class] "Subitem", text="(3) This item does not prevent the Minister, at the end of that 6‑month period, from making a fre..."
[parser-unknown-class] "ItemHead", text="81  Transitional—Part 17 of the Environment Protection and Biodiversity Conservation Act 1999"
[parser-unknown-class] "Subitem", text="(1) Part 17 of the Environment Protection and Biodiversity Conservation Act 1999 applies to an of..."
[parser-unknown-class] "Subitem", text="(2) The Environment Protection and Biodiversity Conservation Act 1999 has effect, after the comme..."
[parser-unknown-class] "Subitem", text="(3) The Environment Protection and Biodiversity Conservation Act 1999 has effect, after the comme..."
[parser-unknown-class] "ItemHead", text="82  Transitional—regulations"
[parser-unknown-class] "Subitem", text="(1) The regulations may make provision for matters of a transitional nature relating to the amend..."
[parser-unknown-class] "Subitem", text="(2) The Governor‑General may make regulations for the purposes of subitem (1)."
[parser-unknown-class] "ActHead7", text="Part 3—Other amendments"
[parser-unknown-class] "ItemHead", text="83  At the end of Division 1 of Part 3"
[parser-unknown-class] "Subsection", text="(1) The regulations may provide that a specified action is taken to be an action to which a speci..."
[parser-unknown-class] "Subsection", text="(2) To avoid doubt, if, as a result of a regulation made for the purposes of subsection (1), a re..."
[parser-unknown-class] "Subsection", text="(3) Regulations made for the purposes of subsection (1) may only specify actions:"
[parser-unknown-class] "indenta", text="(a) taken in a Territory; or"
[parser-unknown-class] "indenta", text="(b) taken in a Commonwealth marine area; or"
[parser-unknown-class] "indenta", text="(c) taken for the purpose of trade or commerce:"
[parser-unknown-class] "indentii", text="(i) between Australia and another country; or"
[parser-unknown-class] "indentii", text="(ii) between 2 States; or"
[parser-unknown-class] "indentii", text="(iii) between a State and a Territory; or"
[parser-unknown-class] "indentii", text="(iv) between 2 Territories; or"
[parser-unknown-class] "indenta", text="(d) taken by a constitutional corporation; or"
[parser-unknown-class] "indenta", text="(e) whose regulation is appropriate and adapted to give effect to Australia’s obligations under a..."
[parser-unknown-class] "Subsection", text="(4) Regulations specifying an action whose regulation is appropriate and adapted to give effect t..."
[parser-unknown-class] "Subsection", text="(5) In this section:"
[parser-unknown-class] "indenta", text="(a) a civil penalty provision set out in this Division; or"
[parser-unknown-class] "indenta", text="(b) a provision of this Division that creates an offence."
[parser-unknown-class] "Subsection", text="(1) The Minister may issue a written certificate:"
[parser-unknown-class] "indenta", text="(a) stating that a specified person has contravened, or is contravening, a specified civil penalt..."
[parser-unknown-class] "indenta", text="(b) setting out particulars of that contravention."
[parser-unknown-class] "Subsection", text="(2) The Minister may issue a certificate under subsection (1) relating to a particular contravent..."
[parser-unknown-class] "Subsection", text="(3) To avoid doubt, a certificate under subsection (1) may be issued even if any relevant proceed..."
[parser-unknown-class] "Subsection", text="(4) The Minister may issue a written certificate stating that, if a specified person were to carr..."
[parser-unknown-class] "Subsection", text="(5) The Minister may issue a certificate under subsection (4) if the Minister has reason to belie..."
[parser-unknown-class] "indenta", text="(a) the person proposes to engage in the conduct concerned; and"
[parser-unknown-class] "indenta", text="(b) the conduct would contravene the civil penalty provision concerned."
[parser-unknown-class] "Subsection", text="(6) To avoid doubt, a certificate under subsection (4) may be issued even if any relevant proceed..."
[parser-unknown-class] "Subsection", text="As soon as practicable after issuing a certificate under subsection 25B(1) or (4), the Minister m..."
[parser-unknown-class] "Subsection", text="(1) In any proceedings under section 475 or 481, a certificate under subsection 25B(1) is prima f..."
[parser-unknown-class] "Subsection", text="(2) In any proceedings under section 475, a certificate under subsection 25B(4) is prima facie ev..."
[parser-unknown-class] "Subsection", text="(3) A document purporting to be a certificate under subsection 25B(1) or (4) must, unless the con..."
[parser-unknown-class] "Subsection", text="(4) The Minister may certify that a document is a copy of a certificate under subsection 25B(1) o..."
[parser-unknown-class] "Subsection", text="(5) This section applies to the certified copy as if it were the original."
[parser-unknown-class] "Subsection", text="(1) The Minister may vary a certificate under subsection 25B(1) or (4) so long as the variation i..."
[parser-unknown-class] "Subsection", text="(2) If a certificate is varied, the Minister must give the person concerned a written notice sett..."
[parser-unknown-class] "Subsection", text="(1) The Minister may revoke a certificate under subsection 25B(1) or (4)."
[parser-unknown-class] "Subsection", text="(2) If a certificate is revoked, the Minister must give the person concerned a written notice sta..."
[parser-unknown-class] "ItemHead", text="83A  At the end of Part 4"
[parser-unknown-class] "Subsection", text="(1) A person may take an action described in a provision of Part 3 without an approval under Part..."
[parser-unknown-class] "indenta", text="(a) the action consists of a use of land, sea or seabed; and"
[parser-unknown-class] "indenta", text="(b) the action was specifically authorised under a law of the Commonwealth, a State or a self-gov..."
[parser-unknown-class] "indenta", text="(c) immediately before the commencement of this Act, no further environmental authorisation was n..."
[parser-unknown-class] "Subsection", text="(2) In this section:"
[parser-unknown-class] "indenta", text="(a) to protect the environment;"
[parser-unknown-class] "indenta", text="(b) to promote the conservation and ecologically sustainable use of natural resources."
[parser-unknown-class] "Subsection", text="(1) A person may take an action described in a provision of Part 3 without an approval under Part..."
[parser-unknown-class] "Subsection", text="(2) However, subsection (1) does not apply to an action that was specifically authorised under a ..."
[parser-unknown-class] "ItemHead", text="84  At the end of section 70"
[parser-unknown-class] "Subsection", text="(3) If:"
[parser-unknown-class] "indenta", text="(a) the Minister has made a request under subsection (1); and"
[parser-unknown-class] "indenta", text="(b) the period for compliance with the request has ended; and"
[parser-unknown-class] "indenta", text="(c) the requested person has not referred the proposal to the Minister in accordance with the req..."
[parser-unknown-class] "indenta", text="(d) if paragraph (1)(a) applies—the requested person had referred the proposal to the Minister un..."
[parser-unknown-class] "indenta", text="(e) if paragraph (1)(b) applies—the requested person had referred the proposal to the Minister un..."
[parser-unknown-class] "Subsection", text="(4) A determination under subsection (3) has effect accordingly."
[parser-unknown-class] "Subsection", text="(5) A copy of a determination under subsection (3) is to be given to the requested person."
[parser-unknown-class] "Subsection", text="(6) Subsection 68(3) and section 72 do not apply to a referral covered by subsection (3) of this ..."
[parser-unknown-class] "Subsection", text="(7) Despite subsection 74(4), section 74 applies to a referral covered by subsection (3) of this ..."
[parser-unknown-class] "Subsection", text="(8) Subsection 74(3) applies to a referral covered by subsection (3) of this section as if the re..."
[parser-unknown-class] "ItemHead", text="84A  Subsection 146(1)"
[parser-unknown-class] "Subsection", text="(1) The Minister may agree in writing with a person responsible for the adoption or implementatio..."
[parser-unknown-class] "ItemHead", text="84B  Subsection 146(2) (note 1)"
[parser-unknown-class] "ItemHead", text="84C Paragraph 148(1)(a)"
[parser-unknown-class] "indenta", text="(a) make an agreement with the Minister under section 146 for assessment of the impacts of action..."
[parser-unknown-class] "ItemHead", text="84D  Paragraph 148(2)(a)"
[parser-unknown-class] "indenta", text="(a) make an agreement under section 146 with the Minister (the Environment Minister) administerin..."
[parser-unknown-class] "ItemHead", text="84E  Paragraph 149(a)"
[parser-unknown-class] "indenta", text="(a) make an agreement with the Minister under section 146 for assessment of the impacts of action..."
[parser-unknown-class] "ItemHead", text="84F  Subsection 150(2)"
[parser-unknown-class] "Subsection", text="(2) Before the day that is the third anniversary of this Act commencing, the Australian Fisheries..."
[parser-unknown-class] "ItemHead", text="84G  Subsection 150(3)"
[parser-unknown-class] "Subsection", text="(3) Before the day that is the fifth anniversary of this Act commencing, the Australian Fisheries..."
[parser-unknown-class] "ItemHead", text="84H Subsection 151(2)"
[parser-unknown-class] "Subsection", text="(2) Before the day that is the fifth anniversary of this Act commencing, the Minister administeri..."
[parser-unknown-class] "ItemHead", text="84HA  At the end of section 197"
[parser-unknown-class] "indenta", text="; or (k) an action provided for by, and taken in accordance with, a plan or regime that is accred..."
[parser-unknown-class] "ItemHead", text="84HB  Before section 208"
[parser-unknown-class] "Subsection", text="The Minister may, by instrument in writing, accredit for the purposes of this Division:"
[parser-unknown-class] "indenta", text="(a) a plan of management within the meaning of section 17 of the Fisheries Management Act 1991; or"
[parser-unknown-class] "indenta", text="(b) a plan of management for a fishery made by a State or self‑governing Territory and that is in..."
[parser-unknown-class] "indenta", text="(c) a regime determined in writing by the Australian Fisheries Management Authority under the Fis..."
[parser-unknown-class] "indenta", text="(d) the plan or regime requires persons engaged in fishing under the plan or regime to take all r..."
[parser-unknown-class] "indenta", text="(e) the fishery to which the plan or regime relates does not, or is not likely to, adversely affe..."
[parser-unknown-class] "ItemHead", text="84HC  At the end of section 212"
[parser-unknown-class] "indenta", text="; or (k) an action provided for by, and taken in accordance with, a plan or regime that is accred..."
[parser-unknown-class] "ItemHead", text="84HD  Before section 223"
[parser-unknown-class] "Subsection", text="The Minister may, by instrument in writing, accredit for the purposes of this Division:"
[parser-unknown-class] "indenta", text="(a) a plan of management within the meaning of section 17 of the Fisheries Management Act 1991; or"
[parser-unknown-class] "indenta", text="(b) a plan of management for a fishery made by a State or self‑governing Territory and that is in..."
[parser-unknown-class] "indenta", text="(c) a regime determined in writing by the Australian Fisheries Management Authority under the Fis..."
[parser-unknown-class] "indenta", text="(d) the plan or regime requires persons engaged in fishing under the plan or regime to take all r..."
[parser-unknown-class] "indenta", text="(e) the fishery to which the plan or regime relates does not, or is not likely to, adversely affe..."
[parser-unknown-class] "ItemHead", text="84HE  Paragraph 231(h)"
[parser-unknown-class] "indenta", text="(h) an action provided for by, and taken in accordance with, a plan or regime that is accredited ..."
[parser-unknown-class] "ItemHead", text="84HF  After paragraph 245(b)"
[parser-unknown-class] "indenta", text="; or (ba) a regime determined in writing by the Australian Fisheries Management Authority under t..."
[parser-unknown-class] "ItemHead", text="84HG  Paragraph 255(k)"
[parser-unknown-class] "ItemHead", text="84HH  After paragraph 265(b)"
[parser-unknown-class] "indenta", text="; or (ba) a regime determined in writing by the Australian Fisheries Management Authority under t..."
[parser-unknown-class] "ItemHead", text="84J  Subsection 516A(6)"
[parser-unknown-class] "ItemHead", text="84K  At the end of section 516A"
[parser-unknown-class] "Subsection", text="(7) In subsection (6):"
[parser-unknown-class] "indenta", text="(a) developing and implementing policies, plans, programs and legislation; and"
[parser-unknown-class] "indenta", text="(b) the operations of a department, authority, company or agency referred to in this section."
[parser-unknown-class] "ItemHead", text="84L  Section 522B"
[parser-unknown-class] "ItemHead", text="84M  Subsection 523(2)"
[parser-unknown-class] "ItemHead", text="85  Section 524B"
[parser-unknown-class] "ItemHead", text="85A  Section 528 (definition of continuation)"
[parser-unknown-class] "ItemHead", text="86  Section 528 (definition of significant)"
[parser-unknown-class] "ActHead6", text="Schedule 2—Repeal of the Wildlife Protection (Regulation of Exports and Imports) Act 1982"
[parser-unknown-class] "ActHead9", text="Wildlife Protection (Regulation of Exports and Imports) Act 1982"
[parser-unknown-class] "ItemHead", text="1  The whole of the Act"
[parser-unknown-class] "ItemHead", text="2  Transitional—section 75 of the Wildlife Protection (Regulation of Exports and Imports) Act 1982"
[parser-unknown-class] "ItemHead", text="3  Transitional—section 75A of the Wildlife Protection (Regulation of Exports and Imports) Act 1982"
[parser-unknown-class] "ItemHead", text="4  Transitional—regulations"
[parser-unknown-class] "Subitem", text="(1) The regulations may make provision for matters of a transitional nature relating to the repea..."
[parser-unknown-class] "Subitem", text="(2) The Governor‑General may make regulations for the purposes of subitem (1)."
[parser-unknown-class] "ActHead6", text="Schedule 3—Amendment of other Acts"
[parser-unknown-class] "ActHead9", text="Biological Control Act 1984"
[parser-unknown-class] "ItemHead", text="1  Paragraph 5(2)(b)"
[parser-unknown-class] "ItemHead", text=""
[parser-diag] processed 2166 <p> elements
[parser-diag] last section was added at element index: 2094
[parser-diag] state phase at end: BODY
[parser-diag] hierarchy stack depth at end: 3
[parser-diag] insideSchedule at end: false
[parse] sections: 153
[parse] compilation: date=(none) no=(none)
[parse] by level:
         section      128
         subdivision  16
         part         1
         division     8
[db] inserted new legislation row: d6fed152-a76f-44fd-84da-c006ce5139bd
[db] inserting 153 sections (pass 1)
[db] inserted 153 sections
[db] linking parent FKs (pass 2)
[db] linked 148 parent references

[done] ingested Environment Protection and Biodiversity Conservation Amendment (Wildlife Protection) Act 2001
       legislation_id: d6fed152-a76f-44fd-84da-c006ce5139bd
       sections: 153
       compilation: 2001-07-11
