[fetch] document_1: https://www.legislation.gov.au/C2009A00055/2022-12-07/2022-12-07/text/original/epub/OEBPS/document_1/document_1.html
[fetch] document_1: 2,011,500 bytes
[fetch] document_2: https://www.legislation.gov.au/C2009A00055/2022-12-07/2022-12-07/text/original/epub/OEBPS/document_2/document_2.html
[fetch] document_2 not found — stopping. Fetched 1 document(s).
[fetch] combined 1 document(s), 2,011,500 source bytes → 2,004,429 combined bytes
[citation] Fair Work (Transitional Provisions and Consequential Amendments) Act 2009 (Cth)
[parse] starting
[parser-diag] total <p> elements found: 7930
[parser-unknown-class] "ActHead6", text="Schedule 1—Repeals"
[parser-unknown-class] "ActHead9", text="Workplace Relations Act 1996"
[parser-unknown-class] "ItemHead", text="1  Sections 3 to 18"
[parser-unknown-class] "ItemHead", text="2  Parts 2 to 23"
[parser-unknown-class] "ItemHead", text="3  Schedules 2 to 9"
[parser-unknown-class] "ActHead6", text="Schedule 2—Overarching Schedule about transitional matters"
[parser-unknown-class] "ActHead7", text="Part 1—Interpretation of the transitional Schedules"
[parser-unknown-class] "ItemHead", text="1  What are the transitional Schedules?"
[parser-unknown-class] "ItemHead", text="2  The dictionary"
[parser-unknown-class] "ItemHead", text="3  Meaning of WR Act and FW Act"
[parser-unknown-class] "SubitemHead", text="Meaning of WR Act"
[parser-unknown-class] "Subitem", text="(1) WR Act means the Workplace Relations Act 1996 and, unless the contrary intention appears, mea..."
[parser-unknown-class] "Subitem", text="(2) Unless a contrary intention appears, a reference to the WR Act, or to a provision or provisio..."
[parser-unknown-class] "Subitem", text="(3) If an item of the transitional Schedules provides for the WR Act, or a provision or provision..."
[parser-unknown-class] "SubitemHead", text="Meaning of FW Act"
[parser-unknown-class] "Subitem", text="(4) FW Act means the Fair Work Act 2009."
[parser-unknown-class] "Subitem", text="(5) Unless a contrary intention appears, a reference to the FW Act, or to a provision or provisio..."
[parser-unknown-class] "ItemHead", text="4  Expressions defined in the WR Act or the FW Act"
[parser-unknown-class] "Subitem", text="(1) Unless a contrary intention appears:"
[parser-unknown-class] "Subitem", text="(2) If:"
[parser-unknown-class] "Subitem", text="(3) The regulations may define, or clarify the meaning of, an expression used in a transitional S..."
[parser-unknown-class] "Subitem", text="(4) This item does not apply to expressions defined in item 2."
[parser-unknown-class] "ItemHead", text="5  Provisions that apply repealed provisions of the WR Act"
[parser-unknown-class] "Subitem", text="(1) If a provision of a transitional Schedule provides for provisions (the applied WR Act provisi..."
[parser-unknown-class] "Subitem", text="(2) This item has effect:"
[parser-unknown-class] "ItemHead", text="6  Effect of Part 21 of the WR Act to be taken into account"
[parser-unknown-class] "Subitem", text="(1) To avoid doubt, in interpreting provisions of the transitional Schedules, the effect on the W..."
[parser-unknown-class] "Subitem", text="(2) If a provision of the transitional Schedules provides for the application or continued applic..."
[parser-unknown-class] "Subitem", text="(3) This item has effect:"
[parser-unknown-class] "ActHead7", text="Part 2—Regulations about transitional matters"
[parser-unknown-class] "ItemHead", text="7  General power for regulations to deal with transitional matters"
[parser-unknown-class] "Subitem", text="(1) The regulations may make provisions of a transitional, application or saving nature in relati..."
[parser-unknown-class] "Subitem", text="(2) Without limiting subitem (1), regulations made for the purpose of that subitem may do any of ..."
[parser-unknown-class] "ItemHead", text="8  Regulations relating to matters dealt with in the transitional Schedules"
[parser-unknown-class] "Subitem", text="(1) The regulations may modify provisions of the transitional Schedules."
[parser-unknown-class] "Subitem", text="(2) If a provision of a transitional Schedule provides for repealed provisions of the WR Act to a..."
[parser-unknown-class] "Subitem", text="(3) If a provision of a transitional Schedule provides for provisions of the FW Act to apply in r..."
[parser-unknown-class] "Subitem", text="(4) The regulations may make other provision in relation to the matters dealt with in the transit..."
[parser-unknown-class] "Subitem", text="(5) The transitional Schedules have effect subject to regulations made for any of the purposes of..."
[parser-unknown-class] "ItemHead", text="9  Limitation on power to make regulations"
[parser-unknown-class] "Subitem", text="(1) The regulations must not:"
[parser-unknown-class] "Subitem", text="(2) The regulations must not confer compliance powers on an inspector that are additional to the ..."
[parser-unknown-class] "Subitem", text="(3) This item has effect despite items 7 and 8."
[parser-unknown-class] "ItemHead", text="10  Other general provisions about regulations"
[parser-unknown-class] "Subitem", text="(1) This item applies to regulations made for the purpose of any of the provisions of the transit..."
[parser-unknown-class] "Subitem", text="(2) Subsection 12(2) (retrospective application of legislative instruments) of the Legislation Ac..."
[parser-unknown-class] "Subitem", text="(3) If:"
[parser-unknown-class] "Subitem", text="(4) The provisions of the transitional Schedules (including this Part) that provide for regulatio..."
[parser-unknown-class] "ActHead7", text="Part 3—Conduct before WR Act repeal day etc."
[parser-unknown-class] "ItemHead", text="11  Conduct before repeal—WR Act continues to apply"
[parser-unknown-class] "SubitemHead", text="Conduct before repeal"
[parser-unknown-class] "Subitem", text="(1) The WR Act continues to apply, on and after the WR Act repeal day, in relation to conduct tha..."
[parser-unknown-class] "SubitemHead", text="Processes begun before repeal to vary or terminate WR Act instruments"
[parser-unknown-class] "Subitem", text="(1A) If:"
[parser-unknown-class] "SubitemHead", text="Orders made before repeal"
[parser-unknown-class] "Subitem", text="(2) To avoid doubt, the WR Act continues to apply, on and after the WR Act repeal day, in relatio..."
[parser-unknown-class] "SubitemHead", text="Item subject to this Act"
[parser-unknown-class] "Subitem", text="(3) This item applies subject to this Act."
[parser-unknown-class] "ItemHead", text="12  FWC to take over some processes"
[parser-unknown-class] "Subitem", text="(1) On and after the WR Act repeal day:"
[parser-unknown-class] "Subitem", text="(2) For the purposes of subitem (1), a law of the Commonwealth that relates to an application, ap..."
[parser-unknown-class] "Subitem", text="(3) Subitems (1) and (2) apply subject to this Act."
[parser-unknown-class] "Subitem", text="(4) In this item:"
[parser-unknown-class] "ItemHead", text="13  Regulations—conduct before repeal"
[parser-unknown-class] "ActHead6", text="Schedule 3—Continued existence of awards, workplace agreements and certain other WR Act instruments"
[parser-unknown-class] "ActHead7", text="Part 1—Preliminary"
[parser-unknown-class] "ItemHead", text="1  Meanings of employee and employer"
[parser-unknown-class] "ActHead7", text="Part 2—Continued existence of WR Act instruments as transitional instruments"
[parser-unknown-class] "ItemHead", text="2  WR Act instruments that continue in existence as transitional instruments"
[parser-unknown-class] "Subitem", text="(1) Each WR Act instrument (see subitem (2)) that becomes a transitional instrument (see subitems..."
[parser-unknown-class] "Subitem", text="(2) Each of the following instruments is a WR Act instrument:"
[parser-unknown-class] "Subitem", text="(3) The following WR Act instruments become transitional instruments on the WR Act repeal day:"
[parser-unknown-class] "Subitem", text="(3A) If a State reference common rule comes into effect on or after the WR Act repeal day under t..."
[parser-unknown-class] "Subitem", text="(4) If an ITEA is made during the bridging period under Division 7 of Part 2 of Schedule 8, the I..."
[parser-unknown-class] "Subitem", text="(4A) A Division 2B State reference transitional award becomes a transitional instrument on the Di..."
[parser-unknown-class] "Subitem", text="(5) Transitional instruments are classified as follows:"
[parser-unknown-class] "ItemHead", text="2A  Meaning of State reference transitional award and various other expressions associated with S..."
[parser-unknown-class] "Subitem", text="(1) A State reference transitional award is a transitional award that covers:"
[parser-unknown-class] "Subitem", text="(1A) State reference transitional awards are classified as follows:"
[parser-unknown-class] "Subitem", text="(2) A State reference common rule is a common rule that covers:"
[parser-unknown-class] "Subitem", text="(3) A State reference employee is an employee who is a national system employee only because of s..."
[parser-unknown-class] "Subitem", text="(3A) State reference employees are classified as follows:"
[parser-unknown-class] "Subitem", text="(4) A State reference employer is an employer that is a national system employer only because of ..."
[parser-unknown-class] "Subitem", text="(4A) State reference employers are classified as follows:"
[parser-unknown-class] "Subitem", text="(5) If:"
[parser-unknown-class] "Subitem", text="(6) If:"
[parser-unknown-class] "Subitem", text="(7) A referring State is:"
[parser-unknown-class] "ItemHead", text="3  The employees, employers etc. who are covered by a transitional instrument and to whom it applies"
[parser-unknown-class] "Subitem", text="(1) A transitional instrument covers the same employees, employers and any other persons that it ..."
[parser-unknown-class] "Subitem", text="(2) A transitional instrument applies to the same employees, employers and any other persons the ..."
[parser-unknown-class] "Subitem", text="(3) However, an award‑based transitional instrument does not apply to an employee (or to an emplo..."
[parser-unknown-class] "Subitem", text="(4) This item has effect subject to:"
[parser-unknown-class] "ItemHead", text="4  Transitional instruments continue to be subject to the same instrument content rules"
[parser-unknown-class] "Subitem", text="(1) The same instrument content rules that applied in relation to WR Act instruments of a particu..."
[parser-unknown-class] "Subitem", text="(2) Instrument content rules are provisions of a law of the Commonwealth, as in force immediately..."
[parser-unknown-class] "ItemHead", text="5  Transitional instruments continue to be subject to the same instrument interaction rules"
[parser-unknown-class] "Subitem", text="(1) The same instrument interaction rules that applied in relation to WR Act instruments of a par..."
[parser-unknown-class] "Subitem", text="(2) Instrument interaction rules are provisions of a law of the Commonwealth, as in force immedia..."
[parser-unknown-class] "ItemHead", text="5A  Transitional instruments continue to be subject to the same State and Territory interaction r..."
[parser-unknown-class] "Subitem", text="(1) The same State and Territory interaction rules that applied in relation to WR Act instruments..."
[parser-unknown-class] "Subitem", text="(2) State and Territory interaction rules are provisions of a law of the Commonwealth, as in forc..."
[parser-unknown-class] "ItemHead", text="6  References in transitional instruments to the Australian Industrial Relations Commission etc."
[parser-unknown-class] "Subitem", text="(1) If a provision of a transitional instrument confers a power or function on the Australian Ind..."
[parser-unknown-class] "Subitem", text="(2) If a provision of a transitional instrument confers a power or function on the Industrial Reg..."
[parser-unknown-class] "Subitem", text="(3) This item has effect subject to:"
[parser-unknown-class] "ItemHead", text="7  No loss of accrued rights or liabilities when transitional instrument terminates or ceases to ..."
[parser-unknown-class] "Subitem", text="(1) If a transitional instrument terminates, or ceases to apply in relation to a person, that doe..."
[parser-unknown-class] "Subitem", text="(2) Any such investigation, legal proceeding or remedy may be instituted, continued or enforced a..."
[parser-unknown-class] "Subitem", text="(3) This item has effect subject to a contrary intention in this Act or in the FW Act."
[parser-unknown-class] "ItemHead", text="8  Certain transitional instruments displace certain Commonwealth laws"
[parser-unknown-class] "Subitem", text="(1) To the extent of any inconsistency, the following transitional instruments displace prescribe..."
[parser-unknown-class] "Subitem", text="(2) In subitem (1):"
[parser-unknown-class] "Subitem", text="Commonwealth law means an Act or any regulations or other instrument made under an Act."
[parser-unknown-class] "Subitem", text="prescribed conditions means conditions that are identified by the regulations."
[parser-unknown-class] "Subitem", text="(3) If, immediately before the WR Act repeal day, regulations made under section 350 of the WR Ac..."
[parser-unknown-class] "Subitem", text="(4) Subitem (3) has effect subject to any regulations made for the purposes of subitem (1) or (2)."
[parser-unknown-class] "ItemHead", text="8A  Continuing application of provisions of the WR Act about common rules"
[parser-unknown-class] "Subitem", text="(1) Subject to this item, clauses 82 to 87 of Schedule 6 to the WR Act continue to apply on and a..."
[parser-unknown-class] "Subitem", text="(2) Clauses 82 to 87 continue to apply as if:"
[parser-unknown-class] "Subitem", text="(3) Subitem (2) has effect unless the context otherwise requires and subject to the regulations."
[parser-unknown-class] "ActHead7", text="Part 3—Variation and termination of transitional instruments"
[parser-unknown-class] "ItemHead", text="9  Transitional instruments can only be varied or terminated in limited circumstances"
[parser-unknown-class] "Subitem", text="(1) A transitional instrument cannot be varied except under:"
[parser-unknown-class] "Subitem", text="(2) A transitional instrument cannot be terminated (or otherwise brought to an end) except under:"
[parser-unknown-class] "ItemHead", text="10  All kinds of transitional instrument: variation to remove ambiguities etc."
[parser-unknown-class] "Subitem", text="(1) On application by a person covered by a transitional instrument, the FWC may make a determina..."
[parser-unknown-class] "Subitem", text="(2) A variation of a transitional instrument operates from the day specified in the determination..."
[parser-unknown-class] "ItemHead", text="11  All kinds of transitional instrument: variation on referral by AHRC"
[parser-unknown-class] "Subitem", text="(1) This item applies if a transitional instrument is referred to the FWC under section 46PW of t..."
[parser-unknown-class] "Subitem", text="(2) If the instrument is an award‑based transitional instrument, section 161 of the FW Act applie..."
[parser-unknown-class] "Subitem", text="(3) If the transitional instrument is an agreement‑based transitional instrument, section 218 of ..."
[parser-unknown-class] "ItemHead", text="12  Awards: continued application of WR Act provisions about variation and revocation"
[parser-unknown-class] "Subitem", text="(1) Subject to this item, Divisions 5 (other than subsections 554(1) to (4)) and 6 of Part 10 of ..."
[parser-unknown-class] "Subitem", text="(2) The FWC must perform its powers and functions under Divisions 5 and 6 in a way that furthers ..."
[parser-unknown-class] "Subitem", text="(3) An award cannot be varied or revoked under Division 5 or 6 after the end of the bridging peri..."
[parser-unknown-class] "ItemHead", text="12A  State reference transitional awards: variation and revocation"
[parser-unknown-class] "SubitemHead", text="General provisions"
[parser-unknown-class] "Subitem", text="(1) Subject to this item, Divisions 5 (other than subsections 554(1) to (4)) and 6 of Part 10 of ..."
[parser-unknown-class] "Subitem", text="(2) To avoid doubt, for the purpose of sections 552 and 553 of the WR Act, as applied by subitem ..."
[parser-unknown-class] "Subitem", text="(3) The FWC must perform its powers and functions under Divisions 5 and 6 in a way that furthers ..."
[parser-unknown-class] "SubitemHead", text="Special provisions about variation or revocation after the end of the bridging period"
[parser-unknown-class] "Subitem", text="(4) A State reference transitional award cannot be varied or revoked after the end of the bridgin..."
[parser-unknown-class] "Subitem", text="(5) In an annual wage review, the FWC may make a determination varying terms of a State reference..."
[parser-unknown-class] "Subitem", text="(6) For the purpose of subitem (5), Division 3 of Part 2‑6 of the FW Act (other than section 292)..."
[parser-unknown-class] "ItemHead", text="13  Pre‑reform certified agreements: continued application of WR Act provisions about variation"
[parser-unknown-class] "Subitem", text="(1) Subject to this item, clause 2A of Schedule 7 to the WR Act continues to apply on and after t..."
[parser-unknown-class] "Subitem", text="(2) An application under clause 2A cannot be made after the end of the bridging period."
[parser-unknown-class] "ItemHead", text="14  Preserved collective State agreements: continued application of WR Act provisions about varia..."
[parser-unknown-class] "Subitem", text="(1) Subject to this item, clause 16A of Schedule 8 to the WR Act continues to apply on and after ..."
[parser-unknown-class] "Subitem", text="(2) An application under clause 16A cannot be made after the end of the bridging period."
[parser-unknown-class] "ItemHead", text="15  Collective agreement‑based transitional instruments: termination by agreement"
[parser-unknown-class] "ItemHead", text="16  Collective agreement‑based transitional instruments: termination by the FWC"
[parser-unknown-class] "Subitem", text="(1) Subdivision D of Division 7 of Part 2‑4 of the FW Act (which deals with termination of enterp..."
[parser-unknown-class] "Subitem", text="(2) For the purpose of the application of Subdivision D to an old IR agreement, the agreement’s n..."
[parser-unknown-class] "Subitem", text="(3) To avoid doubt, subsection 615A(3) of the FW Act does not apply in relation to a collective a..."
[parser-unknown-class] "ItemHead", text="17  Individual agreement‑based transitional instruments: termination by agreement"
[parser-unknown-class] "Subitem", text="(1) The employee and employer covered by an individual agreement‑based transitional instrument ma..."
[parser-unknown-class] "Subitem", text="(2) The termination has no effect unless it has been approved by the FWC."
[parser-unknown-class] "Subitem", text="(3) The employer or employee may apply to the FWC for approval of the termination agreement. The ..."
[parser-unknown-class] "Subitem", text="(4) If an application for the FWC to approve the termination agreement is made under subitem (3),..."
[parser-unknown-class] "Subitem", text="(5) If the termination is approved under subitem (4), the termination operates from the day speci..."
[parser-unknown-class] "ItemHead", text="18  Individual agreement‑based transitional instruments: termination conditional on enterprise ag..."
[parser-unknown-class] "Subitem", text="(1) This item provides for the making of an instrument (a conditional termination) that will have..."
[parser-unknown-class] "Subitem", text="(2) If the transitional instrument has not passed its nominal expiry date, the conditional termin..."
[parser-unknown-class] "Subitem", text="(3) If the transitional instrument has passed its nominal expiry date, the conditional terminatio..."
[parser-unknown-class] "Subitem", text="(4) If the conditional termination is signed by the employee, and the employee is under 18, it mu..."
[parser-unknown-class] "Subitem", text="(5) Any other requirements of the regulations relating to the form, content or making of the cond..."
[parser-unknown-class] "Subitem", text="(6) The employer must give the employee a copy of the conditional termination if:"
[parser-unknown-class] "Subitem", text="(7) The conditional termination must accompany any application to the FWC for approval of the pro..."
[parser-unknown-class] "Subitem", text="(8) If the requirements of subitems (2) to (5) have been complied with in relation to the conditi..."
[parser-unknown-class] "ItemHead", text="19  Individual agreement‑based transitional instruments: unilateral termination with the FWC’s ap..."
[parser-unknown-class] "Subitem", text="(1) This item applies to an employer or employee:"
[parser-unknown-class] "Subitem", text="(2) The employer or employee may:"
[parser-unknown-class] "Subitem", text="(3) The employer or employee cannot make an application as mentioned in paragraph (2)(b) unless, ..."
[parser-unknown-class] "Subitem", text="(4) The FWC must approve the termination if the FWC is satisfied that:"
[parser-unknown-class] "Subitem", text="(5) If the FWC approves the termination, the transitional instrument terminates on the 90th day a..."
[parser-unknown-class] "ItemHead", text="20  Initial sunsetting rules for particular transitional instruments"
[parser-unknown-class] "SubitemHead", text="Notional agreements preserving State awards"
[parser-unknown-class] "Subitem", text="(1) A notional agreement preserving State awards (other than a notional agreement that is an ente..."
[parser-unknown-class] "SubitemHead", text="Division 3 pre‑reform certified agreements"
[parser-unknown-class] "Subitem", text="(2) If the employer in relation to a Division 3 pre‑reform certified agreement is not a national ..."
[parser-unknown-class] "Subitem", text="(3) However, if the employer becomes a national system employer before 27 March 2011, subitem (2)..."
[parser-unknown-class] "SubitemHead", text="Old IR agreements"
[parser-unknown-class] "Subitem", text="(4) If the employer in relation to an old IR agreement is not a national system employer, the agr..."
[parser-unknown-class] "Subitem", text="(5) However, if the employer becomes a national system employer before 27 March 2011, subitem (4)..."
[parser-unknown-class] "SubitemHead", text="Section 170MX awards"
[parser-unknown-class] "Subitem", text="(6) If:"
[parser-unknown-class] "Subitem", text="(7) However, if the employer becomes a national system employer before 27 March 2011, subitem (6)..."
[parser-unknown-class] "ItemHead", text="20A  Automatic sunsetting of all remaining agreement‑based transitional instruments"
[parser-unknown-class] "SubitemHead", text="Automatic sunsetting"
[parser-unknown-class] "Subitem", text="(1) An agreement‑based transitional instrument terminates at the end of the grace period for the ..."
[parser-unknown-class] "Subitem", text="(2) The grace period for an agreement‑based transitional instrument is:"
[parser-unknown-class] "SubitemHead", text="Employer to give notice to employees"
[parser-unknown-class] "Subitem", text="(3) An employer covered by an agreement‑based transitional instrument must, before the end of 6 m..."
[parser-unknown-class] "SubitemHead", text="Application to FWC for extension of default period"
[parser-unknown-class] "Subitem", text="(4) Any of the following may apply to the FWC, before the end of the grace period for an agreemen..."
[parser-unknown-class] "Subitem", text="(5) An application under subitem (4) must be accompanied by:"
[parser-unknown-class] "SubitemHead", text="Extension of default period"
[parser-unknown-class] "Subitem", text="(6) If an application is made under subitem (4), the FWC must extend the default period for the a..."
[parser-unknown-class] "Subitem", text="(7) This subitem applies if:"
[parser-unknown-class] "Subitem", text="(8) This subitem applies if:"
[parser-unknown-class] "Subitem", text="(9) This subitem applies if:"
[parser-unknown-class] "Subitem", text="(10) For the purposes of subitems (8) and (9), the award covered employees for a collective agree..."
[parser-unknown-class] "SubitemHead", text="Publication of decisions etc."
[parser-unknown-class] "Subitem", text="(10A) The FWC must publish the following, on its website or by any other means that the FWC consi..."
[parser-unknown-class] "Subitem", text="(10B) Paragraph (10A)(b) applies subject to any order made under section 594 of the FW Act."
[parser-unknown-class] "Subitem", text="(10C) The FWC must not publish an individual agreement‑based transitional instrument in relation ..."
[parser-unknown-class] "SubitemHead", text="Pending applications"
[parser-unknown-class] "Subitem", text="(11) If:"
[parser-unknown-class] "ItemHead", text="21  Effect of termination"
[parser-unknown-class] "ActHead7", text="Part 4—Transitional instruments and the Australian Fair Pay and Conditions Standard"
[parser-unknown-class] "ItemHead", text="22  Same AFPCS interaction rules continue to apply"
[parser-unknown-class] "Subitem", text="(1) Subject to this item, the same AFPCS interaction rules that applied in relation to WR Act ins..."
[parser-unknown-class] "Subitem", text="(2) AFPCS interaction rules of the kind referred to in paragraph (4)(b) do not continue to apply ..."
[parser-unknown-class] "Subitem", text="(3) If, immediately before the end of the bridging period, an AFPCS interaction rule of the kind ..."
[parser-unknown-class] "Subitem", text="(4) AFPCS interaction rules are provisions of a law of the Commonwealth, as in force immediately ..."
[parser-unknown-class] "ActHead7", text="Part 5—Transitional instruments and the FW Act"
[parser-unknown-class] "ActHead8", text="Division 1—Interaction between transitional instruments and the National Employment Standards"
[parser-unknown-class] "ItemHead", text="23  The no detriment rule"
[parser-unknown-class] "Subitem", text="(1) To the extent that a term of a transitional instrument is detrimental to an employee, in any ..."
[parser-unknown-class] "Subitem", text="(1A) If there is a dispute about the application of this item which must be resolved by the FWC i..."
[parser-unknown-class] "Subitem", text="(2) Subitem (1) does not affect a term of a transitional instrument that is permitted by a provis..."
[parser-unknown-class] "Subitem", text="(3) The regulations may make provisions that apply to determining, for the purpose of this item, ..."
[parser-unknown-class] "ItemHead", text="24  Provisions of the NES that allow instruments to contain particular kinds of terms"
[parser-unknown-class] "Subitem", text="(1) The following provisions of the National Employment Standards have effect, on and after the F..."
[parser-unknown-class] "Subitem", text="(2) If:"
[parser-unknown-class] "ItemHead", text="25  Shiftworker annual leave entitlement"
[parser-unknown-class] "Subitem", text="(1) If:"
[parser-unknown-class] "Subitem", text="(2) This item has effect subject to subsection 87(4) of the FW Act."
[parser-unknown-class] "ItemHead", text="26  Resolving difficulties about application of this Division"
[parser-unknown-class] "Subitem", text="(1) On application by a person covered by a transitional instrument, the FWC may make a determina..."
[parser-unknown-class] "Subitem", text="(2) A variation of a transitional instrument operates from the day specified in the determination..."
[parser-unknown-class] "ItemHead", text="27  Division does not affect transitional instruments before NES commencement"
[parser-unknown-class] "ActHead8", text="Division 2—Interaction between transitional instruments and FW Act modern awards, enterprise agre..."
[parser-unknown-class] "ItemHead", text="28  Modern awards and agreement‑based transitional instruments"
[parser-unknown-class] "Subitem", text="(1) While an agreement‑based transitional instrument of any of the following kinds applies to an ..."
[parser-unknown-class] "Subitem", text="(2) If:"
[parser-unknown-class] "ItemHead", text="28A  Terms of modern awards about outworker conditions continue to apply"
[parser-unknown-class] "Subitem", text="(1) This item applies if, at a particular time:"
[parser-unknown-class] "Subitem", text="(2) Despite item 28 and despite any terms of the agreement‑based transitional instrument that are..."
[parser-unknown-class] "Subitem", text="(3) To avoid doubt, to the extent to which terms of a modern award apply to an employee, an emplo..."
[parser-unknown-class] "ItemHead", text="29  Modern awards and award‑based transitional instruments"
[parser-unknown-class] "SubitemHead", text="Modern awards other than the miscellaneous modern award"
[parser-unknown-class] "Subitem", text="(1) If a modern award (other than the miscellaneous modern award) that covers an employee, or an ..."
[parser-unknown-class] "SubitemHead", text="The miscellaneous modern award"
[parser-unknown-class] "Subitem", text="(2) While an award‑based transitional instrument that covers an employee, or an employer or other..."
[parser-unknown-class] "SubitemHead", text="Outworker entities"
[parser-unknown-class] "Subitem", text="(3) If a modern award (other than the miscellaneous modern award) that contains outworker terms t..."
[parser-unknown-class] "Subitem", text="(4) While outworker terms in an award‑based transitional instrument that is in operation cover an..."
[parser-unknown-class] "Subitem", text="(5) Outworker terms in an award‑based transitional instrument are terms that would be outworker t..."
[parser-unknown-class] "ItemHead", text="30  FW Act enterprise agreements and workplace determinations, and agreement‑based transitional i..."
[parser-unknown-class] "SubitemHead", text="Individual agreement‑based transitional instruments"
[parser-unknown-class] "Subitem", text="(1) While an individual agreement‑based transitional instrument applies to an employee, or to an ..."
[parser-unknown-class] "SubitemHead", text="Collective agreement‑based transitional instruments"
[parser-unknown-class] "Subitem", text="(2) If an enterprise agreement or workplace determination (under the FW Act) starts to apply to a..."
[parser-unknown-class] "ItemHead", text="31  FW Act enterprise agreements and workplace determinations, and award‑based transitional instr..."
[parser-unknown-class] "ItemHead", text="31A  Designated outworker terms of award‑based transitional instrument continue to apply"
[parser-unknown-class] "Subitem", text="(1) This item applies if, at a particular time:"
[parser-unknown-class] "Subitem", text="(2) Despite item 31, the designated outworker terms of the award‑based transitional instrument ap..."
[parser-unknown-class] "Subitem", text="(3) To avoid doubt:"
[parser-unknown-class] "ActHead8", text="Division 3—Other general provisions about how the FW Act applies in relation to transitional inst..."
[parser-unknown-class] "ItemHead", text="32  Employee not award/agreement free if transitional instrument applies"
[parser-unknown-class] "Subitem", text="(1) An employee is not an award/agreement free employee for the purposes of the FW Act if a trans..."
[parser-unknown-class] "Subitem", text="(2) The regulations may make provision in relation to any of the following in relation to employe..."
[parser-unknown-class] "ItemHead", text="33  Employee’s ordinary hours of work"
[parser-unknown-class] "SubitemHead", text="Item applies for purpose of determining employee’s ordinary hours of work for the FW Act"
[parser-unknown-class] "Subitem", text="(1) For the purposes of the FW Act, the ordinary hours of work of an employee to whom a transitio..."
[parser-unknown-class] "SubitemHead", text="Ordinary hours as specified in transitional instrument"
[parser-unknown-class] "Subitem", text="(2) If a transitional instrument that applies to the employee specifies, or provides for the dete..."
[parser-unknown-class] "SubitemHead", text="If subitem (2) does not apply and there is agreement"
[parser-unknown-class] "Subitem", text="(3) If subitem (2) does not apply, the employee’s ordinary hours of work are the hours agreed by ..."
[parser-unknown-class] "SubitemHead", text="If subitem (2) does not apply and there is no agreement"
[parser-unknown-class] "Subitem", text="(4) If subitem (2) does not apply but there is no agreement under subitem (3), the ordinary hours..."
[parser-unknown-class] "SubitemHead", text="If subitem (2) does not apply: agreed hours are less than usual weekly hours"
[parser-unknown-class] "Subitem", text="(5) If:"
[parser-unknown-class] "SubitemHead", text="Regulations may prescribe usual weekly hours"
[parser-unknown-class] "Subitem", text="(6) For an employee who is not a full‑time employee and who does not have usual weekly hours of w..."
[parser-unknown-class] "ItemHead", text="34  Payment of wages"
[parser-unknown-class] "ItemHead", text="35  Guarantee of annual earnings"
[parser-unknown-class] "ItemHead", text="36  Application of unfair dismissal provisions"
[parser-unknown-class] "ItemHead", text="37  Regulations may deal with other matters"
[parser-unknown-class] "ActHead7", text="Part 6—Preservation of redundancy provisions in agreements etc."
[parser-unknown-class] "ItemHead", text="38  Preservation of redundancy provisions when agreement‑based transitional instrument terminates"
[parser-unknown-class] "SubitemHead", text="When this item applies"
[parser-unknown-class] "Subitem", text="(1) This item applies if a termination of an agreement‑based transitional instrument (the termina..."
[parser-unknown-class] "SubitemHead", text="Continuation of redundancy provisions"
[parser-unknown-class] "Subitem", text="(2) Any redundancy provision that was in the terminated instrument continues to apply to any pers..."
[parser-unknown-class] "Subitem", text="(3) A redundancy provision that continues to apply to a person under subitem (2) is taken, for th..."
[parser-unknown-class] "SubitemHead", text="Continued redundancy provisions generally prevail over other instruments"
[parser-unknown-class] "Subitem", text="(4) Subject to subitem (5), a redundancy provision that continues to apply to a person under subi..."
[parser-unknown-class] "Subitem", text="(5) However, if:"
[parser-unknown-class] "SubitemHead", text="Period for which redundancy provisions are continued"
[parser-unknown-class] "Subitem", text="(6) A redundancy provision continues under subitem (2) to apply to a person, in relation to an em..."
[parser-unknown-class] "SubitemHead", text="Definitions"
[parser-unknown-class] "Subitem", text="(7) In this item:"
[parser-unknown-class] "ItemHead", text="39  Notification of preservation of redundancy provisions"
[parser-unknown-class] "SubitemHead", text="When this item applies"
[parser-unknown-class] "Subitem", text="(1) This item applies if:"
[parser-unknown-class] "SubitemHead", text="Notification requirements if the transitional instrument is a preserved collective State agreemen..."
[parser-unknown-class] "Subitem", text="(2) If the transitional instrument is a preserved collective State agreement or a pre‑reform cert..."
[parser-unknown-class] "Subitem", text="(3) An employer that has, under subitem (2), received a copy of a termination decision must take ..."
[parser-unknown-class] "SubitemHead", text="Notification requirements if the transitional instrument is an individual agreement‑based transit..."
[parser-unknown-class] "Subitem", text="(4) If the transitional instrument is an individual agreement‑based transitional instrument, the ..."
[parser-unknown-class] "ItemHead", text="40  Redundancy provisions that were already preserved as at the WR Act repeal day"
[parser-unknown-class] "Subitem", text="(1) This item applies if, immediately before the WR Act repeal day, redundancy provisions that we..."
[parser-unknown-class] "Subitem", text="(2) Item 38 applies as if:"
[parser-unknown-class] "Subitem", text="(3) Item 39 does not apply to the termination referred to in paragraph (2)(b)."
[parser-unknown-class] "ActHead7", text="Part 7—Victorian employment agreements"
[parser-unknown-class] "ItemHead", text="41  Part applies to Victorian employment agreements"
[parser-unknown-class] "Subitem", text="This Part applies to a Victorian employment agreement that was in force in relation to an employe..."
[parser-unknown-class] "ItemHead", text="42  Victorian employment agreement enforceable as a contract"
[parser-unknown-class] "ActHead7", text="Part 8—Transitional pay equity order taken to have been made by FWA—Division 2B State reference t..."
[parser-unknown-class] "ItemHead", text="43  FWA taken to have made a transitional pay equity order to continue the effect of State pay eq..."
[parser-unknown-class] "Subitem", text="(1) On the Division 2B referral commencement, FWA is taken to have made an order (the transitiona..."
[parser-unknown-class] "Subitem", text="(2) The transitional pay equity order applies to an employer if:"
[parser-unknown-class] "Subitem", text="(3) An employer must not be prescribed by regulations for the purposes of paragraph (2)(b) unless:"
[parser-unknown-class] "Subitem", text="(4) A source pay equity order satisfies this subitem if it:"
[parser-unknown-class] "Subitem", text="(5) If the transitional pay equity order applies to an employer, the employer is required to pay ..."
[parser-unknown-class] "Subitem", text="(6) An employee of an employer to which this item applies is an affected employee of the employer..."
[parser-unknown-class] "Subitem", text="(7) The transitional pay equity order takes effect in relation to the employer immediately after ..."
[parser-unknown-class] "Subitem", text="(8) A term of a modern award is of no effect to the extent that:"
[parser-unknown-class] "Subitem", text="(9) However, to avoid doubt, a term of a modern award continues to have effect so far as it requi..."
[parser-unknown-class] "ActHead6", text="Schedule 3A—Treatment of State awards and State employment agreements of Division 2B referring St..."
[parser-unknown-class] "ActHead7", text="Part 1—Preliminary"
[parser-unknown-class] "ItemHead", text="1  Meanings of employer and employee"
[parser-unknown-class] "ActHead7", text="Part 2—Division 2B State instruments"
[parser-unknown-class] "ItemHead", text="2  What are Division 2B State instruments?"
[parser-unknown-class] "Subitem", text="(1) A Division 2B State instrument is a Division 2B State award (see item 3) or a Division 2B Sta..."
[parser-unknown-class] "Subitem", text="(2) Subject to subitem (3), a State award is an instrument in relation to which the following con..."
[parser-unknown-class] "Subitem", text="(3) The regulations may provide that an instrument of a specified kind:"
[parser-unknown-class] "Subitem", text="(4) Subject to subitem (5), a State employment agreement is:"
[parser-unknown-class] "Subitem", text="(5) The regulations may provide that an instrument of a specified kind:"
[parser-unknown-class] "Subitem", text="(6) A State employment agreement is a collective State employment agreement unless:"
[parser-unknown-class] "Subitem", text="(7) A State employment agreement referred to in paragraph (6)(a) or (b) is an individual State em..."
[parser-unknown-class] "ItemHead", text="3  Division 2B State awards"
[parser-unknown-class] "Subitem", text="(1) If, immediately before the Division 2B referral commencement:"
[parser-unknown-class] "Subitem", text="(2) Subject to this Schedule, the Division 2B State award is taken to include the same terms as w..."
[parser-unknown-class] "Subitem", text="(3) If the terms of the source award were affected by an order, decision or determination of a St..."
[parser-unknown-class] "ItemHead", text="4  The employees, employers etc. who are covered by a Division 2B State award and to whom it applies"
[parser-unknown-class] "SubitemHead", text="Meaning of covers"
[parser-unknown-class] "Subitem", text="(1) A Division 2B State award covers the same employees, employers, outworker entities and any ot..."
[parser-unknown-class] "Subitem", text="(2) The Division 2B State award also covers any employees who become employed by an employer on o..."
[parser-unknown-class] "Subitem", text="(3) However, the Division 2B State award does not cover:"
[parser-unknown-class] "Subitem", text="(4) If:"
[parser-unknown-class] "SubitemHead", text="Meaning of applies"
[parser-unknown-class] "Subitem", text="(5) A Division 2B State award applies to the same employees, employers, outworker entities and an..."
[parser-unknown-class] "Subitem", text="(6) However, a Division 2B State award does not apply to an employee (or to an employer, or an em..."
[parser-unknown-class] "SubitemHead", text="Item has effect subject to other provisions"
[parser-unknown-class] "Subitem", text="(7) This item has effect subject to:"
[parser-unknown-class] "SubitemHead", text="References to laws of States"
[parser-unknown-class] "Subitem", text="(8) References in this item to the law of a State are references to the law of the State as in fo..."
[parser-unknown-class] "ItemHead", text="5  Division 2B State employment agreements"
[parser-unknown-class] "SubitemHead", text="State employment agreements that were in operation immediately before the Division 2B referral co..."
[parser-unknown-class] "Subitem", text="(1) If, immediately before the Division 2B referral commencement:"
[parser-unknown-class] "Subitem", text="(2) Subject to this Schedule, the Division 2B State employment agreement is taken to include the ..."
[parser-unknown-class] "SubitemHead", text="State employment agreements that come into operation on or after the Division 2B referral commenc..."
[parser-unknown-class] "Subitem", text="(3) If, on or after the Division 2B referral commencement:"
[parser-unknown-class] "Subitem", text="(4) Subject to this Schedule, the Division 2B State employment agreement is taken to include the ..."
[parser-unknown-class] "SubitemHead", text="Collective and individual Division 2B State employment agreements"
[parser-unknown-class] "Subitem", text="(5) If the source agreement in relation to a Division 2B State employment agreement is a collecti..."
[parser-unknown-class] "Subitem", text="(6) If the source agreement in relation to a Division 2B State employment agreement is an individ..."
[parser-unknown-class] "ItemHead", text="6  The employees, employers etc. who are covered by a Division 2B State employment agreement and ..."
[parser-unknown-class] "SubitemHead", text="Meaning of covers"
[parser-unknown-class] "Subitem", text="(1) A Division 2B State employment agreement covers the same employees, employers and any other p..."
[parser-unknown-class] "Subitem", text="(2) The Division 2B State employment agreement also covers any employees who become employed by a..."
[parser-unknown-class] "Subitem", text="(3) However, the Division 2B State employment agreement does not cover:"
[parser-unknown-class] "SubitemHead", text="Meaning of applies"
[parser-unknown-class] "Subitem", text="(4) A Division 2B State employment agreement applies to the same employees, employers and any oth..."
[parser-unknown-class] "SubitemHead", text="Item has effect subject to other provisions"
[parser-unknown-class] "Subitem", text="(5) This item has effect subject to:"
[parser-unknown-class] "SubitemHead", text="References to laws of States"
[parser-unknown-class] "Subitem", text="(6) References in this item to the law of a State are references to the law of the State as in fo..."
[parser-unknown-class] "ItemHead", text="7  Terms about disputes relating to matters arising under Division 2B State awards"
[parser-unknown-class] "Subitem", text="(1) If the source award for a Division 2B State award includes a term that provides for disputes ..."
[parser-unknown-class] "Subitem", text="(2) Each Division 2B State award is taken to include the model term that is prescribed by the reg..."
[parser-unknown-class] "Subitem", text="(3) The model term does not apply to disputes about matters arising under the source award before..."
[parser-unknown-class] "Subitem", text="(4) The model term, as taken to be included in a Division 2B State award:"
[parser-unknown-class] "ItemHead", text="8  Terms about disputes relating to matters arising under Division 2B State employment agreements"
[parser-unknown-class] "Subitem", text="(1) This item applies if the source agreement for a Division 2B State employment agreement includ..."
[parser-unknown-class] "Subitem", text="(2) Item 13 of this Schedule does not apply in relation to the term."
[parser-unknown-class] "Subitem", text="(2A) However, if the term provides for disputes relating to matters arising under the source agre..."
[parser-unknown-class] "Subitem", text="(3) The FWC must, on application in accordance with subitem (4), vary the term in accordance with..."
[parser-unknown-class] "Subitem", text="(4) For the purpose of subitem (3), an application must be made:"
[parser-unknown-class] "ItemHead", text="9  Application to Division 2B State instruments of provisions of FW Act about dealing with disputes"
[parser-unknown-class] "Subitem", text="(1) Subdivision B of Division 2 of Part 6‑2 of the FW Act applies (including for the purpose of s..."
[parser-unknown-class] "Subitem", text="(2) The reference in subsections 739(5) and 740(4) of the FW Act to a decision that is inconsiste..."
[parser-unknown-class] "ItemHead", text="10  Division 2B State instruments continue to be subject to the same instrument content rules"
[parser-unknown-class] "Subitem", text="(1) The instrument content rules (as in force immediately before the Division 2B referral commenc..."
[parser-unknown-class] "Subitem", text="(2) Instrument content rules, in relation to a State, are provisions of a law of the State of any..."
[parser-unknown-class] "ItemHead", text="11  Division 2B State instruments continue to be subject to the same instrument interaction rules"
[parser-unknown-class] "Subitem", text="(1) The instrument interaction rules (as in force immediately before the Division 2B referral com..."
[parser-unknown-class] "Subitem", text="(2) Instrument interaction rules, in relation to a State, are provisions of a law of the State, t..."
[parser-unknown-class] "ItemHead", text="12  Division 2B State awards continue to be subject to the same outworker interaction rules"
[parser-unknown-class] "Subitem", text="(1) The outworker interaction rules (as in force immediately before the Division 2B referral comm..."
[parser-unknown-class] "Subitem", text="(2) Outworker interaction rules, in relation to a State, are provisions of a law of the State, th..."
[parser-unknown-class] "ItemHead", text="13  References in Division 2B State instruments to State industrial bodies"
[parser-unknown-class] "Subitem", text="(1) Subject to subitem (2), if a term of a Division 2B State instrument is expressed to confer a ..."
[parser-unknown-class] "Subitem", text="(2) If a term of a Division 2B State instrument is expressed to confer a power or function on the..."
[parser-unknown-class] "Subitem", text="(3) This item has effect subject to:"
[parser-unknown-class] "ItemHead", text="14  Non‑accruing entitlements: counting service under the source award or source agreement"
[parser-unknown-class] "SubitemHead", text="General rule"
[parser-unknown-class] "Subitem", text="(1) Subitem (2) applies for the purpose of determining the entitlements of a Division 2B State re..."
[parser-unknown-class] "Subitem", text="(2) Service of the employee with an employer before the Division 2B referral commencement that co..."
[parser-unknown-class] "SubitemHead", text="No double entitlement"
[parser-unknown-class] "Subitem", text="(3) If, before the Division 2B referral commencement, the employee has already had the benefit of..."
[parser-unknown-class] "Subitem", text="(4) To avoid doubt, subitem (3) does not require an employee to serve any initial qualifying peri..."
[parser-unknown-class] "ItemHead", text="15  Accruing entitlements: leave accrued immediately before the Division 2B referral commencement"
[parser-unknown-class] "Subitem", text="(1) This item applies to leave of the following kinds:"
[parser-unknown-class] "Subitem", text="(2) If a Division 2B referral employee to whom a Division 2B State instrument applies had, immedi..."
[parser-unknown-class] "ItemHead", text="16  Leave that is being, or is to be, taken under the source award or source agreement"
[parser-unknown-class] "Subitem", text="(1) If a Division 2B State reference employee was, immediately before the Division 2B referral co..."
[parser-unknown-class] "Subitem", text="(2) If a Division 2B State reference employee has, before the Division 2B referral commencement, ..."
[parser-unknown-class] "Subitem", text="(3) The regulations may deal with other matters relating to how a Division 2B State instrument ap..."
[parser-unknown-class] "ItemHead", text="17  No loss of accrued rights or liabilities when Division 2B State instrument terminates or ceas..."
[parser-unknown-class] "Subitem", text="(1) If a Division 2B State instrument terminates, or ceases to apply in relation to a person, tha..."
[parser-unknown-class] "Subitem", text="(2) Any such investigation, legal proceeding or remedy may be instituted, continued or enforced a..."
[parser-unknown-class] "Subitem", text="(3) This item has effect subject to a contrary intention in this Act or in the FW Act."
[parser-unknown-class] "ActHead7", text="Part 3—Variation and termination of Division 2B State instruments"
[parser-unknown-class] "ItemHead", text="18  Division 2B State instruments can only be varied or terminated in limited circumstances"
[parser-unknown-class] "Subitem", text="(1) A Division 2B State instrument cannot be varied except under:"
[parser-unknown-class] "Subitem", text="(2) A Division 2B State instrument cannot be terminated (or otherwise brought to an end) except u..."
[parser-unknown-class] "ItemHead", text="19  Variation to remove ambiguities etc."
[parser-unknown-class] "Subitem", text="(1) On application by a person covered by a Division 2B State instrument, the FWC may make a dete..."
[parser-unknown-class] "Subitem", text="(2) A variation of a Division 2B State instrument operates from the day specified in the determin..."
[parser-unknown-class] "ItemHead", text="20  Variation on referral by Australian Human Rights Commission"
[parser-unknown-class] "Subitem", text="(1) This item applies if a Division 2B State instrument is referred to the FWC under section 46PW..."
[parser-unknown-class] "Subitem", text="(2) If the instrument is a Division 2B State award, section 161 of the FW Act applies in relation..."
[parser-unknown-class] "Subitem", text="(3) If the instrument is a Division 2B State employment agreement, section 218 of the FW Act appl..."
[parser-unknown-class] "ItemHead", text="21  Division 2B State awards: automatic termination after 12 months"
[parser-unknown-class] "Subitem", text="(1) A Division 2B State award terminates at the end of 12 months after the Division 2B referral c..."
[parser-unknown-class] "Subitem", text="(2) A term of a Division 2B State award that provides for the award to terminate before the end o..."
[parser-unknown-class] "Subitem", text="(3) This item does not apply to a Division 2B enterprise award."
[parser-unknown-class] "ItemHead", text="22  Collective Division 2B State employment agreements: termination by agreement"
[parser-unknown-class] "ItemHead", text="23  Collective Division 2B State employment agreements: termination by the FWC"
[parser-unknown-class] "Subitem", text="(1) Subdivision D of Division 7 of Part 2‑4 of the FW Act (which deals with termination of enterp..."
[parser-unknown-class] "Subitem", text="(2) To avoid doubt, subsection 615A(3) of the FW Act does not apply in relation to a collective D..."
[parser-unknown-class] "ItemHead", text="24  Individual Division 2B State employment agreements: termination by agreement"
[parser-unknown-class] "Subitem", text="(1) The employee and employer covered by an individual Division 2B State employment agreement (th..."
[parser-unknown-class] "Subitem", text="(2) The termination has no effect unless it has been approved by the FWC."
[parser-unknown-class] "Subitem", text="(3) The employer or employee may apply to the FWC for approval of the termination agreement. The ..."
[parser-unknown-class] "Subitem", text="(4) If an application for the FWC to approve the termination agreement is made under subitem (3),..."
[parser-unknown-class] "Subitem", text="(5) If the termination is approved under subitem (4), the termination operates from the day speci..."
[parser-unknown-class] "ItemHead", text="25  Individual Division 2B State employment agreements: termination conditional on enterprise agr..."
[parser-unknown-class] "Subitem", text="(1) This item provides for the making of an instrument (a conditional termination) that will have..."
[parser-unknown-class] "Subitem", text="(2) If the Division 2B agreement has not passed its nominal expiry date, the conditional terminat..."
[parser-unknown-class] "Subitem", text="(3) If the Division 2B agreement has passed its nominal expiry date, the conditional termination ..."
[parser-unknown-class] "Subitem", text="(4) If the conditional termination is signed by the employee, and the employee is under 18, it mu..."
[parser-unknown-class] "Subitem", text="(5) Any other requirements of the regulations relating to the form, content or making of the cond..."
[parser-unknown-class] "Subitem", text="(6) The employer must give the employee a copy of the conditional termination if:"
[parser-unknown-class] "Subitem", text="(7) The conditional termination must accompany any application to the FWC for approval of the pro..."
[parser-unknown-class] "Subitem", text="(8) If the requirements of subitems (2) to (5) have been complied with in relation to the conditi..."
[parser-unknown-class] "ItemHead", text="26  Individual Division 2B State employment agreements: unilateral termination with the FWC’s app..."
[parser-unknown-class] "Subitem", text="(1) This item applies to an employer or employee:"
[parser-unknown-class] "Subitem", text="(2) The employer or employee may:"
[parser-unknown-class] "Subitem", text="(3) The employer or employee cannot make an application as mentioned in paragraph (2)(b) unless, ..."
[parser-unknown-class] "Subitem", text="(4) The FWC must approve the termination if the FWC is satisfied that:"
[parser-unknown-class] "Subitem", text="(5) If the FWC approves the termination, the Division 2B agreement terminates on the 90th day aft..."
[parser-unknown-class] "ItemHead", text="26A  Automatic sunsetting of all remaining Division 2B State employment agreements"
[parser-unknown-class] "SubitemHead", text="Automatic sunsetting"
[parser-unknown-class] "Subitem", text="(1) A Division 2B State employment agreement terminates at the end of the grace period for the ag..."
[parser-unknown-class] "Subitem", text="(2) The grace period for a Division 2B State employment agreement is:"
[parser-unknown-class] "SubitemHead", text="Employer to give notice to employees"
[parser-unknown-class] "Subitem", text="(3) An employer covered by a Division 2B State employment agreement must, before the end of 6 mon..."
[parser-unknown-class] "SubitemHead", text="Application to FWC for extension of default period"
[parser-unknown-class] "Subitem", text="(4) Any of the following may apply to the FWC, before the end of the grace period for a Division ..."
[parser-unknown-class] "Subitem", text="(5) An application under subitem (4) must be accompanied by:"
[parser-unknown-class] "SubitemHead", text="Extension of default period"
[parser-unknown-class] "Subitem", text="(6) If an application is made under subitem (4), the FWC must extend the default period for the D..."
[parser-unknown-class] "Subitem", text="(7) This subitem applies if:"
[parser-unknown-class] "Subitem", text="(8) This subitem applies if:"
[parser-unknown-class] "Subitem", text="(9) This subitem applies if:"
[parser-unknown-class] "Subitem", text="(10) For the purposes of subitems (8) and (9), the award covered employees for a collective Divis..."
[parser-unknown-class] "SubitemHead", text="Publication of decisions etc."
[parser-unknown-class] "Subitem", text="(10A) The FWC must publish the following, on its website or by any other means that the FWC consi..."
[parser-unknown-class] "Subitem", text="(10B) Paragraph (10A)(b) applies subject to any order made under section 594 of the FW Act."
[parser-unknown-class] "Subitem", text="(10C) The FWC must not publish an individual Division 2B State employment agreement in relation t..."
[parser-unknown-class] "SubitemHead", text="Pending applications"
[parser-unknown-class] "Subitem", text="(11) If:"
[parser-unknown-class] "ItemHead", text="27  Meaning of nominal expiry date of Division 2B State employment agreement"
[parser-unknown-class] "ItemHead", text="28  Effect of termination"
[parser-unknown-class] "ActHead7", text="Part 4—Transition of employees from Division 2B State awards to FW Act modern awards"
[parser-unknown-class] "ActHead8", text="Division 1—FWA required to consider varying modern awards etc."
[parser-unknown-class] "ItemHead", text="29  FWA to consider varying modern awards to continue effect of terms of Division 2B State awards"
[parser-unknown-class] "Subitem", text="(1) During the period of 12 months starting on the Division 2B referral commencement, FWA:"
[parser-unknown-class] "Subitem", text="(2) Terms may be included in a modern award in accordance with this item despite section 154 of t..."
[parser-unknown-class] "Subitem", text="(3) Terms included in a modern award in accordance with this item:"
[parser-unknown-class] "ItemHead", text="30  FWA to consider making orders to continue effect of long service leave terms of Division 2B S..."
[parser-unknown-class] "Subitem", text="(1) During the period of 12 months starting on the Division 2B referral commencement, FWA:"
[parser-unknown-class] "Subitem", text="(2) An order under subitem (1):"
[parser-unknown-class] "Subitem", text="(3) Paragraph 675(1)(a) of the FW Act has effect as if it also included a reference to an order u..."
[parser-unknown-class] "Subitem", text="(4) To the extent that a term of a Division 2B State award, or of an enterprise agreement, is det..."
[parser-unknown-class] "Subitem", text="(5) The regulations may make provisions that apply to determining, for the purpose of this item, ..."
[parser-unknown-class] "ActHead8", text="Division 1A—Transitional pay equity order taken to have been made by FWA—Division 2B State awards"
[parser-unknown-class] "ItemHead", text="30A  FWA taken to have made a transitional pay equity order to continue the effect of State pay e..."
[parser-unknown-class] "Subitem", text="(1) On the Division 2B referral commencement, FWA is taken to have made an order (the transitiona..."
[parser-unknown-class] "Subitem", text="(2) The transitional pay equity order applies to an employer if:"
[parser-unknown-class] "Subitem", text="(3) If the transitional pay equity order applies to an employer, the employer is required to pay ..."
[parser-unknown-class] "Subitem", text="(4) An employee of an employer to which this item applies is an affected employee of the employer..."
[parser-unknown-class] "Subitem", text="(5) The transitional pay equity order takes effect in relation to the employer immediately after ..."
[parser-unknown-class] "Subitem", text="(6) A term of a modern award is of no effect to the extent that:"
[parser-unknown-class] "Subitem", text="(7) However, to avoid doubt, a term of a modern award continues to have effect so far as it requi..."
[parser-unknown-class] "ActHead8", text="Division 2—Avoiding reductions in take‑home pay"
[parser-unknown-class] "ItemHead", text="31  Termination of Division 2B State awards is not intended to result in reduction in take‑home pay"
[parser-unknown-class] "Subitem", text="(1) The termination of a Division 2B State award by item 21 is not intended to result in a reduct..."
[parser-unknown-class] "Subitem", text="(2) An employee’s or outworker’s take‑home pay is the pay an employee or outworker actually recei..."
[parser-unknown-class] "Subitem", text="(3) An employee suffers a reduction in take‑home pay to which this item applies if, and only if:"
[parser-unknown-class] "Subitem", text="(4) An outworker who is not an employee suffers a reduction in take‑home pay to which this item a..."
[parser-unknown-class] "ItemHead", text="32  Orders remedying reductions in take‑home pay"
[parser-unknown-class] "SubitemHead", text="Employees"
[parser-unknown-class] "Subitem", text="(1) If the FWC is satisfied that an employee, or a class of employees, to whom a modern award app..."
[parser-unknown-class] "SubitemHead", text="Outworkers"
[parser-unknown-class] "Subitem", text="(2) If the FWC is satisfied that an outworker, or a class of outworkers, to whom outworker terms ..."
[parser-unknown-class] "SubitemHead", text="General provisions"
[parser-unknown-class] "Subitem", text="(3) The FWC may make a take‑home pay order only on application by:"
[parser-unknown-class] "Subitem", text="(4) If the FWC is satisfied that an application for a take‑home pay order has already been made i..."
[parser-unknown-class] "ItemHead", text="33  Ensuring that take‑home pay orders are confined to the circumstances for which they are needed"
[parser-unknown-class] "Subitem", text="(1) The FWC must not make a take‑home pay order under item 32 in relation to an employee or class..."
[parser-unknown-class] "Subitem", text="(2) The FWC must ensure that a take‑home pay order is expressed so that:"
[parser-unknown-class] "ItemHead", text="34  Take‑home pay order continues to have effect so long as modern award continues to cover the e..."
[parser-unknown-class] "ItemHead", text="35  Inconsistency with modern awards and enterprise agreements"
[parser-unknown-class] "ItemHead", text="36  Application of provisions of FW Act to take‑home pay orders"
[parser-unknown-class] "ActHead7", text="Part 5—Division 2B State instruments and the FW Act"
[parser-unknown-class] "ActHead8", text="Division 1—Interaction between Division 2B State instruments and the National Employment Standards"
[parser-unknown-class] "ItemHead", text="37  The no detriment rule"
[parser-unknown-class] "Subitem", text="(1) To the extent that a term of a Division 2B State instrument is detrimental to an employee, in..."
[parser-unknown-class] "Subitem", text="(2) If there is a dispute about the application of this item which must be resolved by the FWC in..."
[parser-unknown-class] "Subitem", text="(3) Subitem (1) does not affect a term of a Division 2B State instrument that is permitted by a p..."
[parser-unknown-class] "Subitem", text="(4) The regulations may make provisions that apply to determining, for the purpose of this item, ..."
[parser-unknown-class] "ItemHead", text="38  Provisions of the NES that allow instruments to contain particular kinds of terms"
[parser-unknown-class] "Subitem", text="(1) The following provisions of the National Employment Standards have effect, on and after the D..."
[parser-unknown-class] "Subitem", text="(2) If:"
[parser-unknown-class] "ItemHead", text="39  Shiftworker annual leave entitlement"
[parser-unknown-class] "ItemHead", text="40  Resolving difficulties about application of this Division"
[parser-unknown-class] "Subitem", text="(1) On application by a person covered by a Division 2B State instrument, the FWC may make a dete..."
[parser-unknown-class] "Subitem", text="(2) A variation of a Division 2B State instrument operates from the day specified in the determin..."
[parser-unknown-class] "ActHead8", text="Division 2—Interaction between Division 2B State instruments and FW Act modern awards, enterprise..."
[parser-unknown-class] "ItemHead", text="41  Modern awards and Division 2B State employment agreements"
[parser-unknown-class] "SubitemHead", text="Collective Division 2B State employment agreements"
[parser-unknown-class] "Subitem", text="(1) If a collective Division 2B State employment agreement and a modern award both apply to an em..."
[parser-unknown-class] "SubitemHead", text="Individual Division 2B State employment agreements"
[parser-unknown-class] "Subitem", text="(2) While an individual Division 2B State employment agreement applies to an employee, or to an e..."
[parser-unknown-class] "ItemHead", text="42  Terms of modern awards about outworker conditions continue to apply"
[parser-unknown-class] "Subitem", text="(1) This item applies if, at a particular time:"
[parser-unknown-class] "Subitem", text="(2) Despite item 41 and despite any terms of the Division 2B State employment agreement that are ..."
[parser-unknown-class] "Subitem", text="(3) To avoid doubt, to the extent to which terms of a modern award apply to an employee, an emplo..."
[parser-unknown-class] "ItemHead", text="43  Modern awards and Division 2B State awards"
[parser-unknown-class] "SubitemHead", text="Employees and employers"
[parser-unknown-class] "Subitem", text="(1) While a Division 2B State award that covers an employee, or an employer or other person in re..."
[parser-unknown-class] "SubitemHead", text="Outworker entities"
[parser-unknown-class] "Subitem", text="(2) While a Division 2B State award that contains outworker terms that cover an outworker entity ..."
[parser-unknown-class] "Subitem", text="(3) Outworker terms in a Division 2B State award are terms that would be outworker terms as defin..."
[parser-unknown-class] "ItemHead", text="44  FW Act enterprise agreements and workplace determinations, and Division 2B State employment a..."
[parser-unknown-class] "SubitemHead", text="Collective Division 2B State employment agreements"
[parser-unknown-class] "Subitem", text="(1) If an enterprise agreement or workplace determination (under the FW Act) starts to apply to a..."
[parser-unknown-class] "SubitemHead", text="Individual Division 2B State employment agreements"
[parser-unknown-class] "Subitem", text="(2) While an individual Division 2B State employment agreement applies to an employee, or to an e..."
[parser-unknown-class] "ItemHead", text="45  FW Act enterprise agreements and workplace determinations, and Division 2B State awards"
[parser-unknown-class] "ItemHead", text="46  Designated outworker terms of Division 2B State award continue to apply"
[parser-unknown-class] "Subitem", text="(1) This item applies if, at a particular time:"
[parser-unknown-class] "Subitem", text="(2) Despite item 45, the designated outworker terms of the Division 2B State award apply at that ..."
[parser-unknown-class] "Subitem", text="(3) To avoid doubt:"
[parser-unknown-class] "ActHead8", text="Division 3—Other general provisions about how the FW Act applies in relation to Division 2B State..."
[parser-unknown-class] "ItemHead", text="47  Employee not award/agreement free if Division 2B State instrument applies"
[parser-unknown-class] "Subitem", text="(1) An employee is not an award/agreement free employee for the purposes of the FW Act if a Divis..."
[parser-unknown-class] "Subitem", text="(2) The regulations may make provision in relation to any of the following in relation to employe..."
[parser-unknown-class] "ItemHead", text="48  Employee’s ordinary hours of work"
[parser-unknown-class] "SubitemHead", text="Item applies for purpose of determining employee’s ordinary hours of work for the FW Act"
[parser-unknown-class] "Subitem", text="(1) For the purposes of the FW Act, the ordinary hours of work of an employee to whom a Division ..."
[parser-unknown-class] "SubitemHead", text="Ordinary hours as specified in Division 2B State instrument"
[parser-unknown-class] "Subitem", text="(2) If a Division 2B State instrument that applies to the employee specifies, or provides for the..."
[parser-unknown-class] "SubitemHead", text="If subitem (2) does not apply and there is agreement"
[parser-unknown-class] "Subitem", text="(3) If subitem (2) does not apply, the employee’s ordinary hours of work are the hours agreed by ..."
[parser-unknown-class] "SubitemHead", text="If subitem (2) does not apply and there is no agreement"
[parser-unknown-class] "Subitem", text="(4) If subitem (2) does not apply but there is no agreement under subitem (3), the ordinary hours..."
[parser-unknown-class] "SubitemHead", text="If subitem (2) does not apply: agreed hours are less than usual weekly hours"
[parser-unknown-class] "Subitem", text="(5) If:"
[parser-unknown-class] "SubitemHead", text="Regulations may prescribe usual weekly hours"
[parser-unknown-class] "Subitem", text="(6) For an employee who is not a full‑time employee and who does not have usual weekly hours of w..."
[parser-unknown-class] "ItemHead", text="49  Payment of wages"
[parser-unknown-class] "ItemHead", text="50  Guarantee of annual earnings"
[parser-unknown-class] "ItemHead", text="51  Application of unfair dismissal provisions"
[parser-unknown-class] "ItemHead", text="52  Regulations may deal with other matters"
[parser-unknown-class] "ActHead7", text="Part 6—Ongoing operation of State laws for transitional purposes"
[parser-unknown-class] "ItemHead", text="53  Definitions"
[parser-unknown-class] "Subitem", text="(1) Subject to subitem (2), in this Part:"
[parser-unknown-class] "Subitem", text="(2) The regulations may provide that a certain proceeding:"
[parser-unknown-class] "ItemHead", text="54  Part does not affect variations or terminations related to a proposed transfer of business"
[parser-unknown-class] "ItemHead", text="55  Commencement or completion of award appeals"
[parser-unknown-class] "Subitem", text="(1) Section 26 of the FW Act does not apply to a law of a Division 2B referring State so far as t..."
[parser-unknown-class] "Subitem", text="(2) Subitem (1):"
[parser-unknown-class] "ItemHead", text="56  Completion of agreement proceedings"
[parser-unknown-class] "Subitem", text="(1) Section 26 of the FW Act does not apply to a law of a Division 2B referring State so far as t..."
[parser-unknown-class] "Subitem", text="(2) Subitem (1) ceases to apply to an agreement proceeding if the proceeding has not been complet..."
[parser-unknown-class] "ItemHead", text="57  Agreement appeals"
[parser-unknown-class] "Subitem", text="(1) Section 26 of the FW Act does not apply to a law of a Division 2B referring State so far as t..."
[parser-unknown-class] "Subitem", text="(2) Subitem (1):"
[parser-unknown-class] "ItemHead", text="58  Decisions made in award appeals, agreement proceedings and agreement appeals"
[parser-unknown-class] "Subitem", text="(1) Section 26 of the FW Act does not apply to a law of a Division 2B referring State so far as t..."
[parser-unknown-class] "Subitem", text="(2) Subject to subitems (3) and (4), if a State decision affects the source award or source agree..."
[parser-unknown-class] "Subitem", text="(3) Subitem (2) does not apply to a State decision that affects the coverage terms of the source ..."
[parser-unknown-class] "Subitem", text="(4) Any resulting alteration of an entitlement under the Division 2B State instrument takes effec..."
[parser-unknown-class] "ItemHead", text="59  Agreements etc. that had not come into operation by the Division 2B referral commencement"
[parser-unknown-class] "Subitem", text="(1) Section 26 of the FW Act does not apply to a law of a Division 2B referring State so far as t..."
[parser-unknown-class] "Subitem", text="(2) Subject to subitem (3), if, at a time when a Division 2B State employment agreement is in ope..."
[parser-unknown-class] "Subitem", text="(3) Subitem (2) does not apply to a variation that affects the coverage terms of the source agree..."
[parser-unknown-class] "ItemHead", text="60  Proceedings relating to entitlements or obligations that arose before the Division 2B referra..."
[parser-unknown-class] "Subitem", text="(1) Section 26 of the FW Act does not apply to a law of a Division 2B referring State so far as t..."
[parser-unknown-class] "Subitem", text="(2) Subitem (1) does not apply to entitlements or obligations relating to any of the following:"
[parser-unknown-class] "Subitem", text="(3) Section 26 of the FW Act does not apply to a law of a Division 2B referring State so far as t..."
[parser-unknown-class] "Subitem", text="(4) Section 26 of the FW Act does not apply to a law of a Division 2B referring State so far as t..."
[parser-unknown-class] "ItemHead", text="61  Continuation of orders and injunctions of State industrial bodies or courts"
[parser-unknown-class] "ActHead6", text="Schedule 4—National Employment Standards"
[parser-unknown-class] "ActHead7", text="Part 1—Preliminary"
[parser-unknown-class] "ItemHead", text="1  Meanings of employee and employer"
[parser-unknown-class] "ActHead7", text="Part 2—Continued application of WR Act minimum entitlements provisions (other than wages) during ..."
[parser-unknown-class] "ItemHead", text="2  Continued application of the Australian Fair Pay and Conditions Standard leave and work hours ..."
[parser-unknown-class] "ItemHead", text="3  Continued application of entitlements to meal breaks, public holidays and parental leave"
[parser-unknown-class] "ItemHead", text="4  Continued application of notice of termination provisions"
[parser-unknown-class] "ItemHead", text="4A  References to workplace agreements include references to enterprise agreements"
[parser-unknown-class] "Subitem", text="(1) The provisions of the WR Act that continue to apply because of this Part have effect as if a ..."
[parser-unknown-class] "Subitem", text="(2) Subitem (1) has effect unless the context otherwise requires and subject to the regulations."
[parser-unknown-class] "ActHead7", text="Part 3—Operation of the National Employment Standards"
[parser-unknown-class] "ActHead8", text="Division 1—Operation in relation to employees other than Division 2B State reference employees"
[parser-unknown-class] "ItemHead", text="5A  Application of this Division"
[parser-unknown-class] "ItemHead", text="5  Non‑accruing entitlements: counting service before the FW (safety net provisions) commencement..."
[parser-unknown-class] "SubitemHead", text="General rule"
[parser-unknown-class] "Subitem", text="(1) An employee’s service with an employer before the FW (safety net provisions) commencement day..."
[parser-unknown-class] "SubitemHead", text="No double entitlement"
[parser-unknown-class] "Subitem", text="(2) If, before the FW (safety net provisions) commencement day, the employee has already had the ..."
[parser-unknown-class] "Subitem", text="(3) To avoid doubt, subitem (2) does not require an employee to serve any initial qualifying peri..."
[parser-unknown-class] "SubitemHead", text="Limitation on application of general rule to redundancy pay"
[parser-unknown-class] "Subitem", text="(4) Subitem (1) does not apply in relation to an employee and an employer for the purposes of Sub..."
[parser-unknown-class] "ItemHead", text="6  Accruing entitlements: leave accrued immediately before the FW (safety net provisions) commenc..."
[parser-unknown-class] "Subitem", text="(1) This item applies if, immediately before the FW (safety net provisions) commencement day, an ..."
[parser-unknown-class] "Subitem", text="(2) The provisions of the National Employment Standards relating to taking that kind of leave (in..."
[parser-unknown-class] "ItemHead", text="7  Leave that, immediately before the FW (safety net provisions) commencement day, is being, or i..."
[parser-unknown-class] "Subitem", text="(1) If:"
[parser-unknown-class] "Subitem", text="(2) If an employee, or his or her spouse or de facto partner (if the spouse or de facto partner i..."
[parser-unknown-class] "Subitem", text="(3) If, before the FW (safety net provisions) commencement day:"
[parser-unknown-class] "Subitem", text="(4) If an employee is taken, by subitem (3), to have taken a step, in relation to leave, under th..."
[parser-unknown-class] "Subitem", text="(5) The regulations may deal with other matters relating to how the National Employment Standards..."
[parser-unknown-class] "ItemHead", text="8  Community service leave"
[parser-unknown-class] "Subitem", text="(1) An employee may, on or after the FW (safety net provisions) commencement day, be absent from ..."
[parser-unknown-class] "Subitem", text="(2) If an employee is absent from his or her employment in accordance with subitem (1), subsectio..."
[parser-unknown-class] "ItemHead", text="9  Notice of termination"
[parser-unknown-class] "Subitem", text="(1) Subdivision A of Division 11 of the National Employment Standards applies only to termination..."
[parser-unknown-class] "Subitem", text="(2) However, that Subdivision does not apply to a termination if notice of the termination was gi..."
[parser-unknown-class] "ItemHead", text="10  Redundancy pay"
[parser-unknown-class] "ItemHead", text="11  References to transfers of employment"
[parser-unknown-class] "ItemHead", text="12  Recognised emergency management bodies"
[parser-unknown-class] "ItemHead", text="13  Fair Work Information Statement"
[parser-unknown-class] "ItemHead", text="14  Regulations"
[parser-unknown-class] "ActHead8", text="Division 2—Operation in relation to Division 2B State reference employees"
[parser-unknown-class] "ItemHead", text="15  Application of this Division"
[parser-unknown-class] "ItemHead", text="16  Non‑accruing entitlements: counting service before the Division 2B referral commencement"
[parser-unknown-class] "SubitemHead", text="General rule"
[parser-unknown-class] "Subitem", text="(1) An employee’s service with an employer before the Division 2B referral commencement counts as..."
[parser-unknown-class] "SubitemHead", text="No double entitlement"
[parser-unknown-class] "Subitem", text="(2) If, before the Division 2B referral commencement, the employee has already had the benefit of..."
[parser-unknown-class] "Subitem", text="(3) To avoid doubt, subitem (2) does not require an employee to serve any initial qualifying peri..."
[parser-unknown-class] "SubitemHead", text="Limitation on application of general rule to redundancy pay"
[parser-unknown-class] "Subitem", text="(4) Subitem (1) does not apply in relation to an employee and an employer for the purposes of Sub..."
[parser-unknown-class] "Subitem", text="(5) If, had an employee’s employment been terminated for redundancy (however described) before th..."
[parser-unknown-class] "ItemHead", text="17  Accruing entitlements: leave accrued immediately before the Division 2B referral commencement"
[parser-unknown-class] "Subitem", text="(1) This item applies if an employee had, immediately before the Division 2B referral commencemen..."
[parser-unknown-class] "Subitem", text="(2) The provisions of the National Employment Standards relating to taking that kind of leave (in..."
[parser-unknown-class] "ItemHead", text="18  Leave that, immediately before the Division 2B referral commencement, is being, or is to be, ..."
[parser-unknown-class] "Subitem", text="(1) If:"
[parser-unknown-class] "Subitem", text="(2) If an employee, or his or her spouse or de facto partner (if the spouse or de facto partner i..."
[parser-unknown-class] "Subitem", text="(3) If, before the Division 2B referral commencement:"
[parser-unknown-class] "Subitem", text="(4) If an employee is taken, by subitem (3), to have taken a step, in relation to leave, under th..."
[parser-unknown-class] "Subitem", text="(5) The regulations may deal with other matters relating to how the National Employment Standards..."
[parser-unknown-class] "ItemHead", text="19  Notice of termination"
[parser-unknown-class] "Subitem", text="(1) Subdivision A of Division 11 of the National Employment Standards applies only to termination..."
[parser-unknown-class] "Subitem", text="(2) However, that Subdivision does not apply to a termination if notice of the termination was gi..."
[parser-unknown-class] "ItemHead", text="20  Redundancy pay"
[parser-unknown-class] "ItemHead", text="21  Fair Work Information Statement"
[parser-unknown-class] "ItemHead", text="22  Regulations"
[parser-unknown-class] "ActHead6", text="Schedule 5—Modern awards (other than modern enterprise awards and State reference public sector m..."
[parser-unknown-class] "ActHead7", text="Part 1—Preliminary"
[parser-unknown-class] "ItemHead", text="1  Meanings of employee and employer"
[parser-unknown-class] "ActHead7", text="Part 2—The WR Act award modernisation process"
[parser-unknown-class] "ItemHead", text="2  AIRC to continue and complete the award modernisation process"
[parser-unknown-class] "Subitem", text="(1) The Australian Industrial Relations Commission is to continue and complete the award modernis..."
[parser-unknown-class] "Subitem", text="(2) For that purpose, Part 10A of the WR Act continues to apply on and after the WR Act repeal da..."
[parser-unknown-class] "Subitem", text="(3) Without limiting subitem (2), the request under section 576C of the WR Act continues to apply..."
[parser-unknown-class] "Subitem", text="(3A) Part 10A of the WR Act applies as if:"
[parser-unknown-class] "Subitem", text="(4) The Australian Industrial Relations Commission’s power under section 576H of the WR Act to va..."
[parser-unknown-class] "Subitem", text="(5) In continuing and completing the Part 10A award modernisation process, the Australian Industr..."
[parser-unknown-class] "ItemHead", text="3  Variation and termination of certain transitional instruments etc. to take account of Part 10A..."
[parser-unknown-class] "Subitem", text="(1) The FWC must, as soon as practicable after a modern award (other than the miscellaneous moder..."
[parser-unknown-class] "Subitem", text="(2) As soon as practicable after all modern awards made in the Part 10A modernisation process hav..."
[parser-unknown-class] "Subitem", text="(3) However, the FWC must not, under this item:"
[parser-unknown-class] "Subitem", text="(4) The FWC may establish a process for making decisions under this item to terminate or vary one..."
[parser-unknown-class] "Subitem", text="(5) The FWC may advise persons or bodies about that process in any way the FWC considers appropri..."
[parser-unknown-class] "Subitem", text="(6) Section 625 of the FW Act (which deals with delegation by the President of functions and powe..."
[parser-unknown-class] "ItemHead", text="4  How the FW Act applies to modern awards made in the Part 10A award modernisation process"
[parser-unknown-class] "Subitem", text="(1) A modern award made in the Part 10A award modernisation process is, for the purposes of the F..."
[parser-unknown-class] "Subitem", text="(2) Section 49 of the FW Act does not apply for the purpose of determining when the modern award ..."
[parser-unknown-class] "Subitem", text="(3) The regulations may deal with other matters relating to how the FW Act applies in relation to..."
[parser-unknown-class] "ItemHead", text="5  Variations to deal with minor problems attributable to award modernisation starting before ena..."
[parser-unknown-class] "Subitem", text="(1) If the FWC considers that there is a minor or technical problem with a modern award that is a..."
[parser-unknown-class] "Subitem", text="(2) The FWC may make the determination:"
[parser-unknown-class] "ItemHead", text="6  Review of all modern awards (other than modern enterprise awards and State reference public se..."
[parser-unknown-class] "Subitem", text="(1) As soon as practicable after the second anniversary of the FW (safety net provisions) commenc..."
[parser-unknown-class] "Subitem", text="(2) In the review, the FWC must consider whether the modern awards:"
[parser-unknown-class] "Subitem", text="(2A) The review must be such that each modern award is reviewed in its own right. However, this d..."
[parser-unknown-class] "Subitem", text="(3) The FWC may make a determination varying any of the modern awards in any way that the FWC con..."
[parser-unknown-class] "Subitem", text="(4) The modern awards objective applies to the FWC making a variation under this item, and the mi..."
[parser-unknown-class] "Subitem", text="(5) The FWC may advise persons or bodies about the review in any way the FWC considers appropriate."
[parser-unknown-class] "Subitem", text="(6) Section 625 of the FW Act (which deals with delegation by the President of functions and powe..."
[parser-unknown-class] "ItemHead", text="7  Review of transitional arrangements included in modern awards"
[parser-unknown-class] "Subitem", text="(1) If:"
[parser-unknown-class] "Subitem", text="(2) The review terms are taken to be terms that are permitted to be included in the modern award ..."
[parser-unknown-class] "ActHead7", text="Part 3—Avoiding reductions in take‑home pay"
[parser-unknown-class] "ItemHead", text="8  Part 10A award modernisation process is not intended to result in reduction in take‑home pay"
[parser-unknown-class] "Subitem", text="(1) The Part 10A award modernisation process is not intended to result in a reduction in the take..."
[parser-unknown-class] "Subitem", text="(2) An employee’s or outworker’s take‑home pay is the pay an employee or outworker actually recei..."
[parser-unknown-class] "Subitem", text="(3) An employee suffers a modernisation‑related reduction in take‑home pay if, and only if:"
[parser-unknown-class] "Subitem", text="(4) An outworker who is not an employee suffers a modernisation‑related reduction in take‑home pa..."
[parser-unknown-class] "ItemHead", text="9  Orders remedying reductions in take‑home pay"
[parser-unknown-class] "SubitemHead", text="Employees"
[parser-unknown-class] "Subitem", text="(1) If the FWC is satisfied that an employee, or a class of employees, to whom a modern award app..."
[parser-unknown-class] "SubitemHead", text="Outworkers"
[parser-unknown-class] "Subitem", text="(2) If the FWC is satisfied that an outworker, or a class of outworkers, to whom outworker terms ..."
[parser-unknown-class] "SubitemHead", text="General provisions"
[parser-unknown-class] "Subitem", text="(3) The FWC may make a take‑home pay order only on application by:"
[parser-unknown-class] "Subitem", text="(4) If the FWC is satisfied that an application for a take‑home pay order has already been made i..."
[parser-unknown-class] "ItemHead", text="10  Ensuring that take‑home pay orders are confined to the circumstances for which they are needed"
[parser-unknown-class] "Subitem", text="(1) The FWC must not make a take‑home pay order in relation to an employee or class of employees,..."
[parser-unknown-class] "Subitem", text="(2) The FWC must ensure that a take‑home pay order is expressed so that:"
[parser-unknown-class] "ItemHead", text="11  Take‑home pay order continues to have effect so long as modern award continues to cover the e..."
[parser-unknown-class] "ItemHead", text="12  Inconsistency with modern awards and enterprise agreements"
[parser-unknown-class] "ItemHead", text="13  Application of provisions of FW Act to take‑home pay orders"
[parser-unknown-class] "ActHead6", text="Schedule 6—Modern enterprise awards"
[parser-unknown-class] "ActHead7", text="Part 1—Preliminary"
[parser-unknown-class] "ItemHead", text="1  Meanings of employee and employer"
[parser-unknown-class] "ActHead7", text="Part 2—The enterprise instrument modernisation process"
[parser-unknown-class] "ActHead8", text="Division 1—Enterprise instruments"
[parser-unknown-class] "ItemHead", text="2  Enterprise instruments"
[parser-unknown-class] "Subitem", text="(1) Each of the following is an enterprise instrument:"
[parser-unknown-class] "Subitem", text="(2) An enterprise award‑based instrument is an award‑based transitional instrument, other than a ..."
[parser-unknown-class] "Subitem", text="(2A) This subitem applies to an award‑based transitional instrument that is an award or a State r..."
[parser-unknown-class] "Subitem", text="(2B) This subitem applies to an award‑based transitional instrument that is a notional agreement ..."
[parser-unknown-class] "Subitem", text="(3) An enterprise preserved collective State agreement is a transitional instrument that is a pre..."
[parser-unknown-class] "Subitem", text="(4) A Division 2B enterprise award is a Division 2B State award that covers:"
[parser-unknown-class] "ItemHead", text="3  Meaning of single enterprise and part of a single enterprise"
[parser-unknown-class] "Subitem", text="(1) A single enterprise is:"
[parser-unknown-class] "Subitem", text="(2) For the purposes of subitem (1), if 2 or more employers carry on a business, project or under..."
[parser-unknown-class] "Subitem", text="(3) For the purposes of subitem (1), if 2 or more related bodies corporate each carry on a single..."
[parser-unknown-class] "Subitem", text="(4) A part of a single enterprise includes, for example:"
[parser-unknown-class] "ActHead8", text="Division 2—The enterprise instrument modernisation process"
[parser-unknown-class] "ItemHead", text="4  The enterprise instrument modernisation process"
[parser-unknown-class] "Subitem", text="(1) The enterprise instrument modernisation process is the process of making modern awards under ..."
[parser-unknown-class] "Subitem", text="(2) On application, the FWC may make a modern award (a modern enterprise award) to replace an ent..."
[parser-unknown-class] "Subitem", text="(3) The application may be made only:"
[parser-unknown-class] "Subitem", text="(4) A modern enterprise award must be made by a Full Bench."
[parser-unknown-class] "Subitem", text="(5) In deciding whether or not to make a modern enterprise award, and in determining the content ..."
[parser-unknown-class] "Subitem", text="(5A) If the FWC makes a modern enterprise award before the FW (safety net provisions) commencemen..."
[parser-unknown-class] "Subitem", text="(6) The regulations may deal with other matters relating to the enterprise instrument modernisati..."
[parser-unknown-class] "ItemHead", text="5  Enterprise instruments: termination by the FWC"
[parser-unknown-class] "Subitem", text="(1) A person covered by an enterprise instrument may apply to the FWC for the FWC to terminate th..."
[parser-unknown-class] "Subitem", text="(2) The application may be made only during the period starting on the WR Act repeal day and endi..."
[parser-unknown-class] "Subitem", text="(3) If an application for the FWC to terminate the enterprise instrument is made under subitem (1..."
[parser-unknown-class] "Subitem", text="(4) In making a decision under subitem (3), the FWC must take into account the following:"
[parser-unknown-class] "Subitem", text="(5) If the FWC terminates the enterprise instrument, the termination operates from the day specif..."
[parser-unknown-class] "ItemHead", text="6  The modern enterprise awards objective"
[parser-unknown-class] "Subitem", text="(1) The modern awards objective and the minimum wages objective apply to the FWC making a modern ..."
[parser-unknown-class] "Subitem", text="(2) However, in applying the modern awards objective and the minimum wages objective, the FWC mus..."
[parser-unknown-class] "ItemHead", text="7  Terms of modern enterprise awards"
[parser-unknown-class] "Subitem", text="(1) Subject to this item and item 8, Division 3 of Part 2‑3 of the FW Act (which deals with terms..."
[parser-unknown-class] "SubitemHead", text="Increases in entitlements"
[parser-unknown-class] "Subitem", text="(2) If the making of a modern enterprise award results in an increase in an employee’s entitlemen..."
[parser-unknown-class] "SubitemHead", text="Industry‑specific redundancy schemes"
[parser-unknown-class] "Subitem", text="(3) If a modern award includes an industry‑specific redundancy scheme in relation to a particular..."
[parser-unknown-class] "ItemHead", text="8  Coverage terms"
[parser-unknown-class] "SubitemHead", text="Coverage terms must be included"
[parser-unknown-class] "Subitem", text="(1) A modern enterprise award must include terms (coverage terms) setting out, in accordance with..."
[parser-unknown-class] "SubitemHead", text="Enterprises"
[parser-unknown-class] "Subitem", text="(2) A modern enterprise award must be expressed to relate:"
[parser-unknown-class] "SubitemHead", text="Employers and employees"
[parser-unknown-class] "Subitem", text="(3) A modern enterprise award must be expressed to cover:"
[parser-unknown-class] "SubitemHead", text="Organisations"
[parser-unknown-class] "Subitem", text="(4) A modern enterprise award may be expressed to cover one or more specified organisations, in r..."
[parser-unknown-class] "SubitemHead", text="Outworker entities"
[parser-unknown-class] "Subitem", text="(5) A modern enterprise award must not be expressed to cover outworker entities."
[parser-unknown-class] "SubitemHead", text="How coverage etc. is expressed"
[parser-unknown-class] "Subitem", text="(6) For the purposes of subitem (2), an enterprise must be specified:"
[parser-unknown-class] "Subitem", text="(7) For the purposes of subitems (3) and (4):"
[parser-unknown-class] "SubitemHead", text="Employees not traditionally covered by awards etc."
[parser-unknown-class] "Subitem", text="(8) A modern enterprise award must not be expressed to cover classes of employees:"
[parser-unknown-class] "ItemHead", text="9  Variation and termination of certain instruments to take account of enterprise instrument mode..."
[parser-unknown-class] "Subitem", text="(1) If the FWC makes a modern enterprise award to replace an enterprise preserved collective Stat..."
[parser-unknown-class] "Subitem", text="(2) The FWC must, as soon as practicable after a modern enterprise award that is made to replace ..."
[parser-unknown-class] "Subitem", text="(3) If the FWC decides not to make a modern enterprise award to replace an enterprise instrument,..."
[parser-unknown-class] "Subitem", text="(3A) Despite subitem (3), if, before the FW (safety net provisions) commencement day, the FWC mak..."
[parser-unknown-class] "Subitem", text="(4) If, by the end of the period specified in paragraph 4(3)(b), no application under item 4 or 5..."
[parser-unknown-class] "Subitem", text="(5) As soon as practicable after all modern enterprise awards made in the enterprise instrument m..."
[parser-unknown-class] "ItemHead", text="10  Notification of the cut‑off for the enterprise instrument modernisation process"
[parser-unknown-class] "Subitem", text="(1) The FWC must, at least 6 months before the end of the period specified in paragraph 4(3)(b), ..."
[parser-unknown-class] "Subitem", text="(2) The FWC may give that advice by any means it considers appropriate."
[parser-unknown-class] "Subitem", text="(3) Section 625 of the FW Act (which deals with delegation by the President of functions and powe..."
[parser-unknown-class] "ActHead8", text="Division 3—Avoiding reductions in take‑home pay"
[parser-unknown-class] "ItemHead", text="11  Enterprise instrument modernisation process is not intended to result in reduction in take‑ho..."
[parser-unknown-class] "Subitem", text="(1) The enterprise instrument modernisation process is not intended to result in a reduction in t..."
[parser-unknown-class] "Subitem", text="(2) An employee’s take‑home pay is the pay an employee actually receives:"
[parser-unknown-class] "Subitem", text="(3) An employee suffers a modernisation‑related reduction in take‑home pay if, and only if:"
[parser-unknown-class] "ItemHead", text="12  Orders remedying reductions in take‑home pay"
[parser-unknown-class] "Subitem", text="(1) If the FWC is satisfied that an employee, or a class of employees, to whom a modern enterpris..."
[parser-unknown-class] "Subitem", text="(2) The FWC may make a take‑home pay order only on application by:"
[parser-unknown-class] "Subitem", text="(3) If the FWC is satisfied that an application for a take‑home pay order has already been made i..."
[parser-unknown-class] "ItemHead", text="13  Ensuring that take‑home pay orders are confined to the circumstances for which they are needed"
[parser-unknown-class] "Subitem", text="(1) The FWC must not make a take‑home pay order in relation to an employee or class of employees if:"
[parser-unknown-class] "Subitem", text="(2) The FWC must ensure that a take‑home pay order is expressed so that:"
[parser-unknown-class] "ItemHead", text="14  Take‑home pay order continues to have effect so long as modern enterprise award continues to ..."
[parser-unknown-class] "ItemHead", text="15  Inconsistency with modern enterprise awards and enterprise agreements"
[parser-unknown-class] "ItemHead", text="16  Application of provisions of FW Act to take‑home pay orders"
[parser-unknown-class] "ActHead8", text="Division 4—Application of the FW Act"
[parser-unknown-class] "ItemHead", text="16A  How the FW Act applies to the modernisation process before the FW (safety net provisions) co..."
[parser-unknown-class] "ItemHead", text="17  How the FW Act applies to modern awards made in the enterprise instrument modernisation process"
[parser-unknown-class] "Subitem", text="(1) A modern enterprise award made under Division 2 is, for the purposes of the FW Act (and any o..."
[parser-unknown-class] "Subitem", text="(2) Section 49 of the FW Act does not apply for the purpose of determining when the modern enterp..."
[parser-unknown-class] "Subitem", text="(3) The regulations may deal with other matters relating to how the FW Act applies in relation to..."
[parser-unknown-class] "ActHead7", text="Part 3—Amendments"
[parser-unknown-class] "ActHead9", text="Fair Work Act 2009"
[parser-unknown-class] "ItemHead", text="18  Section 12 (definition of award modernisation process)"
[parser-unknown-class] "ItemHead", text="19  Section 12 (definition of coverage terms)"
[parser-unknown-class] "ItemHead", text="20  Section 12"
[parser-unknown-class] "ItemHead", text="21  Section 12"
[parser-unknown-class] "ItemHead", text="22  Section 12"
[parser-unknown-class] "ItemHead", text="23  Section 12"
[parser-unknown-class] "ItemHead", text="24  Section 132 (after the paragraph relating to Division 6)"
[parser-unknown-class] "ItemHead", text="25  At the end of section 143"
[parser-unknown-class] "ItemHead", text="26  After section 143"
[parser-unknown-class] "ItemHead", text="27  At the end of Part 2‑3"
[parser-unknown-class] "ItemHead", text="28  Subsection 292(1)"
[parser-unknown-class] "ActHead6", text="Schedule 6A—State reference public sector modern awards"
[parser-unknown-class] "ActHead7", text="Part 1—Preliminary"
[parser-unknown-class] "ItemHead", text="1  Meanings of employer and employee"
[parser-unknown-class] "ActHead7", text="Part 2—The State reference public sector transitional award modernisation process"
[parser-unknown-class] "ActHead8", text="Division 1—State reference public sector transitional awards"
[parser-unknown-class] "ItemHead", text="2  State reference public sector transitional awards"
[parser-unknown-class] "Subitem", text="(1) A State reference public sector transitional award is a State reference transitional award or..."
[parser-unknown-class] "Subitem", text="(2) A State reference public sector employee is a State reference employee who is a State public ..."
[parser-unknown-class] "Subitem", text="(3) A State reference public sector employer is a State reference employer that is a State public..."
[parser-unknown-class] "Subitem", text="(4) If:"
[parser-unknown-class] "ActHead8", text="Division 2—The State reference public sector transitional award modernisation process"
[parser-unknown-class] "ItemHead", text="3  The State reference public sector transitional award modernisation process"
[parser-unknown-class] "Subitem", text="(1) The State reference public sector transitional award modernisation process is the process of ..."
[parser-unknown-class] "Subitem", text="(2) A State reference public sector modern award is a modern award in relation to which the follo..."
[parser-unknown-class] "Subitem", text="(3) A State reference public sector modern award must be made by a Full Bench."
[parser-unknown-class] "ItemHead", text="4  Making State reference public sector modern awards on application"
[parser-unknown-class] "Subitem", text="(1) An employer or organisation that is covered by a State reference public sector transitional a..."
[parser-unknown-class] "Subitem", text="(2) The application may be made only during the period starting on the WR Act repeal day and endi..."
[parser-unknown-class] "Subitem", text="(3) The application must specify the employers, employees and organisations (the proposed parties..."
[parser-unknown-class] "Subitem", text="(4) The FWC must consider the application, and must make a State reference public sector modern a..."
[parser-unknown-class] "ItemHead", text="5  Terminating State reference public sector transitional awards on application"
[parser-unknown-class] "Subitem", text="(1) An employer or organisation that is covered by a State reference public sector transitional a..."
[parser-unknown-class] "Subitem", text="(2) The application may be made only during the period starting on the WR Act repeal day and endi..."
[parser-unknown-class] "Subitem", text="(3) The FWC or the Commission must not terminate the current award unless the FWC or the Commissi..."
[parser-unknown-class] "Subitem", text="(4) In deciding whether to terminate the current award, the FWC or the Commission must take into ..."
[parser-unknown-class] "Subitem", text="(5) If the FWC or the Commission terminates the current award, the termination operates from the ..."
[parser-unknown-class] "Subitem", text="(6) If the Commission terminates the current award, the termination is taken, after the Commissio..."
[parser-unknown-class] "ItemHead", text="6  Further obligation of the FWC to make or vary State reference public sector modern awards at e..."
[parser-unknown-class] "ItemHead", text="7  The State reference public sector modern awards objective"
[parser-unknown-class] "Subitem", text="(1) If the FWC is required by item 4 or 6 to make a State reference public sector modern award, t..."
[parser-unknown-class] "Subitem", text="(2) However, in applying the modern awards objective and the minimum wages objective, the FWC mus..."
[parser-unknown-class] "ItemHead", text="8  Terms of State reference public sector modern awards"
[parser-unknown-class] "Subitem", text="(1) Division 3 (other than sections 143 and 154) of Part 2‑3 of the FW Act (which deals with term..."
[parser-unknown-class] "Subitem", text="(2) If FWA makes a State reference public sector modern award before the FW (safety net provision..."
[parser-unknown-class] "ItemHead", text="9  Coverage terms"
[parser-unknown-class] "SubitemHead", text="Coverage terms must be included"
[parser-unknown-class] "Subitem", text="(1) A State reference public sector modern award must include terms (coverage terms) setting out,..."
[parser-unknown-class] "SubitemHead", text="Employers and employees"
[parser-unknown-class] "Subitem", text="(2) The coverage terms must be such that:"
[parser-unknown-class] "SubitemHead", text="Organisations"
[parser-unknown-class] "Subitem", text="(3) A State reference public sector modern award may be expressed to cover one or more specified ..."
[parser-unknown-class] "SubitemHead", text="Outworker entities"
[parser-unknown-class] "Subitem", text="(4) A State reference public sector modern award must not be expressed to cover outworker entities."
[parser-unknown-class] "SubitemHead", text="How coverage etc. is expressed"
[parser-unknown-class] "Subitem", text="(5) For the purposes of this item:"
[parser-unknown-class] "ItemHead", text="10  Variation and termination of State reference public sector transitional awards to take accoun..."
[parser-unknown-class] "Subitem", text="(1) If a State reference public sector modern award completely replaces a State reference public ..."
[parser-unknown-class] "Subitem", text="(2) If a State reference public sector modern award partially replaces a State reference public s..."
[parser-unknown-class] "Subitem", text="(3) For the purposes of this item:"
[parser-unknown-class] "ItemHead", text="11  Notification of the cut‑off for the State reference public sector transitional award modernis..."
[parser-unknown-class] "Subitem", text="(1) The FWC must, at least 6 months before the end of the period specified in subitem 4(2), advis..."
[parser-unknown-class] "Subitem", text="(2) The FWC may give that advice by any means it considers appropriate."
[parser-unknown-class] "Subitem", text="(3) Section 625 of the FW Act (which deals with delegation by the President of functions and powe..."
[parser-unknown-class] "ItemHead", text="12  Regulations dealing with other matters"
[parser-unknown-class] "ActHead8", text="Division 3—Avoiding reductions in take‑home pay"
[parser-unknown-class] "ItemHead", text="13  State reference public sector transitional award modernisation process is not intended to res..."
[parser-unknown-class] "Subitem", text="(1) The State reference public sector transitional award modernisation process is not intended to..."
[parser-unknown-class] "Subitem", text="(2) An employee’s take‑home pay is the pay an employee actually receives:"
[parser-unknown-class] "Subitem", text="(3) An employee suffers a modernisation‑related reduction in take‑home pay if, and only if:"
[parser-unknown-class] "ItemHead", text="14  Orders remedying reductions in take‑home pay"
[parser-unknown-class] "Subitem", text="(1) If the FWC is satisfied that an employee, or a class of employees, to whom a State reference ..."
[parser-unknown-class] "Subitem", text="(2) The FWC may make a take‑home pay order only on application by:"
[parser-unknown-class] "Subitem", text="(3) If the FWC is satisfied that an application for a take‑home pay order has already been made i..."
[parser-unknown-class] "ItemHead", text="15  Ensuring that take‑home pay orders are confined to the circumstances for which they are needed"
[parser-unknown-class] "Subitem", text="(1) The FWC must not make a take‑home pay order in relation to an employee or class of employees if:"
[parser-unknown-class] "Subitem", text="(2) The FWC must ensure that a take‑home pay order is expressed so that:"
[parser-unknown-class] "ItemHead", text="16  Take‑home pay order continues to have effect so long as State reference public sector modern ..."
[parser-unknown-class] "ItemHead", text="17  Inconsistency with State reference public sector modern awards and enterprise agreements"
[parser-unknown-class] "ItemHead", text="18  Application of provisions of FW Act to take‑home pay orders"
[parser-unknown-class] "ActHead8", text="Division 4—Application of the FW Act"
[parser-unknown-class] "ItemHead", text="19  How the FW Act applies to the modernisation process before the FW (safety net provisions) com..."
[parser-unknown-class] "ItemHead", text="20  How the FW Act applies to modern awards made in the State reference public sector transitiona..."
[parser-unknown-class] "Subitem", text="(1) A State reference public sector modern award made under Division 2 is, for the purposes of th..."
[parser-unknown-class] "Subitem", text="(2) Section 49 of the FW Act does not apply for the purpose of determining when the State referen..."
[parser-unknown-class] "Subitem", text="(3) The regulations may deal with other matters relating to how the FW Act applies in relation to..."
[parser-unknown-class] "ActHead6", text="Schedule 7—Enterprise agreements and workplace determinations made under the FW Act"
[parser-unknown-class] "ActHead7", text="Part 1—Preliminary"
[parser-unknown-class] "ItemHead", text="1  Meanings of employer and employee"
[parser-unknown-class] "ActHead7", text="Part 2—Transitional provisions relating to the application of the no‑disadvantage test to enterpr..."
[parser-unknown-class] "ActHead8", text="Division 1—Enterprise agreements and variations made during bridging period must pass no‑disadvan..."
[parser-unknown-class] "ItemHead", text="2  Approval of agreement or variation by FWA—passing the no‑disadvantage test"
[parser-unknown-class] "Subitem", text="(1) Paragraph 186(2)(d) of the FW Act (including as that paragraph has effect under subsection 21..."
[parser-unknown-class] "Subitem", text="(2) Paragraph 189(1)(b) of the FW Act applies in relation to an enterprise agreement made during ..."
[parser-unknown-class] "ActHead8", text="Division 2—The no‑disadvantage test"
[parser-unknown-class] "ItemHead", text="3  Definitions"
[parser-unknown-class] "Subitem", text="(1) In this Division:"
[parser-unknown-class] "SubitemHead", text="Application of this Division to variations"
[parser-unknown-class] "Subitem", text="(2) Unless the contrary intention appears, this Division applies to an enterprise agreement as pr..."
[parser-unknown-class] "Subitem", text="(3) For the purposes of subitem (2):"
[parser-unknown-class] "SubitemHead", text="Application of this Division to prospective employees"
[parser-unknown-class] "Subitem", text="(4) For the purposes of applying this Division to an enterprise agreement, a reference to an empl..."
[parser-unknown-class] "ItemHead", text="4  When does an agreement pass the no‑disadvantage test?"
[parser-unknown-class] "Subitem", text="(1) An enterprise agreement passes the no‑disadvantage test if FWA is satisfied that the agreemen..."
[parser-unknown-class] "Subitem", text="(2) For the purposes of subitem (1):"
[parser-unknown-class] "Subitem", text="(3) An enterprise agreement or a variation of an enterprise agreement is taken to pass the no‑dis..."
[parser-unknown-class] "Subitem", text="(4) To avoid doubt, if there is a reference instrument in relation to one or more, but not all, o..."
[parser-unknown-class] "Subitem", text="(5) For the purposes of determining whether an enterprise agreement as proposed to be varied pass..."
[parser-unknown-class] "ItemHead", text="5  Reference instruments etc."
[parser-unknown-class] "Subitem", text="(1) A reference instrument, in relation to employees who are covered by an enterprise agreement, is:"
[parser-unknown-class] "Subitem", text="(2) A relevant general instrument, for an employee who is covered by an enterprise agreement, is ..."
[parser-unknown-class] "ItemHead", text="6  Enterprise agreement to be tested as at test time"
[parser-unknown-class] "Subitem", text="(1) In deciding whether an enterprise agreement passes, or does not pass, the no‑disadvantage tes..."
[parser-unknown-class] "Subitem", text="(2) The test time is the time when the application for approval of the agreement was made under s..."
[parser-unknown-class] "ItemHead", text="7  Designated awards—before application for FWA approval"
[parser-unknown-class] "Subitem", text="(1) FWA may, on application by an employer, determine that an award is a designated award for an ..."
[parser-unknown-class] "Subitem", text="(2) FWA may make a determination under this item only if it is satisfied that:"
[parser-unknown-class] "Subitem", text="(3) An award or awards determined by FWA under this item:"
[parser-unknown-class] "Subitem", text="(4) An award determined under this item in relation to an employee or employees is taken to be th..."
[parser-unknown-class] "Subitem", text="(5) Despite subitem (4), FWA may determine under item 8 that another award is a designated award ..."
[parser-unknown-class] "Subitem", text="(6) FWA may determine different awards under subitem (1) in relation to different employees."
[parser-unknown-class] "Subitem", text="(7) In this item, a reference to an employee or employees of an employer includes a reference to ..."
[parser-unknown-class] "Subitem", text="(8) A determination made under this item is not a legislative instrument."
[parser-unknown-class] "ItemHead", text="8  Designated awards—after application for FWA approval"
[parser-unknown-class] "Subitem", text="(1) This item applies to an enterprise agreement if there is no relevant general instrument in re..."
[parser-unknown-class] "Subitem", text="(2) FWA must determine that an award is a designated award for the employee or employees referred..."
[parser-unknown-class] "Subitem", text="(3) An award or awards determined by FWA under this item:"
[parser-unknown-class] "Subitem", text="(4) FWA may determine different awards under subitem (2) in relation to different employees."
[parser-unknown-class] "Subitem", text="(5) A determination made under this item is not a legislative instrument."
[parser-unknown-class] "ItemHead", text="9  Effect of State awards etc."
[parser-unknown-class] "ItemHead", text="10  Matters taken into account when testing agreement etc."
[parser-unknown-class] "Subitem", text="(1) In deciding whether an enterprise agreement passes, or does not pass, the no‑disadvantage tes..."
[parser-unknown-class] "Subitem", text="(2) In deciding whether to determine that an award is a designated award in relation to an employ..."
[parser-unknown-class] "ActHead7", text="Part 3—Other requirements and modifications applying to making and varying enterprise agreements ..."
[parser-unknown-class] "ActHead8", text="Division 1—Requirements relating to approval"
[parser-unknown-class] "ItemHead", text="11  Approval of agreement by FWA—interaction with the National Employment Standards"
[parser-unknown-class] "ItemHead", text="12  Approval of agreement by FWA—term about settling disputes"
[parser-unknown-class] "ItemHead", text="13  Approval of agreement by FWA—requirements relating to particular kinds of employees"
[parser-unknown-class] "Subitem", text="(1) Subsection 187(4) of the FW Act (which deals with requirements relating to particular kinds o..."
[parser-unknown-class] "Subitem", text="(2) Section 200 of the FW Act (which deals with requirements relating to outworkers) applies in r..."
[parser-unknown-class] "ActHead8", text="Division 2—Base rate of pay"
[parser-unknown-class] "ItemHead", text="14  Base rate of pay under enterprise agreements"
[parser-unknown-class] "ActHead8", text="Division 3—No extensions of time"
[parser-unknown-class] "ItemHead", text="15  No extension of time to apply for approval of agreement made in final 14 days of bridging period"
[parser-unknown-class] "ItemHead", text="16  No extension of time to apply for approval of variation of agreement made in final 14 days of..."
[parser-unknown-class] "ActHead8", text="Division 4—State and Territory laws dealing with long service leave"
[parser-unknown-class] "ItemHead", text="17  Enterprise agreement made during the bridging period prevails over State and Territory laws d..."
[parser-unknown-class] "ActHead7", text="Part 4—Transitional provisions to apply the better off overall test after end of bridging period ..."
[parser-unknown-class] "ItemHead", text="18  Application of better off overall test to making of enterprise agreements that cover unmodern..."
[parser-unknown-class] "Subitem", text="(1) This item applies in relation to an enterprise agreement made after the end of the bridging p..."
[parser-unknown-class] "SubitemHead", text="Non‑greenfields agreements"
[parser-unknown-class] "Subitem", text="(2) Despite section 193 of the FW Act, if the enterprise agreement is not a greenfields agreement..."
[parser-unknown-class] "SubitemHead", text="Greenfields agreements"
[parser-unknown-class] "Subitem", text="(3) Despite section 193 of the FW Act, if the enterprise agreement is a greenfields agreement, th..."
[parser-unknown-class] "SubitemHead", text="FWC may assume employee better off overall in certain circumstances"
[parser-unknown-class] "Subitem", text="(4) For the purposes of determining whether an enterprise agreement passes the better off overall..."
[parser-unknown-class] "SubitemHead", text="State reference transitional awards or common rules: transitional APCSs not relevant"
[parser-unknown-class] "Subitem", text="(5) If the relevant award‑based transitional instrument in relation to an employee is a State ref..."
[parser-unknown-class] "ItemHead", text="19  Application of better off overall test to variation of enterprise agreements that cover unmod..."
[parser-unknown-class] "Subitem", text="(1) This item applies in relation to a variation of an enterprise agreement if:"
[parser-unknown-class] "Subitem", text="(2) Despite subsections 211(4) and (5) of the FW Act, subitems (3) and (4) apply in relation to t..."
[parser-unknown-class] "SubitemHead", text="Modification of the better off overall test"
[parser-unknown-class] "Subitem", text="(3) An enterprise agreement as proposed to be varied passes the better off overall test if the FW..."
[parser-unknown-class] "SubitemHead", text="FWC may assume employee better off overall in certain circumstances"
[parser-unknown-class] "Subitem", text="(4) For the purposes of determining whether the enterprise agreement as proposed to be varied pas..."
[parser-unknown-class] "SubitemHead", text="FWC must disregard individual flexibility arrangement"
[parser-unknown-class] "Subitem", text="(5) For the purposes of determining whether an enterprise agreement as proposed to be varied pass..."
[parser-unknown-class] "SubitemHead", text="State reference transitional awards or common rules: transitional APCSs not relevant"
[parser-unknown-class] "Subitem", text="(6) If the relevant award‑based transitional instrument in relation to an employee is a State ref..."
[parser-unknown-class] "ItemHead", text="20  Definitions"
[parser-unknown-class] "ActHead7", text="Part 4A—Transitional provisions to apply the better off overall test to enterprise agreements tha..."
[parser-unknown-class] "ItemHead", text="20A  Application of better off overall test to making of enterprise agreements that cover Divisio..."
[parser-unknown-class] "Subitem", text="(1) This item applies in relation to an enterprise agreement made on or after the Division 2B ref..."
[parser-unknown-class] "SubitemHead", text="Non‑greenfields agreements"
[parser-unknown-class] "Subitem", text="(2) Despite section 193 of the FW Act, if the enterprise agreement is not a greenfields agreement..."
[parser-unknown-class] "SubitemHead", text="Greenfields agreements"
[parser-unknown-class] "Subitem", text="(3) Despite section 193 of the FW Act, if the enterprise agreement is a greenfields agreement, th..."
[parser-unknown-class] "SubitemHead", text="FWC may assume employee better off overall in certain circumstances"
[parser-unknown-class] "Subitem", text="(4) For the purposes of determining whether an enterprise agreement passes the better off overall..."
[parser-unknown-class] "ItemHead", text="20B  Application of better off overall test to variation of enterprise agreements that cover Divi..."
[parser-unknown-class] "Subitem", text="(1) This item applies in relation to a variation of an enterprise agreement if:"
[parser-unknown-class] "Subitem", text="(2) Despite subsections 211(4) and (5) of the FW Act, subitems (3) and (4) apply in relation to t..."
[parser-unknown-class] "SubitemHead", text="Modification of the better off overall test"
[parser-unknown-class] "Subitem", text="(3) An enterprise agreement as proposed to be varied passes the better off overall test only if:"
[parser-unknown-class] "SubitemHead", text="FWC may assume employee better off overall in certain circumstances"
[parser-unknown-class] "Subitem", text="(4) For the purposes of determining whether the enterprise agreement as proposed to be varied pas..."
[parser-unknown-class] "SubitemHead", text="FWC must disregard individual flexibility arrangement"
[parser-unknown-class] "Subitem", text="(5) For the purposes of determining whether an enterprise agreement as proposed to be varied pass..."
[parser-unknown-class] "ItemHead", text="20C  Definitions"
[parser-unknown-class] "ActHead7", text="Part 5—Transitional provisions relating to workplace determinations made under the FW Act"
[parser-unknown-class] "ItemHead", text="21  Application made during bridging period for special low‑paid workplace determination—general ..."
[parser-unknown-class] "ItemHead", text="22  Special low‑paid workplace determination—employer must not previously have been covered by ag..."
[parser-unknown-class] "Subitem", text="(1) Subsection 263(3) of the FW Act (which deals with additional requirements for making a specia..."
[parser-unknown-class] "Subitem", text="(2) However, subitem (1) does not apply in relation to a workplace determination if:"
[parser-unknown-class] "Subitem", text="(3) In making a decision for the purposes of paragraph (2)(b) of this item, the FWC must take int..."
[parser-unknown-class] "ItemHead", text="23  Core terms of workplace determinations—assessment of determination made during bridging perio..."
[parser-unknown-class] "ItemHead", text="24  Core terms of workplace determinations—assessment of determination made after bridging period..."
[parser-unknown-class] "Subitem", text="(1) This item applies in relation to a workplace determination made after the end of the bridging..."
[parser-unknown-class] "Subitem", text="(2) Subsection 272(4) of the FW Act (which deals with workplace determinations passing the better..."
[parser-unknown-class] "ItemHead", text="25  Core terms of workplace determinations—safety net requirements"
[parser-unknown-class] "Subitem", text="(1) This item applies in relation to a workplace determination made during the bridging period."
[parser-unknown-class] "Subitem", text="(2) Subsection 272(5) of the FW Act (which deals with terms relating to safety net requirements) ..."
[parser-unknown-class] "Subitem", text="(3) Section 200 of the FW Act (which deals with requirements relating to outworkers) applies in r..."
[parser-unknown-class] "ItemHead", text="26  Mandatory terms of workplace determinations—term about settling disputes"
[parser-unknown-class] "Subitem", text="(1) This item applies in relation to a workplace determination made during the bridging period."
[parser-unknown-class] "Subitem", text="(2) Paragraph 273(2)(b) of the FW Act (which deals with a requirement for a workplace determinati..."
[parser-unknown-class] "Subitem", text="(3) Subsection 273(3) of the FW Act (which deals with a requirement for a workplace determination..."
[parser-unknown-class] "ActHead7", text="Part 6—Interaction with Australian Fair Pay and Conditions Standard during bridging period"
[parser-unknown-class] "ItemHead", text="27  Interaction with Australian Fair Pay and Conditions Standard during bridging period"
[parser-unknown-class] "SubitemHead", text="Continued application of Australian Fair Pay and Conditions Standard"
[parser-unknown-class] "Subitem", text="(1) The Australian Fair Pay and Conditions Standard, in its application during the bridging perio..."
[parser-unknown-class] "SubitemHead", text="Disputes about Australian Fair Pay and Conditions Standard to be resolved using the model dispute..."
[parser-unknown-class] "Subitem", text="(2) A dispute about:"
[parser-unknown-class] "Subitem", text="(3) For the purposes of subitem (2), Divisions 2 and 3 of Part 13 of the WR Act apply as if a ref..."
[parser-unknown-class] "Subitem", text="(4) The fact that the model dispute resolution process applies in relation to the dispute does no..."
[parser-unknown-class] "Subitem", text="(5) To avoid doubt, subitems (2) and (3) apply despite:"
[parser-unknown-class] "SubitemHead", text="Continued application of regulations"
[parser-unknown-class] "Subitem", text="(6) Despite the WR Act repeal, regulations made for the purposes of subsection 172(4) of the WR A..."
[parser-unknown-class] "SubitemHead", text="Australian Fair Pay and Conditions Standard cannot be excluded"
[parser-unknown-class] "Subitem", text="(7) A term of an enterprise agreement or a workplace determination has no effect to the extent to..."
[parser-unknown-class] "SubitemHead", text="Meaning of workplace determination"
[parser-unknown-class] "Subitem", text="(8) In this item:"
[parser-unknown-class] "ActHead7", text="Part 7—Transitional provision about the operation of the better off overall test if a transitiona..."
[parser-unknown-class] "ItemHead", text="28  Operation of better off overall test if a transitional pay equity order applies to employer"
[parser-unknown-class] "Subitem", text="(1) This item applies to an enterprise agreement, or a variation of an enterprise agreement, if:"
[parser-unknown-class] "Subitem", text="(2) For the purposes of determining whether the affected employee would be better off overall if ..."
[parser-unknown-class] "ActHead7", text="Part 8—Transitional provisions relating to termination and sunsetting of enterprise agreements ma..."
[parser-unknown-class] "ItemHead", text="29  Terminating under the FW Act enterprise agreements made during the bridging period"
[parser-unknown-class] "ItemHead", text="30  Automatic sunsetting of all remaining enterprise agreements made during the bridging period"
[parser-unknown-class] "SubitemHead", text="Automatic sunsetting"
[parser-unknown-class] "Subitem", text="(1) An enterprise agreement made during the bridging period ceases to operate at the end of the g..."
[parser-unknown-class] "Subitem", text="(2) The grace period for an enterprise agreement made during the bridging period is:"
[parser-unknown-class] "SubitemHead", text="Employer to give notice to employees"
[parser-unknown-class] "Subitem", text="(3) An employer covered by an enterprise agreement made during the bridging period must, before t..."
[parser-unknown-class] "SubitemHead", text="Application to FWC for extension of default period"
[parser-unknown-class] "Subitem", text="(4) Any of the following may apply to the FWC, before the end of the grace period for an enterpri..."
[parser-unknown-class] "Subitem", text="(5) An application under subitem (4) must be accompanied by:"
[parser-unknown-class] "SubitemHead", text="Extension of default period"
[parser-unknown-class] "Subitem", text="(6) If an application is made under subitem (4), the FWC must extend the default period for the e..."
[parser-unknown-class] "Subitem", text="(7) This subitem applies if:"
[parser-unknown-class] "Subitem", text="(8) This subitem applies if it is likely that, as at the time the application is made, the award ..."
[parser-unknown-class] "Subitem", text="(9) For the purposes of subitem (8), the award covered employees for an enterprise agreement made..."
[parser-unknown-class] "SubitemHead", text="Publication of decisions etc."
[parser-unknown-class] "Subitem", text="(9A) The FWC must publish the following, on its website or by any other means that the FWC consid..."
[parser-unknown-class] "Subitem", text="(9B) Paragraph (9A)(b) applies subject to any order made under section 594 of the FW Act."
[parser-unknown-class] "SubitemHead", text="Pending applications"
[parser-unknown-class] "Subitem", text="(10) If:"
[parser-unknown-class] "SubitemHead", text="Effect of sunsetting"
[parser-unknown-class] "Subitem", text="(11) If an enterprise agreement made during the bridging period ceases to operate in accordance w..."
[parser-unknown-class] "Subitem", text="(12) Any such investigation, legal proceeding or remedy may be instituted, continued or enforced ..."
[parser-unknown-class] "Subitem", text="(13) Subitems (11) and (12) have effect subject to a contrary intention in this Act or in the FW ..."
[parser-unknown-class] "ActHead6", text="Schedule 8—Workplace agreements and workplace determinations made under the WR Act"
[parser-unknown-class] "ActHead7", text="Part 1—Preliminary"
[parser-unknown-class] "ItemHead", text="1  Meanings of employer and employee"
[parser-unknown-class] "ActHead7", text="Part 2—Transitional provisions relating to workplace agreements"
[parser-unknown-class] "ActHead8", text="Division 1—Transitional provisions relating to collective agreements made before the WR Act repea..."
[parser-unknown-class] "ItemHead", text="2  Division applies to collective agreements made before WR Act repeal day"
[parser-unknown-class] "ItemHead", text="3  General rule—continued application of lodgment provisions, no‑disadvantage test and prohibited..."
[parser-unknown-class] "ItemHead", text="4  Modification—unlodged collective agreements must be lodged within 14 days"
[parser-unknown-class] "Subitem", text="(1) Despite item 3, if the collective agreement is an unlodged collective agreement:"
[parser-unknown-class] "Subitem", text="(2) If the collective agreement is lodged after the end of the cut‑off period, the Workplace Auth..."
[parser-unknown-class] "ItemHead", text="5  Modification—limits on variation of a collective agreement that operates from approval for the..."
[parser-unknown-class] "Subitem", text="(1) Despite item 3, if the collective agreement is a workplace agreement that operates from appro..."
[parser-unknown-class] "Subitem", text="(2) If, as at the WR Act repeal day:"
[parser-unknown-class] "Subitem", text="(3) Section 346N of the WR Act, as that section continues to apply because of item 3, has effect ..."
[parser-unknown-class] "Subitem", text="(4) The Workplace Authority Director may extend the period referred to in paragraph (3)(b) in rel..."
[parser-unknown-class] "Subitem", text="(5) Section 346Q of the WR Act, as that section continues to apply because of item 3, has effect ..."
[parser-unknown-class] "ActHead8", text="Division 2—Transitional provisions relating to variations of collective agreements made before th..."
[parser-unknown-class] "ItemHead", text="6  Division applies to variations of collective agreements made before WR Act repeal day"
[parser-unknown-class] "ItemHead", text="7  General rule—continued application of lodgment provisions and no‑disadvantage test to ordinary..."
[parser-unknown-class] "ItemHead", text="8  Modification—unlodged variations must be lodged within 14 days"
[parser-unknown-class] "Subitem", text="(1) Despite item 7, if the variation is an unlodged variation:"
[parser-unknown-class] "Subitem", text="(2) If the variation is lodged after the end of the cut‑off period, the Workplace Authority Direc..."
[parser-unknown-class] "ItemHead", text="9  Modification—limits on varying variations for the purpose of passing the no‑disadvantage test"
[parser-unknown-class] "Subitem", text="(1) Despite item 7, if, as at the WR Act repeal day:"
[parser-unknown-class] "Subitem", text="(2) Section 346N of the WR Act, as that section continues to apply because of item 7, has effect ..."
[parser-unknown-class] "Subitem", text="(3) The Workplace Authority Director may extend the period referred to in paragraph (2)(a) in rel..."
[parser-unknown-class] "Subitem", text="(4) Section 346Q of the WR Act, as that section continues to apply because of item 7, has effect ..."
[parser-unknown-class] "ActHead8", text="Division 3—Transitional provisions relating to pre‑WR Act repeal day terminations of collective a..."
[parser-unknown-class] "ItemHead", text="10  Termination by approval general rule—continued application of lodgment provisions"
[parser-unknown-class] "Subitem", text="(1) This item applies to a termination of a collective agreement, if the termination has been app..."
[parser-unknown-class] "Subitem", text="(2) The following provisions of Part 8 of the WR Act continue to apply in relation to the termina..."
[parser-unknown-class] "ItemHead", text="11  Modification—unlodged terminations must be lodged within 14 days"
[parser-unknown-class] "Subitem", text="(1) Despite item 10, if a termination to which that item applies is an unlodged termination:"
[parser-unknown-class] "Subitem", text="(2) If the termination is lodged after the end of the cut‑off period, the Workplace Authority Dir..."
[parser-unknown-class] "ItemHead", text="12  Unilateral termination of collective agreement in manner provided for in agreement general ru..."
[parser-unknown-class] "Subitem", text="(1) This item applies to a termination of a collective agreement if a declaration to terminate th..."
[parser-unknown-class] "Subitem", text="(2) The following provisions of Part 8 of the WR Act continue to apply in relation to the termina..."
[parser-unknown-class] "ItemHead", text="13  Termination by the Commission—Commission may continue to deal with applications made before t..."
[parser-unknown-class] "Subitem", text="(1) This item applies to a collective agreement in relation to which an application has been made..."
[parser-unknown-class] "Subitem", text="(2) The following provisions of Part 8 of the WR Act continue to apply in relation to the agreeme..."
[parser-unknown-class] "ActHead8", text="Division 4—Transitional provisions relating to ITEAs made before the WR Act repeal day"
[parser-unknown-class] "ItemHead", text="14  Continued application of Part 8 to ITEAs made before the WR Act repeal day"
[parser-unknown-class] "Subitem", text="(1) This item applies to an ITEA made before the WR Act repeal day."
[parser-unknown-class] "Subitem", text="(2) The following provisions of Part 8 of the WR Act continue to apply in relation to the ITEA on..."
[parser-unknown-class] "ItemHead", text="15  Modification—limits on variation of an ITEA that operates from approval for the purpose of pa..."
[parser-unknown-class] "Subitem", text="(1) Despite item 14, if the ITEA is a workplace agreement that operates from approval, the rules ..."
[parser-unknown-class] "Subitem", text="(2) If, as at the WR Act repeal day:"
[parser-unknown-class] "Subitem", text="(3) Section 346N of the WR Act, as that section continues to apply because of item 14, has effect..."
[parser-unknown-class] "Subitem", text="(4) The Workplace Authority Director may extend the period referred to in paragraph (3)(a) in rel..."
[parser-unknown-class] "Subitem", text="(5) Section 346Q of the WR Act, as that section continues to apply because of item 14, has effect..."
[parser-unknown-class] "ActHead8", text="Division 5—Transitional provisions relating to variations of ITEAs made before the WR Act repeal day"
[parser-unknown-class] "ItemHead", text="16  General rule—continued application of lodgment provisions and no‑disadvantage test to ordinar..."
[parser-unknown-class] "Subitem", text="(1) This item applies to a variation of an ITEA under Division 8 of Part 8 of the WR Act, if the ..."
[parser-unknown-class] "Subitem", text="(2) The following provisions of Part 8 of the WR Act continue to apply in relation to the variati..."
[parser-unknown-class] "ItemHead", text="17  Modification—limits on varying variations for the purpose of passing the no‑disadvantage test"
[parser-unknown-class] "Subitem", text="(1) Despite item 16, if, as at the WR Act repeal day:"
[parser-unknown-class] "Subitem", text="(2) Section 346N of the WR Act, as that section continues to apply because of item 16, has effect..."
[parser-unknown-class] "Subitem", text="(3) The Workplace Authority Director may extend the period referred to in paragraph (2)(a) in rel..."
[parser-unknown-class] "Subitem", text="(4) Section 346Q of the WR Act, as that section continues to apply because of item 16, has effect..."
[parser-unknown-class] "ActHead8", text="Division 6—Transitional provisions relating to pre‑WR Act repeal day terminations of ITEAs"
[parser-unknown-class] "ItemHead", text="18  Termination by approval—continued application of lodgment provisions"
[parser-unknown-class] "Subitem", text="(1) This item applies to a termination of an ITEA, if the termination is approved in accordance w..."
[parser-unknown-class] "Subitem", text="(2) The following provisions of Part 8 of the WR Act continue to apply in relation to the termina..."
[parser-unknown-class] "ItemHead", text="19  Unilateral termination of ITEA in manner provided for in agreement—continued application of l..."
[parser-unknown-class] "Subitem", text="(1) This item applies to a termination of an ITEA if a declaration to terminate the ITEA is lodge..."
[parser-unknown-class] "Subitem", text="(2) The following provisions of Part 8 of the WR Act continue to apply in relation to the termina..."
[parser-unknown-class] "ItemHead", text="20  Continued application of lodgment provisions where termination by written notice is given bef..."
[parser-unknown-class] "Subitem", text="(1) This item applies to an ITEA, if notice to terminate the ITEA is given in accordance with sub..."
[parser-unknown-class] "Subitem", text="(2) The following provisions of Part 8 of the WR Act continue to apply on and after the WR Act re..."
[parser-unknown-class] "SubitemHead", text="Modification—declaration to terminate must be lodged within 120 days of WR Act repeal day"
[parser-unknown-class] "Subitem", text="(3) A declaration may only be lodged, in relation to the ITEA under subsection 393(2) of the WR A..."
[parser-unknown-class] "Subitem", text="(4) Section 396 of the WR Act, as that section continues to apply because of subitem (2), does no..."
[parser-unknown-class] "Subitem", text="(5) Despite subsection 381(2) and section 398 of the WR Act, as those provisions continue to appl..."
[parser-unknown-class] "Subitem", text="(6) If the termination is lodged after the end of the cut‑off period, the Workplace Authority Dir..."
[parser-unknown-class] "ActHead8", text="Division 7—Transitional provisions relating to making ITEAs during the bridging period"
[parser-unknown-class] "ItemHead", text="21  General rule—continued application of Part 8 to making of ITEAs"
[parser-unknown-class] "Subitem", text="(1) Despite the repeal of Part 8 of the WR Act, an ITEA may, during the bridging period, be made ..."
[parser-unknown-class] "Subitem", text="(2) The following provisions of Part 8 of the WR Act continue to apply in relation to the ITEA on..."
[parser-unknown-class] "Subitem", text="(3) The provisions referred to in subitem (2) do not apply to an ITEA lodged after the end of the..."
[parser-unknown-class] "Subitem", text="(4) If the ITEA is lodged after the end of the bridging period, the Workplace Authority Director ..."
[parser-unknown-class] "ItemHead", text="22  Modification—enterprise agreements and workplace determinations are taken to be instruments"
[parser-unknown-class] "Subitem", text="(1) This item applies to an ITEA made during the bridging period as referred to in subitem 21(1)."
[parser-unknown-class] "Subitem", text="(2) For the purposes of the application to the ITEA of section 346E of the WR Act, as that sectio..."
[parser-unknown-class] "Subitem", text="(3) For the purposes of the application to the ITEA of section 346ZB of the WR Act, as that secti..."
[parser-unknown-class] "ItemHead", text="23  Modification—limits on variation of an ITEA that operates from approval for the purpose of pa..."
[parser-unknown-class] "Subitem", text="(1) Despite item 21, if the ITEA is a workplace agreement that operates from approval, the rules ..."
[parser-unknown-class] "Subitem", text="(2) Section 346N of the WR Act, as that section continues to apply because of item 21, has effect..."
[parser-unknown-class] "Subitem", text="(3) The Workplace Authority Director may extend the period referred to in paragraph (2)(a) in rel..."
[parser-unknown-class] "Subitem", text="(4) Section 346Q of the WR Act, as that section continues to apply because of item 21, has effect..."
[parser-unknown-class] "ItemHead", text="24  Modification—subsection 400(5)"
[parser-unknown-class] "Subitem", text="(1) This item applies to an ITEA made during the bridging period as referred to in subitem 21(1)."
[parser-unknown-class] "Subitem", text="(2) For the purposes of the application to the ITEA of subsection 400(5) of the WR Act, as that s..."
[parser-unknown-class] "ItemHead", text="25  Effect of section 342 of the FW Act during the bridging period"
[parser-unknown-class] "Subitem", text="(1) Despite section 342 of the FW Act, a prospective employer does not contravene subsection 340(..."
[parser-unknown-class] "Subitem", text="(2) The circumstance referred to in subitem (1) is that:"
[parser-unknown-class] "ActHead8", text="Division 8—Applying the no‑disadvantage test where there is a transmission or transfer of business"
[parser-unknown-class] "ItemHead", text="26  Applying the no‑disadvantage test where there is a transmission or a transfer of business"
[parser-unknown-class] "Subitem", text="(1) This item applies if the Workplace Authority Director is required, because of the application..."
[parser-unknown-class] "Subitem", text="(2) Division 7A of Part 11 of the WR Act continues to apply, in relation to the workplace agreeme..."
[parser-unknown-class] "ItemHead", text="27  Employment arrangements if there is a transfer of business and a workplace agreement ceases t..."
[parser-unknown-class] "Subitem", text="(1) This item applies if:"
[parser-unknown-class] "Subitem", text="(2) Despite subsection 346ZB(2) of the WR Act (as that provision continues to apply because of th..."
[parser-unknown-class] "Subitem", text="(3) If, but for the original agreement having come into operation, a redundancy provision would, ..."
[parser-unknown-class] "Subitem", text="(4) If the original agreement is a workplace agreement as varied under Division 8 of Part 8 of th..."
[parser-unknown-class] "Subitem", text="(5) In this item:"
[parser-unknown-class] "ActHead8", text="Division 9—Miscellaneous"
[parser-unknown-class] "ItemHead", text="28  References to variations under Division 8"
[parser-unknown-class] "ItemHead", text="28A  Variations to pass no‑disadvantage test after WR Act repeal day"
[parser-unknown-class] "ItemHead", text="29  Documents taken to be workplace agreements, etc."
[parser-unknown-class] "ActHead7", text="Part 3—Transitional provisions relating to workplace determinations made under the WR Act"
[parser-unknown-class] "ItemHead", text="30  Continued application of WR Act prohibited content provisions"
[parser-unknown-class] "Subitem", text="(1) This item applies to a workplace determination made under the WR Act before the WR Act repeal..."
[parser-unknown-class] "Subitem", text="(2) Despite the repeal of section 506 of the WR Act, Subdivision B of Division 7 of Part 8 of tha..."
[parser-unknown-class] "ItemHead", text="31  Termination by approval general rule—continued application of lodgment provisions"
[parser-unknown-class] "Subitem", text="(1) This item applies to a termination of a workplace determination, if the termination has been ..."
[parser-unknown-class] "Subitem", text="(2) Despite the repeal of section 506 of the WR Act, the following provisions of that Act continu..."
[parser-unknown-class] "ItemHead", text="32  Modification—unlodged terminations must be lodged within 14 days"
[parser-unknown-class] "Subitem", text="(1) Despite item 31, if a termination to which that item applies is an unlodged termination:"
[parser-unknown-class] "Subitem", text="(2) If the termination is lodged after the end of the cut‑off period, the Workplace Authority Dir..."
[parser-unknown-class] "Subitem", text="(3) In this item:"
[parser-unknown-class] "ItemHead", text="33  Termination by the Commission—Commission may continue to deal with applications made before t..."
[parser-unknown-class] "Subitem", text="(1) This item applies to a workplace determination in relation to which an application has been m..."
[parser-unknown-class] "Subitem", text="(2) Despite the repeal of section 506 of the WR Act, the following provisions of that Act continu..."
[parser-unknown-class] "ItemHead", text="34  Documents taken to be workplace determinations, etc."
[parser-unknown-class] "ActHead6", text="Schedule 9—Minimum wages"
[parser-unknown-class] "ActHead7", text="Part 1—Preliminary"
[parser-unknown-class] "ItemHead", text="1  Meanings of employee and employer"
[parser-unknown-class] "ActHead7", text="Part 2—Special provisions relating to FWA’s first annual wage review"
[parser-unknown-class] "ItemHead", text="2  Period to which first annual wage review relates"
[parser-unknown-class] "ItemHead", text="3  Exercise of powers in advance of first annual wage review period"
[parser-unknown-class] "ItemHead", text="4  First national minimum wage order does not have to set full range of special national minimum ..."
[parser-unknown-class] "Subitem", text="(1) In its first annual wage review, FWA does not have to set a full range of special national mi..."
[parser-unknown-class] "Subitem", text="(2) However, FWA must set a special national minimum wage for a class or subclass of those employ..."
[parser-unknown-class] "Subitem", text="(3) If FWA does not set a full range of special national minimum wages in its first annual wage r..."
[parser-unknown-class] "Subitem", text="(4) FWA may advise persons or bodies about that process in any way FWA considers appropriate."
[parser-unknown-class] "Subitem", text="(5) Section 625 of the FW Act (which deals with delegation by the President of functions and powe..."
[parser-unknown-class] "ActHead7", text="Part 3—Continued application of WR Act provisions about minimum wages"
[parser-unknown-class] "ActHead8", text="Division 1—General provisions"
[parser-unknown-class] "ItemHead", text="5  Continuation of Australian Fair Pay and Conditions Standard wages provisions"
[parser-unknown-class] "Subitem", text="(1) Division 2 (other than as provided in subitem (2)) of Part 7 of the WR Act continues to apply..."
[parser-unknown-class] "Subitem", text="(2) The continued application of Division 2 of Part 7 of the WR Act has effect subject to the fol..."
[parser-unknown-class] "Subitem", text="(3) Without limiting subitem (1) (but subject to subitem (2)), each of the following, as it was u..."
[parser-unknown-class] "Subitem", text="(4) Despite item 6 of Schedule 2, the following provisions of Part 21 of the WR Act do not apply ..."
[parser-unknown-class] "ItemHead", text="5A  References to workplace agreements include references to enterprise agreements"
[parser-unknown-class] "Subitem", text="(1) The provisions of the WR Act that continue to apply because of item 5 have effect as if a ref..."
[parser-unknown-class] "Subitem", text="(2) Subitem (1) has effect unless the context otherwise requires and subject to the regulations."
[parser-unknown-class] "ItemHead", text="6  The employees who are covered by transitional minimum wage instruments"
[parser-unknown-class] "Subitem", text="(1) Transitional minimum wage instruments cover employees as provided in the following paragraphs:"
[parser-unknown-class] "Subitem", text="(2) However, a transitional APCS does not cover an employee (or an employer, or an employee organ..."
[parser-unknown-class] "ItemHead", text="7  Transitional minimum wage instruments can only be varied or terminated in limited circumstances"
[parser-unknown-class] "Subitem", text="(1) Despite anything in the continued AFPCS wages provisions, a transitional minimum wage instrum..."
[parser-unknown-class] "Subitem", text="(2) The AFPC can exercise its wage‑setting powers to vary a transitional minimum wage instrument ..."
[parser-unknown-class] "Subitem", text="(3) A transitional APCS can be varied in an annual wage review under the FW Act as provided for i..."
[parser-unknown-class] "Subitem", text="(4) A transitional APCS can be varied or terminated under:"
[parser-unknown-class] "ItemHead", text="8  Effect of termination"
[parser-unknown-class] "ItemHead", text="9  No loss of accrued rights or liabilities when transitional minimum wage instrument terminates ..."
[parser-unknown-class] "Subitem", text="(1) If a transitional minimum wage instrument terminates, or ceases to cover a person, that does ..."
[parser-unknown-class] "Subitem", text="(2) Any such investigation, legal proceeding or remedy may be instituted, continued or enforced a..."
[parser-unknown-class] "ActHead8", text="Division 2—Special provisions about transitional APCSs"
[parser-unknown-class] "ItemHead", text="10  Variation of transitional APCS in annual wage reviews under the FW Act"
[parser-unknown-class] "Subitem", text="(1) In an annual wage review, the FWC may make a determination varying a transitional APCS."
[parser-unknown-class] "Subitem", text="(2) For that purpose, Division 3 of Part 2‑6 of the FW Act (other than section 292) applies to a ..."
[parser-unknown-class] "ItemHead", text="11  Transitional APCS ceases to cover an employee if a modern award starts to cover the employee"
[parser-unknown-class] "ActHead8", text="Division 3—Special provisions about the FMW, special FMWs and the default casual loading"
[parser-unknown-class] "ItemHead", text="12  Cessation of coverage of transitional standard FMW etc."
[parser-unknown-class] "Subitem", text="(1) On the FW (safety net provisions) commencement day, the transitional standard FMW, any transi..."
[parser-unknown-class] "Subitem", text="(2) On the FW (safety net provisions) commencement day, FWA is taken to have made a national mini..."
[parser-unknown-class] "Subitem", text="(3) The hours for which a rate set in the transitional national minimum wage order is payable are..."
[parser-unknown-class] "ActHead7", text="Part 4—Universal application of minimum wages to employees: transitional instruments"
[parser-unknown-class] "ItemHead", text="13  Base rate of pay under agreement‑based transitional instrument must not be less than the mode..."
[parser-unknown-class] "SubitemHead", text="If employee is covered by a modern award that is in operation"
[parser-unknown-class] "Subitem", text="(1) If, on or after the FW (safety net provisions) commencement day:"
[parser-unknown-class] "Subitem", text="(2) If the instrument rate is less than the award rate, the transitional instrument has effect in..."
[parser-unknown-class] "SubitemHead", text="If employee is not covered by a modern award that is in operation"
[parser-unknown-class] "Subitem", text="(3) If, on or after the FW (safety net provisions) commencement day:"
[parser-unknown-class] "Subitem", text="(4) If the instrument rate is less than the employee’s order rate, the transitional instrument ha..."
[parser-unknown-class] "ItemHead", text="14  FWC may make determinations to phase‑in the effect of rate increases resulting from item 13 etc."
[parser-unknown-class] "Subitem", text="(1) On application by an employer to whom a transitional instrument applies, the FWC may make a d..."
[parser-unknown-class] "Subitem", text="(2) The FWC must not make a determination under this item in relation to an employer unless it is..."
[parser-unknown-class] "Subitem", text="(3) Item 13, and subitem 22(2) of Schedule 3, have effect in relation to an employer subject to a..."
[parser-unknown-class] "ItemHead", text="15  Enterprise agreement base rate of pay not to be less than transitional minimum wage instrumen..."
[parser-unknown-class] "Subitem", text="(1) If:"
[parser-unknown-class] "Subitem", text="(2) If the agreement rate is less than the instrument rate, the enterprise agreement has effect i..."
[parser-unknown-class] "ActHead7", text="Part 5—Provisions relating to Division 2B State instruments"
[parser-unknown-class] "ActHead8", text="Division 1—Universal application of minimum wages to employees: Division 2B State reference emplo..."
[parser-unknown-class] "ItemHead", text="16  Base rate of pay under Division 2B State award must not be less than national minimum wage or..."
[parser-unknown-class] "Subitem", text="(1) If, on or after the Division 2B referral commencement:"
[parser-unknown-class] "Subitem", text="(2) If the award rate is less than the employee’s order rate, the Division 2B State award has eff..."
[parser-unknown-class] "ItemHead", text="17  Base rate of pay under Division 2B State employment agreement must not be less than Division ..."
[parser-unknown-class] "SubitemHead", text="If employee is covered by a Division 2B State award or modern award that is in operation"
[parser-unknown-class] "Subitem", text="(1) If, on or after the Division 2B referral commencement:"
[parser-unknown-class] "Subitem", text="(2) If the agreement rate is less than the award rate, the Division 2B State employment agreement..."
[parser-unknown-class] "SubitemHead", text="If employee is not covered by a Division 2B State award or modern award that is in operation"
[parser-unknown-class] "Subitem", text="(3) If, on or after the Division 2B referral commencement:"
[parser-unknown-class] "Subitem", text="(4) If the agreement rate is less than the employee’s order rate, the Division 2B State employmen..."
[parser-unknown-class] "ItemHead", text="18  FWC may make determinations to phase‑in the effect of rate increases resulting from item 16 o..."
[parser-unknown-class] "Subitem", text="(1) On application by an employer to whom a Division 2B State instrument applies, the FWC may mak..."
[parser-unknown-class] "Subitem", text="(2) The FWC must not make a determination under this item in relation to an employer unless it is..."
[parser-unknown-class] "Subitem", text="(3) Items 16 and 17 have effect in relation to an employer subject to any determinations the FWC ..."
[parser-unknown-class] "ItemHead", text="19  Award/agreement free Division 2B State reference employee not to be paid less than State mini..."
[parser-unknown-class] "Subitem", text="(1) This item applies in relation to an employee and a period if:"
[parser-unknown-class] "Subitem", text="(2) The national minimum wage order has effect, in relation to the employee and the period, as if..."
[parser-unknown-class] "Subitem", text="(3) In working out the State minimum amount, any increases of rates (whether because of indexatio..."
[parser-unknown-class] "Subitem", text="(4) The State minimum wages instruments, in relation to the employee, are orders, decisions or ru..."
[parser-unknown-class] "Subitem", text="(5) This item has effect subject to the regulations, which may:"
[parser-unknown-class] "ActHead8", text="Division 2—Other matters"
[parser-unknown-class] "ItemHead", text="20  Variation of Division 2B State awards in annual wage reviews under the FW Act"
[parser-unknown-class] "Subitem", text="(1) In an annual wage review, the FWC may make a determination varying terms of a Division 2B Sta..."
[parser-unknown-class] "Subitem", text="(2) For that purpose, Division 3 of Part 2‑6 of the FW Act (other than section 292) applies to te..."
[parser-unknown-class] "ActHead6", text="Schedule 10—Equal remuneration"
[parser-unknown-class] "ActHead7", text="Part 1—Preliminary"
[parser-unknown-class] "ItemHead", text="1  Meaning of employee"
[parser-unknown-class] "ActHead7", text="Part 2—Equal remuneration orders under the FW Act"
[parser-unknown-class] "ItemHead", text="2  FWA must take into account AFPC’s final wage review"
[parser-unknown-class] "Subitem", text="(1) This item applies in relation to a decision whether to make an equal remuneration order under..."
[parser-unknown-class] "Subitem", text="(2) In deciding whether to make the equal remuneration order, FWA must take into account the outc..."
[parser-unknown-class] "ItemHead", text="3  Inconsistency with certain instruments and orders"
[parser-unknown-class] "Subitem", text="(1) A term of an instrument or order referred to in subitem (2) has no effect in relation to an e..."
[parser-unknown-class] "Subitem", text="(2) For the purposes of subitem (1), the instruments and orders are as follows:"
[parser-unknown-class] "ActHead7", text="Part 3—Equal remuneration orders under the WR Act"
[parser-unknown-class] "ItemHead", text="4  Continued effect of equal remuneration orders"
[parser-unknown-class] "Subitem", text="(1) An order (a WR Act equal remuneration order) that was:"
[parser-unknown-class] "Subitem", text="(2) A WR Act equal remuneration order may be varied or revoked by the FWC under subsections 603(1..."
[parser-unknown-class] "ItemHead", text="5  Inconsistency with certain instruments and orders"
[parser-unknown-class] "Subitem", text="(1) A term of an instrument or order referred to in subitem (2) has no effect in relation to an e..."
[parser-unknown-class] "Subitem", text="(2) For the purposes of subitem (1), the instruments and orders are as follows:"
[parser-unknown-class] "ActHead6", text="Schedule 11—Transfer of business"
[parser-unknown-class] "ActHead7", text="Part 1—Preliminary"
[parser-unknown-class] "ItemHead", text="1  Meanings of employee and employer"
[parser-unknown-class] "ActHead7", text="Part 2—Transmissions of business occurring before WR Act repeal day"
[parser-unknown-class] "ItemHead", text="2  General rule—continued application of WR Act"
[parser-unknown-class] "Subitem", text="(1) This Part applies if:"
[parser-unknown-class] "Subitem", text="(2) The following provisions of Part 11 of the WR Act (as modified by items 5 and 6 of this Sched..."
[parser-unknown-class] "Subitem", text="(2A) For the purpose of the continued application, by subitem (2), of Division 5 of Part 11 of th..."
[parser-unknown-class] "Subitem", text="(3) The following provisions of Schedule 9 to the WR Act (as modified by items 5 and 6 of this Sc..."
[parser-unknown-class] "ItemHead", text="3  Period for which transmitted transitional instrument etc. continues to cover or apply to new e..."
[parser-unknown-class] "SubitemHead", text="Transitional instrument covers new employer"
[parser-unknown-class] "Subitem", text="(1) If the new employer is covered by a transitional instrument in relation to a transferring emp..."
[parser-unknown-class] "Subitem", text="(2) However, paragraph (1)(b) does not apply in relation to a pre‑reform certified agreement if:"
[parser-unknown-class] "SubitemHead", text="Transitional APCS covers new employer"
[parser-unknown-class] "Subitem", text="(3) If a transferring employee’s employment with the new employer is covered by a transitional AP..."
[parser-unknown-class] "SubitemHead", text="Preserved redundancy provisions apply to new employer"
[parser-unknown-class] "Subitem", text="(4) If a redundancy provision applies to the new employer and a transferring employee because of ..."
[parser-unknown-class] "ItemHead", text="4  Effect of industry‑specific redundancy scheme in modern award in relation to preserved redunda..."
[parser-unknown-class] "ItemHead", text="5  Modification—applications to Commission in relation to transmission of certain transitional in..."
[parser-unknown-class] "SubitemHead", text="Certain provisions have effect subject to orders of the Commission"
[parser-unknown-class] "Subitem", text="(1) Subsection 585(1) of the WR Act (as it continues to apply because of subitem 2(2) of this Sch..."
[parser-unknown-class] "Subitem", text="(2) Subsection 595(1) of the WR Act (as it continues to apply because of subitem 2(2) of this Sch..."
[parser-unknown-class] "Subitem", text="(3) Subclauses 10(1), (2) and (3) of Schedule 9 to the WR Act (as they continue to apply because ..."
[parser-unknown-class] "Subitem", text="(4) Subclause 19(1) of Schedule 9 to the WR Act (as it continues to apply because of subitem 2(3)..."
[parser-unknown-class] "SubitemHead", text="Time within which application to Commission may be made"
[parser-unknown-class] "Subitem", text="(5) The following provisions of the WR Act (as they continue to apply because of item 2 of this S..."
[parser-unknown-class] "Subitem", text="(6) An application for an order under subitem (2) may be made not later than 90 days after the WR..."
[parser-unknown-class] "ItemHead", text="6  Modification—civil remedy provisions"
[parser-unknown-class] "SubitemHead", text="Modifications of Part 11 of the WR Act"
[parser-unknown-class] "Subitem", text="(1) The notes to the following provisions of the WR Act (as they continue to apply because of sub..."
[parser-unknown-class] "Subitem", text="(2) Note 1 to the following provisions of the WR Act (as they continue to apply because of subite..."
[parser-unknown-class] "SubitemHead", text="Modifications of Schedule 9 to the WR Act"
[parser-unknown-class] "Subitem", text="(3) The notes to the following provisions of the WR Act (as they continue to apply because of sub..."
[parser-unknown-class] "Subitem", text="(4) Note 1 to the following provisions of the WR Act (as they continue to apply because of subite..."
[parser-unknown-class] "ActHead7", text="Part 3—Transfers of business occurring on or after WR Act repeal day"
[parser-unknown-class] "ActHead8", text="Division 1—Transfers of business: transitional instruments"
[parser-unknown-class] "ItemHead", text="6A  Application of this Division"
[parser-unknown-class] "ItemHead", text="7  Application of FW Act in relation to transferring employees covered by transitional instrument"
[parser-unknown-class] "Subitem", text="(1) This item applies if:"
[parser-unknown-class] "Subitem", text="(2) This item applies regardless of whether:"
[parser-unknown-class] "Subitem", text="(3) Part 2‑8 of the FW Act (as modified by item 8 of this Schedule) applies in relation to the tr..."
[parser-unknown-class] "ItemHead", text="8  Modification—application of FW Act in relation to transitional instruments"
[parser-unknown-class] "Subitem", text="(1) Subsection 312(1) of the FW Act applies in relation to the transfer of business as if the fol..."
[parser-unknown-class] "Subitem", text="(2) Except as provided in subitems (3) to (5), Part 2‑8 of the FW Act applies in relation to the ..."
[parser-unknown-class] "Subitem", text="(3) Paragraph (2)(a) does not apply in relation to the reference to an enterprise agreement in pa..."
[parser-unknown-class] "Subitem", text="(4) Paragraph (2)(b) does not apply in relation to the reference to a modern award in subsection ..."
[parser-unknown-class] "Subitem", text="(5) The following provisions of Part 2‑8 of the FW Act apply in relation to the transfer of busin..."
[parser-unknown-class] "Subitem", text="(6) Paragraph 319(1)(b) of the FW Act applies in relation to the transfer of business as if the w..."
[parser-unknown-class] "ActHead8", text="Division 2—Transfer of preserved redundancy provisions during bridging period"
[parser-unknown-class] "ItemHead", text="9  Transfer of preserved redundancy provisions"
[parser-unknown-class] "Subitem", text="(1) This item applies if:"
[parser-unknown-class] "Subitem", text="(2) This item applies regardless of whether:"
[parser-unknown-class] "Subitem", text="(3) The redundancy provision applies to the new employer and the transferring employee after the ..."
[parser-unknown-class] "Subitem", text="(4) Subject to subitem (5), the redundancy provision prevails over any other redundancy provision..."
[parser-unknown-class] "Subitem", text="(5) However, if:"
[parser-unknown-class] "Subitem", text="(6) The redundancy provision continues to apply to the new employer and the transferring employee..."
[parser-unknown-class] "Subitem", text="(7) In this item:"
[parser-unknown-class] "ItemHead", text="10  Notification of transfer of preserved redundancy provisions"
[parser-unknown-class] "Subitem", text="(1) This item applies if one or more redundancy provisions apply to the new employer and a transf..."
[parser-unknown-class] "Subitem", text="(2) Within 28 days after the time the transferring employee becomes employed by the new employer,..."
[parser-unknown-class] "Subitem", text="(3) The notice must:"
[parser-unknown-class] "Subitem", text="(4) Subitem (2) does not apply if an enterprise agreement, workplace determination or ITEA starts..."
[parser-unknown-class] "ItemHead", text="11  Lodging copy of notice about preserved redundancy provisions with FWA"
[parser-unknown-class] "Subitem", text="(1) If the new employer gives a notice under subitem 10(2) of this Schedule to a transferring emp..."
[parser-unknown-class] "Subitem", text="(2) The notice must be lodged within 14 days after the day specified in paragraph (a) or (b) (as ..."
[parser-unknown-class] "Subitem", text="(3) A notice is lodged with FWA in accordance with this item only if it is actually received by FWA."
[parser-unknown-class] "ItemHead", text="12  FWA must issue receipt for lodgment"
[parser-unknown-class] "Subitem", text="(1) If a notice is lodged under item 11 of this Schedule, FWA must issue a receipt for the lodgment."
[parser-unknown-class] "Subitem", text="(2) The receipt must state that the notice was lodged under item 11 of this Schedule on a particu..."
[parser-unknown-class] "Subitem", text="(3) FWA must give a copy of the receipt to the person who lodged the notice under item 11 of this..."
[parser-unknown-class] "ActHead8", text="Division 3—Transfer of entitlements under the AFPCS during bridging period"
[parser-unknown-class] "ItemHead", text="13  Transfer of entitlements under the AFPCS"
[parser-unknown-class] "Subitem", text="(1) This item applies if:"
[parser-unknown-class] "Subitem", text="(2) This item applies regardless of whether:"
[parser-unknown-class] "Subitem", text="(3) Despite the repeal of Division 7 of Part 11 of the WR Act (which deals with an employee’s ent..."
[parser-unknown-class] "ActHead8", text="Division 4—Transfers of business: Division 2B State instruments"
[parser-unknown-class] "ItemHead", text="14  Application of this Division"
[parser-unknown-class] "ItemHead", text="15  Application of FW Act in relation to transferring employees covered by Division 2B State inst..."
[parser-unknown-class] "Subitem", text="(1) This item applies if:"
[parser-unknown-class] "Subitem", text="(2) Part 2‑8 of the FW Act (as modified by item 16 of this Schedule) applies in relation to the t..."
[parser-unknown-class] "ItemHead", text="16  Modification—application of FW Act in relation to Division 2B State instruments"
[parser-unknown-class] "Subitem", text="(1) Subsection 312(1) of the FW Act applies in relation to the transfer of business as if the fol..."
[parser-unknown-class] "Subitem", text="(2) Except as provided in subitems (3) to (5), Part 2‑8 of the FW Act applies in relation to the ..."
[parser-unknown-class] "Subitem", text="(3) Paragraph (2)(a) does not apply in relation to the reference to an enterprise agreement in pa..."
[parser-unknown-class] "Subitem", text="(4) Paragraph (2)(b) does not apply in relation to the reference to a modern award in subsection ..."
[parser-unknown-class] "Subitem", text="(5) The following provisions of Part 2‑8 of the FW Act apply in relation to the transfer of busin..."
[parser-unknown-class] "Subitem", text="(6) Paragraph 319(1)(b) of the FW Act applies in relation to the transfer of business as if the w..."
[parser-unknown-class] "Subitem", text="(7) If a transferable instrument that is a Division 2B State award starts to cover the new employ..."
[parser-unknown-class] "ActHead6", text="Schedule 12—General protections"
[parser-unknown-class] "ItemHead", text="1  Meanings of employee and employer"
[parser-unknown-class] "ItemHead", text="2  Application in relation to Australian Fair Pay and Conditions Standard"
[parser-unknown-class] "ItemHead", text="3  Application in relation to award‑based transitional instruments and agreement‑based transition..."
[parser-unknown-class] "Subitem", text="(1) Part 3‑1 of the FW Act has effect as if:"
[parser-unknown-class] "Subitem", text="(2) Without limiting subitem (1), paragraph 344(b) of the FW Act has effect in relation to the br..."
[parser-unknown-class] "ItemHead", text="4  Application in relation to Division 2B State instruments"
[parser-unknown-class] "ActHead6", text="Schedule 12A—Unfair dismissal"
[parser-unknown-class] "ItemHead", text="1  Meanings of employee and employer"
[parser-unknown-class] "ItemHead", text="2  Meaning of small business employer, for unfair dismissal purposes, prior to 1 January 2011"
[parser-unknown-class] "Subitem", text="(1) For the purposes of the application of Part 3‑2 of the FW Act in relation to the dismissal of..."
[parser-unknown-class] "Subitem", text="(2) The employer’s number of full‑time equivalent employees at the notice or dismissal time is wo..."
[parser-unknown-class] "BoxStep", text="Step 1. For each person who was an employee of the employer at any time during the period of 4 we..."
[parser-unknown-class] "BoxNote", text="Note: Subitem (3) sets out what are a person’s ordinary hours."
[parser-unknown-class] "BoxStep", text="Step 2. If, during the period, the person took leave to which subitem (4) applies, work out the n..."
[parser-unknown-class] "BoxStep", text="Step 3. Add together all of the numbers of ordinary hours worked out under step 1, and subtract a..."
[parser-unknown-class] "BoxStep", text="Step 4. Divide by 152 the number worked out under step 3. The result is the employer’s number of ..."
[parser-unknown-class] "BoxNote", text="Note: The number 152 is based on the maximum number of hours that a full‑time employee would work..."
[parser-unknown-class] "Subitem", text="(3) For the purposes of step 1 of the method statement in subitem (2), the ordinary hours of work..."
[parser-unknown-class] "Subitem", text="(4) This subitem applies to leave, whether paid or unpaid, that the person took if:"
[parser-unknown-class] "Subitem", text="whether or not the person took any other kind of paid leave while taking that leave."
[parser-unknown-class] "Subitem", text="(5) For the purposes of this item, a national system employer and the employer’s associated entit..."
[parser-unknown-class] "Subitem", text="(6) This item has effect despite section 23 of the FW Act."
[parser-unknown-class] "ActHead6", text="Schedule 13—Bargaining and industrial action"
[parser-unknown-class] "ActHead7", text="Part 1—Preliminary"
[parser-unknown-class] "ItemHead", text="1  Meanings of employee and employer"
[parser-unknown-class] "ActHead7", text="Part 2—Bargaining"
[parser-unknown-class] "ItemHead", text="2  Employee covered by individual agreement‑based transitional instrument or individual Division ..."
[parser-unknown-class] "Subitem", text="(1) This item applies to an employee at a particular time if, at that time, an individual agreeme..."
[parser-unknown-class] "Subitem", text="(2) The employee is only taken, for the purposes of the FW Act, to be at that time an employee wh..."
[parser-unknown-class] "Subitem", text="(3) Despite subitem (2), an employer must give a notice of employee representational rights to an..."
[parser-unknown-class] "ItemHead", text="3  Application for bargaining order where certain collective agreement‑based transitional instrum..."
[parser-unknown-class] "ActHead7", text="Part 3—Industrial action"
[parser-unknown-class] "ItemHead", text="4  Industrial action must not be taken before the nominal expiry date of agreement‑based transiti..."
[parser-unknown-class] "Subitem", text="(1) The following provisions of the FW Act:"
[parser-unknown-class] "Subitem", text="(2) Subitem (1) does not apply to an individual agreement‑based transitional instrument or an ind..."
[parser-unknown-class] "Subitem", text="(3) For the purposes of subitem (1), the reference in subsection 417(1) of the FW Act to the day ..."
[parser-unknown-class] "ItemHead", text="5  Applications on foot under sections 496 and 497 of the WR Act"
[parser-unknown-class] "Subitem", text="(1) Despite the repeal of sections 496 and 497 of the WR Act, if:"
[parser-unknown-class] "Subitem", text="(2) To avoid doubt, if the Commission or the Court does not make an order, or grant an injunction..."
[parser-unknown-class] "ItemHead", text="6  Continuation of section 496 and 497 orders and injunctions"
[parser-unknown-class] "ItemHead", text="7  Civil remedy provisions of FW Act apply to section 496 orders"
[parser-unknown-class] "ItemHead", text="8  Effect of orders terminating bargaining periods upon industrial action related workplace deter..."
[parser-unknown-class] "Subitem", text="(1) This item applies if one of the following is in force in relation to a proposed collective ag..."
[parser-unknown-class] "Subitem", text="(2) Divisions 3 and 5 of Part 2‑5 of the FW Act have effect, on and after the WR Act repeal day, ..."
[parser-unknown-class] "ItemHead", text="9  Commission must not deal further with applications, appeals or reviews relating to bargaining ..."
[parser-unknown-class] "ItemHead", text="10  Effect of suspension or termination orders on or after the WR Act repeal day"
[parser-unknown-class] "ItemHead", text="11  Notices of industrial action of no effect on or after WR Act repeal day"
[parser-unknown-class] "ActHead7", text="Part 4—Protected action ballots"
[parser-unknown-class] "ItemHead", text="12  Commission must not deal further with application, appeal or review relating to ballot order"
[parser-unknown-class] "ItemHead", text="13  Ballot orders and authorisations have no effect on or after WR Act repeal day"
[parser-unknown-class] "Subitem", text="(1) A ballot order under subsection 451(1) of the WR Act, or a ballot or authorisation under such..."
[parser-unknown-class] "Subitem", text="(2) This item has effect subject to items 14A and 15."
[parser-unknown-class] "ItemHead", text="14  Continuation of sections 476, 477 and 479 of the WR Act for protected action ballots complete..."
[parser-unknown-class] "Subitem", text="The following provisions of Part 9 of the WR Act continue to apply in relation to a ballot comple..."
[parser-unknown-class] "ItemHead", text="14A  FWA may order that industrial action is taken to be authorised by a protected action ballot"
[parser-unknown-class] "Subitem", text="(1) A person who is a bargaining representative for a proposed enterprise agreement may apply to ..."
[parser-unknown-class] "Subitem", text="(2) The application must be made within 28 days after the WR Act repeal day."
[parser-unknown-class] "Subitem", text="(3) FWA may order that industrial action that was authorised under section 478 of the WR Act in r..."
[parser-unknown-class] "Subitem", text="(4) Industrial action that is taken to be authorised because of the operation of subitem (3) is o..."
[parser-unknown-class] "Subitem", text="(5) For the purposes of subsection 414(3) of the FW Act, the results of the protected action ball..."
[parser-unknown-class] "ItemHead", text="15  Continuing liability for cost of protected action ballot"
[parser-unknown-class] "ItemHead", text="16  Record‑keeping requirements relating to protected action ballot conducted under WR Act"
[parser-unknown-class] "ItemHead", text="17  Restriction on when protected action ballot orders may be made—certain agreement‑based transi..."
[parser-unknown-class] "Subitem", text="(1) This item applies if one or more of the following instruments cover the employees who will be..."
[parser-unknown-class] "Subitem", text="(2) An application for a protected action ballot order must not be made under subsection 437(1) o..."
[parser-unknown-class] "Subitem", text="(3) To avoid doubt, making an application for a protected action ballot order does not constitute..."
[parser-unknown-class] "ActHead7", text="Part 5—Effect of conduct engaged in while bargaining for WR Act collective agreement or collectiv..."
[parser-unknown-class] "ItemHead", text="18  FWC may take into account conduct engaged in by bargaining representatives while bargaining f..."
[parser-unknown-class] "Subitem", text="(1) This item applies if:"
[parser-unknown-class] "Subitem", text="(1A) This item applies if:"
[parser-unknown-class] "Subitem", text="(2) If this item applies because of subitem (1) or (1A), the FWC may take into account the conduc..."
[parser-unknown-class] "ActHead7", text="Part 6—Payments relating to periods of industrial action"
[parser-unknown-class] "ItemHead", text="19  Payments relating to pre‑commencement periods of industrial action etc."
[parser-unknown-class] "Subitem", text="(1) If industrial action (whether or not protected action) is engaged in before the commencement ..."
[parser-unknown-class] "Subitem", text="(2) If:"
[parser-unknown-class] "ItemHead", text="20  Application of Division 9 of Part 3‑3 of the FW Act"
[parser-unknown-class] "ActHead6", text="Schedule 14—Right of entry"
[parser-unknown-class] "ItemHead", text="1  Entry permits"
[parser-unknown-class] "ItemHead", text="2  Entry notices and exemption certificates"
[parser-unknown-class] "Subitem", text="(1) An entry notice properly given:"
[parser-unknown-class] "Subitem", text="(2) An exemption certificate properly issued by a Registrar:"
[parser-unknown-class] "ItemHead", text="3  Contravention of Acts etc."
[parser-unknown-class] "ItemHead", text="4  Notice to produce documents"
[parser-unknown-class] "ItemHead", text="6  Suspending or revoking entry permits"
[parser-unknown-class] "ItemHead", text="7  Continued application of WR Act"
[parser-unknown-class] "Subitem", text="(1) An instrument that, because of this Schedule, has effect under the FW Act continues, in addit..."
[parser-unknown-class] "Subitem", text="(2) Any suspension or revocation of, or imposition of conditions on, an entry permit under the WR..."
[parser-unknown-class] "Subitem", text="(3) Despite item 11 of Schedule 2, disputes about the operation of Part 15 of the WR Act that cou..."
[parser-unknown-class] "Subitem", text="(4) For the purposes of subitem (3), section 505 of the FW Act applies:"
[parser-unknown-class] "ActHead6", text="Schedule 15—Stand down"
[parser-unknown-class] "ItemHead", text="1  Meanings of employee and employer"
[parser-unknown-class] "ItemHead", text="2  Application of FW Act—stand down under transitional instruments"
[parser-unknown-class] "ItemHead", text="3  Transitional instruments providing for authorisation by third party"
[parser-unknown-class] "ItemHead", text="4  Application of FW Act—stand down under Division 2B State instruments"
[parser-unknown-class] "ActHead6", text="Schedule 16—Compliance"
[parser-unknown-class] "ItemHead", text="1  Meanings of employee and employer"
[parser-unknown-class] "ItemHead", text="2  Compliance with transitional instruments"
[parser-unknown-class] "SubitemHead", text="Award‑based transitional instruments"
[parser-unknown-class] "Subitem", text="(1) A person must not contravene a term of an award‑based transitional instrument that applies to..."
[parser-unknown-class] "SubitemHead", text="Agreement‑based transitional instruments"
[parser-unknown-class] "Subitem", text="(2) A person must not contravene a term of an agreement‑based transitional instrument that applie..."
[parser-unknown-class] "ItemHead", text="3  Compliance with obligations relating to conditional terminations of individual agreement‑based..."
[parser-unknown-class] "Subitem", text="(1) An employer must not contravene subitem 18(6) of Schedule 3."
[parser-unknown-class] "Subitem", text="(2) A bargaining representative who applies to the FWC for approval of an enterprise agreement mu..."
[parser-unknown-class] "ItemHead", text="4  Compliance with obligation to notify employees about preserved redundancy provisions"
[parser-unknown-class] "ItemHead", text="4A  Compliance with Division 2B State instruments"
[parser-unknown-class] "SubitemHead", text="Division 2B State awards"
[parser-unknown-class] "Subitem", text="(1) A person must not contravene a term of a Division 2B State award that applies to the person."
[parser-unknown-class] "SubitemHead", text="Division 2B State employment agreements"
[parser-unknown-class] "Subitem", text="(2) A person must not contravene a term of a Division 2B State employment agreement that applies ..."
[parser-unknown-class] "ItemHead", text="4B  Compliance with obligations relating to conditional terminations of individual Division 2B St..."
[parser-unknown-class] "Subitem", text="(1) An employer must not contravene subitem 25(6) of Schedule 3A."
[parser-unknown-class] "Subitem", text="(2) A bargaining representative who applies to the FWC for approval of an enterprise agreement mu..."
[parser-unknown-class] "ItemHead", text="4C  Compliance with obligation to notify employees about automatic sunsetting"
[parser-unknown-class] "Subitem", text="(1) An employer must not contravene subitem 20A(3) of Schedule 3."
[parser-unknown-class] "Subitem", text="(2) An employer must not contravene subitem 26A(3) of Schedule 3A."
[parser-unknown-class] "Subitem", text="(3) An employer must not contravene subitem 30(3) of Schedule 7."
[parser-unknown-class] "ItemHead", text="5  Compliance with transitional APCSs, the transitional FMW and transitional special FMWs"
[parser-unknown-class] "ItemHead", text="6  Compliance with minimum entitlements"
[parser-unknown-class] "SubitemHead", text="Minimum entitlements"
[parser-unknown-class] "Subitem", text="(1) A person must not contravene any of the following provisions:"
[parser-unknown-class] "SubitemHead", text="Extended operation of parental leave"
[parser-unknown-class] "Subitem", text="(2) A person must not contravene Division 6 of Part 12 of the WR Act as it continues to apply und..."
[parser-unknown-class] "ItemHead", text="7  Compliance with take‑home pay orders"
[parser-unknown-class] "ItemHead", text="7A  Compliance with transitional pay equity orders and orders to continue effect of terms relatin..."
[parser-unknown-class] "Subitem", text="(1) A person must not contravene a term of a transitional pay equity order that applies to the pe..."
[parser-unknown-class] "Subitem", text="(2) A person must not contravene an order under item 30 of Schedule 3A that continues the effect ..."
[parser-unknown-class] "ItemHead", text="8  Compliance with continued provisions relating to workplace agreements"
[parser-unknown-class] "Subitem", text="(1) A person must not contravene any of the following provisions of the WR Act as the provision c..."
[parser-unknown-class] "Subitem", text="(2) A person must not contravene any of the following provisions of the WR Act as the provision c..."
[parser-unknown-class] "Subitem", text="(3) A person must not contravene subsection 334(2) of the WR Act as that subsection continues to ..."
[parser-unknown-class] "Subitem", text="(4) A person must not contravene subsection 365(1), 366(1), 400(3), 400(5) or 401(1) of the WR Ac..."
[parser-unknown-class] "ItemHead", text="9  Compliance with continued provisions relating to workplace agreements"
[parser-unknown-class] "Subitem", text="(1) This item applies to the following provisions of the WR Act as the provisions continue to app..."
[parser-unknown-class] "Subitem", text="(2) Subdivision C of Division 11 of Part 8 of the WR Act continues to apply, on and after the WR ..."
[parser-unknown-class] "ItemHead", text="10  Compliance with WR Act equal remuneration orders"
[parser-unknown-class] "ItemHead", text="11  Transfer of business—compliance with notice requirements"
[parser-unknown-class] "Subitem", text="(1) A person must not contravene subsection 599(4) of the WR Act as it continues to apply because..."
[parser-unknown-class] "Subitem", text="(2) A person must not contravene any of the following provisions of the WR Act as they continue t..."
[parser-unknown-class] "Subitem", text="(3) A person must not contravene subitem 10(2) of Schedule 11."
[parser-unknown-class] "Subitem", text="(4) A person must not contravene subitem 11(1) of Schedule 11."
[parser-unknown-class] "Subitem", text="(5) A person must not contravene subsection 599(4) of the WR Act as applied by item 13 of Schedul..."
[parser-unknown-class] "ItemHead", text="12  Non‑disclosure obligation—information acquired under FW Act that identifies an employee as an..."
[parser-unknown-class] "Subitem", text="(1) A person who:"
[parser-unknown-class] "Subitem", text="(2) Subitem (1) does not apply if:"
[parser-unknown-class] "Subitem", text="(3) In this item:"
[parser-unknown-class] "ItemHead", text="13  Non‑disclosure obligation—protected ballot information acquired under the WR Act"
[parser-unknown-class] "Subitem", text="(1) A person who acquires protected ballot information in the course of performing functions or e..."
[parser-unknown-class] "Subitem", text="(2) Subitem (1) does not apply if:"
[parser-unknown-class] "Subitem", text="(3) In this item:"
[parser-unknown-class] "ItemHead", text="14  Compliance with continued provisions relating to protected action ballots"
[parser-unknown-class] "ItemHead", text="15  Continuing Schedule 6 instruments"
[parser-unknown-class] "Subitem", text="(1) A person must not contravene a term of a continuing Schedule 6 instrument that applies to the..."
[parser-unknown-class] "Subitem", text="(2) A transitional employer must not contravene subclause 72J(2) or 72K(1), (2) or (3) of continu..."
[parser-unknown-class] "ItemHead", text="16  Application of FW Act to civil remedy provisions under this Act"
[parser-unknown-class] "Subitem", text="(1) Part 4‑1 of the FW Act applies as if:"
[parser-unknown-class] "SubitemHead", text="Outworkers"
[parser-unknown-class] "Subitem", text="(2) For the purposes of table items 38, 39, 40, 40A, 44A, 44B, 44C, 44D, 48, 60 and 61 in subitem..."
[parser-unknown-class] "Subitem", text="(3) Section 570 of the FW Act applies in relation to proceedings that relate to any of items 2 to..."
[parser-unknown-class] "Subitem", text="(4) Section 571 of the FW Act applies as if the reference to a pecuniary penalty imposed under th..."
[parser-unknown-class] "ItemHead", text="17  No injunctions in relation to certain contraventions"
[parser-unknown-class] "ItemHead", text="18  Application of safety net contractual entitlements"
[parser-unknown-class] "ItemHead", text="19   Regulations dealing with civil penalties"
[parser-unknown-class] "Subitem", text="(1) The regulations may provide for civil penalties for contravention of this Act or of the WR Ac..."
[parser-unknown-class] "Subitem", text="(2) The penalties for contravention must not be more than:"
[parser-unknown-class] "ActHead6", text="Schedule 17—Amendments relating to the Fair Work Divisions of the Federal Court and the Federal M..."
[parser-unknown-class] "ActHead7", text="Part 1—Amendments to the Federal Court of Australia Act 1976"
[parser-unknown-class] "ActHead9", text="Federal Court of Australia Act 1976"
[parser-unknown-class] "ItemHead", text="1  Section 4"
[parser-unknown-class] "ItemHead", text="2  Section 4 (definition of Full Court)"
[parser-unknown-class] "ItemHead", text="3  After section 6"
[parser-unknown-class] "ItemHead", text="4  Section 7"
[parser-unknown-class] "ItemHead", text="5  At the end of section 7"
[parser-unknown-class] "ItemHead", text="6  After section 12"
[parser-unknown-class] "ItemHead", text="7  After subsection 15(1)"
[parser-unknown-class] "ItemHead", text="8  At the end of Division 1 of Part IIA"
[parser-unknown-class] "ItemHead", text="9  Subsection 43(1)"
[parser-unknown-class] "ActHead7", text="Part 2—Amendments to the Federal Magistrates Act 1999"
[parser-unknown-class] "ActHead9", text="Federal Magistrates Act 1999"
[parser-unknown-class] "ItemHead", text="10  Section 4"
[parser-unknown-class] "ItemHead", text="11  Section 5"
[parser-unknown-class] "ItemHead", text="12  After section 10"
[parser-unknown-class] "ItemHead", text="13  After subsection 12(3)"
[parser-unknown-class] "ItemHead", text="14  Subsection 79(1)"
[parser-unknown-class] "ItemHead", text="15  Subsection 79(1) (at the end of the note)"
[parser-unknown-class] "ItemHead", text="16  After clause 1 of Schedule 1"
[parser-unknown-class] "ItemHead", text="17  At the end of clause 10 of Schedule 1"
[parser-unknown-class] "ActHead7", text="Part 3—Other amendments"
[parser-unknown-class] "ActHead9", text="Administrative Decisions (Judicial Review) Act 1977"
[parser-unknown-class] "ItemHead", text="18  Paragraph (a) of Schedule 1"
[parser-unknown-class] "ActHead7", text="Part 4—Application and transitional provisions"
[parser-unknown-class] "ItemHead", text="19  Application of Part 1"
[parser-unknown-class] "Subitem", text="(1) The amendments made by Part 1 of this Schedule (other than item 8) apply:"
[parser-unknown-class] "Subitem", text="(2) A person who is a Judge (other than the Chief Justice) of the Federal Court immediately befor..."
[parser-unknown-class] "ItemHead", text="20  Application of Part 2"
[parser-unknown-class] "Subitem", text="(1) The amendments made by Part 2 of this Schedule apply:"
[parser-unknown-class] "Subitem", text="(2) A person who is a Federal Magistrate (other than the Chief Federal Magistrate) of the Federal..."
[parser-unknown-class] "ActHead7", text="Part 5—Jurisdiction of courts"
[parser-unknown-class] "ItemHead", text="21  Conferring jurisdiction on the Federal Court"
[parser-unknown-class] "ItemHead", text="22  Exercising jurisdiction in the Fair Work Division of the Federal Court"
[parser-unknown-class] "ItemHead", text="23  No limitation on Federal Court’s powers"
[parser-unknown-class] "ItemHead", text="24  Appeals from eligible State or Territory courts"
[parser-unknown-class] "Subitem", text="(1) An appeal lies to the Federal Court from a decision of an eligible State or Territory court e..."
[parser-unknown-class] "Subitem", text="(2) It is not necessary to obtain the leave of the Federal Court, or the court appealed from, in ..."
[parser-unknown-class] "Subitem", text="(3) No appeal lies from a decision referred to in subitem (1), except as provided for by this item."
[parser-unknown-class] "ItemHead", text="25  Conferring jurisdiction on the Federal Circuit and Family Court of Australia (Division 2)"
[parser-unknown-class] "ItemHead", text="26  Exercising jurisdiction in the Fair Work Division of the Federal Circuit and Family Court of ..."
[parser-unknown-class] "ItemHead", text="27  No limitation on powers of the Federal Circuit and Family Court of Australia (Division 2)"
[parser-unknown-class] "ActHead6", text="Schedule 18—Institutions"
[parser-unknown-class] "ActHead7", text="Part 1—Initial appointment of FWA Members"
[parser-unknown-class] "ItemHead", text="1  Appointments to Fair Work Australia"
[parser-unknown-class] "Subitem", text="(1) An appointment that is:"
[parser-unknown-class] "Subitem", text="(2) Subitem (1) does not apply to a member of the Commission who:"
[parser-unknown-class] "SubitemHead", text="Dual appointments"
[parser-unknown-class] "Subitem", text="(3) Despite any provision of the WR Act or the FW Act, a person who is taken to have been appoint..."
[parser-unknown-class] "ItemHead", text="2  Terms and conditions"
[parser-unknown-class] "Subitem", text="(1) A person who is taken to have been appointed as an FWA Member under item 1 of this Schedule:"
[parser-unknown-class] "Subitem", text="(2) To avoid doubt, subitem (1):"
[parser-unknown-class] "Subitem", text="(3) For the purposes of determining the remuneration of a person who is taken to have been appoin..."
[parser-unknown-class] "ItemHead", text="3  Protection of members of the Commission and FWA"
[parser-unknown-class] "ItemHead", text="4  Seniority of FWA members who become FWC members"
[parser-unknown-class] "ItemHead", text="5  Procedural rules"
[parser-unknown-class] "ItemHead", text="6  Directions by President"
[parser-unknown-class] "Subitem", text="(1) The President of the Commission may give directions to a person who is taken to be appointed ..."
[parser-unknown-class] "Subitem", text="(2) The direction must not relate to a decision by the Commission."
[parser-unknown-class] "Subitem", text="(3) A person to whom a direction is given must comply with the direction."
[parser-unknown-class] "Subitem", text="(4) If a direction is in writing, the direction is not a legislative instrument."
[parser-unknown-class] "ItemHead", text="6A  Dealing with a complaint about an FWC Member"
[parser-unknown-class] "Subitem", text="(1) This item applies in relation to an FWC member who is a person taken to have been appointed a..."
[parser-unknown-class] "Subitem", text="(2) Section 581A of the FW Act (which deals with the President handling complaints about FWC Memb..."
[parser-unknown-class] "Subitem", text="(3) Section 641A of the FW Act (which deals with the Minister handling complaints about FWC Membe..."
[parser-unknown-class] "Subitem", text="(4) For the purposes of subitems (2) and (3), it does not matter whether:"
[parser-unknown-class] "Subitem", text="(5) In this item:"
[parser-unknown-class] "ActHead7", text="Part 2—WR Act bodies and WR Act offices"
[parser-unknown-class] "ItemHead", text="7  Continuation and cessation"
[parser-unknown-class] "Subitem", text="(1) Despite the WR Act repeal, a body (the WR Act body) or office (the WR Act office) set out in ..."
[parser-unknown-class] "Subitem", text="(2) To avoid doubt, an appointment to a WR Act body or a WR Act office in effect immediately befo..."
[parser-unknown-class] "Subitem", text="(3) Despite subitem (1), the Minister may, by writing, determine that a WR body or a WR Act offic..."
[parser-unknown-class] "Subitem", text="(4) A determination under subitem (3):"
[parser-unknown-class] "ItemHead", text="8  Transfer of assets and liabilities"
[parser-unknown-class] "Subitem", text="(1) The person referred to in column 1 of an item of the following table must arrange for the tra..."
[parser-unknown-class] "Subitem", text="(2) Despite subitem (1), the Minister may, before the WR Act repeal day, determine one or more of..."
[parser-unknown-class] "Subitem", text="(3) A determination under subitem (2):"
[parser-unknown-class] "Subitem", text="(4) In this item, a reference to an asset of a body includes a reference to a record or any other..."
[parser-unknown-class] "ItemHead", text="9  Information acquired under WR Act"
[parser-unknown-class] "ItemHead", text="10  Staffing arrangements"
[parser-unknown-class] "Subitem", text="(1) The General Manager of FWA may enter into an arrangement with the person referred to in colum..."
[parser-unknown-class] "Subitem", text="(2) The Fair Work Ombudsman may enter into an arrangement with the Workplace Authority Director t..."
[parser-unknown-class] "ItemHead", text="11  Performance of functions etc. after cessation time"
[parser-unknown-class] "Subitem", text="(1) After the cessation time for a WR Act body or a WR Act office, the powers, functions and duti..."
[parser-unknown-class] "Subitem", text="(2) For the purposes of subitem (1), a law of the Commonwealth that relates to the body or office..."
[parser-unknown-class] "Subitem", text="(3) Despite subitem (1), the Minister may, by writing, determine that a power, function or duty o..."
[parser-unknown-class] "Subitem", text="(4) A determination under subitem (3):"
[parser-unknown-class] "Subitem", text="(5) If the FWC, or another body or person, deals after the cessation time for a WR Act body or a ..."
[parser-unknown-class] "ItemHead", text="11A  Workplace inspectors to become Fair Work Inspectors"
[parser-unknown-class] "Subitem", text="(1) An appointment of a person as a workplace inspector that is in force under section 167 of the..."
[parser-unknown-class] "Subitem", text="(2) An identity card issued under section 168 of the WR Act to a person covered by subitem (1) ha..."
[parser-unknown-class] "Subitem", text="(3) Subitem (2) does not apply if the person is issued with an identity card under section 702 of..."
[parser-unknown-class] "ActHead7", text="Part 3—Transitional role for Fair Work Ombudsman and Inspectors"
[parser-unknown-class] "ItemHead", text="12  No continued application for Parts 5A and 6 of WR Act"
[parser-unknown-class] "Subitem", text="(1) Parts 5A and 6 of the WR Act (which deal with the Workplace Ombudsman and workplace inspector..."
[parser-unknown-class] "Subitem", text="(2) To avoid doubt, subitem (1) applies in relation to:"
[parser-unknown-class] "Subitem", text="(3) Subitem (2) does not limit subitem (1)."
[parser-unknown-class] "ItemHead", text="13  Conduct before WR Act repeal"
[parser-unknown-class] "SubitemHead", text="Applications to be made or continued by Fair Work Inspectors"
[parser-unknown-class] "Subitem", text="(1) For the purposes of the application of the WR Act in relation to conduct that occurred before..."
[parser-unknown-class] "SubitemHead", text="Application of Part 5‑2 of FW Act"
[parser-unknown-class] "Subitem", text="(2) Part 5‑2 of the FW Act applies in relation to conduct that occurred before the WR Act repeal ..."
[parser-unknown-class] "ItemHead", text="14  Conduct after WR Act repeal—application of Part 5‑2 of FW Act"
[parser-unknown-class] "ItemHead", text="14A  Conduct after Division 2B referral commencement—application of Part 5‑2 of FW Act"
[parser-unknown-class] "Subitem", text="(1) Part 5‑2 of the FW Act applies in relation to conduct that occurs on or after the Division 2B..."
[parser-unknown-class] "Subitem", text="(2) This item has effect in addition to item 14."
[parser-unknown-class] "ItemHead", text="15  Directions of Workplace Ombudsman"
[parser-unknown-class] "ItemHead", text="16  Disclosure of information acquired by workplace inspectors"
[parser-unknown-class] "ActHead7", text="Part 4—Miscellaneous"
[parser-unknown-class] "ItemHead", text="17  FWA annual report—operations of FWA"
[parser-unknown-class] "ItemHead", text="18  Annual report—operations of the Office of the Fair Work Ombudsman"
[parser-unknown-class] "ItemHead", text="19  Annual report—operations of the Office of the Workplace Ombudsman"
[parser-unknown-class] "Subitem", text="(1) The Fair Work Ombudsman (instead of the Workplace Ombudsman) must prepare the annual report o..."
[parser-unknown-class] "Subitem", text="(2) Subitem (1) applies whether or not section 166S of the WR Act is repealed before the end of t..."
[parser-unknown-class] "ItemHead", text="20  Report about developments in making agreements"
[parser-unknown-class] "ItemHead", text="20A  Report about unfair dismissal"
[parser-unknown-class] "Subitem", text="(1) The General Manager of the FWC must prepare a written report about the first 3 years operatio..."
[parser-unknown-class] "Subitem", text="(2) The report must deal with the experiences employers, and in particular small and medium‑sized..."
[parser-unknown-class] "Subitem", text="(3) To prepare the report, the General Manager of the FWC may do the following:"
[parser-unknown-class] "Subitem", text="(4) Where possible, the report should include:"
[parser-unknown-class] "Subitem", text="(5) The General Manager of the FWC must give the Minister the report as soon as practicable and, ..."
[parser-unknown-class] "Subitem", text="(6) The Minister must cause a copy of the report to be tabled in each House of the Parliament wit..."
[parser-unknown-class] "Subitem", text="(7) Subsections 34C(4) to (7) of the Acts Interpretation Act 1901 apply to the report as if it we..."
[parser-unknown-class] "Subitem", text="(8) In this item:"
[parser-unknown-class] "ItemHead", text="20B  Transferred employees"
[parser-unknown-class] "SubitemHead", text="Existing agreements to continue"
[parser-unknown-class] "Subitem", text="(1) This item applies if:"
[parser-unknown-class] "Subitem", text="(2) The collective agreement, AWA or pre‑reform AWA, as the case requires, has effect after the m..."
[parser-unknown-class] "SubitemHead", text="Agency Head to determine which agreement applies to new employee"
[parser-unknown-class] "Subitem", text="(3) If:"
[parser-unknown-class] "SubitemHead", text="Regulations"
[parser-unknown-class] "Subitem", text="(4) The regulations may provide for other matters of a transitional nature in relation to the tra..."
[parser-unknown-class] "SubitemHead", text="Definitions"
[parser-unknown-class] "Subitem", text="(5) In this item:"
[parser-unknown-class] "ActHead9", text="Fair Work Act 2009"
[parser-unknown-class] "ItemHead", text="21  Section 574A"
[parser-unknown-class] "ItemHead", text="21A  Paragraph 575(2)(d)"
[parser-unknown-class] "ItemHead", text="21B  Paragraph 622(2)(a)"
[parser-unknown-class] "ItemHead", text="21C  Before section 630"
[parser-unknown-class] "ItemHead", text="21D  Subparagraph 654(2)(a)(i)"
[parser-unknown-class] "ItemHead", text="21E  Subparagraph 654(2)(a)(ii)"
[parser-unknown-class] "ItemHead", text="21F  Paragraph 654(2)(b)"
[parser-unknown-class] "ItemHead", text="21G  After section 796"
[parser-unknown-class] "ItemHead", text="22  Schedule 1 to the Act"
[parser-unknown-class] "ActHead6", text="Schedule 19—Dealing with disputes"
[parser-unknown-class] "ItemHead", text="1  Continued application of WR Act"
[parser-unknown-class] "Subitem", text="(1) The WR Act continues to apply on and after the WR Act repeal day for the purposes of dealing ..."
[parser-unknown-class] "Subitem", text="(2) The WR Act applies in relation to a dispute mentioned in any of paragraphs (1)(a) to (c) in t..."
[parser-unknown-class] "ItemHead", text="2  Disputes to be dealt with by the FWC"
[parser-unknown-class] "Subitem", text="(1) Anything that could, or would, have been done by, or in relation to, the Commission or the In..."
[parser-unknown-class] "Subitem", text="(2) For the purposes of subitem (1), the WR Act is to be read:"
[parser-unknown-class] "Subitem", text="(3) This item does not apply in relation to a dispute if:"
[parser-unknown-class] "Subitem", text="(4) Subitem (1) applies despite subsection 595(1) of the FW Act."
[parser-unknown-class] "ActHead6", text="Schedule 20—WR Act transitional awards etc."
[parser-unknown-class] "ItemHead", text="1  Schedule 6 to the WR Act"
[parser-unknown-class] "Subitem", text="(1) Schedule 6 to the WR Act (continued Schedule 6) continues to apply on and after the WR Act re..."
[parser-unknown-class] "Subitem", text="(2) Except for instrument content rules and instrument interaction rules, nothing in this Schedul..."
[parser-unknown-class] "Subitem", text="(3) Without limiting subitem (1) (but subject to subitem (2)), transitional awards that were in o..."
[parser-unknown-class] "ItemHead", text="2  General modifications of references to the Australian Industrial Relations Commission etc."
[parser-unknown-class] "Subitem", text="(1) Continued Schedule 6 applies as if:"
[parser-unknown-class] "Subitem", text="(2) Subitem (1) has effect unless the context otherwise requires and subject to the regulations."
[parser-unknown-class] "ItemHead", text="3  Modifications relating to how the FWC is to perform functions under continued Schedule 6"
[parser-unknown-class] "Subitem", text="(1) Section 578 of the FW Act applies to the performance of the FWC’s functions under continued S..."
[parser-unknown-class] "Subitem", text="(2) Sections 589 to 597 of the FW Act do not apply to the performance of the FWC’s functions unde..."
[parser-unknown-class] "ItemHead", text="4  Modifications relating to transmission of business"
[parser-unknown-class] "ItemHead", text="5  Modifications relating to general protections"
[parser-unknown-class] "Subitem", text="(1) Continued Schedule 6 applies as if the reference in clause 19 to Part 16 were a reference to ..."
[parser-unknown-class] "Subitem", text="(2) Continued Schedule 6 applies as if clause 107A were omitted."
[parser-unknown-class] "ItemHead", text="6  Modifications relating to meaning of industrial action"
[parser-unknown-class] "ItemHead", text="7  Modifications relating to secret ballots"
[parser-unknown-class] "Subitem", text="(1) The new ballots compliance provisions (see subitem (2)) apply in relation to a secret ballot ..."
[parser-unknown-class] "Subitem", text="(2) The new ballots compliance provisions are:"
[parser-unknown-class] "ItemHead", text="8  Modifications relating to right of entry"
[parser-unknown-class] "Subitem", text="(1) Continued Schedule 6 applies as if clause 105 were omitted."
[parser-unknown-class] "Subitem", text="(2) Part 3‑4 of the FW Act applies in relation to a continuing Schedule 6 instrument as if:"
[parser-unknown-class] "ItemHead", text="9  Modifications relating to employee records etc."
[parser-unknown-class] "ItemHead", text="10  Modifications relating to compliance"
[parser-unknown-class] "ItemHead", text="11  Regulations may deal with other matters"
[parser-unknown-class] "ActHead6", text="Schedule 21—Clothing Trades Award 1999"
[parser-unknown-class] "ItemHead", text="1  Status of the Clothing Trades Award 1999"
[parser-unknown-class] "Subitem", text="(1) The Clothing Trades Award 1999, to the extent that it contains terms relating to outworkers, ..."
[parser-unknown-class] "Subitem", text="(2) Without limiting subitem (1), those terms (as varied from time to time) are taken always to h..."
[parser-unknown-class] "ActHead6", text="Schedule 22—Registered organisations"
[parser-unknown-class] "ActHead7", text="Part 1—Main amendments"
[parser-unknown-class] "ActHead9", text="Workplace Relations Act 1996"
[parser-unknown-class] "ItemHead", text="1  Title"
[parser-unknown-class] "ItemHead", text="2  Part 1 (heading)"
[parser-unknown-class] "ItemHead", text="3  Section 1"
[parser-unknown-class] "ItemHead", text="4  Schedule 1 (heading)"
[parser-unknown-class] "ItemHead", text="5  Chapter 1 of Schedule 1 (heading)"
[parser-unknown-class] "ItemHead", text="6  Section 1 of Schedule 1"
[parser-unknown-class] "ItemHead", text="7  After section 5A of Schedule 1"
[parser-unknown-class] "ItemHead", text="8  Section 6 of Schedule 1"
[parser-unknown-class] "ItemHead", text="9  Section 6 of Schedule 1 (definition of award)"
[parser-unknown-class] "ItemHead", text="10  Section 6 of Schedule 1 (definition of collective agreement)"
[parser-unknown-class] "ItemHead", text="11  Section 6 of Schedule 1 (definition of Commission)"
[parser-unknown-class] "ItemHead", text="11A  Section 6 of Schedule 1 (definition of constitutional trade or commerce)"
[parser-unknown-class] "ItemHead", text="12  Section 6 of Schedule 1"
[parser-unknown-class] "ItemHead", text="13  Section 6 of Schedule 1 (definition of Deputy Industrial Registrar)"
[parser-unknown-class] "ItemHead", text="14  Section 6 of Schedule 1"
[parser-unknown-class] "ItemHead", text="14A  Section 6 of Schedule 1 (definition of designated Commonwealth authority)"
[parser-unknown-class] "ItemHead", text="14B  Section 6 of Schedule 1 (definition of employee)"
[parser-unknown-class] "ItemHead", text="14C  Section 6 of Schedule 1 (definition of employer)"
[parser-unknown-class] "ItemHead", text="15  Section 6 of Schedule 1"
[parser-unknown-class] "ItemHead", text="16  Section 6 of Schedule 1"
[parser-unknown-class] "ItemHead", text="16A  Section 6 of Schedule 1 (paragraphs (a) and (b) of the definition of federal system employee)"
[parser-unknown-class] "ItemHead", text="16B  Section 6 of Schedule 1 (paragraph (c) of the definition of federal system employee)"
[parser-unknown-class] "ItemHead", text="16C  Section 6 of Schedule 1 (definition of federal system employer)"
[parser-unknown-class] "ItemHead", text="16D  Section 6 of Schedule 1 (definition of flight crew officer)"
[parser-unknown-class] "ItemHead", text="17  Section 6 of Schedule 1"
[parser-unknown-class] "ItemHead", text="18  Section 6 of Schedule 1"
[parser-unknown-class] "ItemHead", text="19  Section 6 of Schedule 1"
[parser-unknown-class] "ItemHead", text="20  Section 6 of Schedule 1 (definition of industrial action)"
[parser-unknown-class] "ItemHead", text="21  Section 6 of Schedule 1 (definition of Industrial Registrar)"
[parser-unknown-class] "ItemHead", text="22  Section 6 of Schedule 1 (definition of Industrial Registry)"
[parser-unknown-class] "ItemHead", text="22A  Section 6 of Schedule 1 (definition of maritime employee)"
[parser-unknown-class] "ItemHead", text="23  Section 6 of Schedule 1"
[parser-unknown-class] "ItemHead", text="24  Section 6 of Schedule 1 (definition of prescribed)"
[parser-unknown-class] "ItemHead", text="25  Section 6 of Schedule 1 (definition of Presidential member)"
[parser-unknown-class] "ItemHead", text="26  Section 6 of Schedule 1"
[parser-unknown-class] "ItemHead", text="27  Section 6 of Schedule 1 (definition of Registrar)"
[parser-unknown-class] "ItemHead", text="28  Section 6 of Schedule 1 (definition of registry)"
[parser-unknown-class] "ItemHead", text="29  Section 6 of Schedule 1 (definition of Registry official)"
[parser-unknown-class] "ItemHead", text="30  Section 6 of Schedule 1 (definition of State award)"
[parser-unknown-class] "ItemHead", text="31  Section 6 of Schedule 1"
[parser-unknown-class] "ItemHead", text="32  Section 6 of Schedule 1 (definition of this Schedule)"
[parser-unknown-class] "ItemHead", text="32A  Section 6 of Schedule 1 (definition of waterside worker)"
[parser-unknown-class] "ItemHead", text="33  Section 6 of Schedule 1 (definition of workplace inspector)"
[parser-unknown-class] "ItemHead", text="34  Section 6 of Schedule 1 (definition of Workplace Relations Act)"
[parser-unknown-class] "ItemHead", text="35  Section 6A of Schedule 1"
[parser-unknown-class] "ItemHead", text="36  Section 7 of Schedule 1"
[parser-unknown-class] "ItemHead", text="37  Section 14 of Schedule 1"
[parser-unknown-class] "ItemHead", text="37A  Subparagraph 18C(3)(c)(i) of Schedule 1"
[parser-unknown-class] "ItemHead", text="37B  Paragraph 18D(1)(a) of Schedule 1"
[parser-unknown-class] "ItemHead", text="37C  Paragraph 18D(3)(a) of Schedule 1"
[parser-unknown-class] "ItemHead", text="37D  Paragraph 18D(3A)(a) of Schedule 1"
[parser-unknown-class] "ItemHead", text="37E  After section 26 of Schedule 1"
[parser-unknown-class] "ItemHead", text="38  Paragraphs 28(1)(b) and (c) of Schedule 1"
[parser-unknown-class] "ItemHead", text="39  Subparagraph 73(2)(c)(ii) of Schedule 1"
[parser-unknown-class] "ItemHead", text="40  Paragraph 94(1)(c) of Schedule 1"
[parser-unknown-class] "ItemHead", text="40A  After section 171 of Schedule 1"
[parser-unknown-class] "ItemHead", text="40B  Paragraph 230(2)(b) of Schedule 1"
[parser-unknown-class] "ItemHead", text="41  Subparagraph 337A(b)(ii) of Schedule 1"
[parser-unknown-class] "ItemHead", text="42  Subparagraph 337A(b)(v) of Schedule 1"
[parser-unknown-class] "ItemHead", text="43  Section 337E of Schedule 1"
[parser-unknown-class] "ItemHead", text="44  Subsection 337K(5) of Schedule 1"
[parser-unknown-class] "ItemHead", text="45  Section 338 of Schedule 1"
[parser-unknown-class] "ItemHead", text="46  After section 339 of Schedule 1"
[parser-unknown-class] "ItemHead", text="47  At the end of section 340 of Schedule 1"
[parser-unknown-class] "ItemHead", text="48  At the end of section 341 of Schedule 1"
[parser-unknown-class] "ItemHead", text="49  After section 343 of Schedule 1"
[parser-unknown-class] "ItemHead", text="50  After section 351 of Schedule 1"
[parser-unknown-class] "ItemHead", text="50A  After section 353 of Schedule 1"
[parser-unknown-class] "ItemHead", text="51  Subsection 359(2) of Schedule 1 (note)"
[parser-unknown-class] "ItemHead", text="52  Schedule 10"
[parser-unknown-class] "ItemHead", text="53  Schedule 10 (note to heading)"
[parser-unknown-class] "ActHead7", text="Part 2—State and federal organisations"
[parser-unknown-class] "ActHead9", text="Workplace Relations Act 1996"
[parser-unknown-class] "ItemHead", text="54  Before section 6 of Schedule 1"
[parser-unknown-class] "ItemHead", text="55  Section 6 of Schedule 1"
[parser-unknown-class] "ItemHead", text="56  Section 6 of Schedule 1"
[parser-unknown-class] "ItemHead", text="57  Section 6 of Schedule 1"
[parser-unknown-class] "ItemHead", text="58  Section 6 of Schedule 1 (definition of transitionally registered association)"
[parser-unknown-class] "ItemHead", text="58A  After section 9 of Schedule 1"
[parser-unknown-class] "ItemHead", text="59  At the end of section 19 of Schedule 1"
[parser-unknown-class] "ItemHead", text="60  Subsection 138A(1) of Schedule 1"
[parser-unknown-class] "ItemHead", text="61  Subsection 138A(1) of Schedule 1"
[parser-unknown-class] "ItemHead", text="62  After Subdivision B of Division 4 of Part 2 of Chapter 5 of Schedule 1"
[parser-unknown-class] "ItemHead", text="62A  Subsection 158(1) of Schedule 1"
[parser-unknown-class] "ItemHead", text="63A  After section 158 of Schedule 1"
[parser-unknown-class] "ItemHead", text="64  Schedule 10 (heading)"
[parser-unknown-class] "ItemHead", text="65  Subclause 1(1) of Schedule 10 (definition of transitionally registered association)"
[parser-unknown-class] "ItemHead", text="66  Subclause 2(1) of Schedule 10"
[parser-unknown-class] "ItemHead", text="67  Subclause 2(6) of Schedule 10"
[parser-unknown-class] "ItemHead", text="68  Clause 3 of Schedule 10"
[parser-unknown-class] "ItemHead", text="69  Clause 3 of Schedule 10"
[parser-unknown-class] "ItemHead", text="70  At the end of clause 3 of Schedule 10"
[parser-unknown-class] "ItemHead", text="71  Subclause 4(1) of Schedule 10"
[parser-unknown-class] "ItemHead", text="72  Subclause 5(1) of Schedule 10"
[parser-unknown-class] "ItemHead", text="73  Subclause 5(1) of Schedule 10"
[parser-unknown-class] "ItemHead", text="74  Paragraphs 5(1)(b) and (c) of Schedule 10"
[parser-unknown-class] "ItemHead", text="75  Subclause 5(3) of Schedule 10"
[parser-unknown-class] "ItemHead", text="76  Subclause 5(5) of Schedule 10"
[parser-unknown-class] "ItemHead", text="77  Subclause 5(5) of Schedule 10"
[parser-unknown-class] "ItemHead", text="78  Subclause 5(6) of Schedule 10"
[parser-unknown-class] "ItemHead", text="79  Subclause 5(6) of Schedule 10"
[parser-unknown-class] "ItemHead", text="79A  Clause 6 of Schedule 10"
[parser-unknown-class] "ItemHead", text="80  Clause 6 of Schedule 10"
[parser-unknown-class] "ItemHead", text="81  Clause 6 of Schedule 10"
[parser-unknown-class] "ItemHead", text="82  Subparagraphs 6(c)(i) and (ii) of Schedule 10"
[parser-unknown-class] "ItemHead", text="82A  At the end of clause 6 of Schedule 10"
[parser-unknown-class] "ItemHead", text="83  Clause 7 of Schedule 10"
[parser-unknown-class] "ItemHead", text="84  At the end of the Act"
[parser-unknown-class] "ActHead7", text="Part 3—Representation orders"
[parser-unknown-class] "ActHead9", text="Workplace Relations Act 1996"
[parser-unknown-class] "ItemHead", text="85  Section 6 of Schedule 1"
[parser-unknown-class] "ItemHead", text="86  Section 6 of Schedule 1"
[parser-unknown-class] "ItemHead", text="87  Section 132 of Schedule 1"
[parser-unknown-class] "ItemHead", text="88  Subsection 133(1) of Schedule 1"
[parser-unknown-class] "ItemHead", text="89  After section 137 of Schedule 1"
[parser-unknown-class] "ItemHead", text="90  Section 138 of Schedule 1"
[parser-unknown-class] "ItemHead", text="91  Clause 3 of Schedule 10"
[parser-unknown-class] "ActHead7", text="Part 4—References to Schedules to the Workplace Relations Act"
[parser-unknown-class] "ActHead9", text="Fair Work Act 2009"
[parser-unknown-class] "ItemHead", text="92  Section 12 (paragraph (c) of the definition of industrial body)"
[parser-unknown-class] "ItemHead", text="93  Section 12 (paragraph (b) of the definition of industrial law)"
[parser-unknown-class] "ItemHead", text="94  Section 12 (definition of organisation)"
[parser-unknown-class] "ItemHead", text="95  Section 12 (paragraph (b) of the definition of workplace law)"
[parser-unknown-class] "ActHead9", text="Workplace Relations Act 1996"
[parser-unknown-class] "ItemHead", text="97  Subsections 5(1), (2), (3) and (4) of Schedule 1"
[parser-unknown-class] "ItemHead", text="98  Subsection 5(4) of Schedule 1 (note)"
[parser-unknown-class] "ItemHead", text="99  Subsections 5A(1) and (2) of Schedule 1"
[parser-unknown-class] "ItemHead", text="100  Section 6 of Schedule 1"
[parser-unknown-class] "ItemHead", text="101  Section 6 of Schedule 1 (paragraph (c) of the definition of demarcation dispute)"
[parser-unknown-class] "ItemHead", text="104  Section 6 of Schedule 1 (definition of organisation)"
[parser-unknown-class] "ItemHead", text="105  Section 6 of Schedule 1 (note at the end of the definition of organisation)"
[parser-unknown-class] "ItemHead", text="106  Section 6 of Schedule 1 (note at the end of the definition of organisation)"
[parser-unknown-class] "ItemHead", text="107  Subsections 9(1) and (2), 10(1), (2) and (3) and 11(1) and (2) of Schedule 1"
[parser-unknown-class] "ItemHead", text="108  Section 12 of Schedule 1"
[parser-unknown-class] "ItemHead", text="109  Paragraph 13(1)(b) of Schedule 1"
[parser-unknown-class] "ItemHead", text="110  Subsection 13(2) of Schedule 1"
[parser-unknown-class] "ItemHead", text="111  Section 15 of Schedule 1"
[parser-unknown-class] "ItemHead", text="112  Section 15 of Schedule 1 (note 1)"
[parser-unknown-class] "ItemHead", text="113  Section 15 of Schedule 1 (note 2)"
[parser-unknown-class] "ItemHead", text="114  Paragraphs 16(a) and (b), 18A(4)(a), 18B(5)(a), 18C(2)(k), 18C(5)(a) and 19(1)(e), (f) and (..."
[parser-unknown-class] "ItemHead", text="115  Subsection 19(3) of Schedule 1"
[parser-unknown-class] "ItemHead", text="116  Paragraphs 20(1)(d), (e) and (i), 21(3)(a), 22(3)(a) and 25(1)(a) of Schedule 1"
[parser-unknown-class] "ItemHead", text="117  Subsection 25(1) of Schedule 1 (note)"
[parser-unknown-class] "ItemHead", text="118  Subsections 26(2) and (4) of Schedule 1"
[parser-unknown-class] "ItemHead", text="119  Paragraph 28(1)(a) of Schedule 1"
[parser-unknown-class] "ItemHead", text="120  Subsection 28(5) of Schedule 1"
[parser-unknown-class] "ItemHead", text="121  Paragraph 29(2)(a) of Schedule 1"
[parser-unknown-class] "ItemHead", text="122  Sections 31 and 32 of Schedule 1"
[parser-unknown-class] "ItemHead", text="123  Subsections 36(3) and 38(5) of Schedule 1"
[parser-unknown-class] "ItemHead", text="124  Paragraphs 38(8)(c), 55(1)(d) and (e) and 57(1)(b) of Schedule 1"
[parser-unknown-class] "ItemHead", text="125  Subsection 60(6) of Schedule 1"
[parser-unknown-class] "ItemHead", text="126  Paragraph 62(3)(b) of Schedule 1"
[parser-unknown-class] "ItemHead", text="127  Subsection 65(4) of Schedule 1"
[parser-unknown-class] "ItemHead", text="128  Subparagraph 73(2)(c)(i) of Schedule 1"
[parser-unknown-class] "ItemHead", text="129  Subsection 87(2) of Schedule 1"
[parser-unknown-class] "ItemHead", text="130  Paragraph 92(a) of Schedule 1"
[parser-unknown-class] "ItemHead", text="131  Subsection 97(3) of Schedule 1"
[parser-unknown-class] "ItemHead", text="132  Paragraphs 133(1)(a), (b) and (c) and 135(b) of Schedule 1"
[parser-unknown-class] "ItemHead", text="133  Subsections 138A(1) and (2) and 140(1) and (2) of Schedule 1"
[parser-unknown-class] "ItemHead", text="134  Paragraphs 142(1)(a) and (c) of Schedule 1"
[parser-unknown-class] "ItemHead", text="135  Subparagraph 144(3)(a)(i) of Schedule 1"
[parser-unknown-class] "ItemHead", text="136  Subsection 146(5) of Schedule 1 (paragraph (a) of the definition of relevant provisions)"
[parser-unknown-class] "ItemHead", text="137  Section 150 of Schedule 1 (paragraph (b) of the definition of State union)"
[parser-unknown-class] "ItemHead", text="138  Subparagraphs 151(5)(a)(ia), (i) and (iii) of Schedule 1"
[parser-unknown-class] "ItemHead", text="139  Subsection 151(6) of Schedule 1"
[parser-unknown-class] "ItemHead", text="140  Paragraph 152(6)(a) of Schedule 1"
[parser-unknown-class] "ItemHead", text="141  Subsection 156(1) of Schedule 1"
[parser-unknown-class] "ItemHead", text="142  Subsection 158(6) of Schedule 1"
[parser-unknown-class] "ItemHead", text="143  Paragraphs 158(7)(a) and 159(1)(a) of Schedule 1"
[parser-unknown-class] "ItemHead", text="144  Sections 160 and 161 of Schedule 1"
[parser-unknown-class] "ItemHead", text="145  Subsection 164B(2) of Schedule 1 (note)"
[parser-unknown-class] "ItemHead", text="146  Sections 170 and 175 of Schedule 1"
[parser-unknown-class] "ItemHead", text="147  Paragraph 186(1)(a) of Schedule 1"
[parser-unknown-class] "ItemHead", text="148  Subparagraph 186(1)(b)(i) of Schedule 1"
[parser-unknown-class] "ItemHead", text="149  Paragraph 205(3)(a) of Schedule 1"
[parser-unknown-class] "ItemHead", text="150  Subsection 230(2) of Schedule 1 (note 2)"
[parser-unknown-class] "ItemHead", text="151  Section 239 of Schedule 1"
[parser-unknown-class] "ItemHead", text="152  Subparagraphs 246(2)(b)(i) and 249(5)(b)(i) of Schedule 1"
[parser-unknown-class] "ItemHead", text="153  Subsection 253(3) of Schedule 1 (note 2)"
[parser-unknown-class] "ItemHead", text="154  Subsection 256(7) of Schedule 1"
[parser-unknown-class] "ItemHead", text="155  Paragraph 257(11)(a) of Schedule 1"
[parser-unknown-class] "ItemHead", text="156  Subsection 261(2) of Schedule 1"
[parser-unknown-class] "ItemHead", text="157  Section 281 of Schedule 1"
[parser-unknown-class] "ItemHead", text="158  Subsection 285(2) of Schedule 1 (note)"
[parser-unknown-class] "ItemHead", text="159  Section 290 of Schedule 1"
[parser-unknown-class] "ItemHead", text="160  Paragraphs 293(2)(a), 297(1)(a), 298(1)(a), 299(1)(a), 300(1)(a), 301(1)(a), 302(1)(a) and 3..."
[parser-unknown-class] "ItemHead", text="161  Section 317 of Schedule 1"
[parser-unknown-class] "ItemHead", text="162  Section 317 of Schedule 1"
[parser-unknown-class] "ItemHead", text="163  Subsection 329(1) of Schedule 1"
[parser-unknown-class] "ItemHead", text="164  Subparagraphs 337A(d)(i) and (ii) of Schedule 1"
[parser-unknown-class] "ItemHead", text="165  Subsection 337F(1) of Schedule 1"
[parser-unknown-class] "ItemHead", text="166  Sections 337G, 337H and 337J of Schedule 1"
[parser-unknown-class] "ItemHead", text="167  Subsections 337K(1) and (2) of Schedule 1"
[parser-unknown-class] "ItemHead", text="168  Paragraph 337K(4)(a) of Schedule 1"
[parser-unknown-class] "ItemHead", text="169  Subsections 339(1), 340(1) and 341(1) of Schedule 1"
[parser-unknown-class] "ItemHead", text="170  Section 343 of Schedule 1"
[parser-unknown-class] "ItemHead", text="171  Subsections 344(1) and (2) of Schedule 1"
[parser-unknown-class] "ItemHead", text="172  Subsection 344(3) of Schedule 1 (note)"
[parser-unknown-class] "ItemHead", text="173  Section 351 of Schedule 1"
[parser-unknown-class] "ItemHead", text="174  Subsection 352(1) of Schedule 1"
[parser-unknown-class] "ItemHead", text="175  Section 353 of Schedule 1"
[parser-unknown-class] "ItemHead", text="176  Subsection 354(1) of Schedule 1"
[parser-unknown-class] "ItemHead", text="177  Section 357 of Schedule 1"
[parser-unknown-class] "ItemHead", text="178  Paragraphs 358(1)(a) and 359(1)(a) and (b), (2)(a), (b) and (e) of Schedule 1"
[parser-unknown-class] "ItemHead", text="179  Section 360 of Schedule 1"
[parser-unknown-class] "ItemHead", text="180  Subsection 362(3) of Schedule 1"
[parser-unknown-class] "ItemHead", text="181  Paragraph 363(2)(b) of Schedule 1"
[parser-unknown-class] "ItemHead", text="182  Subparagraph 367(9)(d)(i) of Schedule 1"
[parser-unknown-class] "ItemHead", text="183  Subclause 1(1) of Schedule 10 (definition of federal system employer)"
[parser-unknown-class] "ItemHead", text="184  Clause 7 of Schedule 10"
[parser-unknown-class] "ActHead7", text="Part 5—References to the Workplace Relations Act etc."
[parser-unknown-class] "ActHead9", text="Workplace Relations Act 1996"
[parser-unknown-class] "ItemHead", text="185  Subsection 5(2) of Schedule 1"
[parser-unknown-class] "ItemHead", text="186  Subsection 5(4) of Schedule 1 (note)"
[parser-unknown-class] "ItemHead", text="188  Section 6 of Schedule 1 (paragraph (c) of the definition of demarcation dispute)"
[parser-unknown-class] "ItemHead", text="191  Section 6 of Schedule 1 (note at the end of the definition of organisation)"
[parser-unknown-class] "ItemHead", text="192  Section 6 of Schedule 1 (definitions of public sector employment and State or Territory indu..."
[parser-unknown-class] "ItemHead", text="193  Section 6 of Schedule 1 (definition of State‑registered association)"
[parser-unknown-class] "ItemHead", text="194  Section 6 of Schedule 1 (definition of vocational placement)"
[parser-unknown-class] "ItemHead", text="195  Paragraphs 19(1)(e) and (i) of Schedule 1"
[parser-unknown-class] "ItemHead", text="196  Subsection 19(3) of Schedule 1"
[parser-unknown-class] "ItemHead", text="197  Paragraphs 20(1)(d) and (i) of Schedule 1"
[parser-unknown-class] "ItemHead", text="198  Subsection 25(1) of Schedule 1 (note)"
[parser-unknown-class] "ItemHead", text="199  Subsection 26(4) of Schedule 1 (note)"
[parser-unknown-class] "ItemHead", text="200  Paragraph 28(1)(a) of Schedule 1"
[parser-unknown-class] "ItemHead", text="201  Subparagraph 28(1)(d)(i) of Schedule 1"
[parser-unknown-class] "ItemHead", text="202  Subparagraph 28(1)(d)(ii) of Schedule 1"
[parser-unknown-class] "ItemHead", text="203  Subparagraph 28(1)(d)(iii) of Schedule 1"
[parser-unknown-class] "ItemHead", text="204  Subparagraph 28(1)(d)(iv) of Schedule 1"
[parser-unknown-class] "ItemHead", text="205  Subparagraph 28(1)(d)(iv) of Schedule 1"
[parser-unknown-class] "ItemHead", text="206  Subsection 28(7) of Schedule 1"
[parser-unknown-class] "ItemHead", text="207  Paragraph 29(2)(a) of Schedule 1"
[parser-unknown-class] "ItemHead", text="208  Subsection 38(5) of Schedule 1"
[parser-unknown-class] "ItemHead", text="209  Paragraphs 38(8)(c), 55(1)(d) and 57(1)(b) of Schedule 1"
[parser-unknown-class] "ItemHead", text="210  Subparagraph 73(2)(c)(i) of Schedule 1"
[parser-unknown-class] "ItemHead", text="211  Paragraph 80(1)(a) of Schedule 1"
[parser-unknown-class] "ItemHead", text="212  Subsection 87(2) of Schedule 1"
[parser-unknown-class] "ItemHead", text="213  Paragraph 92(a) of Schedule 1"
[parser-unknown-class] "ItemHead", text="214  Subparagraph 94(1)(a)(i) of Schedule 1"
[parser-unknown-class] "ItemHead", text="215  Paragraph 117(1)(a) of Schedule 1"
[parser-unknown-class] "ItemHead", text="216  Paragraphs 133(1)(a), (b) and (c) and 135(b) of Schedule 1"
[parser-unknown-class] "ItemHead", text="217  Subsection 138A(2) of Schedule 1"
[parser-unknown-class] "ItemHead", text="218  Paragraphs 142(1)(a) and (c) of Schedule 1"
[parser-unknown-class] "ItemHead", text="219  Subparagraph 144(3)(a)(i) of Schedule 1"
[parser-unknown-class] "ItemHead", text="220  Subsection 144(9) of Schedule 1"
[parser-unknown-class] "ItemHead", text="221  Subsection 144(9) of Schedule 1 (note)"
[parser-unknown-class] "ItemHead", text="222  Subparagraphs 151(5)(a)(i) and (iii) of Schedule 1"
[parser-unknown-class] "ItemHead", text="223  Subsection 151(6) of Schedule 1"
[parser-unknown-class] "ItemHead", text="224  Paragraph 152(6)(a) of Schedule 1"
[parser-unknown-class] "ItemHead", text="225  Subsection 158(6) of Schedule 1"
[parser-unknown-class] "ItemHead", text="226  Paragraphs 158(7)(a) and 159(1)(a) of Schedule 1"
[parser-unknown-class] "ItemHead", text="227  Sections 161, 170 and 175 of Schedule 1"
[parser-unknown-class] "ItemHead", text="228  Subsection 180(2) of Schedule 1"
[parser-unknown-class] "ItemHead", text="229  Subparagraphs 246(2)(b)(i) and 249(5)(b)(i) of Schedule 1"
[parser-unknown-class] "ItemHead", text="230  Subsection 255(5) of Schedule 1"
[parser-unknown-class] "ItemHead", text="231  Section 290 of Schedule 1"
[parser-unknown-class] "ItemHead", text="232  Paragraphs 293(2)(a), 297(1)(a), 298(1)(a), 299(1)(a), 300(1)(a), 301(1)(a), 302(1)(a) and 3..."
[parser-unknown-class] "ItemHead", text="233  Section 317 of Schedule 1"
[parser-unknown-class] "ItemHead", text="234  Subsections 345(2) and 346(2) of Schedule 1"
[parser-unknown-class] "ItemHead", text="235  Section 353 of Schedule 1"
[parser-unknown-class] "ItemHead", text="236  Subsection 362(3) of Schedule 1"
[parser-unknown-class] "ItemHead", text="237  Paragraph 363(2)(b) of Schedule 1"
[parser-unknown-class] "ItemHead", text="238  Subclause 1(1) of Schedule 10 (definition of notional agreement preserving State awards)"
[parser-unknown-class] "ItemHead", text="239  Subclause 1(1) of Schedule 10 (definition of notional agreement preserving State awards)"
[parser-unknown-class] "ItemHead", text="240  Subclause 1(1) of Schedule 10 (definition of preserved State agreement)"
[parser-unknown-class] "ItemHead", text="241  Subclause 1(1) of Schedule 10 (definition of preserved State agreement)"
[parser-unknown-class] "ItemHead", text="242  Subclause 1(2) of Schedule 10"
[parser-unknown-class] "ItemHead", text="243  Clause 3 of Schedule 10"
[parser-unknown-class] "ItemHead", text="245  Paragraph 5(1)(a) of Schedule 10"
[parser-unknown-class] "ItemHead", text="246  Paragraph 5(1)(a) of Schedule 10"
[parser-unknown-class] "ItemHead", text="247  Subparagraph 5(1)(d)(i) of Schedule 10"
[parser-unknown-class] "ItemHead", text="248  Subparagraphs 5(1)(d)(ii) and (iii) of Schedule 10"
[parser-unknown-class] "ItemHead", text="249  Subparagraph 5(1)(d)(iv) of Schedule 10"
[parser-unknown-class] "ItemHead", text="250  Subparagraph 5(1)(d)(v) of Schedule 10"
[parser-unknown-class] "ItemHead", text="251  At the end of subclause 5(1) of Schedule 10"
[parser-unknown-class] "ItemHead", text="252  Subclause 5(4) of Schedule 10"
[parser-unknown-class] "ActHead7", text="Part 6—References to the Commission etc."
[parser-unknown-class] "ActHead9", text="Workplace Relations Act 1996"
[parser-unknown-class] "ItemHead", text="253  Subsection 5(4) of Schedule 1 (note)"
[parser-unknown-class] "ItemHead", text="254  Section 6 of Schedule 1 (definition of Full Bench)"
[parser-unknown-class] "ItemHead", text="255  Section 6 of Schedule 1 (definition of President)"
[parser-unknown-class] "ItemHead", text="256  Section 17 of Schedule 1"
[parser-unknown-class] "ItemHead", text="257  Subsection 19(1) of Schedule 1"
[parser-unknown-class] "ItemHead", text="258  Paragraph 19(1)(e) of Schedule 1"
[parser-unknown-class] "ItemHead", text="259  Subsections 19(2), (3) and (4) of Schedule 1"
[parser-unknown-class] "ItemHead", text="260  Subsection 20(1) of Schedule 1"
[parser-unknown-class] "ItemHead", text="261  Paragraphs 20(1)(d) and (g) of Schedule 1"
[parser-unknown-class] "ItemHead", text="262  Subsection 20(1A) of Schedule 1"
[parser-unknown-class] "ItemHead", text="263  Subsection 20(1A) of Schedule 1 (note)"
[parser-unknown-class] "ItemHead", text="264  Subsection 20(2) of Schedule 1"
[parser-unknown-class] "ItemHead", text="265  Paragraph 21(4)(c) of Schedule 1"
[parser-unknown-class] "ItemHead", text="266  Subsection 25(1) of Schedule 1"
[parser-unknown-class] "ItemHead", text="267  Subsections 25(1) and 26(1) of Schedule 1"
[parser-unknown-class] "ItemHead", text="268  Subparagraphs 28(1)(a)(i) and (ii) of Schedule 1"
[parser-unknown-class] "ItemHead", text="269  Subsection 30(1) of Schedule 1"
[parser-unknown-class] "ItemHead", text="270  Paragraph 30(1)(b) of Schedule 1"
[parser-unknown-class] "ItemHead", text="271  Paragraph 30(1)(c) of Schedule 1"
[parser-unknown-class] "ItemHead", text="272  Subparagraph 30(1)(c)(i) of Schedule 1"
[parser-unknown-class] "ItemHead", text="273  Subsection 30(2) of Schedule 1"
[parser-unknown-class] "ItemHead", text="274  Subsection 30(3) of Schedule 1"
[parser-unknown-class] "ItemHead", text="275  Paragraphs 30(3)(a) and (b) of Schedule 1"
[parser-unknown-class] "ItemHead", text="276  Paragraph 30(4)(c) of Schedule 1"
[parser-unknown-class] "ItemHead", text="277  Paragraph 30(6)(c) of Schedule 1"
[parser-unknown-class] "ItemHead", text="278  Subsection 30(6) of Schedule 1"
[parser-unknown-class] "ItemHead", text="279  Subsection 30(6) of Schedule 1"
[parser-unknown-class] "ItemHead", text="280  Paragraphs 32(c) and (d) of Schedule 1"
[parser-unknown-class] "ItemHead", text="281  Part 4 of Chapter 2 of Schedule 1 (heading)"
[parser-unknown-class] "ItemHead", text="282  Section 33 of Schedule 1"
[parser-unknown-class] "ItemHead", text="283  Section 33 of Schedule 1"
[parser-unknown-class] "ItemHead", text="284  Section 34 of Schedule 1"
[parser-unknown-class] "ItemHead", text="285  Subsections 36(2) and (3) of Schedule 1"
[parser-unknown-class] "ItemHead", text="286  Subparagraph 36(4)(b)(i) of Schedule 1"
[parser-unknown-class] "ItemHead", text="287  Section 37 of Schedule 1"
[parser-unknown-class] "ItemHead", text="288  Section 37 of Schedule 1"
[parser-unknown-class] "ItemHead", text="289  Subsection 38(3) of Schedule 1"
[parser-unknown-class] "ItemHead", text="290  Paragraphs 38(7)(a) and (b) of Schedule 1"
[parser-unknown-class] "ItemHead", text="291  Subsections 43(3) and (4) of Schedule 1"
[parser-unknown-class] "ItemHead", text="292  Subsection 43(5) of Schedule 1"
[parser-unknown-class] "ItemHead", text="293  Subsection 43(5) of Schedule 1"
[parser-unknown-class] "ItemHead", text="294  Subsection 43(6) of Schedule 1"
[parser-unknown-class] "ItemHead", text="295  Subsection 43(6) of Schedule 1"
[parser-unknown-class] "ItemHead", text="296  Subsection 43(7) of Schedule 1"
[parser-unknown-class] "ItemHead", text="297  Subsection 43(9) of Schedule 1"
[parser-unknown-class] "ItemHead", text="298  Subsections 43(9) and (10) of Schedule 1"
[parser-unknown-class] "ItemHead", text="299  Section 53 of Schedule 1"
[parser-unknown-class] "ItemHead", text="300  Subsections 54(3), 55(1), (2), (3), (5), (6), (7) and (8) and 56(1) and (2) of Schedule 1"
[parser-unknown-class] "ItemHead", text="301  Subsection 56(4) of Schedule 1"
[parser-unknown-class] "ItemHead", text="302  Subsections 57(1), (2), (3), (6), (7), (8) and (9) and 58(1) of Schedule 1"
[parser-unknown-class] "ItemHead", text="303  Paragraphs 58(2)(a) and (b) of Schedule 1"
[parser-unknown-class] "ItemHead", text="304  Subsection 58(4) of Schedule 1"
[parser-unknown-class] "ItemHead", text="305  Section 59 of Schedule 1"
[parser-unknown-class] "ItemHead", text="306  Subsection 60(1) of Schedule 1"
[parser-unknown-class] "ItemHead", text="307  Subsection 60(3) of Schedule 1"
[parser-unknown-class] "ItemHead", text="308  Paragraphs 60(5)(a) and (b) of Schedule 1"
[parser-unknown-class] "ItemHead", text="309  Subsection 60(6) of Schedule 1"
[parser-unknown-class] "ItemHead", text="310  Subsection 60(7) of Schedule 1"
[parser-unknown-class] "ItemHead", text="311  Subsection 61(1) of Schedule 1"
[parser-unknown-class] "ItemHead", text="312  Subsections 61(4) and (5) and 62(1) and (2) of Schedule 1"
[parser-unknown-class] "ItemHead", text="313  Subsection 62(3) of Schedule 1"
[parser-unknown-class] "ItemHead", text="314  Subsection 63(1) of Schedule 1"
[parser-unknown-class] "ItemHead", text="315  Section 64 of Schedule 1"
[parser-unknown-class] "ItemHead", text="316  Subsection 65(1) of Schedule 1"
[parser-unknown-class] "ItemHead", text="317  Paragraphs 65(9)(a) and (b) of Schedule 1"
[parser-unknown-class] "ItemHead", text="318  Subsections 67(2) and 73(2) of Schedule 1"
[parser-unknown-class] "ItemHead", text="319  Paragraph 73(3)(c) of Schedule 1"
[parser-unknown-class] "ItemHead", text="320  Subsection 73(4) of Schedule 1"
[parser-unknown-class] "ItemHead", text="321  Sections 75 and 79 of Schedule 1"
[parser-unknown-class] "ItemHead", text="322  Subsection 94(1) of Schedule 1"
[parser-unknown-class] "ItemHead", text="323  Paragraph 94(2)(a) of Schedule 1"
[parser-unknown-class] "ItemHead", text="324  Subsections 95(2) and (4) and 96(1) of Schedule 1"
[parser-unknown-class] "ItemHead", text="325  Paragraph 96(2)(b) of Schedule 1"
[parser-unknown-class] "ItemHead", text="326  Subsection 96(3) of Schedule 1"
[parser-unknown-class] "ItemHead", text="327  Subsection 97(1) of Schedule 1"
[parser-unknown-class] "ItemHead", text="328  Paragraphs 97(2)(a) and (b) of Schedule 1"
[parser-unknown-class] "ItemHead", text="329  Subsection 97(3) of Schedule 1"
[parser-unknown-class] "ItemHead", text="330  Subsection 98(1) of Schedule 1"
[parser-unknown-class] "ItemHead", text="331  Subsection 98(2) of Schedule 1"
[parser-unknown-class] "ItemHead", text="332  Subsection 98(2) of Schedule 1"
[parser-unknown-class] "ItemHead", text="333  Subsection 100(1) of Schedule 1"
[parser-unknown-class] "ItemHead", text="334  Subsections 100(1), (2) and (3) and 108(1), (2) and (3) of Schedule 1"
[parser-unknown-class] "ItemHead", text="335  Section 108A of Schedule 1"
[parser-unknown-class] "ItemHead", text="336  Subsection 113(1) of Schedule 1"
[parser-unknown-class] "ItemHead", text="337  Subsection 133(1) of Schedule 1"
[parser-unknown-class] "ItemHead", text="338  Subsection 133(2) of Schedule 1"
[parser-unknown-class] "ItemHead", text="339  Section 134 of Schedule 1"
[parser-unknown-class] "ItemHead", text="340  Sections 134, 135 and 138 of Schedule 1"
[parser-unknown-class] "ItemHead", text="341  Subsection 138A(2) of Schedule 1"
[parser-unknown-class] "ItemHead", text="342  Subparagraphs 141(1)(b)(vi) and 142(1)(b)(i) and (ii) of Schedule 1"
[parser-unknown-class] "ItemHead", text="343  Subsection 151(4) of Schedule 1"
[parser-unknown-class] "ItemHead", text="344  Subsection 151(5) of Schedule 1"
[parser-unknown-class] "ItemHead", text="345  Subsections 151(5), (8) and (9) and 152(5) of Schedule 1"
[parser-unknown-class] "ItemHead", text="346  Subsection 152(6) of Schedule 1"
[parser-unknown-class] "ItemHead", text="347  Subsection 152(6) of Schedule 1"
[parser-unknown-class] "ItemHead", text="348  Section 155 of Schedule 1"
[parser-unknown-class] "ItemHead", text="349  Section 155 of Schedule 1"
[parser-unknown-class] "ItemHead", text="350  Subsection 157(1) of Schedule 1"
[parser-unknown-class] "ItemHead", text="351  Subsection 157(1) of Schedule 1"
[parser-unknown-class] "ItemHead", text="352  Subsection 157(2) of Schedule 1"
[parser-unknown-class] "ItemHead", text="354  Subsection 158(2) of Schedule 1"
[parser-unknown-class] "ItemHead", text="355  Subsection 158(2) of Schedule 1"
[parser-unknown-class] "ItemHead", text="356  Subsection 158(3) of Schedule 1"
[parser-unknown-class] "ItemHead", text="357  Subsection 158(3) of Schedule 1"
[parser-unknown-class] "ItemHead", text="358  Subsection 158(4) of Schedule 1"
[parser-unknown-class] "ItemHead", text="359  Subsection 158(4) of Schedule 1"
[parser-unknown-class] "ItemHead", text="359A  Subsection 158(5) of Schedule 1"
[parser-unknown-class] "ItemHead", text="360  Subsections 158(6) and (7) of Schedule 1"
[parser-unknown-class] "ItemHead", text="361  Paragraph 158(7)(a) of Schedule 1"
[parser-unknown-class] "ItemHead", text="362  Subsections 158(8) and (9) of Schedule 1"
[parser-unknown-class] "ItemHead", text="363  Paragraph 158(10)(a) of Schedule 1"
[parser-unknown-class] "ItemHead", text="364  Section 162 of Schedule 1"
[parser-unknown-class] "ItemHead", text="365  Section 162 of Schedule 1"
[parser-unknown-class] "ItemHead", text="366  Subsection 163(12) of Schedule 1 (paragraph (a) of the definition of appropriate authority)"
[parser-unknown-class] "ItemHead", text="367  Subsections 166(1) and (4), 180(2) and 273(1) of Schedule 1"
[parser-unknown-class] "ItemHead", text="368  Subsections 273(2) and (3) of Schedule 1"
[parser-unknown-class] "ItemHead", text="369  Subsections 273(4) and 274(2) of Schedule 1"
[parser-unknown-class] "ItemHead", text="370  Section 275 of Schedule 1"
[parser-unknown-class] "ItemHead", text="371  Subsection 278(2) of Schedule 1"
[parser-unknown-class] "ItemHead", text="372  Section 279 of Schedule 1"
[parser-unknown-class] "ItemHead", text="373  Section 279 of Schedule 1"
[parser-unknown-class] "ItemHead", text="374  Sections 281 and 294 of Schedule 1"
[parser-unknown-class] "ItemHead", text="375  Paragraphs 297(1)(a), 298(1)(a), 299(1)(a), 300(1)(a), 301(1)(a), 302(1)(a), 303(1)(a) and 3..."
[parser-unknown-class] "ItemHead", text="376  Section 317 of Schedule 1"
[parser-unknown-class] "ItemHead", text="377  Part 4B of Chapter 11 of Schedule 1 (heading)"
[parser-unknown-class] "ItemHead", text="378  Subsection 337F(1) of Schedule 1"
[parser-unknown-class] "ItemHead", text="379  Subsection 337F(2) of Schedule 1 (paragraph (c) of the definition of prescribed premises)"
[parser-unknown-class] "ItemHead", text="380  Section 337G of Schedule 1"
[parser-unknown-class] "ItemHead", text="381  Sections 337H and 337J of Schedule 1"
[parser-unknown-class] "ItemHead", text="382  Subsection 337K(1) of Schedule 1"
[parser-unknown-class] "ItemHead", text="383  Subsection 337K(2) of Schedule 1"
[parser-unknown-class] "ItemHead", text="384  Subparagraphs 340(1)(b)(i) and (ii) of Schedule 1"
[parser-unknown-class] "ItemHead", text="385  Section 353 of Schedule 1"
[parser-unknown-class] "ItemHead", text="386  Section 355 of Schedule 1"
[parser-unknown-class] "ItemHead", text="387  Subsection 356(1) of Schedule 1"
[parser-unknown-class] "ItemHead", text="388  Subsections 356(2), (3), (4) and (5) of Schedule 1"
[parser-unknown-class] "ItemHead", text="389  Paragraph 359(2)(e) of Schedule 1"
[parser-unknown-class] "ItemHead", text="390  Subsection 362(3) of Schedule 1"
[parser-unknown-class] "ItemHead", text="391  Subsection 363(1) of Schedule 1"
[parser-unknown-class] "ItemHead", text="392  Subsection 363(2) of Schedule 1"
[parser-unknown-class] "ItemHead", text="393  Subsections 363(3) and 367(2) of Schedule 1"
[parser-unknown-class] "ItemHead", text="394  Subsection 367(5) of Schedule 1"
[parser-unknown-class] "ItemHead", text="395  Subsections 367(8) and (9) of Schedule 1"
[parser-unknown-class] "ItemHead", text="396  Subsection 367(10) of Schedule 1"
[parser-unknown-class] "ItemHead", text="397  Subsection 367(10) of Schedule 1"
[parser-unknown-class] "ItemHead", text="398  Division 5 of Part 7 of Chapter 11 of Schedule 1 (heading)"
[parser-unknown-class] "ItemHead", text="399  Section 368 of Schedule 1"
[parser-unknown-class] "ItemHead", text="400  Section 368 of Schedule 1"
[parser-unknown-class] "ItemHead", text="401  Subclauses 4(1) and (2) of Schedule 10"
[parser-unknown-class] "ItemHead", text="402  Subparagraphs 5(1)(a)(i) and (ii) of Schedule 10"
[parser-unknown-class] "ItemHead", text="403  Subclause 5(5) of Schedule 10"
[parser-unknown-class] "ItemHead", text="404  Paragraph 5(5)(b) of Schedule 10"
[parser-unknown-class] "ActHead7", text="Part 7—References to the Registrar etc."
[parser-unknown-class] "ActHead9", text="Fair Work Act 2009"
[parser-unknown-class] "ItemHead", text="405  At the end of section 576"
[parser-unknown-class] "ActHead9", text="Workplace Relations Act 1996"
[parser-unknown-class] "ItemHead", text="406  Subsection 5(4) of Schedule 1 (note)"
[parser-unknown-class] "ItemHead", text="407  Subsection 13(1) of Schedule 1"
[parser-unknown-class] "ItemHead", text="408  Subsection 13(1) of Schedule 1 (note)"
[parser-unknown-class] "ItemHead", text="409  Subsections 13(2), 26(1), (2), (4) and (6), 28(1A) of Schedule 1"
[parser-unknown-class] "ItemHead", text="410  Subsection 28(1A) of Schedule 1 (note)"
[parser-unknown-class] "ItemHead", text="411  Section 31 of Schedule 1"
[parser-unknown-class] "ItemHead", text="412  Subsection 38(1) of Schedule 1"
[parser-unknown-class] "ItemHead", text="413  Subsection 38(4) of Schedule 1"
[parser-unknown-class] "ItemHead", text="414  Subsections 43(1), 44(1), 46(1) and 47(1) of Schedule 1"
[parser-unknown-class] "ItemHead", text="415  Subsection 50(1) of Schedule 1"
[parser-unknown-class] "ItemHead", text="416  Paragraph 52(2)(b) of Schedule 1"
[parser-unknown-class] "ItemHead", text="417  Subsections 60(2) and (5) and 67(1) of Schedule 1"
[parser-unknown-class] "ItemHead", text="418  Paragraphs 68(1)(b) and 73(3)(a) of Schedule 1"
[parser-unknown-class] "ItemHead", text="419  Subsection 77(2) of Schedule 1"
[parser-unknown-class] "ItemHead", text="420  Subsections 95(3A), (3B) and (3C) and 99(1) of Schedule 1"
[parser-unknown-class] "ItemHead", text="421  Paragraph 104(2)(b) of Schedule 1"
[parser-unknown-class] "ItemHead", text="422  Paragraphs 106(2)(b) and 107(1)(b) of Schedule 1"
[parser-unknown-class] "ItemHead", text="423  Section 110 of Schedule 1"
[parser-unknown-class] "ItemHead", text="424  Subsection 111(2) of Schedule 1"
[parser-unknown-class] "ItemHead", text="425  Subsection 114(2) of Schedule 1"
[parser-unknown-class] "ItemHead", text="426  Subsection 144(2) of Schedule 1"
[parser-unknown-class] "ItemHead", text="427  Subsections 144(3), (4), (6) and (7) of Schedule 1"
[parser-unknown-class] "ItemHead", text="428  Subsection 144(7) of Schedule 1"
[parser-unknown-class] "ItemHead", text="429  Subsection 144(9) of Schedule 1"
[parser-unknown-class] "ItemHead", text="430  Subsection 144(9) of Schedule 1 (note)"
[parser-unknown-class] "ItemHead", text="431  Subsection 151(2) of Schedule 1"
[parser-unknown-class] "ItemHead", text="432  Subsections 151(3), (4), (5) and (10) of Schedule 1"
[parser-unknown-class] "ItemHead", text="433  Paragraph 151(11)(a) of Schedule 1"
[parser-unknown-class] "ItemHead", text="434  Paragraph 151(11)(b) of Schedule 1"
[parser-unknown-class] "ItemHead", text="435  Subsection 152(3) of Schedule 1"
[parser-unknown-class] "ItemHead", text="436  Subsections 152(4), (5) and (6) and 154(4) of Schedule 1"
[parser-unknown-class] "ItemHead", text="437  Subsection 156(1) of Schedule 1"
[parser-unknown-class] "ItemHead", text="438  Subsection 156(1) of Schedule 1"
[parser-unknown-class] "ItemHead", text="439  Subsection 159(1) of Schedule 1"
[parser-unknown-class] "ItemHead", text="440  Subsection 159(2) of Schedule 1"
[parser-unknown-class] "ItemHead", text="441  Paragraph 159(4)(b) of Schedule 1"
[parser-unknown-class] "ItemHead", text="442  Section 160 of Schedule 1"
[parser-unknown-class] "ItemHead", text="443  Section 161 of Schedule 1"
[parser-unknown-class] "ItemHead", text="444  Subsection 163(12) of Schedule 1 (paragraph (b) of the definition of appropriate authority)"
[parser-unknown-class] "ItemHead", text="445  Paragraph 180(1)(a) of Schedule 1"
[parser-unknown-class] "ItemHead", text="446  Subsection 180(1) of Schedule 1"
[parser-unknown-class] "ItemHead", text="447  Subsections 180(2) and (3) of Schedule 1"
[parser-unknown-class] "ItemHead", text="448  Subsection 180(3) of Schedule 1"
[parser-unknown-class] "ItemHead", text="449  Paragraph 180(4)(a) of Schedule 1"
[parser-unknown-class] "ItemHead", text="450  Subsection 180(4) of Schedule 1"
[parser-unknown-class] "ItemHead", text="451  Subsection 180(6) of Schedule 1 (definition of appropriate organisation)"
[parser-unknown-class] "ItemHead", text="452  Subsection 183(1) of Schedule 1"
[parser-unknown-class] "ItemHead", text="453  Subsection 183(4) of Schedule 1"
[parser-unknown-class] "ItemHead", text="454  Subsection 184(2) of Schedule 1"
[parser-unknown-class] "ItemHead", text="455  Subsection 186(1) of Schedule 1"
[parser-unknown-class] "ItemHead", text="456  Subsection 186(1) of Schedule 1"
[parser-unknown-class] "ItemHead", text="457  Subsection 186(2) of Schedule 1"
[parser-unknown-class] "ItemHead", text="458  Paragraph 186(2)(b) of Schedule 1"
[parser-unknown-class] "ItemHead", text="459  Subsections 187(3) and 189(1) of Schedule 1"
[parser-unknown-class] "ItemHead", text="460  Subsection 189(2) of Schedule 1"
[parser-unknown-class] "ItemHead", text="461  Paragraph 189(3)(a) of Schedule 1"
[parser-unknown-class] "ItemHead", text="462  Subsection 189(3) of Schedule 1"
[parser-unknown-class] "ItemHead", text="463  Paragraph 192(2)(b) of Schedule 1"
[parser-unknown-class] "ItemHead", text="464  Paragraph 197(1)(a) of Schedule 1"
[parser-unknown-class] "ItemHead", text="465  Subparagraph 198(6)(b)(i) of Schedule 1"
[parser-unknown-class] "ItemHead", text="466  Subsection 202(1) of Schedule 1"
[parser-unknown-class] "ItemHead", text="467  Subsection 202(2) of Schedule 1"
[parser-unknown-class] "ItemHead", text="468  Paragraph 202(5)(b) of Schedule 1"
[parser-unknown-class] "ItemHead", text="469  Subsection 203(1) of Schedule 1"
[parser-unknown-class] "ItemHead", text="470  Subsection 203(1) of Schedule 1"
[parser-unknown-class] "ItemHead", text="471  Subsection 203(3) of Schedule 1"
[parser-unknown-class] "ItemHead", text="472  Paragraph 203(6)(b) of Schedule 1"
[parser-unknown-class] "ItemHead", text="473  Paragraphs 203(6)(c) and 206(4)(c) of Schedule 1"
[parser-unknown-class] "ItemHead", text="474  Section 207 of Schedule 1"
[parser-unknown-class] "ItemHead", text="475  Subsection 215(5) of Schedule 1"
[parser-unknown-class] "ItemHead", text="476  Section 229 of Schedule 1"
[parser-unknown-class] "ItemHead", text="477  Subsections 233(1) and (2) of Schedule 1"
[parser-unknown-class] "ItemHead", text="478  Subsection 234(3) of Schedule 1"
[parser-unknown-class] "ItemHead", text="479  Subsection 234(4) of Schedule 1"
[parser-unknown-class] "ItemHead", text="480  Subsection 234(4) of Schedule 1"
[parser-unknown-class] "ItemHead", text="481  Subsection 235(1) of Schedule 1"
[parser-unknown-class] "ItemHead", text="482  Subsection 235(1) of Schedule 1"
[parser-unknown-class] "ItemHead", text="483  Paragraph 236(1)(a) of Schedule 1"
[parser-unknown-class] "ItemHead", text="484  Subsection 236(1) of Schedule 1"
[parser-unknown-class] "ItemHead", text="485  Paragraph 236(2)(a) of Schedule 1"
[parser-unknown-class] "ItemHead", text="486  Subsections 236(2), (3) and (4) of Schedule 1"
[parser-unknown-class] "ItemHead", text="487  Subsection 236(5) of Schedule 1"
[parser-unknown-class] "ItemHead", text="488  Subsections 236(5) and 237(1) of Schedule 1"
[parser-unknown-class] "ItemHead", text="489  Subsections 237(1), (2) and (4) of Schedule 1"
[parser-unknown-class] "ItemHead", text="490  Subsection 237(4) of Schedule 1"
[parser-unknown-class] "ItemHead", text="491  Subsection 241(1) of Schedule 1"
[parser-unknown-class] "ItemHead", text="492  Subsection 241(2) of Schedule 1"
[parser-unknown-class] "ItemHead", text="493  Subsections 242(3) and 245(1) of Schedule 1"
[parser-unknown-class] "ItemHead", text="494  Subsection 245(2) of Schedule 1"
[parser-unknown-class] "ItemHead", text="495  Paragraph 246(1)(b) of Schedule 1"
[parser-unknown-class] "ItemHead", text="496  Subsection 246(2) of Schedule 1"
[parser-unknown-class] "ItemHead", text="497  Subsection 246(2) of Schedule 1"
[parser-unknown-class] "ItemHead", text="498  Subsection 247(1) of Schedule 1"
[parser-unknown-class] "ItemHead", text="499  Subsection 247(1) of Schedule 1"
[parser-unknown-class] "ItemHead", text="500  Subsection 247(2) of Schedule 1"
[parser-unknown-class] "ItemHead", text="501  Subsections 247(2) and 249(1) of Schedule 1"
[parser-unknown-class] "ItemHead", text="502  Subsection 249(3) of Schedule 1"
[parser-unknown-class] "ItemHead", text="503  Paragraph 249(4)(b) of Schedule 1"
[parser-unknown-class] "ItemHead", text="504  Subsection 249(5) of Schedule 1"
[parser-unknown-class] "ItemHead", text="505  Subsection 249(5) of Schedule 1"
[parser-unknown-class] "ItemHead", text="506  Subsection 249(6) of Schedule 1"
[parser-unknown-class] "ItemHead", text="507  Subsection 249(6) of Schedule 1"
[parser-unknown-class] "ItemHead", text="508  Paragraph 249(7)(a) of Schedule 1"
[parser-unknown-class] "ItemHead", text="509  Subsection 249(7) of Schedule 1"
[parser-unknown-class] "ItemHead", text="510  Subsection 249(7) of Schedule 1"
[parser-unknown-class] "ItemHead", text="511  Subsections 255(1) and (4) and 257(11) of Schedule 1"
[parser-unknown-class] "ItemHead", text="512  Subsection 261(2) of Schedule 1"
[parser-unknown-class] "ItemHead", text="513  Subsection 265(5) of Schedule 1"
[parser-unknown-class] "ItemHead", text="514  Subsection 266(1) of Schedule 1"
[parser-unknown-class] "ItemHead", text="515  Section 268 of Schedule 1"
[parser-unknown-class] "ItemHead", text="516  Section 268 of Schedule 1"
[parser-unknown-class] "ItemHead", text="517  Paragraph 269(2)(a) of Schedule 1"
[parser-unknown-class] "ItemHead", text="518  Paragraph 269(2)(c) of Schedule 1"
[parser-unknown-class] "ItemHead", text="519  Subsection 270(1) of Schedule 1"
[parser-unknown-class] "ItemHead", text="520  Subsection 270(1) of Schedule 1"
[parser-unknown-class] "ItemHead", text="521  Paragraph 270(3)(c) of Schedule 1"
[parser-unknown-class] "ItemHead", text="522  Paragraph 270(3)(c) of Schedule 1"
[parser-unknown-class] "ItemHead", text="523  Subsection 270(7) of Schedule 1"
[parser-unknown-class] "ItemHead", text="524  Subsection 270(7) of Schedule 1"
[parser-unknown-class] "ItemHead", text="525  Subsection 271(1) of Schedule 1"
[parser-unknown-class] "ItemHead", text="526  Subsection 271(1) of Schedule 1"
[parser-unknown-class] "ItemHead", text="527  Subsection 271(3) of Schedule 1"
[parser-unknown-class] "ItemHead", text="528  Subsection 271(3) of Schedule 1"
[parser-unknown-class] "ItemHead", text="529  Subsection 272(1) of Schedule 1"
[parser-unknown-class] "ItemHead", text="530  Subsection 272(4) of Schedule 1"
[parser-unknown-class] "ItemHead", text="531  Subsection 272(4) of Schedule 1"
[parser-unknown-class] "ItemHead", text="532  Paragraph 276(1)(a) of Schedule 1"
[parser-unknown-class] "ItemHead", text="533  Subsections 278(1) and (2) of Schedule 1"
[parser-unknown-class] "ItemHead", text="534  Subsection 278(2) of Schedule 1"
[parser-unknown-class] "ItemHead", text="535  Paragraph 305(2)(q) of Schedule 1"
[parser-unknown-class] "ItemHead", text="536  Subsection 310(1) of Schedule 1"
[parser-unknown-class] "ItemHead", text="537  Section 317 of Schedule 1"
[parser-unknown-class] "ItemHead", text="538  Section 317 of Schedule 1"
[parser-unknown-class] "ItemHead", text="539  Subsections 330(1) and (2) of Schedule 1"
[parser-unknown-class] "ItemHead", text="540  Subsection 331(1) of Schedule 1"
[parser-unknown-class] "ItemHead", text="541  Subsection 331(1) of Schedule 1"
[parser-unknown-class] "ItemHead", text="542  Subsection 331(2) of Schedule 1"
[parser-unknown-class] "ItemHead", text="543  Subsection 331(2) of Schedule 1"
[parser-unknown-class] "ItemHead", text="544  Subsection 331(3) of Schedule 1"
[parser-unknown-class] "ItemHead", text="545  Subsection 331(4) of Schedule 1"
[parser-unknown-class] "ItemHead", text="546  Subsection 331(4) of Schedule 1"
[parser-unknown-class] "ItemHead", text="547  Subsection 332(1) of Schedule 1"
[parser-unknown-class] "ItemHead", text="548  Paragraph 332(1)(a) of Schedule 1"
[parser-unknown-class] "ItemHead", text="549  Paragraph 332(1)(b) of Schedule 1"
[parser-unknown-class] "ItemHead", text="550  Subsection 332(2) of Schedule 1"
[parser-unknown-class] "ItemHead", text="551  Subsection 332(3) of Schedule 1"
[parser-unknown-class] "ItemHead", text="552  Subsection 332(3) of Schedule 1"
[parser-unknown-class] "ItemHead", text="553  Subsection 333(1) of Schedule 1"
[parser-unknown-class] "ItemHead", text="554  Subsections 333(1) and (2) of Schedule 1"
[parser-unknown-class] "ItemHead", text="555  Subsection 333(2) of Schedule 1"
[parser-unknown-class] "ItemHead", text="556  Subsection 333(3) of Schedule 1"
[parser-unknown-class] "ItemHead", text="557  Section 334 of Schedule 1"
[parser-unknown-class] "ItemHead", text="558  Subsection 335(1) of Schedule 1"
[parser-unknown-class] "ItemHead", text="559  Paragraph 335(1)(e) of Schedule 1"
[parser-unknown-class] "ItemHead", text="560  Subsection 335(2) of Schedule 1"
[parser-unknown-class] "ItemHead", text="561  Subsection 336(1) of Schedule 1"
[parser-unknown-class] "ItemHead", text="562  Subsection 336(1) of Schedule 1"
[parser-unknown-class] "ItemHead", text="563  Subsection 336(2) of Schedule 1"
[parser-unknown-class] "ItemHead", text="564  Subsection 336(2) of Schedule 1 (note)"
[parser-unknown-class] "ItemHead", text="565  Subsections 336(3) and (5) of Schedule 1"
[parser-unknown-class] "ItemHead", text="566  Subparagraph 337(1)(a)(i) of Schedule 1"
[parser-unknown-class] "ItemHead", text="567  Paragraph 337(1)(c) of Schedule 1"
[parser-unknown-class] "ItemHead", text="568  Subparagraph 337A(b)(i) of Schedule 1"
[parser-unknown-class] "ItemHead", text="569  Paragraph 337K(1)(b) of Schedule 1"
[parser-unknown-class] "ItemHead", text="570  Subsection 337K(3) of Schedule 1"
[parser-unknown-class] "ItemHead", text="571  Paragraphs 337K(3)(a) and (b) of Schedule 1"
[parser-unknown-class] "ItemHead", text="572  Subsection 337K(4) of Schedule 1"
[parser-unknown-class] "ItemHead", text="573  Paragraph 337K(4)(b) of Schedule 1"
[parser-unknown-class] "ItemHead", text="574  Paragraph 347(1)(c) of Schedule 1"
[parser-unknown-class] "ItemHead", text="575  Section 348 of Schedule 1"
[parser-unknown-class] "ItemHead", text="576  Section 349 of Schedule 1"
[parser-unknown-class] "ItemHead", text="577  Section 349 of Schedule 1"
[parser-unknown-class] "ItemHead", text="578  Subsection 358(1) of Schedule 1"
[parser-unknown-class] "ItemHead", text="579  Subclauses 2(1) and (3) of Schedule 10"
[parser-unknown-class] "ItemHead", text="580  Subclause 2(3) of Schedule 10"
[parser-unknown-class] "ItemHead", text="581  Subclauses 2(5) and (6) of Schedule 10"
[parser-unknown-class] "ItemHead", text="582  Subclause 5(6) of Schedule 10"
[parser-unknown-class] "ActHead7", text="Part 8—References to awards and collective agreements"
[parser-unknown-class] "ActHead9", text="Fair Work Act 2009"
[parser-unknown-class] "ItemHead", text="583  Paragraph 48(2)(a)"
[parser-unknown-class] "ItemHead", text="584  Paragraph 53(3)(a)"
[parser-unknown-class] "ActHead9", text="Workplace Relations Act 1996"
[parser-unknown-class] "ItemHead", text="585  Subparagraph 28(1)(a)(i) of Schedule 1"
[parser-unknown-class] "ItemHead", text="586  Subparagraph 28(1)(a)(i) of Schedule 1"
[parser-unknown-class] "ItemHead", text="587  Subparagraph 28(1)(a)(i) of Schedule 1"
[parser-unknown-class] "ItemHead", text="588  Subparagraph 28(1)(a)(i) of Schedule 1"
[parser-unknown-class] "ItemHead", text="589  Subparagraph 28(1)(a)(ii) of Schedule 1"
[parser-unknown-class] "ItemHead", text="590  Subparagraph 28(1)(a)(ii) of Schedule 1"
[parser-unknown-class] "ItemHead", text="591  Paragraph 29(2)(a) of Schedule 1"
[parser-unknown-class] "ItemHead", text="592  Paragraph 29(2)(a) of Schedule 1"
[parser-unknown-class] "ItemHead", text="593  Paragraph 32(c) of Schedule 1"
[parser-unknown-class] "ItemHead", text="594  Paragraph 32(c) of Schedule 1"
[parser-unknown-class] "ItemHead", text="595  Subsection 38(6) of Schedule 1"
[parser-unknown-class] "ItemHead", text="596  Paragraphs 43(5)(c) and (6)(c) of Schedule 1"
[parser-unknown-class] "ItemHead", text="597  Paragraph 55(1)(d) of Schedule 1"
[parser-unknown-class] "ItemHead", text="598  Paragraph 57(1)(b) of Schedule 1"
[parser-unknown-class] "ItemHead", text="599  Paragraph 76(a) of Schedule 1"
[parser-unknown-class] "ItemHead", text="600  Subsection 113(1) of Schedule 1"
[parser-unknown-class] "ItemHead", text="601  Subsection 113(2) of Schedule 1"
[parser-unknown-class] "ItemHead", text="602  Paragraph 113(2)(a) of Schedule 1"
[parser-unknown-class] "ItemHead", text="603  Subsection 113A(1) of Schedule 1"
[parser-unknown-class] "ItemHead", text="604  Paragraph 113A(1)(b) of Schedule 1"
[parser-unknown-class] "ItemHead", text="605  Subsection 113A(2) of Schedule 1"
[parser-unknown-class] "ItemHead", text="606  Paragraph 142(1)(a) of Schedule 1"
[parser-unknown-class] "ItemHead", text="607  Subparagraph 142(1)(b)(i) of Schedule 1"
[parser-unknown-class] "ItemHead", text="608  Subparagraph 142(1)(b)(i) of Schedule 1"
[parser-unknown-class] "ItemHead", text="609  Subparagraph 142(1)(b)(ii) of Schedule 1"
[parser-unknown-class] "ItemHead", text="610  Subparagraph 142(1)(b)(ii) of Schedule 1"
[parser-unknown-class] "ItemHead", text="611  Subparagraph 144(3)(a)(i) of Schedule 1"
[parser-unknown-class] "ItemHead", text="612  Paragraph 159(1)(a) of Schedule 1"
[parser-unknown-class] "ItemHead", text="613  Subsections 166(1) and (4) of Schedule 1"
[parser-unknown-class] "ItemHead", text="614  Subsection 177(3) of Schedule 1"
[parser-unknown-class] "ItemHead", text="615  Subsection 177(3) of Schedule 1"
[parser-unknown-class] "ItemHead", text="616  Subparagraphs 246(2)(b)(i) and 249(5)(b)(i) of Schedule 1"
[parser-unknown-class] "ItemHead", text="617  Subsection 337F(2) of Schedule 1 (paragraph (c) of the definition of prescribed premises)"
[parser-unknown-class] "ItemHead", text="618  Subsection 337F(2) of Schedule 1 (paragraph (d) of the definition of prescribed premises)"
[parser-unknown-class] "ItemHead", text="619  Subparagraph 367(9)(d)(i) of Schedule 1"
[parser-unknown-class] "ItemHead", text="620  Subclause 1(1) of Schedule 10 (paragraphs (a) and (b) of the definition of industrial instru..."
[parser-unknown-class] "ActHead7", text="Part 9—Transitional provisions etc."
[parser-unknown-class] "ItemHead", text="621  Things done before the commencement of this Schedule"
[parser-unknown-class] "Subitem", text="(1) The following table has effect if:"
[parser-unknown-class] "Subitem", text="(2) Without limiting subitem (1), a reference in that subitem to a thing being done in relation t..."
[parser-unknown-class] "ItemHead", text="622  Instruments made under, or for the purposes of, a provision of Schedule 1 to the WR Act"
[parser-unknown-class] "Subitem", text="(1) The following table has effect if:"
[parser-unknown-class] "Subitem", text="(2) Subject to subitem (3), a reference in the instrument to a provision of Schedule 1 to the WR ..."
[parser-unknown-class] "Subitem", text="(3) Subitem (2) does not apply to a reference that is expressed as a reference to a provision as ..."
[parser-unknown-class] "ItemHead", text="623  Award‑based transitional instruments and agreement‑based transitional instruments"
[parser-unknown-class] "ItemHead", text="623A  Division 2B State awards and Division 2B State employment agreements"
[parser-unknown-class] "ItemHead", text="624  Register of organisations kept under paragraph 13(1)(a) of Schedule 1 to the WR Act"
[parser-unknown-class] "ItemHead", text="625  Application of paragraph 73(2)(c) of Schedule 1 to the WR Act"
[parser-unknown-class] "ItemHead", text="626  Application of section 337A of Schedule 1 to the WR Act"
[parser-unknown-class] "Subitem", text="(1) Part 4A of Chapter 11 of the Fair Work (Registered Organisations) Act 2009 applies as if a di..."
[parser-unknown-class] "Subitem", text="(2) Paragraph 337A(d) of the Fair Work (Registered Organisations) Act 2009 applies as if referenc..."
[parser-unknown-class] "ItemHead", text="627  Transitionally registered associations"
[parser-unknown-class] "ActHead6", text="Schedule 23—Other amendments of the FW Act"
[parser-unknown-class] "ActHead9", text="Fair Work Act 2009"
[parser-unknown-class] "ItemHead", text="1  At the end of section 3"
[parser-unknown-class] "ItemHead", text="2  Section 12 (definition of civil remedy provision)"
[parser-unknown-class] "ItemHead", text="2A  At the end of subsection 22(2)"
[parser-unknown-class] "ItemHead", text="2B  After subsection 22(3)"
[parser-unknown-class] "ItemHead", text="2C  Paragraph 22(4)(a)"
[parser-unknown-class] "ItemHead", text="2D  Paragraph 22(4)(b)"
[parser-unknown-class] "ItemHead", text="2E  After subsection 22(4)"
[parser-unknown-class] "ItemHead", text="3  Section 63"
[parser-unknown-class] "ItemHead", text="4  Section 63 (note)"
[parser-unknown-class] "ItemHead", text="5  Section 64"
[parser-unknown-class] "ItemHead", text="6  Section 64 (note)"
[parser-unknown-class] "ItemHead", text="7  At the end of subsection 140(1)"
[parser-unknown-class] "ItemHead", text="8  Subsection 312(2)"
[parser-unknown-class] "ItemHead", text="9  Part 2‑9 (heading)"
[parser-unknown-class] "Specialap", text="Part 2‑9—Other terms and conditions of employment"
[parser-unknown-class] "ItemHead", text="9A  At the end of subsection 371(2)"
[parser-unknown-class] "ItemHead", text="9B  At the end of section 371"
[parser-unknown-class] "ItemHead", text="10  Paragraph 411(c)"
[parser-unknown-class] "ItemHead", text="11  Paragraph 411(d)"
[parser-unknown-class] "ItemHead", text="12  At the end of Subdivision C of Division 2 of Part 3‑3 of Chapter 3"
[parser-unknown-class] "ItemHead", text="13  Subsection 539(2) (cell at table item 2, column headed “Civil remedy provision”)"
[parser-unknown-class] "ItemHead", text="14  Subsection 539(2) (cell at table item 3, column headed “Civil remedy provision”)"
[parser-unknown-class] "ItemHead", text="15  Subsection 539(2) (cell at table item 4, column headed “Civil remedy provision”)"
[parser-unknown-class] "ItemHead", text="16  Subsection 539(2) (after table item 4)"
[parser-unknown-class] "ItemHead", text="17  At the end of section 539"
[parser-unknown-class] "ItemHead", text="18  Subsection 540(2)"
[parser-unknown-class] "ItemHead", text="19  Subsection 540(3)"
[parser-unknown-class] "ItemHead", text="20  Subsection 540(4)"
[parser-unknown-class] "ItemHead", text="21  Subsection 558(2)"
[parser-unknown-class] "ItemHead", text="21A  Paragraph 722(a)"
[parser-unknown-class] "ItemHead", text="21B  At the end of subsection 779(2)"
[parser-unknown-class] "ItemHead", text="21C  At the end of section 779"
[parser-unknown-class] "ItemHead", text="22  Subsections 799(3) and (4)"
[parser-diag] processed 7930 <p> elements
[parser-diag] last section was added at element index: 6992
[parser-diag] state phase at end: ENDNOTES
[parser-diag] hierarchy stack depth at end: 3
[parser-diag] insideSchedule at end: true
[parse] sections: 50
[parse] compilation: date=2022-12-07 no=12
[parse] by level:
         section      29
         division     2
         chapter      1
         subdivision  1
         schedule     1
         schedule_clause 12
         schedule_part 4
[db] inserted new legislation row: f8ceadbf-4615-494e-8558-fbb96beae9c6
[db] inserting 50 sections (pass 1)
[db] inserted 50 sections
[db] linking parent FKs (pass 2)
[db] linked 42 parent references

[done] ingested Fair Work (Transitional Provisions and Consequential Amendments) Act 2009
       legislation_id: f8ceadbf-4615-494e-8558-fbb96beae9c6
       sections: 50
       compilation: 2022-12-07
