[fetch] document_1: https://www.legislation.gov.au/C2004A00314/1999-12-05/1999-12-05/text/original/epub/OEBPS/document_1/document_1.html
[fetch] document_1: 870,981 bytes
[fetch] document_2: https://www.legislation.gov.au/C2004A00314/1999-12-05/1999-12-05/text/original/epub/OEBPS/document_2/document_2.html
[fetch] document_2 not found — stopping. Fetched 1 document(s).
[fetch] combined 1 document(s), 870,981 source bytes → 869,582 combined bytes
[citation] Financial Sector Reform (Amendments and Transitional Provisions) Act 1998 (Cth)
[parse] starting
[parser-diag] total <p> elements found: 4037
[parser-unknown-class] "Table", text=""
[parser-unknown-class] "Table", text="Corresponding items table"
[parser-unknown-class] "Table", text="Item"
[parser-unknown-class] "Table", text="Item in Part 4 of Schedule 10 to this Act"
[parser-unknown-class] "Table", text="Corresponding item of Schedule 1 to the Insurance Laws Amendment Act 1998"
[parser-unknown-class] "Table", text="1"
[parser-unknown-class] "Table", text="61"
[parser-unknown-class] "Table", text="47"
[parser-unknown-class] "Table", text="2"
[parser-unknown-class] "Table", text="62"
[parser-unknown-class] "Table", text="52"
[parser-unknown-class] "Table", text="3"
[parser-unknown-class] "Table", text="63"
[parser-unknown-class] "Table", text="60"
[parser-unknown-class] "Table", text="4"
[parser-unknown-class] "Table", text="64"
[parser-unknown-class] "Table", text="66"
[parser-unknown-class] "ItemHead", text="1  Title"
[parser-unknown-class] "ItemHead", text="2  Paragraph 1(1)(a)"
[parser-unknown-class] "ItemHead", text="3  Subsection 1(2)"
[parser-unknown-class] "ItemHead", text="4  Section 1A"
[parser-unknown-class] "ItemHead", text="5  Subsection 1B(1)"
[parser-unknown-class] "ItemHead", text="6  Subsection 5(1)"
[parser-unknown-class] "ItemHead", text="7  Subsection 5(1) (definition of Commission)"
[parser-unknown-class] "ItemHead", text="8  At the end of section 7"
[parser-unknown-class] "ItemHead", text="9  Subsection 9(3A)"
[parser-unknown-class] "ItemHead", text="10  After section 12"
[parser-unknown-class] "ItemHead", text="11  At the end of Division 10 of Part 3"
[parser-unknown-class] "ItemHead", text="12  At the end of paragraph 102(2)(a)"
[parser-unknown-class] "ItemHead", text="13  At the end of subsection 102(2)"
[parser-unknown-class] "ItemHead", text="14  After subsection 102(2)"
[parser-unknown-class] "ItemHead", text="15  At the end of section 102"
[parser-unknown-class] "ItemHead", text="16  Section 123"
[parser-unknown-class] "ItemHead", text="17  Subsection 127(1)"
[parser-unknown-class] "ItemHead", text="18  After subsection 127(1)"
[parser-unknown-class] "ItemHead", text="19  After subsection 127(2)"
[parser-unknown-class] "ItemHead", text="20  At the end of paragraph 127(4)(a)"
[parser-unknown-class] "ItemHead", text="21  After paragraph 127(4)(a)"
[parser-unknown-class] "ItemHead", text="22  After paragraph 127(4)(c)"
[parser-unknown-class] "ItemHead", text="23  Subsection 127(4)"
[parser-unknown-class] "ItemHead", text="24  Subsection 127(4B)"
[parser-unknown-class] "ItemHead", text="25  After subparagraph 127(4B)(a)(i)"
[parser-unknown-class] "ItemHead", text="26  After subsection 127(4E)"
[parser-unknown-class] "ItemHead", text="27  After subparagraph 127(4F)(b)(i)"
[parser-unknown-class] "ItemHead", text="28  Subsection 127(6)"
[parser-unknown-class] "ItemHead", text="29  At the end of section 127"
[parser-unknown-class] "ItemHead", text="30  Paragraph 135(1)(a)"
[parser-unknown-class] "ItemHead", text="31  Subsection 135(4)"
[parser-unknown-class] "ItemHead", text="32  At the end of section 138"
[parser-unknown-class] "ItemHead", text="33  Section 245"
[parser-unknown-class] "ItemHead", text="34  Paragraph 246(1)(f)"
[parser-unknown-class] "ItemHead", text="35  At the end of the Act"
[parser-unknown-class] "ItemHead", text="1  Section 5"
[parser-unknown-class] "ItemHead", text="2  Section 5"
[parser-unknown-class] "ItemHead", text="3  Section 5"
[parser-unknown-class] "ItemHead", text="4  Section 5"
[parser-unknown-class] "ItemHead", text="5  Section 5"
[parser-unknown-class] "ItemHead", text="6  Section 5"
[parser-unknown-class] "ItemHead", text="7  Section 5"
[parser-unknown-class] "ItemHead", text="8  Section 5"
[parser-unknown-class] "ItemHead", text="9  Section 5 (definition of bank)"
[parser-unknown-class] "ItemHead", text="10  Section 5"
[parser-unknown-class] "ItemHead", text="11  Section 5 (definition of foreign bank)"
[parser-unknown-class] "ItemHead", text="12  Section 5"
[parser-unknown-class] "ItemHead", text="13  Section 5"
[parser-unknown-class] "ItemHead", text="14  Section 5"
[parser-unknown-class] "ItemHead", text="15  Section 5"
[parser-unknown-class] "ItemHead", text="16  Section 5"
[parser-unknown-class] "ItemHead", text="17  Section 5 (definition of prudential matters)"
[parser-unknown-class] "ItemHead", text="18  Section 5"
[parser-unknown-class] "ItemHead", text="19  Section 5"
[parser-unknown-class] "ItemHead", text="20  Section 5 (definition of Queensland Industry Development Corporation)"
[parser-unknown-class] "ItemHead", text="21  Section 5"
[parser-unknown-class] "ItemHead", text="22  Section 5 (definition of State Bank Limited)"
[parser-unknown-class] "ItemHead", text="23  Section 5"
[parser-unknown-class] "ItemHead", text="24  Section 5"
[parser-unknown-class] "ItemHead", text="25  At the end of section 5"
[parser-unknown-class] "ItemHead", text="26  Subsection 6(1)"
[parser-unknown-class] "ItemHead", text="27  Subsections 6(1A), (1B) and (1C) (including the notes)"
[parser-unknown-class] "ItemHead", text="28  Section 8"
[parser-unknown-class] "ItemHead", text="29  Subsection 9(1)"
[parser-unknown-class] "ItemHead", text="30  Subsection 9(2)"
[parser-unknown-class] "ItemHead", text="31  Subsection 9(2)"
[parser-unknown-class] "ItemHead", text="32  At the end of subsection 9(2)"
[parser-unknown-class] "ItemHead", text="33  Subsection 9(3)"
[parser-unknown-class] "ItemHead", text="34  Subsection 9(4)"
[parser-unknown-class] "ItemHead", text="35  At the end of subsection 9(4)"
[parser-unknown-class] "ItemHead", text="36  After subsection 9(4)"
[parser-unknown-class] "ItemHead", text="37  Subsection 9(5)"
[parser-unknown-class] "ItemHead", text="38  Subsection 9(5)"
[parser-unknown-class] "ItemHead", text="39  Subsections 9(7) to (11)"
[parser-unknown-class] "ItemHead", text="40  After section 9"
[parser-unknown-class] "ItemHead", text="41  Subsection 10(2)"
[parser-unknown-class] "ItemHead", text="42  Subsection 10(3)"
[parser-unknown-class] "ItemHead", text="43  Subsection 10(3)"
[parser-unknown-class] "ItemHead", text="44  Subsection 10(3)"
[parser-unknown-class] "ItemHead", text="45  Subsection 11(1)"
[parser-unknown-class] "ItemHead", text="46  At the end of section 11"
[parser-unknown-class] "ItemHead", text="47  After Division 1 of Part II"
[parser-unknown-class] "ItemHead", text="48  Division 1A of Part II (heading)"
[parser-unknown-class] "ItemHead", text="49  Before section 11A"
[parser-unknown-class] "ItemHead", text="50  Section 11A"
[parser-unknown-class] "ItemHead", text="51  Section 11B"
[parser-unknown-class] "ItemHead", text="52  Section 11B"
[parser-unknown-class] "ItemHead", text="53  After Division 1A of Part II"
[parser-unknown-class] "ItemHead", text="54  Division 1B of Part II (heading)"
[parser-unknown-class] "ItemHead", text="55  Section 11D (definition of foreign bank)"
[parser-unknown-class] "ItemHead", text="56  Section 11E"
[parser-unknown-class] "ItemHead", text="57  Subsection 11E(2)"
[parser-unknown-class] "ItemHead", text="58  Section 11F"
[parser-unknown-class] "ItemHead", text="59  Section 11F"
[parser-unknown-class] "ItemHead", text="60  After the heading to Division 2 of Part II"
[parser-unknown-class] "ItemHead", text="61  Section 12"
[parser-unknown-class] "ItemHead", text="62  Section 12"
[parser-unknown-class] "ItemHead", text="63  Sections 13, 14, 15 and 16"
[parser-unknown-class] "ItemHead", text="64  At the end of Division 2 of Part II"
[parser-unknown-class] "ItemHead", text="65  After Division 2 of Part II"
[parser-unknown-class] "ItemHead", text="66  Subsections 19(1) and (2)"
[parser-unknown-class] "ItemHead", text="67  Subsections 19(1) and (2)"
[parser-unknown-class] "ItemHead", text="68  Subsection 19(3)"
[parser-unknown-class] "ItemHead", text="69  Subsection 19(3)"
[parser-unknown-class] "ItemHead", text="70  Subsections 20(1) and (3)"
[parser-unknown-class] "ItemHead", text="71  Section 21"
[parser-unknown-class] "ItemHead", text="72  Subsection 22(1)"
[parser-unknown-class] "ItemHead", text="73  Subsection 22(1)"
[parser-unknown-class] "ItemHead", text="74  Subsection 22(1)"
[parser-unknown-class] "ItemHead", text="75  Subsection 22(2)"
[parser-unknown-class] "ItemHead", text="76  Subsection 22(2)"
[parser-unknown-class] "ItemHead", text="77  Subsection 23(1)"
[parser-unknown-class] "ItemHead", text="78  Subsection 23(1)"
[parser-unknown-class] "ItemHead", text="79  Subsection 23(2)"
[parser-unknown-class] "ItemHead", text="80  Paragraphs 23(2)(a) and (b)"
[parser-unknown-class] "ItemHead", text="81  Subsection 24(1)"
[parser-unknown-class] "ItemHead", text="82  Subsection 24(1)"
[parser-unknown-class] "ItemHead", text="83  Subsection 24(2)"
[parser-unknown-class] "ItemHead", text="84  Section 25"
[parser-unknown-class] "ItemHead", text="85  Section 25"
[parser-unknown-class] "ItemHead", text="86  Division 3 of Part II"
[parser-unknown-class] "ItemHead", text="87  Section 32 (definitions of excess receipts of foreign currency and surplus foreign currency)"
[parser-unknown-class] "ItemHead", text="88  Section 32 (definitions of excess receipts of foreign currency and surplus foreign currency)"
[parser-unknown-class] "ItemHead", text="89  Subsection 33(1)"
[parser-unknown-class] "ItemHead", text="90  Subsection 33(1)"
[parser-unknown-class] "ItemHead", text="91  Subsection 33(2)"
[parser-unknown-class] "ItemHead", text="92  Subsection 33(3)"
[parser-unknown-class] "ItemHead", text="93  Subsection 33(3)"
[parser-unknown-class] "ItemHead", text="94  Subsection 33(4)"
[parser-unknown-class] "ItemHead", text="95  Subsection 33(4)"
[parser-unknown-class] "ItemHead", text="96  Subsection 33(5)"
[parser-unknown-class] "ItemHead", text="97  Subsection 33(5)"
[parser-unknown-class] "ItemHead", text="98  Subsection 33(6)"
[parser-unknown-class] "Specialih", text="99  Subsection 33(6)"
[parser-unknown-class] "ItemHead", text="100  Section 34"
[parser-unknown-class] "ItemHead", text="101  Section 34"
[parser-unknown-class] "ItemHead", text="102  Section 34"
[parser-unknown-class] "ItemHead", text="103  Section 35"
[parser-unknown-class] "ItemHead", text="104  Paragraph 35(a)"
[parser-unknown-class] "ItemHead", text="105  Subsections 36(1) and (2)"
[parser-unknown-class] "ItemHead", text="106  Subsections 36(1) and (2)"
[parser-unknown-class] "ItemHead", text="107  Paragraph 36(3)(b)"
[parser-unknown-class] "ItemHead", text="108  Part IIA (heading)"
[parser-unknown-class] "ItemHead", text="109  Subsections 38A(1) and (2)"
[parser-unknown-class] "ItemHead", text="110  Subsection 38A(2)"
[parser-unknown-class] "ItemHead", text="111  Subsection 38A(3)"
[parser-unknown-class] "ItemHead", text="112  Paragraph 38A(4)(b)"
[parser-unknown-class] "ItemHead", text="113  Paragraphs 50(a) and (b)"
[parser-unknown-class] "ItemHead", text="114  Paragraph 50(c)"
[parser-unknown-class] "ItemHead", text="115  Paragraphs 51(1)(a), (b), (c) and (f)"
[parser-unknown-class] "ItemHead", text="116  At the end of paragraphs 51(1)(a), (b), (c) and (d)"
[parser-unknown-class] "ItemHead", text="117  Paragraph 51(1)(a)"
[parser-unknown-class] "ItemHead", text="118  Paragraph 51(1)(b)"
[parser-unknown-class] "ItemHead", text="119  After paragraph 51(1)(b)"
[parser-unknown-class] "ItemHead", text="120  Paragraph 51(1)(d)"
[parser-unknown-class] "ItemHead", text="121  Paragraph 51(1)(e)"
[parser-unknown-class] "ItemHead", text="122  Paragraph 51(1)(e)"
[parser-unknown-class] "ItemHead", text="123  Paragraph 51(1)(f)"
[parser-unknown-class] "ItemHead", text="124  Subparagraph 51(1)(f)(iv)"
[parser-unknown-class] "ItemHead", text="125  Subsection 51(2)"
[parser-unknown-class] "ItemHead", text="126  Section 52"
[parser-unknown-class] "ItemHead", text="127  Section 61"
[parser-unknown-class] "ItemHead", text="128  Section 62"
[parser-unknown-class] "ItemHead", text="129  Subsection 63(1)"
[parser-unknown-class] "ItemHead", text="130  Paragraphs 63(1)(a) and (b)"
[parser-unknown-class] "ItemHead", text="131  Subsection 63(4)"
[parser-unknown-class] "ItemHead", text="132  At the end of section 63"
[parser-unknown-class] "ItemHead", text="133  Section 64"
[parser-unknown-class] "ItemHead", text="134  Subsection 65(1)"
[parser-unknown-class] "ItemHead", text="135  Subsection 65(1)"
[parser-unknown-class] "ItemHead", text="136  Subsection 65(2)"
[parser-unknown-class] "ItemHead", text="137  Subsection 65(2)"
[parser-unknown-class] "ItemHead", text="138  Subsection 65(2)"
[parser-unknown-class] "ItemHead", text="139  Subsection 65(3)"
[parser-unknown-class] "ItemHead", text="140  Subsection 65(4)"
[parser-unknown-class] "ItemHead", text="141  Subsection 65(4)"
[parser-unknown-class] "ItemHead", text="142  Subsection 65(4)"
[parser-unknown-class] "ItemHead", text="143  Subsections 66(1) and (2)"
[parser-unknown-class] "ItemHead", text="144  Subsection 66(4)"
[parser-unknown-class] "ItemHead", text="145  At the end of section 66"
[parser-unknown-class] "ItemHead", text="146  After section 66"
[parser-unknown-class] "ItemHead", text="147  Subsection 67(1)"
[parser-unknown-class] "ItemHead", text="148  Subsection 67(1)"
[parser-unknown-class] "ItemHead", text="149  Subsection 67(2)"
[parser-unknown-class] "ItemHead", text="150  After section 69"
[parser-unknown-class] "ItemHead", text="151  At the end of subsection 69A(3) (after the note)"
[parser-unknown-class] "ItemHead", text="152  Section 69A (table)"
[parser-unknown-class] "Table", text=""
[parser-unknown-class] "Table", text="Table of offences"
[parser-unknown-class] "Table", text=""
[parser-unknown-class] "Table", text="Item"
[parser-unknown-class] "Table", text="Column 1"
[parser-unknown-class] "Table", text="(continuing offences)"
[parser-unknown-class] "Table", text="Column 2"
[parser-unknown-class] "Table", text="(ordinary offences)"
[parser-unknown-class] "Table", text="Column 3"
[parser-unknown-class] "Table", text="(penalty level)"
[parser-unknown-class] "Table", text="1"
[parser-unknown-class] "Table", text="section 7"
[parser-unknown-class] "Table", text=""
[parser-unknown-class] "Table", text="A"
[parser-unknown-class] "Table", text="2"
[parser-unknown-class] "Table", text="section 8"
[parser-unknown-class] "Table", text=""
[parser-unknown-class] "Table", text="A"
[parser-unknown-class] "Table", text="3"
[parser-unknown-class] "Table", text="subsection 9(6)"
[parser-unknown-class] "Table", text=""
[parser-unknown-class] "Table", text="A"
[parser-unknown-class] "Table", text="4"
[parser-unknown-class] "Table", text=""
[parser-unknown-class] "Table", text="subsection 10(3)"
[parser-unknown-class] "Table", text="B"
[parser-unknown-class] "Table", text="5"
[parser-unknown-class] "Table", text="subsection 11(3)"
[parser-unknown-class] "Table", text=""
[parser-unknown-class] "Table", text="A"
[parser-unknown-class] "Table", text="6"
[parser-unknown-class] "Table", text="subsection 11AA(5)"
[parser-unknown-class] "Table", text=""
[parser-unknown-class] "Table", text="A"
[parser-unknown-class] "Table", text="7"
[parser-unknown-class] "Table", text="subsection 11CG(1)"
[parser-unknown-class] "Table", text=""
[parser-unknown-class] "Table", text="B"
[parser-unknown-class] "Table", text="8"
[parser-unknown-class] "Table", text="subsection 11CG(2)"
[parser-unknown-class] "Table", text=""
[parser-unknown-class] "Table", text="B"
[parser-unknown-class] "Table", text="9"
[parser-unknown-class] "Table", text=""
[parser-unknown-class] "Table", text="subsection 11E(2)"
[parser-unknown-class] "Table", text="B"
[parser-unknown-class] "Table", text="10"
[parser-unknown-class] "Table", text=""
[parser-unknown-class] "Table", text="subsection 13(3)"
[parser-unknown-class] "Table", text="A"
[parser-unknown-class] "Table", text="11"
[parser-unknown-class] "Table", text="subsection 13A(4)"
[parser-unknown-class] "Table", text=""
[parser-unknown-class] "Table", text="A"
[parser-unknown-class] "Table", text="12"
[parser-unknown-class] "Table", text="section 13B"
[parser-unknown-class] "Table", text=""
[parser-unknown-class] "Table", text="B"
[parser-unknown-class] "Table", text="13"
[parser-unknown-class] "Table", text="subsection 33(4)"
[parser-unknown-class] "Table", text=""
[parser-unknown-class] "Table", text="A"
[parser-unknown-class] "Table", text="14"
[parser-unknown-class] "Table", text=""
[parser-unknown-class] "Table", text="subsection 36(1) or (2)"
[parser-unknown-class] "Table", text="A"
[parser-unknown-class] "Table", text="15"
[parser-unknown-class] "Table", text=""
[parser-unknown-class] "Table", text="section 41"
[parser-unknown-class] "Table", text="A"
[parser-unknown-class] "Table", text="16"
[parser-unknown-class] "Table", text=""
[parser-unknown-class] "Table", text="subsection 42(1) or (2)"
[parser-unknown-class] "Table", text="B"
[parser-unknown-class] "Table", text="17"
[parser-unknown-class] "Table", text=""
[parser-unknown-class] "Table", text="subsection 45(1) or (3)"
[parser-unknown-class] "Table", text="A"
[parser-unknown-class] "Table", text="18"
[parser-unknown-class] "Table", text=""
[parser-unknown-class] "Table", text="section 46"
[parser-unknown-class] "Table", text="A"
[parser-unknown-class] "Table", text="19"
[parser-unknown-class] "Table", text="subsection 61(2)"
[parser-unknown-class] "Table", text=""
[parser-unknown-class] "Table", text="B"
[parser-unknown-class] "Table", text="20"
[parser-unknown-class] "Table", text="subsection 62(1)"
[parser-unknown-class] "Table", text=""
[parser-unknown-class] "Table", text="A"
[parser-unknown-class] "Table", text="21"
[parser-unknown-class] "Table", text=""
[parser-unknown-class] "Table", text="section 63"
[parser-unknown-class] "Table", text="A"
[parser-unknown-class] "Table", text="22"
[parser-unknown-class] "Table", text="section 66"
[parser-unknown-class] "Table", text=""
[parser-unknown-class] "Table", text="B"
[parser-unknown-class] "Table", text="23"
[parser-unknown-class] "Table", text="subsection 66A(1)"
[parser-unknown-class] "Table", text=""
[parser-unknown-class] "Table", text="B"
[parser-unknown-class] "Table", text="24"
[parser-unknown-class] "Table", text="section 67"
[parser-unknown-class] "Table", text=""
[parser-unknown-class] "Table", text="B"
[parser-unknown-class] "Table", text="25"
[parser-unknown-class] "Table", text=""
[parser-unknown-class] "Table", text="subsection 69(10)"
[parser-unknown-class] "Table", text="B"
[parser-unknown-class] "ItemHead", text="153  Section 69D"
[parser-unknown-class] "ItemHead", text="154  After section 69D"
[parser-unknown-class] "ItemHead", text="155  Section 70A"
[parser-unknown-class] "ItemHead", text="156  Subsection 71(2)"
[parser-unknown-class] "ItemHead", text="157  Subsection 71(4)"
[parser-unknown-class] "ItemHead", text="158  The First Schedule"
[parser-unknown-class] "ItemHead", text="159  The Third Schedule (heading)"
[parser-unknown-class] "ItemHead", text="1  The whole of the Act"
[parser-unknown-class] "ActHead7", text="Part 1—Changing the administration of the Corporations Law"
[parser-unknown-class] "ItemHead", text="1  Section 9 (definition of ASC)"
[parser-unknown-class] "ItemHead", text="2  Section 9 (definition of Advisory Committee)"
[parser-unknown-class] "ItemHead", text="3  Section 9 (paragraph (c) of the definition of Board)"
[parser-unknown-class] "ItemHead", text="4  Section 9 (definition of Commission)"
[parser-unknown-class] "ItemHead", text="5  Section 9 (definition of Commission Act)"
[parser-unknown-class] "ItemHead", text="6  Section 9 (note to definition of unclaimed money account)"
[parser-unknown-class] "ItemHead", text="7  Small business guide in Part 1.5"
[parser-unknown-class] "ItemHead", text="8  Small business guide (paragraph 1.1)"
[parser-unknown-class] "ItemHead", text="9  Paragraph 109Q(2)(c)"
[parser-unknown-class] "ItemHead", text="10  Subsection 1339(1) (note)"
[parser-unknown-class] "ItemHead", text="11  Subsections 1339(2) and (3)"
[parser-unknown-class] "ItemHead", text="12  Subsection 1339(3) (note)"
[parser-unknown-class] "ActHead7", text="Part 2—Changing references to “ASC” to “ASIC”"
[parser-unknown-class] "ItemHead", text="13  Amendment of the Corporations Law"
[parser-unknown-class] "ItemHead", text="14  Subsection 109X(3)"
[parser-unknown-class] "ItemHead", text="15  Subsection 111J(1)"
[parser-unknown-class] "ItemHead", text="16  Small business guide (paragraphs 1.1, 1.7, 3.2, 3.3, 3.8, 3.9, 4.1, 4.2, 4.3, 4.4, 5.1, 5.4 a..."
[parser-unknown-class] "ItemHead", text="17  Note 1 to subsection 116(2)"
[parser-unknown-class] "ItemHead", text="18  Note to subsection 116(4)"
[parser-unknown-class] "ItemHead", text="19  Paragraph 168(1)(a)"
[parser-unknown-class] "ItemHead", text="20  Subsection 168(2)"
[parser-unknown-class] "ItemHead", text="21  Subsection 170(1)"
[parser-unknown-class] "ItemHead", text="22  Subsection 170A(1)"
[parser-unknown-class] "ItemHead", text="23  Table in subsection 206C(1)"
[parser-unknown-class] "ItemHead", text="24  Subsection 206D(3)"
[parser-unknown-class] "ItemHead", text="25  Subsections 206E(3) to (4)"
[parser-unknown-class] "ItemHead", text="26  Section 206F"
[parser-unknown-class] "ItemHead", text="27  Subsection 206G(2)"
[parser-unknown-class] "ItemHead", text="28  Section 206J"
[parser-unknown-class] "ItemHead", text="29  Table in section 206K (item relating to section 733)"
[parser-unknown-class] "ItemHead", text="30  Paragraph 216E(1)(d)"
[parser-unknown-class] "ItemHead", text="31  Subsection 216E(2)"
[parser-unknown-class] "ItemHead", text="32  Subsections 216F(3), (6), (8) and (10)"
[parser-unknown-class] "ItemHead", text="33  Subsection 216H(3)"
[parser-unknown-class] "ItemHead", text="34  Subsections 242(1) to (2)"
[parser-unknown-class] "ItemHead", text="35  Paragraphs 242(5)(b) and (6)(a) to (b)"
[parser-unknown-class] "ItemHead", text="36  Subsections 242(7) to (9)"
[parser-unknown-class] "ItemHead", text="37  Subsections 242A(1) to (2)"
[parser-unknown-class] "ItemHead", text="38  Section 242B (including the note to the section)"
[parser-unknown-class] "ItemHead", text="39  Subsections 242C(1) and (3)"
[parser-unknown-class] "ItemHead", text="40  Paragraph 283B(b)"
[parser-unknown-class] "ItemHead", text="41  Paragraph 283C(2)(b)"
[parser-unknown-class] "ItemHead", text="42  Note 2 to subsection 283C(3)"
[parser-unknown-class] "ItemHead", text="43  Subsection 283C(7)"
[parser-unknown-class] "ItemHead", text="44  Subsections 317(1) and (4)"
[parser-unknown-class] "ItemHead", text="45  Subsection 317B(2)"
[parser-unknown-class] "ItemHead", text="46  Paragraph 317B(3)(e)"
[parser-unknown-class] "ItemHead", text="47  Subsection 317B(4)"
[parser-unknown-class] "ActHead7", text="Part 1—General amendments to take account of Schedule 1 to the Company Law Review Act 1998"
[parser-unknown-class] "ItemHead", text="1  Small business guide in Part 1.5"
[parser-unknown-class] "ItemHead", text="2  Paragraph 1.1 of the Small business guide in Part 1.5"
[parser-unknown-class] "ItemHead", text="3  Heading to Division 5 of Part 2M.3"
[parser-unknown-class] "ItemHead", text="4  Heading to Chapter 2N"
[parser-unknown-class] "ItemHead", text="5  Heading to Part 2N.2"
[parser-unknown-class] "ItemHead", text="6  Section 1362CH"
[parser-unknown-class] "ActHead7", text="Part 2—Changing “ASC” to “ASIC” to take account of Schedule 1 to the Company Law Review Act 1998"
[parser-unknown-class] "ItemHead", text="7  Amendment of the Corporations Law"
[parser-unknown-class] "ItemHead", text="8  Small business guide in Part 1.5 (paragraphs 1.1, 1.10, 3.2 to 3.3, 3.7 to 3.9, 4.1 to 4.4 and..."
[parser-unknown-class] "ItemHead", text="9  Subsections 113(3) to (4)"
[parser-unknown-class] "ItemHead", text="10  Subsection 117(1)"
[parser-unknown-class] "ItemHead", text="11  Subsections 118(1) to (2)"
[parser-unknown-class] "ItemHead", text="12  Subsection 129(2)"
[parser-unknown-class] "ItemHead", text="13  Subsections 130(1) to (2)"
[parser-unknown-class] "ItemHead", text="14  Subsection 136(5)"
[parser-unknown-class] "ItemHead", text="15  Section 138"
[parser-unknown-class] "ItemHead", text="16  Subsection 142(2)"
[parser-unknown-class] "ItemHead", text="17  Subsections 143(1) to (3) (including the note to subsection 143(1))"
[parser-unknown-class] "ItemHead", text="18  Paragraph 145(2)(b)"
[parser-unknown-class] "ItemHead", text="19  Subsection 145(3)"
[parser-unknown-class] "ItemHead", text="20  Section 146"
[parser-unknown-class] "ItemHead", text="21  Note to subsection 147(3)"
[parser-unknown-class] "ItemHead", text="22  Subsections 150(1) to (2)"
[parser-unknown-class] "ItemHead", text="23  Subsections 151(2) to (3)"
[parser-unknown-class] "ItemHead", text="24  Subsections 152(1) to (3)"
[parser-unknown-class] "ItemHead", text="25  Paragraph 157(1)(b)"
[parser-unknown-class] "ItemHead", text="26  Subsections 157(2) to (3)"
[parser-unknown-class] "ItemHead", text="27  Subsections 158(1) and (3) to (4)"
[parser-unknown-class] "ItemHead", text="28  Subsections 159(1) to (2)"
[parser-unknown-class] "ItemHead", text="29  Section 160"
[parser-unknown-class] "ItemHead", text="30  Subsection 162(3)"
[parser-unknown-class] "ItemHead", text="31  Subsection 163(1)"
[parser-unknown-class] "ItemHead", text="32  Subsections 164(1) to (7) (including the note to subsection 164(7))"
[parser-unknown-class] "ItemHead", text="33  Subsections 165(1), (3) to (5)"
[parser-unknown-class] "ItemHead", text="34  Paragraph 172(1)(d)"
[parser-unknown-class] "ItemHead", text="35  Subsection 172(2)"
[parser-unknown-class] "ItemHead", text="36  Subsections 173(3), (6), (8) and (10)"
[parser-unknown-class] "ItemHead", text="37  Subsection 175(3)"
[parser-unknown-class] "ItemHead", text="38  Subsection 246C(5)"
[parser-unknown-class] "ItemHead", text="39  Subsection 246D(6)"
[parser-unknown-class] "ItemHead", text="40  Subsections 246F(1) and (3)"
[parser-unknown-class] "ItemHead", text="41  Subsections 246G(2) and (4)"
[parser-unknown-class] "ItemHead", text="42  Paragraph 247C(a)"
[parser-unknown-class] "ItemHead", text="43  Paragraph 249A(5)(b)"
[parser-unknown-class] "ItemHead", text="44  Subsection 249B(2)"
[parser-unknown-class] "ItemHead", text="45  Subsections 250P(1) to (2) and (4)"
[parser-unknown-class] "ItemHead", text="46  Paragraph 251A(5)(c)"
[parser-unknown-class] "ItemHead", text="47  Paragraphs 251B(3)(b) and (4)(b)"
[parser-unknown-class] "ItemHead", text="48  Paragraph 253M(3)(c)"
[parser-unknown-class] "ItemHead", text="49  Paragraphs 253N(3)(b) and (4)(b)"
[parser-unknown-class] "ItemHead", text="50  Notes 1 and 2 to subsection 254B(1)"
[parser-unknown-class] "ItemHead", text="51  Subsection 254E(2)"
[parser-unknown-class] "ItemHead", text="52  Subsection 254H(4)"
[parser-unknown-class] "ItemHead", text="53  Subsection 254N(2)"
[parser-unknown-class] "ItemHead", text="54  Subsections 254X(1) to (2)"
[parser-unknown-class] "ItemHead", text="55  Note to subsection 254X(3)"
[parser-unknown-class] "ItemHead", text="56  Section 254Y"
[parser-unknown-class] "ItemHead", text="57  Subsections 256D(1) to (2)"
[parser-unknown-class] "ItemHead", text="58  Subsection 256E(2)"
[parser-unknown-class] "ItemHead", text="59  Paragraph 257B(7)(b)"
[parser-unknown-class] "ItemHead", text="60  Subsection 257C(3)"
[parser-unknown-class] "ItemHead", text="61  Subsections 257D(3) to (4)"
[parser-unknown-class] "ItemHead", text="62  Section 257E"
[parser-unknown-class] "ItemHead", text="63  Subsection 257F(2)"
[parser-unknown-class] "ItemHead", text="64  Note to subsection 257H(3)"
[parser-unknown-class] "ItemHead", text="65  Table item 3 in section 257J"
[parser-unknown-class] "ItemHead", text="66  Subsection 259B(4)"
[parser-unknown-class] "ItemHead", text="67  Subsection 259C(2)"
[parser-unknown-class] "ItemHead", text="68  Subsection 259D(1)"
[parser-unknown-class] "ItemHead", text="69  Paragraph 260A(1)(b)"
[parser-unknown-class] "ItemHead", text="70  Subsections 260B(5) to (7)"
[parser-unknown-class] "ItemHead", text="71  Table items 3 and 5 in section 285"
[parser-unknown-class] "ItemHead", text="72  Subsections 289(2) to (3)"
[parser-unknown-class] "ItemHead", text="73  Table item 4 in section 291"
[parser-unknown-class] "ItemHead", text="74  Paragraph 292(2)(b)"
[parser-unknown-class] "ItemHead", text="75  Subsection 294(1)"
[parser-unknown-class] "ItemHead", text="76  Paragraph 302(c)"
[parser-unknown-class] "ItemHead", text="77  Note 2 to section 302"
[parser-unknown-class] "ItemHead", text="78  Section 311 (including the note to the section)"
[parser-unknown-class] "ItemHead", text="79  Subsections 319(1) to (2)"
[parser-unknown-class] "ItemHead", text="80  Paragraph 319(4)(e)"
[parser-unknown-class] "ItemHead", text="81  Subsection 319(5)"
[parser-unknown-class] "ItemHead", text="82  Section 320"
[parser-unknown-class] "ItemHead", text="83  Subsection 321(1)"
[parser-unknown-class] "ItemHead", text="84  Subsection 322(1)"
[parser-unknown-class] "ItemHead", text="85  Subsection 339(1)"
[parser-unknown-class] "ItemHead", text="86  Subsection 340(1)"
[parser-unknown-class] "ItemHead", text="87  Paragraph 340(3)(c)"
[parser-unknown-class] "ItemHead", text="88  Subsection 340(4)"
[parser-unknown-class] "ItemHead", text="89  Subsection 341(1)"
[parser-unknown-class] "ItemHead", text="90  Subsections 342(1) to (3)"
[parser-unknown-class] "ItemHead", text="91  Subsections 345(1) to (3)"
[parser-unknown-class] "ItemHead", text="92  Note to subsection 345(4)"
[parser-unknown-class] "ItemHead", text="93  Subsection 346(2)"
[parser-unknown-class] "ItemHead", text="94  Section 347"
[parser-unknown-class] "ItemHead", text="95  Table item 9 in section 348"
[parser-unknown-class] "ItemHead", text="96  Note to the table in section 348"
[parser-unknown-class] "ItemHead", text="97  Section 350"
[parser-unknown-class] "ItemHead", text="98  Subsections 351(1) to (2)"
[parser-unknown-class] "ItemHead", text="99  Section 352"
[parser-unknown-class] "ItemHead", text="100  Subsections 601AA(1) and (3) to (5)"
[parser-unknown-class] "ItemHead", text="101  Subsections 601AB(1) to (5)"
[parser-unknown-class] "ItemHead", text="102  Subsections 601AC(1) to (2)"
[parser-unknown-class] "ItemHead", text="103  Subsections 601AD(2) to (4) (including the note to subsection 601AD(4))"
[parser-unknown-class] "ItemHead", text="104  Subsections 601AE(1) to (5) (including the note to subsection 601AE(1))"
[parser-unknown-class] "ItemHead", text="105  Section 601AF (including the note to the section)"
[parser-unknown-class] "ItemHead", text="106  Subsections 601AH(1) to (2)"
[parser-unknown-class] "ItemHead", text="107  Note to subsection 601AH(3)"
[parser-unknown-class] "ItemHead", text="108  Subsections 601AH(4) to (5)"
[parser-unknown-class] "ItemHead", text="109  Subsections 601BC(1), (6) and (9)"
[parser-unknown-class] "ItemHead", text="110  Subsections 601BD(1) to (2)"
[parser-unknown-class] "ItemHead", text="111  Subsections 601BJ(1) and (3)"
[parser-unknown-class] "ItemHead", text="112  Subsections 601BL(1) to (2)"
[parser-unknown-class] "ItemHead", text="113  Subsections 601DA(1) to (3)"
[parser-unknown-class] "ItemHead", text="114  Note to subsection 601DC(3)"
[parser-unknown-class] "ItemHead", text="115  Subsections 601DH(1) to (2) (including note 3 to subsection 601DH(2)"
[parser-unknown-class] "ItemHead", text="116  Subsections 601DJ(1) and (3) to (4) (including the note to subsection 601DJ(4))"
[parser-unknown-class] "ItemHead", text="117  Subsections 1362CJ(2) to (3)"
[parser-unknown-class] "ItemHead", text="118  Table item 5 in section 1424"
[parser-unknown-class] "ItemHead", text="119  Subsection 1427(6)"
[parser-unknown-class] "ItemHead", text="120  Subsection 1432(2)"
[parser-unknown-class] "ItemHead", text="121  Section 1435"
[parser-unknown-class] "ItemHead", text="122  Subsections 1438(1) to (3)"
[parser-unknown-class] "ItemHead", text="123  Subsections 1440(1) to (2)"
[parser-unknown-class] "ActHead7", text="Part 3—General amendments to take account of Schedules 2 to 4 to the Company Law Review Act 1998"
[parser-unknown-class] "ItemHead", text="124  Section 9 (definition of ASC database)"
[parser-unknown-class] "ItemHead", text="125  Section 9"
[parser-unknown-class] "ActHead7", text="Part 4—Changing “ASC” to “ASIC” to take account of Schedules 2 to 4 to the Company Law Review Act..."
[parser-unknown-class] "ItemHead", text="126  Amendment of the Corporations Law"
[parser-unknown-class] "ItemHead", text="127  Section 9 (definition of ACN)"
[parser-unknown-class] "ItemHead", text="128  Section 9 (paragraphs (a) to (b) of the definition of annual return)"
[parser-unknown-class] "ItemHead", text="129  Section 9 (definition of ARBN)"
[parser-unknown-class] "ItemHead", text="130  Note at the end of section 102"
[parser-unknown-class] "ItemHead", text="131  Paragraphs 109X(1)(c) to (d)"
[parser-unknown-class] "ItemHead", text="132  Subsection 109X(2)"
[parser-unknown-class] "ItemHead", text="133  Paragraph 216E(1)(d)"
[parser-unknown-class] "ItemHead", text="134  Note to subsection 225A(5)"
[parser-unknown-class] "ItemHead", text="135  Subsection 238(1A)"
[parser-unknown-class] "ItemHead", text="136  Subsections 242(1) and (3) to (4)"
[parser-unknown-class] "ItemHead", text="137  Paragraphs 242AA(2)(b) and (3)(a) to (b)"
[parser-unknown-class] "ItemHead", text="138  Subsection 242AA(4)"
[parser-unknown-class] "ItemHead", text="139  Paragraph 413(1)(d)"
[parser-unknown-class] "ItemHead", text="140  Subsection 461(2)"
[parser-unknown-class] "ItemHead", text="141  Paragraph 480(d)"
[parser-unknown-class] "ItemHead", text="142  Subsection 481(5)"
[parser-unknown-class] "ItemHead", text="143  Subsection 506(1B)"
[parser-unknown-class] "ItemHead", text="144  Subsection 507(11)"
[parser-unknown-class] "ItemHead", text="145  Subsections 509(5) and (6)"
[parser-unknown-class] "ItemHead", text="146  Subsection 510(1A)"
[parser-unknown-class] "ItemHead", text="147  Subsection 544(1A)"
[parser-unknown-class] "ItemHead", text="148  Subsection 588(4)"
[parser-unknown-class] "ItemHead", text="149  Paragraphs 589(3)(a) to (b)"
[parser-unknown-class] "ItemHead", text="150  Subparagraph 744(9)(b)(i)"
[parser-unknown-class] "ItemHead", text="151  Subsection 1274(7A)"
[parser-unknown-class] "ItemHead", text="152  Paragraph 1289(1)(c)"
[parser-unknown-class] "ActHead7", text="Part 5—General amendments to take account of Schedule 5 to the Company Law Review Act 1998"
[parser-unknown-class] "ItemHead", text="153  Amendment of the Corporations Law"
[parser-unknown-class] "ItemHead", text="154  Subsection 254H(4)"
[parser-unknown-class] "ItemHead", text="155  Subsections 256C(3) and (5)"
[parser-unknown-class] "ItemHead", text="156  Table item 3 in section 256E"
[parser-unknown-class] "ActHead7", text="Part 1—General amendments to take account of Schedule 1 to the Managed Investments Act 1998"
[parser-unknown-class] "ItemHead", text="1  Subsection 601FF (note)"
[parser-unknown-class] "ItemHead", text="2  Subsection 601FJ(1)"
[parser-unknown-class] "ItemHead", text="3  Paragraph 601HH(1)(b)"
[parser-unknown-class] "ActHead7", text="Part 2—Changing “ASC” to “ASIC” to take account of Schedule 1 to the Managed Investments Act 1998"
[parser-unknown-class] "ItemHead", text="4  Amendment of the Corporations Law"
[parser-unknown-class] "ItemHead", text="5  Subsection 601EA(1)"
[parser-unknown-class] "ItemHead", text="6  Subsections 601EB(1) to (3)"
[parser-unknown-class] "ItemHead", text="7  Section 601EC"
[parser-unknown-class] "ItemHead", text="8  Subsection 601ED(3)"
[parser-unknown-class] "ItemHead", text="9  Paragraph 601EE(1)(a)"
[parser-unknown-class] "ItemHead", text="10  Paragraph 601FC(1)(l)"
[parser-unknown-class] "ItemHead", text="11  Subsections 601FF(1) to (2) (including the note to subsection 601FF(1))"
[parser-unknown-class] "ItemHead", text="12  Paragraphs 601FL(2)(a) and (c)"
[parser-unknown-class] "ItemHead", text="13  Paragraphs 601FM(2)(a) and (c)"
[parser-unknown-class] "ItemHead", text="14  Section 601FN"
[parser-unknown-class] "ItemHead", text="15  Subsections 601FP(3) to (4)"
[parser-unknown-class] "ItemHead", text="16  Subsections 601FQ(4) to (5)"
[parser-unknown-class] "ItemHead", text="17  Subsections 601GC(2) to (3)"
[parser-unknown-class] "ItemHead", text="18  Subsection 601HB(1)"
[parser-unknown-class] "ItemHead", text="19  Section 601HC"
[parser-unknown-class] "ItemHead", text="20  Section 601HD"
[parser-unknown-class] "ItemHead", text="21  Subsections 601HE(2) to (3)"
[parser-unknown-class] "ItemHead", text="22  Subsection 601HF(1)"
[parser-unknown-class] "ItemHead", text="23  Paragraph 601HF(2)(b)"
[parser-unknown-class] "ItemHead", text="24  Subsections 601HG(4) and (7)"
[parser-unknown-class] "ItemHead", text="25  Paragraph 601HG(8)(b)"
[parser-unknown-class] "ItemHead", text="26  Subparagraphs 601HH(2)(a)(i) to (ii)"
[parser-unknown-class] "ItemHead", text="27  Paragraph 601HH(2)(b)"
[parser-unknown-class] "ItemHead", text="28  Subsections 601HH(3) to (4)"
[parser-unknown-class] "ItemHead", text="29  Paragraphs 601HH(5)(b) to (c)"
[parser-unknown-class] "ItemHead", text="30  Section 601HI"
[parser-unknown-class] "ItemHead", text="31  Subsections 601JA(3) to (4)"
[parser-unknown-class] "ItemHead", text="32  Subsections 601JB(5) to (6)"
[parser-unknown-class] "ItemHead", text="33  Paragraph 601JC(c)"
[parser-unknown-class] "ItemHead", text="34  Subsection 601JD(2)"
[parser-unknown-class] "ItemHead", text="35  Section 601JE"
[parser-unknown-class] "ItemHead", text="36  Subsection 601KB(5)"
[parser-unknown-class] "ItemHead", text="37  Subsection 601KE(3)"
[parser-unknown-class] "ItemHead", text="38  Subsection 601NC(2)"
[parser-unknown-class] "ItemHead", text="39  Paragraph 601ND(2)(d)"
[parser-unknown-class] "ItemHead", text="40  Paragraph 601NF(3)(d)"
[parser-unknown-class] "ItemHead", text="41  Section 601NG"
[parser-unknown-class] "ItemHead", text="42  Subsections 601PA(1) and (3) to (4)"
[parser-unknown-class] "ItemHead", text="43  Subsection 601PB(1)"
[parser-unknown-class] "ItemHead", text="44  Subparagraph 601PB(1)(e)(iii)"
[parser-unknown-class] "ItemHead", text="45  Subsections 601PB(2) to (5)"
[parser-unknown-class] "ItemHead", text="46  Subsections 601PC(1) to (2) and (4)"
[parser-unknown-class] "ItemHead", text="47  Subsections 601QA(1) and (3) to (4)"
[parser-unknown-class] "ItemHead", text="48  Subsection 1454(2)"
[parser-unknown-class] "ItemHead", text="49  Subsection 1455(2)"
[parser-unknown-class] "ItemHead", text="50  Subsection 1456(1)"
[parser-unknown-class] "ItemHead", text="51  Paragraph 1456(2)(c)"
[parser-unknown-class] "ItemHead", text="52  Paragraph 1457(1)(b)"
[parser-unknown-class] "ItemHead", text="53  Paragraph 1459(3)(d)"
[parser-unknown-class] "ItemHead", text="54  Subsection 1460(5)"
[parser-unknown-class] "ItemHead", text="55  Paragraphs 1460(6)(b) to (c)"
[parser-unknown-class] "ActHead7", text="Part 3—General amendments to take account of Schedule 2 to the Managed Investments Act 1998"
[parser-unknown-class] "ItemHead", text="56  Section 9 (definition of responsible entity)"
[parser-unknown-class] "ItemHead", text="57  Subsection 331AC(1)"
[parser-unknown-class] "ActHead7", text="Part 4—Changing “ASC” to “ASIC” to take account of Schedule 2 to the Managed Investments Act 1998"
[parser-unknown-class] "ItemHead", text="58  Amendment of the Corporations Law"
[parser-unknown-class] "ItemHead", text="59  Section 9 (definition of ARSN)"
[parser-unknown-class] "ItemHead", text="60  Paragraph 66(4)(c)"
[parser-unknown-class] "ItemHead", text="61  Paragraph 172(1A)(d)"
[parser-unknown-class] "ItemHead", text="62  Subsection 331AB(7)"
[parser-unknown-class] "ItemHead", text="63  Subparagraphs 331AC(2)(a)(i) to (ii)"
[parser-unknown-class] "ItemHead", text="64  Paragraph 331AC(2)(b)"
[parser-unknown-class] "ItemHead", text="65  Subsections 331AC(3) to (4)"
[parser-unknown-class] "ItemHead", text="66  Paragraphs 331AC(5)(b) to (c)"
[parser-unknown-class] "ItemHead", text="67  Subsections 331AC(6) to (7)"
[parser-unknown-class] "ItemHead", text="68  Section 825A"
[parser-unknown-class] "ItemHead", text="69  Section 1343A"
[parser-unknown-class] "ItemHead", text="1  Subsection 4(1)"
[parser-unknown-class] "ItemHead", text="2  Paragraph 8(2)(b)"
[parser-unknown-class] "ItemHead", text="3  Paragraph 8(2)(l)"
[parser-unknown-class] "ItemHead", text="4  Paragraph 9(9)(c)"
[parser-unknown-class] "ItemHead", text="5  Subsection 10(1)"
[parser-unknown-class] "ItemHead", text="6  Subsection 10(2)"
[parser-unknown-class] "ItemHead", text="7  Subsection 10(3)"
[parser-unknown-class] "ItemHead", text="8  Subsection 10(4)"
[parser-unknown-class] "ItemHead", text="9  Subsection 10(5)"
[parser-unknown-class] "ItemHead", text="10  Subsection 10(5)"
[parser-unknown-class] "ItemHead", text="11  Subsection 10(5A)"
[parser-unknown-class] "ItemHead", text="12  Subsection 10(5A)"
[parser-unknown-class] "ItemHead", text="13  Subsections 10(5B) and (5C)"
[parser-unknown-class] "ItemHead", text="14  Subsection 10(5D)"
[parser-unknown-class] "ItemHead", text="15  Subsection 10(7)"
[parser-unknown-class] "ItemHead", text="16  Subsection 10(8)"
[parser-unknown-class] "ItemHead", text="17  Subsection 11(12)"
[parser-unknown-class] "ItemHead", text="18  Subsection 11(14)"
[parser-unknown-class] "ItemHead", text="19  Section 22A"
[parser-unknown-class] "ItemHead", text="1  Title"
[parser-unknown-class] "ItemHead", text="2  Section 3 (paragraph (a) of the first dot point)"
[parser-unknown-class] "ItemHead", text="3  Section 3 (paragraphs (b) and (c) of the first dot point)"
[parser-unknown-class] "ItemHead", text="4  Section 4"
[parser-unknown-class] "ItemHead", text="5  Section 4 (definition of Commissioner)"
[parser-unknown-class] "ItemHead", text="6  Section 4 (definition of reviewable decision)"
[parser-unknown-class] "ItemHead", text="7  Section 4 (definition of reviewable decision)"
[parser-unknown-class] "ItemHead", text="8  Section 4 (paragraph (b) of the definition of value)"
[parser-unknown-class] "ItemHead", text="9  Subsection 19(2)"
[parser-unknown-class] "ItemHead", text="10  Part 2"
[parser-unknown-class] "ItemHead", text="11  Subsection 63(1)"
[parser-unknown-class] "ItemHead", text="12  Subsection 64(1)"
[parser-unknown-class] "ItemHead", text="13  Subsection 65(1)"
[parser-unknown-class] "ItemHead", text="14  Subsection 65(1)"
[parser-unknown-class] "ItemHead", text="15  Subsection 65(2)"
[parser-unknown-class] "ItemHead", text="16  Subsection 65(2)"
[parser-unknown-class] "ItemHead", text="17  Paragraphs 69(a) and (b)"
[parser-unknown-class] "ItemHead", text="18  Subsection 74(2) (paragraphs (a) and (b) of the definition of officer)"
[parser-unknown-class] "ItemHead", text="19  Section 75"
[parser-unknown-class] "ItemHead", text="20  Subsection 77(1)"
[parser-unknown-class] "ItemHead", text="21  Subsection 77(3)"
[parser-unknown-class] "ItemHead", text="22  Paragraph 78(1)(a)"
[parser-unknown-class] "ItemHead", text="23  Subsection 78(3)"
[parser-unknown-class] "ItemHead", text="24  Paragraph 79(1)(a)"
[parser-unknown-class] "ItemHead", text="25  Subsection 79(3)"
[parser-unknown-class] "ItemHead", text="26  Subsection 81(2)"
[parser-unknown-class] "ItemHead", text="27  Subsection 82(2)"
[parser-unknown-class] "ActHead7", text="Part 1—Changing the administration of the Act (main amendments)"
[parser-unknown-class] "ItemHead", text="1  Subsection 3(1)"
[parser-unknown-class] "ItemHead", text="2  Subsection 3(1)"
[parser-unknown-class] "ItemHead", text="3  Subsection 3(1)"
[parser-unknown-class] "ItemHead", text="4  Subsection 3(1) (definition of Commissioner)"
[parser-unknown-class] "ItemHead", text="5  After subsection 3(1)"
[parser-unknown-class] "ItemHead", text="6  Section 8"
[parser-unknown-class] "ItemHead", text="7  Section 19A"
[parser-unknown-class] "ItemHead", text="8  Section 23"
[parser-unknown-class] "ItemHead", text="9  Section 24"
[parser-unknown-class] "ItemHead", text="10  Subsection 27(1)"
[parser-unknown-class] "ItemHead", text="11  Paragraph 29(4)(a)"
[parser-unknown-class] "ItemHead", text="12  Subsection 29(4)"
[parser-unknown-class] "ItemHead", text="13  Subsection 30(2A)"
[parser-unknown-class] "ItemHead", text="14  Subsection 30(4)"
[parser-unknown-class] "ItemHead", text="15  Subsection 31(3)"
[parser-unknown-class] "ItemHead", text="16  Paragraph 31(3C)(a)"
[parser-unknown-class] "ItemHead", text="17  Subsection 31(3C)"
[parser-unknown-class] "ItemHead", text="18  Subsection 33(2)"
[parser-unknown-class] "ItemHead", text="19  Subsection 33(2)"
[parser-unknown-class] "ItemHead", text="20  Subsection 33(2)"
[parser-unknown-class] "ItemHead", text="21  Subsection 33(3)"
[parser-unknown-class] "ItemHead", text="22  Subsections 34(3) and (5)"
[parser-unknown-class] "ItemHead", text="23  Subsections 36(2), (3) and (4)"
[parser-unknown-class] "ItemHead", text="24  Subsections 36(2) and (3)"
[parser-unknown-class] "ItemHead", text="25  Subsection 37(1)"
[parser-unknown-class] "ItemHead", text="26  Subsection 40(5)"
[parser-unknown-class] "ItemHead", text="27  Subsection 41(2)"
[parser-unknown-class] "ItemHead", text="28  Subsection 44(9)"
[parser-unknown-class] "ItemHead", text="29  Subsection 46(4)"
[parser-unknown-class] "ItemHead", text="30  Section 49"
[parser-unknown-class] "ItemHead", text="31  Subsection 49C(2)"
[parser-unknown-class] "ItemHead", text="32  Subsection 49E(3)"
[parser-unknown-class] "ItemHead", text="33  Subsection 49G(2)"
[parser-unknown-class] "ItemHead", text="34  Subsection 50(1) (paragraph (d) of the definition of prescribed person)"
[parser-unknown-class] "ItemHead", text="35  Subsection 51(1)"
[parser-unknown-class] "ItemHead", text="36  Paragraphs 51(1)(a) and (2)(c)"
[parser-unknown-class] "ItemHead", text="37  Subsection 52(1)"
[parser-unknown-class] "ItemHead", text="38  Paragraph 52(2)(a)"
[parser-unknown-class] "ItemHead", text="39  Paragraph 52(2)(c)"
[parser-unknown-class] "ItemHead", text="40  Paragraph 52(2)(d)"
[parser-unknown-class] "ItemHead", text="41  Subsection 52(6)"
[parser-unknown-class] "ItemHead", text="42  Subsection 54(1)"
[parser-unknown-class] "ItemHead", text="43  Subsection 54(1)"
[parser-unknown-class] "ItemHead", text="44  Subsection 54(2)"
[parser-unknown-class] "ItemHead", text="45  Subsections 55(1) and (2)"
[parser-unknown-class] "ItemHead", text="46  Paragraph 55(1)(c)"
[parser-unknown-class] "ItemHead", text="47  After subsection 55(2)"
[parser-unknown-class] "ItemHead", text="48  Paragraph 56(1)(c)"
[parser-unknown-class] "ItemHead", text="49  Subsection 56(2)"
[parser-unknown-class] "ItemHead", text="50  Subsection 56(2)"
[parser-unknown-class] "ItemHead", text="51  Section 57"
[parser-unknown-class] "ItemHead", text="52  Paragraph 57(b)"
[parser-unknown-class] "ItemHead", text="53  Subsection 58(1)"
[parser-unknown-class] "ItemHead", text="54  Subsection 59(1)"
[parser-unknown-class] "ItemHead", text="55  Subparagraph 60(2)(c)(iv)"
[parser-unknown-class] "ItemHead", text="56  Subsections 60(3) and (4)"
[parser-unknown-class] "ItemHead", text="57  Subsections 60(5) and (6)"
[parser-unknown-class] "ItemHead", text="58  Subsection 60(7)"
[parser-unknown-class] "ItemHead", text="59  Subsection 62(1)"
[parser-unknown-class] "ItemHead", text="60  Paragraph 62(7A)(a)"
[parser-unknown-class] "ItemHead", text="61  Subsection 62(7A)"
[parser-unknown-class] "ItemHead", text="62  Subsection 63(2)"
[parser-unknown-class] "ItemHead", text="63  Subsections 63(4), (5) and (6)"
[parser-unknown-class] "ItemHead", text="64  Subsection 63(6)"
[parser-unknown-class] "ItemHead", text="65  Subsection 93(2)"
[parser-unknown-class] "ItemHead", text="66  Part IX"
[parser-unknown-class] "ItemHead", text="67  Section 113"
[parser-unknown-class] "ItemHead", text="68  At the end of section 113"
[parser-unknown-class] "ItemHead", text="69  Subsection 115(1)"
[parser-unknown-class] "ItemHead", text="70  Subsection 115(1)"
[parser-unknown-class] "ItemHead", text="71  Subsection 115(2)"
[parser-unknown-class] "ItemHead", text="72  Subsection 115A(6)"
[parser-unknown-class] "ItemHead", text="73  Subsections 124(1) and (1A)"
[parser-unknown-class] "ItemHead", text="74  Subsection 124(2)"
[parser-unknown-class] "ItemHead", text="75  Sections 125, 126 and 127"
[parser-unknown-class] "ItemHead", text="76  Paragraph 5 of the Schedule"
[parser-unknown-class] "ActHead7", text="Part 2—Changing “Commissioner” to “APRA” (main amendments)"
[parser-unknown-class] "ItemHead", text="77  Amendment of the Act"
[parser-unknown-class] "ItemHead", text="78  Subsection 3(1) (definition of quarterly statutory accounts)"
[parser-unknown-class] "ItemHead", text="79  Subsection 3(1) (definition of yearly statutory accounts)"
[parser-unknown-class] "ItemHead", text="80  Subsections 3A(1) and (2)"
[parser-unknown-class] "ItemHead", text="81  Subsections 22(1), (4) and (5)"
[parser-unknown-class] "ItemHead", text="82  Section 23"
[parser-unknown-class] "ItemHead", text="83  Section 24"
[parser-unknown-class] "ItemHead", text="84  Subsection 27(1)"
[parser-unknown-class] "ItemHead", text="85  Section 28"
[parser-unknown-class] "ItemHead", text="86  Subsections 29(1), (2), (3), (4), (5) and (6)"
[parser-unknown-class] "ItemHead", text="87  Subsections 30(1), (2), (2A), (4), (4A), (5) and (5A)"
[parser-unknown-class] "ItemHead", text="88  Subsections 31(3), (3A), (3AB), (3B), (3C) and (3D)"
[parser-unknown-class] "ItemHead", text="89  Subsections 33(2), (3), (6B), (8) and (10)"
[parser-unknown-class] "ItemHead", text="90  Subsections 34(1), (1A), (1C), (1D), (2), (3), (4) and (5)"
[parser-unknown-class] "ItemHead", text="91  Subsections 34A(2), (3), (4), (5) and (8)"
[parser-unknown-class] "ItemHead", text="92  Subsections 36(1), (2), (3), (4) and (6)"
[parser-unknown-class] "ItemHead", text="93  Subsections 37(1), (2), (2A), (5) and (6)"
[parser-unknown-class] "ItemHead", text="94  Subsection 40(5)"
[parser-unknown-class] "ItemHead", text="95  Subsections 41(2), (3) and (5)"
[parser-unknown-class] "ItemHead", text="96  Section 43"
[parser-unknown-class] "ItemHead", text="97  Subsections 44(1), (2A), (3), (4), (6), (7), (7AA), (7A) and (9)"
[parser-unknown-class] "ItemHead", text="98  Subsections 45(2), (3), (4) and (5)"
[parser-unknown-class] "ItemHead", text="99  Subsections 46(1), (2), (3), (4) and (5)"
[parser-unknown-class] "ItemHead", text="100  Section 48"
[parser-unknown-class] "ItemHead", text="101  Subsections 48A(2), (4), (5), (6) and (7)"
[parser-unknown-class] "ItemHead", text="102  Subsections 48B(1), (3), (4) and (5)"
[parser-unknown-class] "ItemHead", text="103  Section 49"
[parser-unknown-class] "ItemHead", text="104  Paragraphs 49B(1)(a) and (2)(a)"
[parser-unknown-class] "ItemHead", text="105  Subsections 49C(2) and (3)"
[parser-unknown-class] "ItemHead", text="106  Section 49D"
[parser-unknown-class] "ItemHead", text="107  Subsections 49E(1), (2), (3), (6), (7) and (8)"
[parser-unknown-class] "ItemHead", text="108  Subsections 49F(3), (4), (5), (7), (8) and (9)"
[parser-unknown-class] "ItemHead", text="109  Subsections 49G(2), (5), (7), (10) and (12)"
[parser-unknown-class] "ItemHead", text="110  Subsection 49H(5)"
[parser-unknown-class] "ItemHead", text="111  Subsections 49J(1), (2A), (3), (4), (5), (5A), (6) and (9)"
[parser-unknown-class] "ItemHead", text="112  Subsections 49K(2), (3), (4) and (5)"
[parser-unknown-class] "ItemHead", text="113  Subsections 49L(1), (2), (3), (4) and (5)"
[parser-unknown-class] "ItemHead", text="114  Section 49N"
[parser-unknown-class] "ItemHead", text="115  Section 49P"
[parser-unknown-class] "ItemHead", text="116  Subsection 50(1) (paragraph (d) of the definition of prescribed person)"
[parser-unknown-class] "ItemHead", text="117  Subsections 51(1), (2) and (4)"
[parser-unknown-class] "ItemHead", text="118  Subsections 52(1), (1A), (1B), (1C), (2), (3) and (4)"
[parser-unknown-class] "ItemHead", text="119  Subsection 54(1)"
[parser-unknown-class] "ItemHead", text="120  Subsections 55(1) (other than paragraph (c)), (2) and (3)"
[parser-unknown-class] "ItemHead", text="121  Paragraph 56(1)(a)"
[parser-unknown-class] "ItemHead", text="122  Subsections 58(2) and (3)"
[parser-unknown-class] "ItemHead", text="123  Subsections 60(1), (1A), (2), (3), (4), (4A), (5), (6) and (7)"
[parser-unknown-class] "ItemHead", text="124  Subsections 62(1), (1A), (1B), (2), (3), (3B), (5), (7) and (7A)"
[parser-unknown-class] "ItemHead", text="125  Subsections 63(1), (2), (4), (5), (6), (7), (9), (10), (11), (12), (13) and (14)"
[parser-unknown-class] "ItemHead", text="126  Subsections 64(1) and (2)"
[parser-unknown-class] "ItemHead", text="127  Subsections 93(2) and (3)"
[parser-unknown-class] "ItemHead", text="128  Section 96"
[parser-unknown-class] "ItemHead", text="129  Section 114"
[parser-unknown-class] "ItemHead", text="130  Subsections 115(1) and (2)"
[parser-unknown-class] "ItemHead", text="131  Subsection 115A(6)"
[parser-unknown-class] "ItemHead", text="132  Subsection 116(1)"
[parser-unknown-class] "ItemHead", text="133  Subsection 117(2)"
[parser-unknown-class] "ItemHead", text="134  Subsection 118(4)"
[parser-unknown-class] "ItemHead", text="135  Subsection 119(2)"
[parser-unknown-class] "ItemHead", text="136  Paragraph 121(1)(c)"
[parser-unknown-class] "ItemHead", text="137  Subsections 122(1) and (2)"
[parser-unknown-class] "ItemHead", text="138  Subsections 123(1), (2), (3) and (4)"
[parser-unknown-class] "ItemHead", text="139  Subsection 124(2)"
[parser-unknown-class] "ItemHead", text="140  Subsections 129D(3) and (6)"
[parser-unknown-class] "ItemHead", text="141  Section 130"
[parser-unknown-class] "ItemHead", text="142  Section 132"
[parser-unknown-class] "ItemHead", text="143  Subparagraphs 3(1), (2), (3), (4), (5) and (7) of the Schedule"
[parser-unknown-class] "ItemHead", text="144  Subparagraphs 4(1) and (2) of the Schedule"
[parser-unknown-class] "ItemHead", text="145  Paragraph 5 of the Schedule"
[parser-unknown-class] "ItemHead", text="146  Subparagraph 6(4) of the Schedule"
[parser-unknown-class] "ItemHead", text="147  Subparagraph 7(2) of the Schedule"
[parser-unknown-class] "ItemHead", text="148  Paragraph 8 of the Schedule"
[parser-unknown-class] "ItemHead", text="149  Subparagraphs 9(2) and (3) of the Schedule"
[parser-unknown-class] "ActHead7", text="Part 3—Changing the administration of the Act (amendments to take account of Schedule 2 to the In..."
[parser-unknown-class] "ItemHead", text="150  Paragraph 70(3)(f)"
[parser-unknown-class] "ItemHead", text="151  Division 3 of Part VII (heading)"
[parser-unknown-class] "ItemHead", text="152  Subdivision A of Division 4 of Part VII (heading)"
[parser-unknown-class] "ItemHead", text="153  Paragraph 79(3)(c)"
[parser-unknown-class] "ItemHead", text="154  Paragraph 79(3)(d)"
[parser-unknown-class] "ItemHead", text="155  Subsection 79(6)"
[parser-unknown-class] "ItemHead", text="156  Subsection 80(1)"
[parser-unknown-class] "ItemHead", text="157  Subsection 80(1)"
[parser-unknown-class] "ItemHead", text="158  Paragraphs 80(1)(d) and (e) and subsections 80(2), (3) and (4)"
[parser-unknown-class] "ItemHead", text="159  Paragraph 81(2)(c)"
[parser-unknown-class] "ItemHead", text="160  After subsection 81(3)"
[parser-unknown-class] "ItemHead", text="161  Subsection 82(3)"
[parser-unknown-class] "ItemHead", text="162  Subsection 82(3)"
[parser-unknown-class] "ItemHead", text="163  Section 83"
[parser-unknown-class] "ItemHead", text="164  Paragraph 83(b)"
[parser-unknown-class] "ItemHead", text="165  Subsection 84(1)"
[parser-unknown-class] "ItemHead", text="166  Subsection 84(2)"
[parser-unknown-class] "ItemHead", text="167  Subsection 85(1)"
[parser-unknown-class] "ItemHead", text="168  Subsection 86(4)"
[parser-unknown-class] "ItemHead", text="169  Subsection 86(8)"
[parser-unknown-class] "ItemHead", text="170  Subsection 92H(2)"
[parser-unknown-class] "ActHead7", text="Part 4—Changing “Commissioner” to “APRA” (amendments to take account of Schedule 2 to the Insuran..."
[parser-unknown-class] "ItemHead", text="171  Amendment of the Act"
[parser-unknown-class] "ItemHead", text="172  Section 65"
[parser-unknown-class] "ItemHead", text="173  Subsections 68(1), (2), (3), (5), (6), (7) and (8)"
[parser-unknown-class] "ItemHead", text="174  Subsections 70(1), (2), (3) (other than paragraph (f)) and (5)"
[parser-unknown-class] "ItemHead", text="175  Subsections 74(1), (2) and (3)"
[parser-unknown-class] "ItemHead", text="176  Subsections 75(1), (2), (3), (4), (5) and (6)"
[parser-unknown-class] "ItemHead", text="177  Subsections 76(1) and (3)"
[parser-unknown-class] "ItemHead", text="178  Subsection 77(1)"
[parser-unknown-class] "ItemHead", text="179  Subsections 78(1), (2), (3) and (4)"
[parser-unknown-class] "ItemHead", text="180  Subsections 79(1), (3) and (4)"
[parser-unknown-class] "ItemHead", text="181  Subsections 81(2) (other than paragraph (c)), (3) and (4)"
[parser-unknown-class] "ItemHead", text="182  Subsection 82(1)"
[parser-unknown-class] "ItemHead", text="183  Subsections 84(4) and (5)"
[parser-unknown-class] "ItemHead", text="184  Subsections 86(1), (2), (3), (4), (5), (6), (7) and (8)"
[parser-unknown-class] "ItemHead", text="185  Subsections 88(1), (3), (4) and (5)"
[parser-unknown-class] "ItemHead", text="186  Subsections 92D(4) and (5)"
[parser-unknown-class] "ItemHead", text="187  Subsection 92G(1)"
[parser-unknown-class] "ItemHead", text="188  Subsection 92H(1)"
[parser-unknown-class] "ItemHead", text="189  Subsections 92K(4), (5) and (6)"
[parser-unknown-class] "ItemHead", text="190  Subsections 92L(2) and (3)"
[parser-unknown-class] "ItemHead", text="191  Subsection 92M(10)"
[parser-unknown-class] "ItemHead", text="192  Subsection 92Q(3)"
[parser-unknown-class] "ItemHead", text="193  Subsection 92R(3)"
[parser-unknown-class] "ItemHead", text="194  Subsections 94A(1), (2) and (5)"
[parser-unknown-class] "ItemHead", text="195  Subsection 96(2)"
[parser-unknown-class] "ItemHead", text="196  Section 97"
[parser-unknown-class] "ItemHead", text="197  Paragraph 121(1)(d)"
[parser-unknown-class] "ActHead7", text="Part 1—Changing the administration of the Act"
[parser-unknown-class] "ItemHead", text="1  Section 9"
[parser-unknown-class] "ItemHead", text="2  Section 9 (definition of authorised officer)"
[parser-unknown-class] "ItemHead", text="3  Section 9 (definition of Commissioner)"
[parser-unknown-class] "ItemHead", text="4  Subsection 10(4)"
[parser-unknown-class] "ItemHead", text="5  Subsection 10(5)"
[parser-unknown-class] "ItemHead", text="6  Subsection 24(4)"
[parser-unknown-class] "ItemHead", text="7  Subsection 25(3)"
[parser-unknown-class] "ItemHead", text="8  Subsection 25(5)"
[parser-unknown-class] "ItemHead", text="9  Subsection 31H(3)"
[parser-unknown-class] "ItemHead", text="10  Subsection 31H(5)"
[parser-unknown-class] "ItemHead", text="11  Section 34U"
[parser-unknown-class] "ItemHead", text="12  Subsection 41A(1)"
[parser-unknown-class] "ItemHead", text="13  Subsection 41A(1)"
[parser-unknown-class] "ItemHead", text="14  Section 45"
[parser-unknown-class] "ItemHead", text="15  Section 47"
[parser-unknown-class] "ActHead7", text="Part 2—Changing “Commissioner” to “ASIC”"
[parser-unknown-class] "ItemHead", text="16  Amendment of the Act"
[parser-unknown-class] "ItemHead", text="17  Paragraph 9B(1)(a)"
[parser-unknown-class] "ItemHead", text="18  Subsection 9B(5)"
[parser-unknown-class] "ItemHead", text="19  Subsection 9C(1)"
[parser-unknown-class] "ItemHead", text="20  Subsections 10(4) to (5)"
[parser-unknown-class] "ItemHead", text="21  Paragraph 19(1)(c)"
[parser-unknown-class] "ItemHead", text="22  Subsection 19(3)"
[parser-unknown-class] "ItemHead", text="23  Subsection 20(1)"
[parser-unknown-class] "ItemHead", text="24  Paragraphs 20(2A)(b) and (3)(a) to (b)"
[parser-unknown-class] "ItemHead", text="25  Subsections 21(1) to (2) and (3A) to (6)"
[parser-unknown-class] "ItemHead", text="26  Subsections 22(1) to (2)"
[parser-unknown-class] "ItemHead", text="27  Paragraphs 23(b) to (e)"
[parser-unknown-class] "ItemHead", text="28  Paragraphs 24(1)(a) to (b)"
[parser-unknown-class] "ItemHead", text="29  Subsections 24(2) to (4)"
[parser-unknown-class] "ItemHead", text="30  Subsections 25(1) to (1B), (3), (5) and (7)"
[parser-unknown-class] "ItemHead", text="31  Subsection 25A(1)"
[parser-unknown-class] "ItemHead", text="32  Paragraph 25A(2)(e)"
[parser-unknown-class] "ItemHead", text="33  Paragraphs 25B(1)(c) to (d)"
[parser-unknown-class] "ItemHead", text="34  Subsection 26(3)"
[parser-unknown-class] "ItemHead", text="35  Subsection 31B(2)"
[parser-unknown-class] "ItemHead", text="36  Subsection 31C(1)"
[parser-unknown-class] "ItemHead", text="37  Paragraphs 31C(3)(b) and (4)(a) to (b)"
[parser-unknown-class] "ItemHead", text="38  Subsections 31D(1) to (2) and (4) to (5)"
[parser-unknown-class] "ItemHead", text="39  Subsections 31E(1) to (2)"
[parser-unknown-class] "ItemHead", text="40  Paragraphs 31F(b) to (d)"
[parser-unknown-class] "ItemHead", text="41  Paragraphs 31G(1)(a) to (b)"
[parser-unknown-class] "ItemHead", text="42  Subsections 31G(2) to (4)"
[parser-unknown-class] "ItemHead", text="43  Subsections 31H(1) to (1A) and (7)"
[parser-unknown-class] "ItemHead", text="44  Subsection 31J(1)"
[parser-unknown-class] "ItemHead", text="45  Paragraph 31J(2)(e)"
[parser-unknown-class] "ItemHead", text="46  Paragraphs 31K(1)(c) to (d)"
[parser-unknown-class] "ItemHead", text="47  Subsection 34A(1)‑(3) and (6)"
[parser-unknown-class] "ItemHead", text="48  Paragraphs 34A(9)(a) to (b)"
[parser-unknown-class] "ItemHead", text="49  Subsection 34A(10)"
[parser-unknown-class] "ItemHead", text="50  Subsections 34B(1) to (2)"
[parser-unknown-class] "ItemHead", text="51  Subsections 34C(1) and (3)"
[parser-unknown-class] "ItemHead", text="52  Subsections 37A(1) to (2), (4) to (5) and (7) to (8)"
[parser-unknown-class] "ItemHead", text="53  Subsections 41A(1) to (2)"
[parser-unknown-class] "ItemHead", text="54  Section 41"
[parser-unknown-class] "ItemHead", text="55  Subsection 42(1)"
[parser-unknown-class] "ItemHead", text="56  Subsection 43(1)"
[parser-unknown-class] "ActHead7", text="Part 3—Changing “Commissioner’s” to “ASIC’s”"
[parser-unknown-class] "ItemHead", text="57  Amendment of the Act"
[parser-unknown-class] "ItemHead", text="58  Subsection 34A(1)"
[parser-unknown-class] "ItemHead", text="59  Paragraph 34A(10)(b)"
[parser-unknown-class] "ItemHead", text="60  Subsection 37A(5)"
[parser-unknown-class] "ActHead7", text="Part 4—Amendments to take account of Schedule 1 to the Insurance Laws Amendment Act 1998"
[parser-unknown-class] "ItemHead", text="61  Paragraph 20(3)(a)"
[parser-unknown-class] "ItemHead", text="62  Subsection 26(3)"
[parser-unknown-class] "ItemHead", text="63  Paragraph 31C(4)(a)"
[parser-unknown-class] "ItemHead", text="64  Subsection 34(3)"
[parser-unknown-class] "ItemHead", text="1  The whole of the Act"
[parser-unknown-class] "ActHead7", text="Part 1—Changing the administration of the Act"
[parser-unknown-class] "ItemHead", text="1  Subsection 11(1)"
[parser-unknown-class] "ItemHead", text="2  Subsection 11(1) (definition of Commissioner)"
[parser-unknown-class] "ItemHead", text="3  Section 11A"
[parser-unknown-class] "ItemHead", text="4  Section 11F"
[parser-unknown-class] "ItemHead", text="5  Section 11G"
[parser-unknown-class] "ItemHead", text="6  Section 11H"
[parser-unknown-class] "ItemHead", text="7  Paragraph 66(a)"
[parser-unknown-class] "ActHead7", text="Part 2—Changing “Commissioner” to “ASIC”"
[parser-unknown-class] "ItemHead", text="8  Amendment of the Act"
[parser-unknown-class] "ItemHead", text="9  Section 11B"
[parser-unknown-class] "ItemHead", text="10  Subsections 11C(1) and (3)"
[parser-unknown-class] "ItemHead", text="11  Subsections 11D(1), (2) and (4)"
[parser-unknown-class] "ItemHead", text="12  Section 11E"
[parser-unknown-class] "ItemHead", text="13  Subsections 55A(1) to (3)"
[parser-unknown-class] "ActHead7", text="Part 1—Changing the administration of the Act"
[parser-unknown-class] "ItemHead", text="1  Paragraph 3(2)(c)"
[parser-unknown-class] "ItemHead", text="2  Section 7"
[parser-unknown-class] "ItemHead", text="3  Subsection 49(4)"
[parser-unknown-class] "ItemHead", text="4  Subsection 53(4)"
[parser-unknown-class] "ItemHead", text="5  Subsection 121(1)"
[parser-unknown-class] "ItemHead", text="6  Subsection 127(1)"
[parser-unknown-class] "ItemHead", text="7  Paragraph 127(3)(a)"
[parser-unknown-class] "ItemHead", text="8  Paragraph 127(3)(b)"
[parser-unknown-class] "ItemHead", text="9  Subsection 133(1)"
[parser-unknown-class] "ItemHead", text="10  Subsection 133(1)"
[parser-unknown-class] "ItemHead", text="11  Subsections 133(2) to (3)"
[parser-unknown-class] "ItemHead", text="12  Subsection 134(3)"
[parser-unknown-class] "ItemHead", text="13  Section 140"
[parser-unknown-class] "ItemHead", text="14  Section 140"
[parser-unknown-class] "ItemHead", text="15  Section 140"
[parser-unknown-class] "ItemHead", text="16  Section 142"
[parser-unknown-class] "ItemHead", text="17  Paragraph 142(b)"
[parser-unknown-class] "ItemHead", text="18  Paragraph 143(1)(b)"
[parser-unknown-class] "ItemHead", text="19  Paragraph 144(2)(b)"
[parser-unknown-class] "ItemHead", text="20  Subsection 181(2)"
[parser-unknown-class] "ItemHead", text="21  Paragraph 195(c)"
[parser-unknown-class] "ItemHead", text="22  Subsection 198(2)"
[parser-unknown-class] "ItemHead", text="23  Subsection 216(15) (definition of authorised officer)"
[parser-unknown-class] "ItemHead", text="24  Section 231"
[parser-unknown-class] "ItemHead", text="25  Section 232"
[parser-unknown-class] "ItemHead", text="26  Section 238"
[parser-unknown-class] "ItemHead", text="27  Paragraph 239(1)(a)"
[parser-unknown-class] "ItemHead", text="28  Subsection 244(5)"
[parser-unknown-class] "ItemHead", text="29  Section 251"
[parser-unknown-class] "ItemHead", text="30  Dictionary in the Schedule"
[parser-unknown-class] "ItemHead", text="31  Dictionary in the Schedule"
[parser-unknown-class] "ItemHead", text="32   Dictionary in the Schedule"
[parser-unknown-class] "ItemHead", text="33  Dictionary in the Schedule"
[parser-unknown-class] "ItemHead", text="34  Dictionary in the Schedule"
[parser-unknown-class] "ActHead7", text="Part 2—Changing “Commissioner” to “APRA”"
[parser-unknown-class] "ItemHead", text="35  Amendment of the Act"
[parser-unknown-class] "ItemHead", text="36  Subsections 12(2) to (3)"
[parser-unknown-class] "ItemHead", text="37  Subsections 14(5) to (6)"
[parser-unknown-class] "ItemHead", text="38  Subsections 15(4) to (5)"
[parser-unknown-class] "ItemHead", text="39  Subsection 20(1)"
[parser-unknown-class] "ItemHead", text="40  Paragraph 20(3)(b)"
[parser-unknown-class] "ItemHead", text="41  Subsections 21(1) to (3) and (5)"
[parser-unknown-class] "ItemHead", text="42  Subsections 22(1) to (5)"
[parser-unknown-class] "ItemHead", text="43  Subsection 25(1)"
[parser-unknown-class] "ItemHead", text="44  Subsections 26(1) to (3)"
[parser-unknown-class] "ItemHead", text="45  Subsections 27(1) to (2)"
[parser-unknown-class] "ItemHead", text="46  Section 28"
[parser-unknown-class] "ItemHead", text="47  Paragraph 30(e)"
[parser-unknown-class] "ItemHead", text="48  Paragraph 31(c)"
[parser-unknown-class] "ItemHead", text="49  Subsection 33(1)"
[parser-unknown-class] "ItemHead", text="50  Subsection 40(1)"
[parser-unknown-class] "ItemHead", text="51  Paragraph 40(2)(b)"
[parser-unknown-class] "ItemHead", text="52  Subsections 40(3) to (4)"
[parser-unknown-class] "ItemHead", text="53  Subsection 41A(2)"
[parser-unknown-class] "ItemHead", text="54  Paragraphs 43(3)(c) and (6)(b)"
[parser-unknown-class] "ItemHead", text="55  Subsection 44(4)"
[parser-unknown-class] "ItemHead", text="56  Paragraph 44(7)(b)"
[parser-unknown-class] "ItemHead", text="57  Section 46"
[parser-unknown-class] "ItemHead", text="58  Paragraph 48(8)(b)"
[parser-unknown-class] "ItemHead", text="59  Subsections 49(1) and (3) to (4)"
[parser-unknown-class] "ItemHead", text="60  Paragraph 50(1)(a)"
[parser-unknown-class] "ItemHead", text="61  Section 51"
[parser-unknown-class] "ItemHead", text="62  Subsection 52(1)"
[parser-unknown-class] "ItemHead", text="63  Paragraph 52(3)(b)"
[parser-unknown-class] "ItemHead", text="64  Subsections 52(4) and (9)"
[parser-unknown-class] "ItemHead", text="65  Subsection 53(1)"
[parser-unknown-class] "ItemHead", text="66  Paragraph 53(3)(b)"
[parser-unknown-class] "ItemHead", text="67  Subsection 53(4)"
[parser-unknown-class] "ItemHead", text="68  Section 57"
[parser-unknown-class] "ItemHead", text="69  Paragraphs 62(1)(c) and (3)(b)"
[parser-unknown-class] "ItemHead", text="70  Subsections 62(4) to (4A)"
[parser-unknown-class] "ItemHead", text="71  Subparagraph 63(1)(b)(ii)"
[parser-unknown-class] "ItemHead", text="72  Subsections 63(2) to (2A)"
[parser-unknown-class] "ItemHead", text="73  Subsection 65(3)"
[parser-unknown-class] "ItemHead", text="74  Subsections 68(1) to (2) and (4) to (7)"
[parser-unknown-class] "ItemHead", text="75  Subsection 70(2)"
[parser-unknown-class] "ItemHead", text="76  Subsections 73(1) to (2) and (4) to (7)"
[parser-unknown-class] "ItemHead", text="77  Subsections 77(3) and (6)"
[parser-unknown-class] "ItemHead", text="78  Subsections 82(1) to (2) and (4)"
[parser-unknown-class] "ItemHead", text="79  Paragraph 82(5)(c)"
[parser-unknown-class] "ItemHead", text="80  Subsection 83(2)"
[parser-unknown-class] "ItemHead", text="81  Subsections 85(1) to (2) and (4)"
[parser-unknown-class] "ItemHead", text="82  Subsections 86(1) and (3)"
[parser-unknown-class] "ItemHead", text="83  Subsections 87(1) and (3)"
[parser-unknown-class] "ItemHead", text="84  Subsections 88(2) to(3)"
[parser-unknown-class] "ItemHead", text="85  Paragraph 88(4)(a) to (b)"
[parser-unknown-class] "ItemHead", text="86  Paragraph 91(1)(b)"
[parser-unknown-class] "ItemHead", text="87  Subsection 91(2)"
[parser-unknown-class] "ItemHead", text="88  Subsections 93(5) to (6)"
[parser-unknown-class] "ItemHead", text="89  Subsections 94(2) to (3) and (5)"
[parser-unknown-class] "ItemHead", text="90  Subsections 95(1) and (3)"
[parser-unknown-class] "ItemHead", text="91  Subsections 98(2) to (4)"
[parser-unknown-class] "ItemHead", text="92  Paragraphs 98(5)(a) to (b)"
[parser-unknown-class] "ItemHead", text="93  Subsections 112(1) to (2)"
[parser-unknown-class] "ItemHead", text="94  Subsection 115(3)"
[parser-unknown-class] "ItemHead", text="95  Subsections 118(2) to (5)"
[parser-unknown-class] "ItemHead", text="96  Subsections 119(1) to (2)"
[parser-unknown-class] "ItemHead", text="97  Subsection 120(1)"
[parser-unknown-class] "ItemHead", text="98  Paragraph 120(5)(a)"
[parser-unknown-class] "ItemHead", text="99  Subsections 121(1), (3) and (6) to (7)"
[parser-unknown-class] "ItemHead", text="100  Section 122"
[parser-unknown-class] "ItemHead", text="101  Subsections 123(1) and (3)"
[parser-unknown-class] "ItemHead", text="102  Subsection 124(1)"
[parser-unknown-class] "ItemHead", text="103  Subsections 125(2) and (5)"
[parser-unknown-class] "ItemHead", text="104  Subsections 134(1) and (3)"
[parser-unknown-class] "ItemHead", text="105  Subsections 157(1) and (3) to (5)"
[parser-unknown-class] "ItemHead", text="106  Paragraphs 167(4)(a) to (b)"
[parser-unknown-class] "ItemHead", text="107  Subsection 167(5)"
[parser-unknown-class] "ItemHead", text="108  Subsection 169(1)"
[parser-unknown-class] "ItemHead", text="109  Subsection 170(1)"
[parser-unknown-class] "ItemHead", text="110  Paragraphs 172(4)(a) to (b)"
[parser-unknown-class] "ItemHead", text="111  Subsection 172(6)"
[parser-unknown-class] "ItemHead", text="112  Paragraphs 175(6)(a) and (7)(b)"
[parser-unknown-class] "ItemHead", text="113  Paragraph 176(1)(a)"
[parser-unknown-class] "ItemHead", text="114  Subsections 181(1) to (2)"
[parser-unknown-class] "ItemHead", text="115  Subsections 183(1) and (3)"
[parser-unknown-class] "ItemHead", text="116  Subsections 184(1) to (2)"
[parser-unknown-class] "ItemHead", text="117  Subsection 185(1)"
[parser-unknown-class] "ItemHead", text="118  Subsection 191(1) (definition of approved summary)"
[parser-unknown-class] "ItemHead", text="119  Paragraph 191(2)(a)"
[parser-unknown-class] "ItemHead", text="120  Subsections 192(1) to (2)"
[parser-unknown-class] "ItemHead", text="121  Subsection 193(3)"
[parser-unknown-class] "ItemHead", text="122  Subsection 196(1)"
[parser-unknown-class] "ItemHead", text="123  Subsections 197(1) to (2)"
[parser-unknown-class] "ItemHead", text="124  Subsections 208(1) to (3)"
[parser-unknown-class] "ItemHead", text="125  Section 238"
[parser-unknown-class] "ItemHead", text="126  Subsection 239(2)"
[parser-unknown-class] "ItemHead", text="127  Subsections 240(1) to (2)"
[parser-unknown-class] "ItemHead", text="128  Subsection 241(1)"
[parser-unknown-class] "ItemHead", text="129  Subsection 243(1)"
[parser-unknown-class] "ItemHead", text="130  Subsections 244(1), (3) and (5) to (6)"
[parser-unknown-class] "ItemHead", text="131  Subsections 246(2) and (4)"
[parser-unknown-class] "ItemHead", text="132  Subsections 252(1) to (2)"
[parser-unknown-class] "ItemHead", text="133  Section 256 (second reference only)"
[parser-unknown-class] "ItemHead", text="134  Section 257 (second reference only)"
[parser-unknown-class] "ActHead7", text="Part 3—Changing “Commissioner’s” to “APRA’s”"
[parser-unknown-class] "ItemHead", text="135  Amendment of the Act"
[parser-unknown-class] "ItemHead", text="136  Subsection 170(2)"
[parser-unknown-class] "ActHead7", text="Part 4—Changing “Commissioner’s rules” to “Prudential Rules”"
[parser-unknown-class] "ItemHead", text="137  Amendment of the Act"
[parser-unknown-class] "ItemHead", text="138  Subsection 15(3)"
[parser-unknown-class] "ItemHead", text="139  Subsections 24(6) to (7)"
[parser-unknown-class] "ItemHead", text="140  Subsection 34(4)"
[parser-unknown-class] "ItemHead", text="141  Subsection 44(6)"
[parser-unknown-class] "ItemHead", text="142  Paragraphs 44(7)(a) to (b)"
[parser-unknown-class] "ItemHead", text="143  Subsections 52(2) to (3)"
[parser-unknown-class] "ItemHead", text="144  Paragraph 52(5)(a)"
[parser-unknown-class] "ItemHead", text="145  Subsection 52(6)"
[parser-unknown-class] "ItemHead", text="146  Subsections 53(2) to (3)"
[parser-unknown-class] "ItemHead", text="147  Paragraphs 54(3)(a) to (b)"
[parser-unknown-class] "ItemHead", text="148  Subsections 55(2) to (3)"
[parser-unknown-class] "ItemHead", text="149  Subsection 61(1)(definition of starting amount)"
[parser-unknown-class] "ItemHead", text="150  Paragraph 62(3)(c)"
[parser-unknown-class] "ItemHead", text="151  Subsection 62(5)"
[parser-unknown-class] "ItemHead", text="152  Paragraphs 82(5)(a) to (b)"
[parser-unknown-class] "ItemHead", text="153  Paragraph 117(2)(d)"
[parser-unknown-class] "ItemHead", text="154  Subsection 117(3)"
[parser-unknown-class] "ItemHead", text="155  Subsections 123(2) to (3)"
[parser-unknown-class] "ItemHead", text="156  Subsections 125(1) and (3)"
[parser-unknown-class] "ItemHead", text="157  Subsections 244(1) to (2)"
[parser-unknown-class] "ItemHead", text="158  Subsection 252(1)"
[parser-unknown-class] "ItemHead", text="159  Paragraph 253(1)(a)"
[parser-unknown-class] "ItemHead", text="160  Dictionary in the Schedule (definition of this Act)"
[parser-unknown-class] "ActHead7", text="Part 5—Changing “Commissioner” to “ASIC”"
[parser-unknown-class] "ItemHead", text="161  Amendment of the Act"
[parser-unknown-class] "ItemHead", text="162  Subsections 198(1) to (4)"
[parser-unknown-class] "ItemHead", text="163  Subsections 216(1), (3) to (4) and (6)"
[parser-unknown-class] "ItemHead", text="164  Paragraph 216(7)(b)"
[parser-unknown-class] "ItemHead", text="165  Subsections 216(10) and (13)"
[parser-unknown-class] "ActHead7", text="Part 6—Changing “Commissioner” to “Regulator”"
[parser-unknown-class] "ItemHead", text="166  Amendment of the Act"
[parser-unknown-class] "ItemHead", text="167  Section 130"
[parser-unknown-class] "ItemHead", text="168  Subsections 131(1) to (2) and (4)"
[parser-unknown-class] "ItemHead", text="169  Subsections 132(1) to (2)"
[parser-unknown-class] "ItemHead", text="170  Subsection 135(1)"
[parser-unknown-class] "ItemHead", text="171  Paragraph 135(2)(b)"
[parser-unknown-class] "ItemHead", text="172  Paragraph 136(g)"
[parser-unknown-class] "ItemHead", text="173  Subsections 137(1) to (2)"
[parser-unknown-class] "ItemHead", text="174  Section 138"
[parser-unknown-class] "ItemHead", text="175  Subsection 139(1)"
[parser-unknown-class] "ItemHead", text="176  Subsection 141(1)"
[parser-unknown-class] "ItemHead", text="177  Section 142 (other than paragraph (b))"
[parser-unknown-class] "ItemHead", text="178  Subsection 143(1)"
[parser-unknown-class] "ItemHead", text="179  Subsections 147(1) to (2)"
[parser-unknown-class] "ItemHead", text="180  Subsection 148(1)"
[parser-unknown-class] "ItemHead", text="181  Section 149"
[parser-unknown-class] "ItemHead", text="182  Subsections 150(1) and (4) to (7)"
[parser-unknown-class] "ItemHead", text="183  Subsection 151(1)"
[parser-unknown-class] "ItemHead", text="184  Paragraph 151(2)(b)"
[parser-unknown-class] "ItemHead", text="185  Subsection 151(4)"
[parser-unknown-class] "ItemHead", text="186  Subsections 235(3) and (6)"
[parser-unknown-class] "ItemHead", text="187  Subsections 236(2) to (3) and (5) to (8)"
[parser-unknown-class] "ActHead7", text="Part 7—Other amendments"
[parser-unknown-class] "ItemHead", text="188  After paragraph 21(3)(c)"
[parser-unknown-class] "ItemHead", text="189  Subsection 21(4)"
[parser-unknown-class] "ItemHead", text="190  At the end of section 21"
[parser-unknown-class] "ItemHead", text="191  After subsection 23(4)"
[parser-unknown-class] "ItemHead", text="192  Subsection 23(5)"
[parser-unknown-class] "ItemHead", text="193  Paragraph 38(3)(b)"
[parser-unknown-class] "ItemHead", text="194  Subsection 40(1)"
[parser-unknown-class] "ItemHead", text="195  Dictionary in the Schedule (definition of superannuation business)"
[parser-unknown-class] "ItemHead", text="196  Dictionary in the Schedule (paragraph (b) of the definition of superannuation policy)"
[parser-unknown-class] "ItemHead", text="197  Application"
[parser-unknown-class] "ItemHead", text="1  Subsection 5(1)"
[parser-unknown-class] "ItemHead", text="2  Subsection 5(1)"
[parser-unknown-class] "ItemHead", text="3  Subsection 5(1)"
[parser-unknown-class] "ItemHead", text="4  Subsection 5(1) (definition of the Board)"
[parser-unknown-class] "ItemHead", text="5  Subsection 5(1) (definition of Deputy Governor)"
[parser-unknown-class] "ItemHead", text="6  Subsection 5(1)"
[parser-unknown-class] "ItemHead", text="7  Subsection 5(1)"
[parser-unknown-class] "ItemHead", text="8  Subsection 5(1)"
[parser-unknown-class] "ItemHead", text="9  Subsection 5(1)"
[parser-unknown-class] "ItemHead", text="10  Subsection 5(2)"
[parser-unknown-class] "ItemHead", text="11  Before section 7"
[parser-unknown-class] "ItemHead", text="12  At the end of section 7A"
[parser-unknown-class] "ItemHead", text="13  Section 8"
[parser-unknown-class] "ItemHead", text="14  Section 8"
[parser-unknown-class] "ItemHead", text="15  After section 8"
[parser-unknown-class] "ItemHead", text="16  Subsection 10(1)"
[parser-unknown-class] "ItemHead", text="17  Subsection 10(1)"
[parser-unknown-class] "ItemHead", text="18  Subsection 10(2)"
[parser-unknown-class] "ItemHead", text="19  Subsection 10(2)"
[parser-unknown-class] "ItemHead", text="20  After section 10"
[parser-unknown-class] "ItemHead", text="21  Subsection 11(1)"
[parser-unknown-class] "ItemHead", text="22  Subsection 11(2)"
[parser-unknown-class] "ItemHead", text="23  Subsection 11(2)"
[parser-unknown-class] "ItemHead", text="24  Subsections 11(3), (5), (6) and (7)"
[parser-unknown-class] "ItemHead", text="25  Subsection 12(1)"
[parser-unknown-class] "ItemHead", text="26  Subsection 12(2)"
[parser-unknown-class] "ItemHead", text="27  Subsection 12(3)"
[parser-unknown-class] "ItemHead", text="28  Subsection 12(3)"
[parser-unknown-class] "ItemHead", text="29  Paragraph 14(1)(b)"
[parser-unknown-class] "ItemHead", text="30  Paragraph 14(1)(d)"
[parser-unknown-class] "ItemHead", text="31  Paragraph 14(1)(d)"
[parser-unknown-class] "ItemHead", text="32  Subsection 14(2)"
[parser-unknown-class] "ItemHead", text="33  Paragraph 14(4)(a)"
[parser-unknown-class] "ItemHead", text="34  Subsection 14(5)"
[parser-unknown-class] "ItemHead", text="35  Sections 15, 16, 17, 18, 18A, 20, 21, 21A, 22 and 24A"
[parser-unknown-class] "ItemHead", text="36  Subsection 15(4)"
[parser-unknown-class] "ItemHead", text="37  At the end of section 16"
[parser-unknown-class] "ItemHead", text="38  Section 19"
[parser-unknown-class] "ItemHead", text="39  Subsection 20(1)"
[parser-unknown-class] "ItemHead", text="40  Subsection 21(3)"
[parser-unknown-class] "ItemHead", text="41  Subsection 21A(1)"
[parser-unknown-class] "ItemHead", text="42  Subsection 21A(1)"
[parser-unknown-class] "ItemHead", text="43  Subsection 21A(2)"
[parser-unknown-class] "ItemHead", text="44  After section 22"
[parser-unknown-class] "ItemHead", text="45  Section 24"
[parser-unknown-class] "ItemHead", text="46  Section 24A"
[parser-unknown-class] "ItemHead", text="47  Section 25"
[parser-unknown-class] "ItemHead", text="48  After Part III"
[parser-unknown-class] "ItemHead", text="49  Subsections 29(2) and 30(1)"
[parser-unknown-class] "ItemHead", text="50  Section 31"
[parser-unknown-class] "ItemHead", text="51  Section 37"
[parser-unknown-class] "ItemHead", text="52  Section 35"
[parser-unknown-class] "ItemHead", text="53  Subsection 44(1)"
[parser-unknown-class] "ItemHead", text="54  Section 45"
[parser-unknown-class] "ItemHead", text="55  Subsection 79A(1) (paragraph (a) of the definition of officer)"
[parser-unknown-class] "ItemHead", text="56  Subsection 79A(1) (paragraph (a) of the definition of officer)"
[parser-unknown-class] "ItemHead", text="57  Subsection 79A(1) (after paragraph (a) of the definition of officer)"
[parser-unknown-class] "ItemHead", text="58  Subsection 79A(1) (definition of protected document)"
[parser-unknown-class] "ItemHead", text="59  Subsection 79A(1) (definition of protected information)"
[parser-unknown-class] "ItemHead", text="60  Subsection 79A(2)"
[parser-unknown-class] "ItemHead", text="61  Paragraph 79A(5)(b)"
[parser-unknown-class] "ItemHead", text="62  Paragraph 79A(6)(a)"
[parser-unknown-class] "ItemHead", text="63  Paragraph 79A(6)(a)"
[parser-unknown-class] "ItemHead", text="64  After paragraph 79A(6)(a)"
[parser-unknown-class] "ItemHead", text="65  Subsection 79A(8)"
[parser-unknown-class] "ItemHead", text="66  Section 81"
[parser-unknown-class] "ItemHead", text="67  Section 85"
[parser-unknown-class] "ItemHead", text="68  Section 89"
[parser-unknown-class] "ActHead7", text="Part 1—Changing the administration of the Act"
[parser-unknown-class] "ItemHead", text="1  Section 3"
[parser-unknown-class] "ItemHead", text="2  Section 16"
[parser-unknown-class] "ItemHead", text="3  Section 16"
[parser-unknown-class] "ItemHead", text="4  Section 16 (definition of authorised person)"
[parser-unknown-class] "ItemHead", text="5  Section 16 (definition of Commissioner)"
[parser-unknown-class] "ItemHead", text="6  Section 16"
[parser-unknown-class] "ItemHead", text="7  Section 16"
[parser-unknown-class] "ItemHead", text="8  Section 16 (definition of protected document)"
[parser-unknown-class] "ItemHead", text="9  Section 16 (definition of protected information)"
[parser-unknown-class] "ItemHead", text="10  Section 16"
[parser-unknown-class] "ItemHead", text="11  Section 16 (definition of RSA standards officer)"
[parser-unknown-class] "ItemHead", text="12  Subsections 26(2) and (3)"
[parser-unknown-class] "ItemHead", text="13  Section 30"
[parser-unknown-class] "ItemHead", text="14  Paragraph 31(3)(a)"
[parser-unknown-class] "ItemHead", text="15  Division 3 of Part 10 (heading)"
[parser-unknown-class] "ItemHead", text="16  Subsection 67(5)"
[parser-unknown-class] "ItemHead", text="17  Subsection 95(1)"
[parser-unknown-class] "ItemHead", text="18  Subsection 95(2)"
[parser-unknown-class] "ItemHead", text="19  Subsection 96(1)"
[parser-unknown-class] "ItemHead", text="20  Paragraph 96(1)(b)"
[parser-unknown-class] "ItemHead", text="21  Subsection 97(1)"
[parser-unknown-class] "ItemHead", text="22  Section 98"
[parser-unknown-class] "ItemHead", text="23  At the end of subsection 114(3)"
[parser-unknown-class] "ItemHead", text="24  At the end of Division 8 of Part 10"
[parser-unknown-class] "ItemHead", text="25  Subsection 168(3)"
[parser-unknown-class] "ItemHead", text="26  Paragraph 168(3)(b)"
[parser-unknown-class] "ItemHead", text="27  Section 187"
[parser-unknown-class] "ItemHead", text="28  Section 191"
[parser-unknown-class] "ItemHead", text="29  Section 192"
[parser-unknown-class] "ItemHead", text="30  Subsection 193(4)"
[parser-unknown-class] "ItemHead", text="31  Subsection 193(11)"
[parser-unknown-class] "ItemHead", text="32  Section 198"
[parser-unknown-class] "ItemHead", text="33  Section 199"
[parser-unknown-class] "ActHead7", text="Part 2—Changing “Commissioner” to “APRA”"
[parser-unknown-class] "ItemHead", text="34  Amendment of the Act"
[parser-unknown-class] "ItemHead", text="35  Paragraph 15(4)(d)"
[parser-unknown-class] "ItemHead", text="36  Section 16 (paragraphs (a) to (f), (i), (j) and (p) of the definition of reviewable decision)"
[parser-unknown-class] "ItemHead", text="37  Subsection 23(1)"
[parser-unknown-class] "ItemHead", text="38  Subsections 24(1) to (3)"
[parser-unknown-class] "ItemHead", text="39  Subsections 25(1) to (5)"
[parser-unknown-class] "ItemHead", text="40  Subsections 26(1) to (3), (5) and (6)"
[parser-unknown-class] "ItemHead", text="41  Subsections 28(1), (3) to (5)"
[parser-unknown-class] "ItemHead", text="42  Subsections 29(1) to (6)"
[parser-unknown-class] "ItemHead", text="43  Section 30"
[parser-unknown-class] "ItemHead", text="44  Subsections 31(1) and (3)"
[parser-unknown-class] "ItemHead", text="45  Section 32"
[parser-unknown-class] "ItemHead", text="46  Subsections 33(1) to (4)"
[parser-unknown-class] "ItemHead", text="47  Subsection 34(4)"
[parser-unknown-class] "ItemHead", text="48  Subsection 35(1)"
[parser-unknown-class] "ItemHead", text="49  Section 37"
[parser-unknown-class] "ItemHead", text="50  Subsections 44(1) and (3)"
[parser-unknown-class] "ItemHead", text="51  Subparagraph 66(4)(a)(ii)"
[parser-unknown-class] "ItemHead", text="52  Subsection 66(6)"
[parser-unknown-class] "ItemHead", text="53  Paragraph 66(7)(b)"
[parser-unknown-class] "ItemHead", text="54  Subsection 66(8)"
[parser-unknown-class] "ItemHead", text="55  Subsections 67(1), (3) to (7), (9) and (10)"
[parser-unknown-class] "ItemHead", text="56  Subsections 68(1) to (4)"
[parser-unknown-class] "ItemHead", text="57  Subsection 135(1)"
[parser-unknown-class] "ItemHead", text="58  Subsection 136(1)"
[parser-unknown-class] "ItemHead", text="59  Subsection 138(2)"
[parser-unknown-class] "ItemHead", text="60  Paragraph 139(a)"
[parser-unknown-class] "ItemHead", text="61  Subsection 142(1)"
[parser-unknown-class] "ItemHead", text="62  Subsections 193(1) to (5) and (9) to (11)"
[parser-unknown-class] "ItemHead", text="63  Subsections 194(1) to (3)"
[parser-unknown-class] "ActHead7", text="Part 3—Changing “Commissioner” to “ASIC”"
[parser-unknown-class] "ItemHead", text="64  Amendment of the Act"
[parser-unknown-class] "ItemHead", text="65  Section 16 (paragraphs (g) and (h) of the definition of reviewable decision)"
[parser-unknown-class] "ItemHead", text="66  Paragraph 45(2)(c)"
[parser-unknown-class] "ItemHead", text="67  Subsection 51(3)"
[parser-unknown-class] "ItemHead", text="68  Section 57"
[parser-unknown-class] "ItemHead", text="69  Section 59"
[parser-unknown-class] "ActHead7", text="Part 4—Changing “Commissioner” to “Regulator”"
[parser-unknown-class] "ItemHead", text="70  Amendment of the Act"
[parser-unknown-class] "ItemHead", text="71  Section 16 (definition of approved form)"
[parser-unknown-class] "ItemHead", text="72  Section 16 (definition of lodge)"
[parser-unknown-class] "ItemHead", text="73  Section 16 (paragraphs (k) to (o) of the definition of reviewable decision)"
[parser-unknown-class] "ItemHead", text="74  Section 17"
[parser-unknown-class] "ItemHead", text="75  Paragraphs 38(2)(l) and (m)"
[parser-unknown-class] "ItemHead", text="76  Paragraph 49(1)(b)"
[parser-unknown-class] "ItemHead", text="77  Paragraphs 91(a) and (b)"
[parser-unknown-class] "ItemHead", text="78  Section 92"
[parser-unknown-class] "ItemHead", text="79  Subsections 93(1) to (3)"
[parser-unknown-class] "ItemHead", text="80  Subsections 96(1) to (3)"
[parser-unknown-class] "ItemHead", text="81  Section 98"
[parser-unknown-class] "ItemHead", text="82  Paragraph 101(a)"
[parser-unknown-class] "ItemHead", text="83  Subsection 104(8)"
[parser-unknown-class] "ItemHead", text="84  Subsection 107(3)"
[parser-unknown-class] "ItemHead", text="85  Paragraph 108(2)(b)"
[parser-unknown-class] "ItemHead", text="86  Subsections 111(1) and (2)"
[parser-unknown-class] "ItemHead", text="87  Subsection 114(3)"
[parser-unknown-class] "ItemHead", text="88  Section 115"
[parser-unknown-class] "ItemHead", text="89  Section 116"
[parser-unknown-class] "ItemHead", text="90  Subsections 119(1) to (3)"
[parser-unknown-class] "ItemHead", text="91  Section 125"
[parser-unknown-class] "ItemHead", text="92  Section 128"
[parser-unknown-class] "ItemHead", text="93  Paragraphs 155(1)(e) and (f)"
[parser-unknown-class] "ItemHead", text="94  Paragraphs 156(1)(c) and (d)"
[parser-unknown-class] "ItemHead", text="95  Paragraph 160(4)(c)"
[parser-unknown-class] "ItemHead", text="96  Paragraphs 161(1)(b), (2)(a) and (2)(b)"
[parser-unknown-class] "ItemHead", text="97  Subsection 163(2)"
[parser-unknown-class] "ItemHead", text="98  Paragraph 163(3)(a)"
[parser-unknown-class] "ItemHead", text="99  Subsection 163(9)"
[parser-unknown-class] "ItemHead", text="100  Subsections 168(1) to (3)"
[parser-unknown-class] "ItemHead", text="101  Section 172"
[parser-unknown-class] "ItemHead", text="102  Section 174"
[parser-unknown-class] "ItemHead", text="103  Subsection 176(2)"
[parser-unknown-class] "ItemHead", text="104  Section 177"
[parser-unknown-class] "ItemHead", text="105  Section 179"
[parser-unknown-class] "ItemHead", text="106  Section 180"
[parser-unknown-class] "ItemHead", text="107  Subsections 182(1), (2), (4) and (6)"
[parser-unknown-class] "ItemHead", text="108  Subsections 189(1), (2), (4) to (7)"
[parser-unknown-class] "ItemHead", text="109  Paragraphs 190(1)(a) and (b)"
[parser-unknown-class] "ItemHead", text="110  Subsection 190(2)"
[parser-unknown-class] "ItemHead", text="111  Subsection 200(2)"
[parser-unknown-class] "ActHead7", text="Part 5—Changing “Commissioner’s” to “Regulator’s”"
[parser-unknown-class] "ItemHead", text="112  Amendment of the Act"
[parser-unknown-class] "ItemHead", text="113  Paragraph 113(2)(a)"
[parser-unknown-class] "ItemHead", text="114  Paragraph 114(3)(b)"
[parser-unknown-class] "ItemHead", text="115  Subsection 162(1)"
[parser-unknown-class] "ActHead7", text="Part 1—Changing the administration of the Act"
[parser-unknown-class] "ItemHead", text="1  Subsection 3(1)"
[parser-unknown-class] "ItemHead", text="2  Section 6"
[parser-unknown-class] "ItemHead", text="3  Subsection 10(1)"
[parser-unknown-class] "ItemHead", text="4  Subsection 10(1)"
[parser-unknown-class] "ItemHead", text="5  Subsection 10(1) (definition of authorised person)"
[parser-unknown-class] "ItemHead", text="6  Subsection 10(1)"
[parser-unknown-class] "ItemHead", text="7  Subsection 10(1) (definition of protected document)"
[parser-unknown-class] "ItemHead", text="8  Subsection 10(1) (definition of protected information)"
[parser-unknown-class] "ItemHead", text="9  Subsection 10(1)"
[parser-unknown-class] "ItemHead", text="10  Subsection 10(1) (definition of superannuation standards officer)"
[parser-unknown-class] "ItemHead", text="11  Subsection 10(1) (definition of taxation officer)"
[parser-unknown-class] "ItemHead", text="12  Section 27C"
[parser-unknown-class] "ItemHead", text="13  Paragraph 27D(3)(a)"
[parser-unknown-class] "ItemHead", text="14  Part 4 (heading)"
[parser-unknown-class] "ItemHead", text="15  Division 2 of Part 5 (heading)"
[parser-unknown-class] "ItemHead", text="16  Paragraph 126D(3)(a)"
[parser-unknown-class] "ItemHead", text="17  Part 22 (heading)"
[parser-unknown-class] "ItemHead", text="18  Division 3 of Part 25 (heading)"
[parser-unknown-class] "ItemHead", text="19  Division 4 of Part 25 (heading)"
[parser-unknown-class] "ItemHead", text="20  Subsection 265(1)"
[parser-unknown-class] "ItemHead", text="21  Section 284"
[parser-unknown-class] "ItemHead", text="22  After section 298"
[parser-unknown-class] "ItemHead", text="23  Paragraph 320(3)(b)"
[parser-unknown-class] "ItemHead", text="24  Section 340"
[parser-unknown-class] "ItemHead", text="25  Section 346"
[parser-unknown-class] "ItemHead", text="26  Section 347"
[parser-unknown-class] "ItemHead", text="27  Section 347"
[parser-unknown-class] "ItemHead", text="28  Subsection 347A(4)"
[parser-unknown-class] "ItemHead", text="29  Section 351"
[parser-unknown-class] "ItemHead", text="30  Section 352"
[parser-unknown-class] "ActHead7", text="Part 2—Changing “Commissioner” to “APRA”"
[parser-unknown-class] "ItemHead", text="31  Amendment of the Act"
[parser-unknown-class] "ItemHead", text="32  Subsection 10(1) (paragraph (d) of the definition of approved purposes)"
[parser-unknown-class] "ItemHead", text="33  Subsection 10(1) (paragraphs (a) to (u) and (ze) to (zg) of the definition of reviewable deci..."
[parser-unknown-class] "ItemHead", text="34  Subsections 18(3), (6), (7), (7B), (7C), (10), (11) and (12)"
[parser-unknown-class] "ItemHead", text="35  Subsection 19(4)"
[parser-unknown-class] "ItemHead", text="36  Subsection 23(1)"
[parser-unknown-class] "ItemHead", text="37  Subsections 24(1) to (3)"
[parser-unknown-class] "ItemHead", text="38  Subsections 25(1) to (5)"
[parser-unknown-class] "ItemHead", text="39  Subsections 26(1), (2), (4) to (5)"
[parser-unknown-class] "ItemHead", text="40  Subsections 27A(1), (3) to (5)"
[parser-unknown-class] "ItemHead", text="41  Subsections 27B(1) to (6)"
[parser-unknown-class] "ItemHead", text="42  Section 27C"
[parser-unknown-class] "ItemHead", text="43  Subsections 27D(1) and (3)"
[parser-unknown-class] "ItemHead", text="44  Section 27E"
[parser-unknown-class] "ItemHead", text="45  Subsections 28(1) to (3)"
[parser-unknown-class] "ItemHead", text="46  Subsection 29(1)"
[parser-unknown-class] "ItemHead", text="47  Paragraph 29(2)(d)"
[parser-unknown-class] "ItemHead", text="48  Section 35"
[parser-unknown-class] "ItemHead", text="49  Subsections 36(1) and (3)"
[parser-unknown-class] "ItemHead", text="50  Subsections 40(1) to (3)"
[parser-unknown-class] "ItemHead", text="51  Paragraphs 40(4)(a) to (b)"
[parser-unknown-class] "ItemHead", text="52  Subsections 41(1) to (2)"
[parser-unknown-class] "ItemHead", text="53  Subparagraphs 42(1A)(a)(ii) and (b)(iv) and (1AA)(b)(ii) and (c)(ii)"
[parser-unknown-class] "ItemHead", text="54  Paragraphs 42(1AC)(b) to (c)"
[parser-unknown-class] "ItemHead", text="55  Subparagraph 42(1AC)(d)(ii)"
[parser-unknown-class] "ItemHead", text="56  Sub‑subparagraphs 43(b)(ii)(B) and (iii)(B)"
[parser-unknown-class] "ItemHead", text="57  Subparagraph 43(b)(iv)"
[parser-unknown-class] "ItemHead", text="58  Sub‑subparagraphs 44(b)(ii)(B) and (iii)(B)"
[parser-unknown-class] "ItemHead", text="59  Subparagraph 44(b)(iv)"
[parser-unknown-class] "ItemHead", text="60  Paragraphs 45(1)(a) to (b)"
[parser-unknown-class] "ItemHead", text="61  Paragraphs 47(1)(a) to (b)"
[parser-unknown-class] "ItemHead", text="62  Paragraphs 48(1)(a) to (b)"
[parser-unknown-class] "ItemHead", text="63  Paragraphs 50(1)(c), (2)(c) to (d) and (f) and (5)(a)"
[parser-unknown-class] "ItemHead", text="64  Subsection 60A(1) (including the note)"
[parser-unknown-class] "ItemHead", text="65  Subparagraph 62(1)(b)(v)"
[parser-unknown-class] "ItemHead", text="66  Subsection 62(3)"
[parser-unknown-class] "ItemHead", text="67  Subsections 63(1), (3), (5) and (8)"
[parser-unknown-class] "ItemHead", text="68  Subparagraph 67(3)(b)(ii)"
[parser-unknown-class] "ItemHead", text="69  Subsection 67(4)"
[parser-unknown-class] "ItemHead", text="70  Subsections 70A(1) to (2)"
[parser-unknown-class] "ItemHead", text="71  Paragraphs 71(1)(e) to (f)"
[parser-unknown-class] "ItemHead", text="72  Paragraph 71(4)(b)"
[parser-unknown-class] "ItemHead", text="73  Subsections 92(7) to (12)"
[parser-unknown-class] "ItemHead", text="74  Subsections 93A(2) to (6)"
[parser-unknown-class] "ItemHead", text="75  Subsections 95(1) to (2)"
[parser-unknown-class] "ItemHead", text="76  Subparagraph 95(3)(b)(ii)"
[parser-unknown-class] "ItemHead", text="77  Subsection 95(4)"
[parser-unknown-class] "ItemHead", text="78  Subparagraph 97(3)(b)(ii)"
[parser-unknown-class] "ItemHead", text="79  Subsection 97(4)"
[parser-unknown-class] "ItemHead", text="80  Subsection 106(1)"
[parser-unknown-class] "ItemHead", text="81  Subsection 117(6)"
[parser-unknown-class] "ItemHead", text="82  Subparagraph 120(2A)(b)(i)"
[parser-unknown-class] "ItemHead", text="83  Subsection 121(3)"
[parser-unknown-class] "ItemHead", text="84  Paragraph 123(2)(a)"
[parser-unknown-class] "ItemHead", text="85  Subparagraph 123(2)(b)(ii)"
[parser-unknown-class] "ItemHead", text="86  Paragraph 123(3)(a)"
[parser-unknown-class] "ItemHead", text="87  Subparagraph 123(3)(c)(ii)"
[parser-unknown-class] "ItemHead", text="88  Subsection 126B(1)"
[parser-unknown-class] "ItemHead", text="89  Paragraph 126B(3)(e)"
[parser-unknown-class] "ItemHead", text="90  Subsection 126B(4)"
[parser-unknown-class] "ItemHead", text="91  Paragraph 126B(6)(b)"
[parser-unknown-class] "ItemHead", text="92  Subsection 126B(7)"
[parser-unknown-class] "ItemHead", text="93  Subsections 126C(1) to (5)"
[parser-unknown-class] "ItemHead", text="94  Subsections 126D(1), (3) to (4)"
[parser-unknown-class] "ItemHead", text="95  Paragraphs 126E(2)(a) to (b) and (3)(e)"
[parser-unknown-class] "ItemHead", text="96  Subsections 126F(1) to (5)"
[parser-unknown-class] "ItemHead", text="97  Subparagraph 129(3A)(a)(ii)"
[parser-unknown-class] "ItemHead", text="98  Subsection 129(4)"
[parser-unknown-class] "ItemHead", text="99  Paragraph 129(5)(b)"
[parser-unknown-class] "ItemHead", text="100  Subsection 129(6)"
[parser-unknown-class] "ItemHead", text="101  Subparagraph 130(2A)(a)(ii)"
[parser-unknown-class] "ItemHead", text="102  Subsection 130(3)"
[parser-unknown-class] "ItemHead", text="103  Paragraph 130(4)(b)"
[parser-unknown-class] "ItemHead", text="104  Subsection 130(5)"
[parser-unknown-class] "ItemHead", text="105  Subsections 131(1), (3) to (7) and (9) to (10)"
[parser-unknown-class] "ItemHead", text="106  Subsections 131A(1) to (4)"
[parser-unknown-class] "ItemHead", text="107  Subsections 133(1) to (5)"
[parser-unknown-class] "ItemHead", text="108  Subsections 134(1) to (4)"
[parser-unknown-class] "ItemHead", text="109  Subsections 135(1) to (2)"
[parser-unknown-class] "ItemHead", text="110  Section 136"
[parser-unknown-class] "ItemHead", text="111  Section 137"
[parser-unknown-class] "ItemHead", text="112  Subsections 138(1) to (3)"
[parser-unknown-class] "ItemHead", text="113  Subsection 141(1)"
[parser-unknown-class] "ItemHead", text="114  Subsections 142(1), (4) to (7)"
[parser-unknown-class] "ItemHead", text="115  Subsection 197(1)"
[parser-unknown-class] "ItemHead", text="116  Paragraphs 200(a) to (b)"
[parser-unknown-class] "ItemHead", text="117  Subsections 201(1) to (2)"
[parser-unknown-class] "ItemHead", text="118  Paragraph 201(4)(b)"
[parser-unknown-class] "ItemHead", text="119  Subsections 254(1) and (3)"
[parser-unknown-class] "ItemHead", text="120  Section 257"
[parser-unknown-class] "ItemHead", text="121  Subsections 259(1) to (3)"
[parser-unknown-class] "ItemHead", text="122  Subsection 260(2)"
[parser-unknown-class] "ItemHead", text="123  Subsection 299E(1)"
[parser-unknown-class] "ItemHead", text="124  Subsection 299F(1)"
[parser-unknown-class] "ItemHead", text="125  Subsection 299G(1)"
[parser-unknown-class] "ItemHead", text="126  Subsection 299M(2)"
[parser-unknown-class] "ItemHead", text="127  Subsection 299N(2)"
[parser-unknown-class] "ItemHead", text="128  Paragraph 299P(a)"
[parser-unknown-class] "ItemHead", text="129  Paragraph 299S(1)(b)"
[parser-unknown-class] "ItemHead", text="130  Subsections 342(1) to (2) and (4)"
[parser-unknown-class] "ItemHead", text="131  Paragraph 342(5)(b)"
[parser-unknown-class] "ItemHead", text="132  Subsection 342(6)"
[parser-unknown-class] "ItemHead", text="133  Paragraph 342(8)(a)"
[parser-unknown-class] "ItemHead", text="134  Subsections 342(9) to (10) and (12)"
[parser-unknown-class] "ItemHead", text="135  Subsections 347A(1) to (5), (7) and (9) to (11)"
[parser-unknown-class] "ItemHead", text="136  Subsections 348(1) to (3)"
[parser-unknown-class] "ItemHead", text="137  Subsection 357(4)"
[parser-unknown-class] "ItemHead", text="138  Subsections 359(2) to (4)"
[parser-unknown-class] "ItemHead", text="139  Subsection 360(1)"
[parser-unknown-class] "ItemHead", text="140  Paragraph 361(1)(a)"
[parser-unknown-class] "ItemHead", text="141  Subsections 362(1) and (3)"
[parser-unknown-class] "ItemHead", text="142  Subsection 363(5)"
[parser-unknown-class] "ItemHead", text="143  Subsections 364(2) to (3)"
[parser-unknown-class] "ItemHead", text="144  Subsections 365(1) to (3)"
[parser-unknown-class] "ItemHead", text="145  Subsection 367(1)"
[parser-unknown-class] "ItemHead", text="146  Subsection 369(1)"
[parser-unknown-class] "ItemHead", text="147  Paragraph 370(2)(b)"
[parser-unknown-class] "ItemHead", text="148  Paragraphs 371(2)(b) to (c)"
[parser-unknown-class] "ItemHead", text="149  Paragraph 372(3)(b)"
[parser-unknown-class] "ActHead7", text="Part 3—Changing “Commissioner’s” to “APRA’s”"
[parser-unknown-class] "ItemHead", text="150  Amendment of the Act"
[parser-unknown-class] "ItemHead", text="151  Paragraph 126B(3)(e)"
[parser-unknown-class] "ItemHead", text="152  Subsection 131(5)"
[parser-unknown-class] "ItemHead", text="153  Subsections 258(1) to (3)"
[parser-unknown-class] "ItemHead", text="154  Subsection 260(1)"
[parser-unknown-class] "ItemHead", text="155  Subsections 261(1) to (2)"
[parser-unknown-class] "ActHead7", text="Part 4—Changing “Commissioner” to “ASIC”"
[parser-unknown-class] "ItemHead", text="156  Amendment of the Act"
[parser-unknown-class] "ItemHead", text="157  Section 4 (table item relating to Part 22)"
[parser-unknown-class] "ItemHead", text="158  Subsection 10(1) (paragraphs (v) to (x) of the definition of reviewable decision)"
[parser-unknown-class] "ItemHead", text="159  Paragraph 53(5)(a)"
[parser-unknown-class] "ItemHead", text="160  Subsection 140(2)"
[parser-unknown-class] "ItemHead", text="161  Subsection 153(4)"
[parser-unknown-class] "ItemHead", text="162  Subsection 159(2)"
[parser-unknown-class] "ItemHead", text="163  Subsection 164(1)"
[parser-unknown-class] "ItemHead", text="164  Section 166"
[parser-unknown-class] "ItemHead", text="165  Section 187"
[parser-unknown-class] "ItemHead", text="166  Subsections 225(2) to (8)"
[parser-unknown-class] "ItemHead", text="167  Section 226"
[parser-unknown-class] "ItemHead", text="168  Subsection 377(2)"
[parser-unknown-class] "ActHead7", text="Part 5—Changing “Commissioner” to “Regulator”"
[parser-unknown-class] "ItemHead", text="169  Amendment of the Act"
[parser-unknown-class] "ItemHead", text="170  Subsection 10(1) (definition of approved form)"
[parser-unknown-class] "ItemHead", text="171  Subsection 10(1) (definition of lodge)"
[parser-unknown-class] "ItemHead", text="172  Subsection 10(1) (paragraphs (z) to (zd) of the definition of reviewable decision)"
[parser-unknown-class] "ItemHead", text="173  Section 11"
[parser-unknown-class] "ItemHead", text="174  Paragraphs 31(2)(q) to (r)"
[parser-unknown-class] "ItemHead", text="175  Paragraphs 32(2)(j) to (k)"
[parser-unknown-class] "ItemHead", text="176  Paragraphs 33(2)(h) to (i)"
[parser-unknown-class] "ItemHead", text="177  Paragraph 58(2)(b)"
[parser-unknown-class] "ItemHead", text="178  Paragraph 105(1)(b)"
[parser-unknown-class] "ItemHead", text="179  Paragraphs 253(a) to (c)"
[parser-unknown-class] "ItemHead", text="180  Subsection 254(2)"
[parser-unknown-class] "ItemHead", text="181  Subsections 255(1) to (3)"
[parser-unknown-class] "ItemHead", text="182  Subsection 263(1)"
[parser-unknown-class] "ItemHead", text="183  Subsections 264(1) to (4) and (6)"
[parser-unknown-class] "ItemHead", text="184  Subsections 265(1) to (3)"
[parser-unknown-class] "ItemHead", text="185  Subsection 266(1)"
[parser-unknown-class] "ItemHead", text="186  Section 267"
[parser-unknown-class] "ItemHead", text="187  Paragraph 270(a)"
[parser-unknown-class] "ItemHead", text="188  Subsection 273(8)"
[parser-unknown-class] "ItemHead", text="189  Subsection 277(3)"
[parser-unknown-class] "ItemHead", text="190  Paragraph 278(2)(b)"
[parser-unknown-class] "ItemHead", text="191  Subsections 281(1) to (2)"
[parser-unknown-class] "ItemHead", text="192  Subsection 284(3)"
[parser-unknown-class] "ItemHead", text="193  Section 285"
[parser-unknown-class] "ItemHead", text="194  Section 286"
[parser-unknown-class] "ItemHead", text="195  Subsections 289(1) to (3)"
[parser-unknown-class] "ItemHead", text="196  Section 295"
[parser-unknown-class] "ItemHead", text="197  Section 298"
[parser-unknown-class] "ItemHead", text="198  Paragraphs 307(1)(e) to (f)"
[parser-unknown-class] "ItemHead", text="199  Paragraphs 308(1)(c) to (d)"
[parser-unknown-class] "ItemHead", text="200  Paragraph 312(4)(c)"
[parser-unknown-class] "ItemHead", text="201  Paragraphs 313(1)(b) and (1A)(a) to (b)"
[parser-unknown-class] "ItemHead", text="202  Subsection 315(2)"
[parser-unknown-class] "ItemHead", text="203  Paragraph 315(3)(a)"
[parser-unknown-class] "ItemHead", text="204  Subsection 315(9)"
[parser-unknown-class] "ItemHead", text="205  Subsections 320(1) to (3)"
[parser-unknown-class] "ItemHead", text="206  Subsection 326(1)"
[parser-unknown-class] "ItemHead", text="207  Section 328"
[parser-unknown-class] "ItemHead", text="208  Section 329"
[parser-unknown-class] "ItemHead", text="209  Subsection 331(2)"
[parser-unknown-class] "ItemHead", text="210  Section 332"
[parser-unknown-class] "ItemHead", text="211  Subsection 333(1)"
[parser-unknown-class] "ItemHead", text="212  Section 335"
[parser-unknown-class] "ItemHead", text="213  Section 336"
[parser-unknown-class] "ItemHead", text="214  Subsections 344(1) to (2), (4) to (8)"
[parser-unknown-class] "ItemHead", text="215  Paragraphs 345(1)(a) to (b)"
[parser-unknown-class] "ItemHead", text="216  Subsection 345(2)"
[parser-unknown-class] "ItemHead", text="217  Section 347"
[parser-unknown-class] "ItemHead", text="218  Subsection 353(2)"
[parser-unknown-class] "ActHead7", text="Part 6—Changing “Commissioner’s” to “Regulator’s”"
[parser-unknown-class] "ItemHead", text="219  Amendment of the Act"
[parser-unknown-class] "ItemHead", text="220  Paragraph 283(2)(a)"
[parser-unknown-class] "ItemHead", text="221  Paragraph 284(3)(b)"
[parser-unknown-class] "ItemHead", text="222  Subsection 314(1)"
[parser-unknown-class] "ActHead7", text="Part 7—Amendments to take account of Part 1 of Schedule 2 to the Superannuation Legislation Amend..."
[parser-unknown-class] "ItemHead", text="223  Subsection 28(3)"
[parser-unknown-class] "ItemHead", text="224  Subsection 131(4)"
[parser-unknown-class] "ItemHead", text="225  Subsection 131(4A)"
[parser-unknown-class] "ItemHead", text="226  Subsection 131(4A)"
[parser-unknown-class] "ItemHead", text="227  Paragraph 131(4B)(a)"
[parser-unknown-class] "ItemHead", text="228  Subsection 131(4B)"
[parser-unknown-class] "ItemHead", text="229  Subsection 131(10)"
[parser-unknown-class] "ItemHead", text="230  Subsection 255(4)"
[parser-unknown-class] "ItemHead", text="231  Subsections 264(2) to (4A) (including the notes to subsections 264(3) and (4))"
[parser-unknown-class] "ActHead7", text="Part 8—Amendments to take account of Schedule 1 to the Superannuation Legislation Amendment (Choi..."
[parser-unknown-class] "ItemHead", text="232  Subparagraph 6(1)(a)(vii)"
[parser-unknown-class] "ItemHead", text="233  After subparagraph 6(1)(c)(ii)"
[parser-unknown-class] "ItemHead", text="234  Subsection 114D(2)"
[parser-unknown-class] "ItemHead", text="235  Subsection 148D(1)"
[parser-unknown-class] "ItemHead", text="236  Section 148F"
[parser-unknown-class] "ItemHead", text="237  Section 148F"
[parser-unknown-class] "ActHead7", text="Part 1—Amendments relating to changing “Commissioner” to “ASIC”"
[parser-unknown-class] "ItemHead", text="1  Subsection 3(2) (note 2)"
[parser-unknown-class] "ItemHead", text="2  Subsection 3(2) (subparagraph (a)(ii) of the definition of death benefits)"
[parser-unknown-class] "ItemHead", text="3  Subsection 31(2)"
[parser-unknown-class] "ItemHead", text="4  Subsections 63(3A) and (3B)"
[parser-unknown-class] "ActHead7", text="Part 2—Changing “Commissioner” to “ASIC”"
[parser-unknown-class] "ItemHead", text="5  Amendment of the Act"
[parser-unknown-class] "ItemHead", text="6  Section 61"
[parser-unknown-class] "ItemHead", text="7  Subsection 62(2)"
[parser-unknown-class] "ItemHead", text="8  Paragraphs 63(1)(b) and (3)(a)"
[parser-unknown-class] "ItemHead", text="9  Paragraph 64(b)"
[parser-unknown-class] "ItemHead", text="10  Paragraph 64A(b)"
[parser-unknown-class] "ItemHead", text="11  Paragraph 65(1)(b)"
[parser-unknown-class] "ActHead7", text="Part 3—Amendment to take account of Schedule 3 to the Superannuation Legislation Amendment Act 1999"
[parser-unknown-class] "ItemHead", text="12  Subsection 63(3B)"
[parser-unknown-class] "ActHead7", text="Part 1—Amendment and repeal of levy Acts"
[parser-unknown-class] "ActHead9", text="General Insurance Supervisory Levy Act 1989"
[parser-unknown-class] "ItemHead", text="1  The whole of the Act"
[parser-unknown-class] "ActHead9", text="Insurance Supervisory Levies Collection Act 1989"
[parser-unknown-class] "ItemHead", text="2  The whole of the Act"
[parser-unknown-class] "ActHead9", text="Life Insurance Supervisory Levy Act 1989"
[parser-unknown-class] "ItemHead", text="3  The whole of the Act"
[parser-unknown-class] "ActHead9", text="Retirement Savings Accounts Supervisory Levy Act 1997"
[parser-unknown-class] "ItemHead", text="4  The whole of the Act"
[parser-unknown-class] "ActHead9", text="Superannuation Entities (Taxation) Act 1987"
[parser-unknown-class] "ItemHead", text="5  Title"
[parser-unknown-class] "ItemHead", text="6  Section 1"
[parser-unknown-class] "ItemHead", text="7  Section 3"
[parser-unknown-class] "ItemHead", text="8  Section 3 (definition of Commissioner)"
[parser-unknown-class] "ItemHead", text="9  Section 3 (definition of reviewable decision)"
[parser-unknown-class] "ItemHead", text="10  Section 3 (definition of RSA provider)"
[parser-unknown-class] "ItemHead", text="11  Section 3 (the second definition of year of income)"
[parser-unknown-class] "ItemHead", text="12  Part III (heading)"
[parser-unknown-class] "ItemHead", text="13  Section 9"
[parser-unknown-class] "ItemHead", text="14  Part IIIAAA"
[parser-unknown-class] "ItemHead", text="15  Part IIIAA (heading)"
[parser-unknown-class] "ItemHead", text="16  Section 15DAA"
[parser-unknown-class] "ItemHead", text="17  Section 15DAA (definitions of basic levy amount and levy)"
[parser-unknown-class] "ItemHead", text="18  Section 15DA"
[parser-unknown-class] "ItemHead", text="19  Subsection 15DB(1)"
[parser-unknown-class] "ItemHead", text="20  Section 15DE"
[parser-unknown-class] "ItemHead", text="21  Section 15DF"
[parser-unknown-class] "ItemHead", text="22  Section 15DG"
[parser-unknown-class] "ItemHead", text="23  Part IIIAB"
[parser-unknown-class] "ItemHead", text="24  Subsection 16(1AA)"
[parser-unknown-class] "ItemHead", text="25  Subsections 16(1), (3), (4), (5) and (6)"
[parser-unknown-class] "ItemHead", text="26  Subsection 16(1)"
[parser-unknown-class] "ItemHead", text="27  Subsection 16(1)"
[parser-unknown-class] "ItemHead", text="28  Subsection 17(1)"
[parser-unknown-class] "ItemHead", text="29  Subsections 17(1) and (2)"
[parser-unknown-class] "ItemHead", text="30  Paragraph 17(1)(a)"
[parser-unknown-class] "ItemHead", text="31  Paragraph 17(1)(b)"
[parser-unknown-class] "ItemHead", text="32  Subsection 17(2)"
[parser-unknown-class] "ItemHead", text="33  Section 20"
[parser-unknown-class] "ItemHead", text="34  Section 21"
[parser-unknown-class] "ItemHead", text="35  Subsection 22(2) (definition of levy)"
[parser-unknown-class] "ActHead9", text="Superannuation Supervisory Levy Act 1991"
[parser-unknown-class] "ItemHead", text="36  Section 1"
[parser-unknown-class] "ItemHead", text="37  Section 4"
[parser-unknown-class] "ItemHead", text="38  Section 5"
[parser-unknown-class] "ItemHead", text="39  Subsection 7(2)"
[parser-unknown-class] "ActHead7", text="Part 2—Amendment of other Acts"
[parser-unknown-class] "ActHead9", text="Acts Interpretation Act 1901"
[parser-unknown-class] "ItemHead", text="40  Section 40A"
[parser-unknown-class] "ActHead9", text="Australian Prudential Regulation Authority Act 1998"
[parser-unknown-class] "ItemHead", text="41  Subsection 38(3)"
[parser-unknown-class] "ItemHead", text="42  Section 46"
[parser-unknown-class] "ActHead9", text="Corporations Act 1989"
[parser-unknown-class] "ItemHead", text="43  Subsection 4(1) (definition of ASC Law)"
[parser-unknown-class] "ItemHead", text="44  Subsection 39(1)"
[parser-unknown-class] "ActHead9", text="Crimes Act 1914"
[parser-unknown-class] "ItemHead", text="45  Paragraph 4AB(3)(b)"
[parser-unknown-class] "ActHead9", text="Financial Corporations (Transfer of Assets and Liabilities) Act 1993"
[parser-unknown-class] "ItemHead", text="46  Paragraphs 12(a) and (b)"
[parser-unknown-class] "ActHead9", text="Financial Transactions Reports Act 1988"
[parser-unknown-class] "ItemHead", text="47  Paragraph 27(9)(b)"
[parser-unknown-class] "ActHead7", text="Part 1—Transitional provisions relating to amendments of the Banking Act 1959"
[parser-unknown-class] "ItemHead", text="1  Interpretation"
[parser-unknown-class] "ItemHead", text="2  Treatment of section 9 authorities"
[parser-unknown-class] "Subitem", text="(1) This item applies to an authority that, immediately before the APRA commencement, was:"
[parser-unknown-class] "Subitem", text="(2) The authority is to be taken, after that commencement, to be an authority under subsection 9(..."
[parser-unknown-class] "Subitem", text="(3) Any conditions to which the authority was subject immediately before the APRA commencement ar..."
[parser-unknown-class] "ItemHead", text="3  Treatment of undetermined applications for section 9 authorities"
[parser-unknown-class] "ItemHead", text="4  Treatment of obligations to publish notices in relation to section 9 authorities"
[parser-unknown-class] "ItemHead", text="6  Treatment of exemptions under section 11"
[parser-unknown-class] "Subitem", text="(1) An order in force immediately before the APRA commencement under section 11 of the old Act co..."
[parser-unknown-class] "Subitem", text="(2) Any conditions to which the order was subject immediately before the APRA commencement are to..."
[parser-unknown-class] "ItemHead", text="7  Treatment of subsection 11E(2) approvals"
[parser-unknown-class] "ItemHead", text="8  Treatment of matters under depositor protection provisions"
[parser-unknown-class] "Subitem", text="(1) The following provisions apply in relation to matters under provisions of Division 2 of Part ..."
[parser-unknown-class] "Subitem", text="(2) The regulations may make provision dealing with how the transfer of control of an institution..."
[parser-unknown-class] "Subitem", text="(3) Section 15 of the old Act continues to have effect (despite its repeal) after the APRA commen..."
[parser-unknown-class] "ItemHead", text="9  Treatment of instruments under Division 3 of Part II"
[parser-unknown-class] "ItemHead", text="10  Reserve Bank to repay non‑callable deposits on repeal of Division 3 of Part II"
[parser-unknown-class] "ItemHead", text="11  Treatment of regulations under Part V"
[parser-unknown-class] "ItemHead", text="12  Treatment of regulations under Part VI"
[parser-unknown-class] "ItemHead", text="13  Treatment of investigations under section 61"
[parser-unknown-class] "ItemHead", text="14  Treatment of obligations under section 62"
[parser-unknown-class] "ItemHead", text="15  Assumption of control of business under section 65"
[parser-unknown-class] "Subitem", text="(1) An order in force in relation to an institution immediately before the APRA commencement unde..."
[parser-unknown-class] "Subitem", text="(2) If the Reserve Bank is, immediately before the APRA commencement, in control of an institutio..."
[parser-unknown-class] "Subitem", text="(3) The regulations may make provision dealing with how the transfer of control of an institution..."
[parser-unknown-class] "ItemHead", text="16  Treatment of consents under section 66"
[parser-unknown-class] "Subitem", text="(1) A consent in force immediately before the APRA commencement under section 66 of the old Act c..."
[parser-unknown-class] "Subitem", text="(2) Any conditions to which the consent was subject immediately before the APRA commencement are ..."
[parser-unknown-class] "ItemHead", text="17  Continued use of words by banks"
[parser-unknown-class] "Subitem", text="(1) This item applies to an institution that, immediately before the APRA commencement was a bank..."
[parser-unknown-class] "Subitem", text="(2) The institution is taken, on the APRA commencement, to have been granted a consent under sect..."
[parser-unknown-class] "ItemHead", text="18  Treatment of consents under section 67"
[parser-unknown-class] "Subitem", text="(1) A consent in force immediately before the APRA commencement under section 67 of the old Act c..."
[parser-unknown-class] "Subitem", text="(2) Any conditions to which the consent was subject immediately before the APRA commencement are ..."
[parser-unknown-class] "ItemHead", text="19  Treatment of regulations under section 71"
[parser-unknown-class] "ActHead7", text="Part 2—Transitional provisions relating to amendments of the Financial Corporations Act 1974"
[parser-unknown-class] "ItemHead", text="20  Interpretation"
[parser-unknown-class] "ItemHead", text="21  Treatment of exemptions and determinations under paragraph 8(2)(l)"
[parser-unknown-class] "ItemHead", text="22  Treatment of matters under section 10"
[parser-unknown-class] "ItemHead", text="23  Treatment of exemptions under subsection 11(14)"
[parser-unknown-class] "ActHead7", text="Part 3—Transitional provisions relating to the establishment of APRA and the repeal of the Insura..."
[parser-unknown-class] "ActHead8", text="Division 1—Interpretation"
[parser-unknown-class] "ItemHead", text="24  Interpretation"
[parser-unknown-class] "Subitem", text="(1) In this Part:"
[parser-unknown-class] "Subitem", text="(2) A reference in this Part to the Commonwealth includes a reference to the Insurance and Supera..."
[parser-unknown-class] "ActHead8", text="Division 2—Transfer of staff"
[parser-unknown-class] "ItemHead", text="25  Transfer of staff from the Reserve Bank and the ISC"
[parser-unknown-class] "Subitem", text="(1) The Governor of the Reserve Bank, in consultation with APRA’s Chief Executive Officer, may, i..."
[parser-unknown-class] "Subitem", text="(2) The determination has effect accordingly."
[parser-unknown-class] "Subitem", text="(3) An ISC employee may, at a particular time (the person’s transfer time), become an APRA employ..."
[parser-unknown-class] "ItemHead", text="26  Terms and conditions of transferred staff"
[parser-unknown-class] "Subitem", text="(1) APRA is to determine the terms and conditions applying to a person who becomes an APRA employ..."
[parser-unknown-class] "Subitem", text="(2) The person is entitled to retain, as an APRA employee, all the benefits that had accrued to t..."
[parser-unknown-class] "Subitem", text="(3) The person’s service as an APRA employee is taken, for all purposes, to have been continuous ..."
[parser-unknown-class] "Subitem", text="(4) The person is not entitled to receive any payment or other benefit merely because he or she s..."
[parser-unknown-class] "Subitem", text="(5) This item does not prevent the terms and conditions applying to the person as an APRA employe..."
[parser-unknown-class] "ItemHead", text="27  Statement of accrued benefits"
[parser-unknown-class] "Subitem", text="(1) Before a person becomes an APRA employee as mentioned in subitem 25(1) or (3), the Reserve Ba..."
[parser-unknown-class] "Subitem", text="(2) In any proceedings relating to subitem 26(2), the statement is prima facie evidence of the ma..."
[parser-unknown-class] "Subitem", text="(3) Item 25 has effect in relation to the person even if the Reserve Bank or the Insurance and Su..."
[parser-unknown-class] "ActHead8", text="Division 3—Transfer of assets and liabilities"
[parser-unknown-class] "ItemHead", text="28  Transfer of assets"
[parser-unknown-class] "Subitem", text="(1) The Treasurer may, in writing, make any or all of the following declarations:"
[parser-unknown-class] "Subitem", text="(2) A declaration has effect accordingly."
[parser-unknown-class] "Subitem", text="(3) Subitem (1) does not prevent the Commonwealth from transferring an asset to APRA or ASIC othe..."
[parser-unknown-class] "Subitem", text="(4) A declaration under this item is not to be taken to be a legislative instrument for the purpo..."
[parser-unknown-class] "ItemHead", text="29  Transfer of liabilities"
[parser-unknown-class] "Subitem", text="(1) The Treasurer may, in writing, make any or all of the following declarations:"
[parser-unknown-class] "Subitem", text="(2) A declaration has effect accordingly."
[parser-unknown-class] "Subitem", text="(3) Subitem (1) does not prevent the Commonwealth from transferring a liability to APRA or ASIC o..."
[parser-unknown-class] "Subitem", text="(4) A declaration under this item is not to be taken to be a legislative instrument for the purpo..."
[parser-unknown-class] "ItemHead", text="30  References in instruments to Reserve Bank or ISC become references to APRA"
[parser-unknown-class] "Subitem", text="(1) APRA may, in writing, declare that a specified instrument that:"
[parser-unknown-class] "Subitem", text="(2) A declaration under subitem (1) has effect accordingly."
[parser-unknown-class] "Subitem", text="(3) In this item:"
[parser-unknown-class] "ItemHead", text="31  Transfer of records"
[parser-unknown-class] "Subitem", text="(1) The Treasurer may transfer to APRA, or to ASIC, records that relate to the functions of APRA ..."
[parser-unknown-class] "Subitem", text="(2) This item does not authorise a Commonwealth record to be transferred, or otherwise dealt with..."
[parser-unknown-class] "Subitem", text="(3) In this item:"
[parser-unknown-class] "ItemHead", text="32  Exemption from stamp duty and other taxes"
[parser-unknown-class] "ItemHead", text="33  Delegation"
[parser-unknown-class] "ActHead8", text="Division 4—Other general transitional provisions"
[parser-unknown-class] "ItemHead", text="34  Definitions"
[parser-unknown-class] "ItemHead", text="35  Instruments made and things done before the APRA commencement by the Commissioner under the I..."
[parser-unknown-class] "Subitem", text="(1) An instrument made or issued by the Commissioner under a provision of the Insurance Act, the ..."
[parser-unknown-class] "Subitem", text="(2) If an instrument was, when made, to have effect only for a limited period, it has effect only..."
[parser-unknown-class] "Subitem", text="(3) Anything done before the APRA commencement in relation to the Commissioner (for example, lodg..."
[parser-unknown-class] "Subitem", text="(4) A reference in this item to an instrument in force includes a reference to an instrument that..."
[parser-unknown-class] "ItemHead", text="36  Instruments made and things done before the APRA commencement by the Commissioner under Acts ..."
[parser-unknown-class] "Subitem", text="(1) An instrument made or issued by the Commissioner under a provision of:"
[parser-unknown-class] "Subitem", text="(2) If an instrument was, when made, to have effect only for a limited period, it has effect only..."
[parser-unknown-class] "Subitem", text="(3) Anything done before the APRA commencement in relation to the Commissioner (for example, lodg..."
[parser-unknown-class] "ItemHead", text="37  Proceedings etc. by or against the ISC"
[parser-unknown-class] "Subitem", text="(1) If, immediately before the APRA commencement, the Commissioner was a party to a legal proceed..."
[parser-unknown-class] "Subitem", text="(2) Subitem (1) does not limit a power of a court or tribunal to make orders or give directions a..."
[parser-unknown-class] "ItemHead", text="38  Continued operation of Part IX of the Insurance Act"
[parser-unknown-class] "Subitem", text="(1) Despite the repeal of Part IX of the Insurance Act, that Part, as in force immediately before..."
[parser-unknown-class] "Subitem", text="(2) The regulations may provide that Part IX of the Insurance Act, as it continues to apply under..."
[parser-unknown-class] "ItemHead", text="39  Modified operation of item 27 of Schedule 2 to the Insurance Laws Amendment Act 1998"
[parser-unknown-class] "ActHead7", text="Part 4—Transitional provisions relating to amendments of the Reserve Bank Act 1959"
[parser-unknown-class] "ItemHead", text="40  Interpretation"
[parser-unknown-class] "ItemHead", text="41  Effect of amendments reducing number of Deputy Governors"
[parser-unknown-class] "ItemHead", text="42  Continued effect of subsection 14(5)"
[parser-unknown-class] "ItemHead", text="43  Treatment of investigations under section 81"
[parser-unknown-class] "ActHead7", text="Part 5—Transitional provisions relating to the Payment Systems (Regulation) Act 1998"
[parser-unknown-class] "ItemHead", text="44  Certain corporations are taken to have been granted authorities under section 23"
[parser-unknown-class] "ActHead7", text="Part 6—Transitional provisions relating to levies"
[parser-unknown-class] "ItemHead", text="45  Regulations may deal with transitional matters arising out of changes to levy legislation"
[parser-unknown-class] "Subitem", text="(1) The regulations may deal with transitional matters arising out of:"
[parser-unknown-class] "Subitem", text="(2) Without limiting subitem (1), the regulations may provide for:"
[parser-unknown-class] "ActHead7", text="Part 7—Regulations dealing with transitional matters"
[parser-unknown-class] "ItemHead", text="46  Regulations may deal with other transitional matters"
[parser-unknown-class] "ItemHead", text="47  Power to make regulations"
[parser-diag] processed 4037 <p> elements
[parser-diag] last section was added at element index: 3789
[parser-diag] state phase at end: BODY
[parser-diag] hierarchy stack depth at end: 1
[parser-diag] insideSchedule at end: true
[parse] sections: 128
[parse] compilation: date=(none) no=(none)
[parse] by level:
         section      3
         schedule     20
         schedule_clause 74
         schedule_part 7
         division     17
         subdivision  5
         chapter      1
         part         1
[db] inserted new legislation row: c6cc1b07-11de-4ac1-9bba-17af4bcf0e86
[db] inserting 128 sections (pass 1)
[db] inserted 128 sections
[db] linking parent FKs (pass 2)
[db] linked 52 parent references

[done] ingested Financial Sector Reform (Amendments and Transitional Provisions) Act 1998
       legislation_id: c6cc1b07-11de-4ac1-9bba-17af4bcf0e86
       sections: 128
       compilation: 1999-12-05
