[fetch] document_1: https://www.legislation.gov.au/C2004A00564/2024-02-01/2024-02-01/text/original/epub/OEBPS/document_1/document_1.html
[fetch] document_1: 1,433,572 bytes
[fetch] document_2: https://www.legislation.gov.au/C2004A00564/2024-02-01/2024-02-01/text/original/epub/OEBPS/document_2/document_2.html
[fetch] document_2: 1,509,673 bytes
[fetch] document_3: https://www.legislation.gov.au/C2004A00564/2024-02-01/2024-02-01/text/original/epub/OEBPS/document_3/document_3.html
[fetch] document_3 not found — stopping. Fetched 2 document(s).
[fetch] combined 2 document(s), 2,943,245 source bytes → 2,939,840 combined bytes
[citation] Social Security (International Agreements) Act 1999 (Cth)
[parse] starting
[parser-diag] total <p> elements found: 12646
[parser-unknown-class] "Scheduleheading", text="PART A"
[parser-unknown-class] "BodyText", text=""
[parser-unknown-class] "BodyText", text="2. In the application of this Agreement by a Party, any term not defined in this Agreement shall,..."
[parser-unknown-class] "BodyText", text="1. Subject to paragraph 2, this Agreement shall apply to the following laws, as amended at the da..."
[parser-unknown-class] "BodyText", text="2. Notwithstanding the provisions of paragraph 1, and unless otherwise specified in this Agreemen..."
[parser-unknown-class] "BodyText", text="3. The competent authorities of the Parties shall advise each other of legislation that amends, s..."
[parser-unknown-class] "BodyText", text="1. The citizens of each of the Parties shall be treated equally in the application of the legisla..."
[parser-unknown-class] "BodyText", text="2. All persons to whom this Agreement applies shall be treated equally by the Parties in regard t..."
[parser-unknown-class] "BodyText", text="3. A Party shall not be required to apply paragraphs 1 and 2 of this Article to a person who is p..."
[parser-unknown-class] "BodyText", text="1. Subject to paragraph 2, where a person would be qualified for a benefit under the legislation ..."
[parser-unknown-class] "BodyText", text="that person, so long as he or she has been an Australian resident at some time, shall be deemed, ..."
[parser-unknown-class] "BodyText", text="2. The requirement for a person to have been an Australian resident at some time shall not apply ..."
[parser-unknown-class] "BodyText", text="then that period of credited contributions shall be deemed, only for the purposes of meeting any ..."
[parser-unknown-class] "BodyText", text="the total of the periods of credited contributions shall be deemed to be one continuous period."
[parser-unknown-class] "BodyText", text="3. For the purposes of this Article, where a period as an Australian resident and a period of cre..."
[parser-unknown-class] "BodyText", text="4. The minimum period of Australian working life residence to be taken into account for the purpo..."
[parser-unknown-class] "BodyText", text="5. For the purposes of paragraphs 1 and 2 and for the purpose of a claim by a woman for a pension..."
[parser-unknown-class] "BodyText", text="1. Subject to the provisions of this Article, where an Australian benefit, other than a double or..."
[parser-unknown-class] "BodyTextIndent", text=""
[parser-unknown-class] "BodyText", text="2. A person referred to in paragraph 1 shall be entitled to receive the concessional treatment of..."
[parser-unknown-class] "BodyText", text="3. Subject to the related provisions in this Article, where an Australian benefit, other than a d..."
[parser-unknown-class] "BodyText", text="4. For the purposes of this Article and for the application of the legislation of Australia, wher..."
[parser-unknown-class] "BodyText", text="1. Where a double orphan pension would be payable to a person under the legislation of Australia,..."
[parser-unknown-class] "BodyText", text="2. For the purposes of qualification for a spouse carer pension under this Agreement, a person wh..."
[parser-unknown-class] "BodyText", text="1. Subject to paragraph 3 of Article 8 and paragraph 2 of this Article, where a person receives o..."
[parser-unknown-class] "BodyText", text="then that period of Australian working life residence shall be deemed, for the purposes of meetin..."
[parser-unknown-class] "BodyText", text="3. For the purposes of voluntary insurance under the legislation of Italy, a period of credited c..."
[parser-unknown-class] "BodyText", text="4. For all purposes of this Article, where a period of credited contributions and a period of Aus..."
[parser-unknown-class] "BodyText", text="1. The amount of Italian benefit payable to a person through the application of Article 11 shall ..."
[parser-unknown-class] "BodyText", text="2. If the sum of the periods referred to in sub‑paragraph 1(b) exceeds the maximum period provide..."
[parser-unknown-class] "BodyText", text="3. The calculation of a rate in relation to a person in accordance with paragraph 1 shall take in..."
[parser-unknown-class] "BodyText", text="4. If a person resides in Italy and is entitled to benefits under the legislation of both Parties..."
[parser-unknown-class] "BodyText", text=""
[parser-unknown-class] "BodyText", text="at any time after the Agreement enters into force."
[parser-unknown-class] "BodyText", text="2. Where a claim for a benefit of a Party is lodged in the territory of the other Party or in a t..."
[parser-unknown-class] "BodyText", text="shall, subject to this Agreement, be taken into account in so far as those periods or those event..."
[parser-unknown-class] "BodyText", text="2. The start date for the payment of a benefit under this Agreement shall be determined by the le..."
[parser-unknown-class] "BodyText", text="that claim may be determined by the first‑mentioned Party as if the assumed benefit were in fact ..."
[parser-unknown-class] "BodyText", text="4. Where a claim for a benefit is determined in accordance with the preceding paragraph 3 and it ..."
[parser-unknown-class] "BodyText", text="1. Benefits of one Party are also payable in the territory of the other Party."
[parser-unknown-class] "BodyText", text="2. Where the legislation of a Party provides that a benefit is payable outside the territory of t..."
[parser-unknown-class] "BodyText", text="1. The competent authorities and institutions responsible for the application of this Agreement:"
[parser-unknown-class] "BodyText", text="2. The assistance referred to in paragraph 1 shall be provided free of charge, subject to any adm..."
[parser-unknown-class] "BodyText", text="3. Any information about a person transmitted under this Agreement to an institution shall be pro..."
[parser-unknown-class] "BodyText", text="4. In no case shall the provisions of paragraph 1 be construed so as to impose on the competent a..."
[parser-unknown-class] "BodyText", text="5. In the application of the Agreement, the competent authorities and the institutions of a Party..."
[parser-unknown-class] "BodyText", text="1. Any person affected by a determination, direction, decision or approval made or given by the c..."
[parser-unknown-class] "BodyText", text="2. An appeal and documents related to an appeal in accordance with paragraph 1, may be lodged in ..."
[parser-unknown-class] "BodyText", text="3. Subject to paragraph 4, the date on which appeals and related document are lodged in accordanc..."
[parser-unknown-class] "BodyText", text="4. In relation to Australia, the reference in this Article to an appeal document is a reference t..."
[parser-unknown-class] "BodyText", text="1. The Parties may agree at any time to review the whole or any part of this Agreement."
[parser-unknown-class] "BodyText", text="2. Subject to paragraph 1, the Parties shall consult regarding a review of this Agreement and its..."
[parser-unknown-class] "BodyText", text="3. Where a party amends, supplements or replaces its legislation, the Parties shall, if one Party..."
[parser-unknown-class] "BodyText", text="1. This Agreement shall be ratified by both Parties in accordance with their respective procedure..."
[parser-unknown-class] "BodyText", text="2. When this Agreement enters into force the Agreement between Australia and the Republic of Ital..."
[parser-unknown-class] "BodyText", text="3. Subject to paragraph 4, where, on the date on which this Agreement enters into force, a person:"
[parser-unknown-class] "BodyText", text="no provision of this Agreement shall affect that person’s qualification to receive that benefit."
[parser-unknown-class] "BodyText", text="4. Th rate of a benefit for which a person is qualified by virtue of paragraph 3 shall, subject t..."
[parser-unknown-class] "BodyText", text="then that cancelled pension shall be reinstated back to the date of cancellation or that applicat..."
[parser-unknown-class] "BodyText", text="1. Subject to paragraph 2, this Agreement shall remain in force until the expiration of 12 months..."
[parser-unknown-class] "BodyText", text="2. In the event this Agreement is terminated in accordance with paragraph 1, the Agreement shall ..."
[parser-unknown-class] "Scheduleheading", text="PART B"
[parser-unknown-class] "Schedulepara", text="EXCHANGE OF NOTES CONSTITUTING AN AGREEMENT, DONE AT CANBERRA ON 31 MAY 2000, AMENDING AND CLARIF..."
[parser-unknown-class] "BodyTextIndent", text="2. The definition in Article 1.1(h) of “Italian integration” shall be read so as to include also ..."
[parser-unknown-class] "BodyText", text="The Embassy of Italy has the honour to confirm that the foregoing is acceptable to the Government..."
[parser-unknown-class] "BodyText", text="Agreement on Social Security"
[parser-unknown-class] "BodyText", text="Between"
[parser-unknown-class] "BodyText", text="the Government of Australia"
[parser-unknown-class] "BodyText", text="and"
[parser-unknown-class] "BodyText", text="the Government of Malta"
[parser-unknown-class] "BodyTextIndent", text="PART I – GENERAL PROVISIONS"
[parser-unknown-class] "BodyTextIndent", text="ARTICLE 1"
[parser-unknown-class] "BodyText2", text="1. In this Agreement, unless the context otherwise requires:"
[parser-unknown-class] "BodyTextIndent2", text="2. In the application by a Party of this Agreement any term not defined in it shall, unless the c..."
[parser-unknown-class] "BodyTextIndent", text=""
[parser-unknown-class] "BodyTextIndent", text="ARTICLE 2"
[parser-unknown-class] "BodyTextIndent2", text="1. Subject to paragraph 2, this Agreement shall apply to the following laws, as amended at the da..."
[parser-unknown-class] "BodyTextIndent2", text="2. Notwithstanding the provisions of paragraph 1(a) this Agreement shall apply to women who are r..."
[parser-unknown-class] "BodyTextIndent", text=""
[parser-unknown-class] "BodyTextIndent2", text="3. Notwithstanding the provisions of paragraph 1 the legislation of either Party shall not includ..."
[parser-unknown-class] "BodyTextIndent2", text="4. This Agreement shall apply to laws which extend the legislation of either Party to new categor..."
[parser-unknown-class] "BodyTextIndent2", text="5. In respect of non‑contributory assistance and pensions payable under the legislation of Malta,..."
[parser-unknown-class] "BodyTextIndent", text="ARTICLE 3"
[parser-unknown-class] "BodyTextIndent", text="Personal Scope"
[parser-unknown-class] "BodyTextIndent", text="and, where applicable, to other persons in regard to the rights they derive from the person descr..."
[parser-unknown-class] "BodyTextIndent", text=""
[parser-unknown-class] "BodyTextIndent", text="ARTICLE 4"
[parser-unknown-class] "BodyTextIndent", text="Equality of Treatment"
[parser-unknown-class] "BodyTextIndent", text="Subject to this Agreement, all persons to whom this Agreement applies shall be treated equally by..."
[parser-unknown-class] "BodyTextIndent", text=""
[parser-unknown-class] "BodyTextIndent", text="PART II – PROVISIONS RELATING TO AUSTRALIAN BENEFITS"
[parser-unknown-class] "BodyTextIndent", text=""
[parser-unknown-class] "BodyTextIndent", text="ARTICLE 5"
[parser-unknown-class] "BodyTextIndent", text="Residence or Presence in Malta or a Third State"
[parser-unknown-class] "BodyTextIndent", text="Where a person would be qualified under the legislation of Australia or by virtue of this Agreeme..."
[parser-unknown-class] "BodyTextIndent", text="that person, so long as he or she has been an Australian resident at some time, shall be deemed, ..."
[parser-unknown-class] "BodyTextIndent", text=""
[parser-unknown-class] "BodyTextIndent", text="ARTICLE 6"
[parser-unknown-class] "BodyTextIndent", text="Partner Related Australian Benefits"
[parser-unknown-class] "BodyTextIndent", text="For the purposes of this Agreement, a person who receives an Australian wife pension due to the f..."
[parser-unknown-class] "BodyTextIndent", text=""
[parser-unknown-class] "BodyTextIndent", text="ARTICLE 7"
[parser-unknown-class] "BodyTextIndent", text="Totalisation for Australia"
[parser-unknown-class] "BodyTextIndent2", text="1. Where a person to whom this Agreement applies has claimed an Australian benefit under this Agr..."
[parser-unknown-class] "BodyTextIndent", text="then that period of insurance shall be deemed, to be a period in which that person was an Austral..."
[parser-unknown-class] "BodyTextIndent", text="‑ only if that Maltese period of insurance is considered by Malta to continue to be a Maltese per..."
[parser-unknown-class] "BodyTextIndent", text="‑  only for the purposes of meeting any minimum qualifying periods for that benefit set out in th..."
[parser-unknown-class] "BodyTextIndent", text=""
[parser-unknown-class] "BodyTextIndent2", text="2. For the purposes of paragraph 1, where a person:"
[parser-unknown-class] "BodyTextIndent", text="the total of the periods of insurance shall be deemed to be one continuous period."
[parser-unknown-class] "BodyTextIndent", text=""
[parser-unknown-class] "BodyTextIndent2", text="3. For all purposes of this Article, where a period by a person as an Australian resident and a p..."
[parser-unknown-class] "BodyTextIndent", text=""
[parser-unknown-class] "BodyTextIndent2", text="4. The minimum period of Australian working life residence which a person must have accumulated b..."
[parser-unknown-class] "BodyTextIndent", text=""
[parser-unknown-class] "BodyTextIndent2", text="5. For the purposes of a claim by a person for a pension payable to a widow, that person shall be..."
[parser-unknown-class] "BodyTextIndent", text=""
[parser-unknown-class] "BodyTextIndent2", text="6. Where a person receives in Malta a contributory pension in respect of retirement by virtue of ..."
[parser-unknown-class] "BodyTextIndent", text="ARTICLE 8"
[parser-unknown-class] "BodyTextIndent", text="Calculation of Australian Benefits"
[parser-unknown-class] "BodyTextIndent2", text="1. Subject to paragraph 2, where an Australian benefit is payable, whether by virtue of this Agre..."
[parser-unknown-class] "BodyTextIndent", text=""
[parser-unknown-class] "BodyTextIndent2", text="2. A person referred to in paragraph 1 shall only be entitled to receive the concessional assessm..."
[parser-unknown-class] "BodyTextIndent", text=""
[parser-unknown-class] "BodyTextIndent2", text="3. The provisions in paragraph 1 and 2 shall continue to apply for 26 weeks where a person comes ..."
[parser-unknown-class] "BodyTextIndent", text=""
[parser-unknown-class] "BodyTextIndent2", text="4. Where an Australian benefit is payable, whether by virtue of this Agreement or otherwise to a ..."
[parser-unknown-class] "BodyTextIndent", text=""
[parser-unknown-class] "BodyTextIndent2", text="5. Subject to paragraph 6, where an Australian benefit is payable only by virtue of this Agreemen..."
[parser-unknown-class] "BodyTextIndent", text=""
[parser-unknown-class] "BodyTextIndent2", text="6. Where a married person is, or both that person and his or her partner are, in receipt of a Mal..."
[parser-unknown-class] "BodyTextIndent", text=""
[parser-unknown-class] "BodyTextIndent2", text="7. The provisions in paragraph 5 shall continue to apply for 26 weeks where a person departs temp..."
[parser-unknown-class] "BodyTextIndent", text=""
[parser-unknown-class] "BodyTextIndent", text="PART III – PROVISIONS RELATING TO MALTESE BENEFITS"
[parser-unknown-class] "BodyTextIndent", text=""
[parser-unknown-class] "BodyTextIndent", text="ARTICLE 9"
[parser-unknown-class] "BodyTextIndent", text="Totalisation for Malta"
[parser-unknown-class] "BodyTextIndent2", text="1. Where this Agreement applies and there is a period of insurance that is:"
[parser-unknown-class] "BodyTextIndent", text="then any period of Australian working life residence by the contributor to whom that period of in..."
[parser-unknown-class] "BodyTextIndent", text=""
[parser-unknown-class] "BodyTextIndent2", text="2. For the purposes of this Article, where a period of insurance and a period of Australian worki..."
[parser-unknown-class] "BodyTextIndent", text=""
[parser-unknown-class] "BodyTextIndent2", text="3. The minimum period of insurance to be taken into consideration for purposes of paragraph 1 sha..."
[parser-unknown-class] "BodyTextIndent", text=""
[parser-unknown-class] "BodyTextIndent2", text="4. The provisions of this Article shall not apply in the case of a Two‑Thirds Pension (Retirement..."
[parser-unknown-class] "BodyTextIndent2", text=""
[parser-unknown-class] "BodyTextIndent2", text="5. For the purposes of a claim by a person for a contributory widow’s pension the contributor, pr..."
[parser-unknown-class] "BodyTextIndent", text=""
[parser-unknown-class] "BodyTextIndent", text="ARTICLE 10"
[parser-unknown-class] "BodyTextIndent", text="Calculation of Maltese Benefits"
[parser-unknown-class] "BodyTextIndent2", text="1. Where Malta pays non‑contributory assistance or pension by virtue of this Agreement, the rate ..."
[parser-unknown-class] "BodyTextIndent", text=""
[parser-unknown-class] "BodyTextIndent2", text="2. Where a contributory benefit is payable by Malta to a claimant by virtue of this Agreement the..."
[parser-unknown-class] "BodyTextIndent", text="(a) in the case of a pension in respect of retirement other than a Two‑Thirds Pension, by multipl..."
[parser-unknown-class] "BodyTextIndent", text="(b) in the case of a Two‑Thirds Pension, the rate of that pension shall be calculated according t..."
[parser-unknown-class] "BodyTextIndent", text=""
[parser-unknown-class] "BodyTextIndent", text=""
[parser-unknown-class] "BodyTextIndent", text="but that pension shall not be payable if the formula"
[parser-unknown-class] "BodyTextIndent", text=""
[parser-unknown-class] "BodyTextIndent", text=""
[parser-unknown-class] "BodyTextIndent", text="gives a result that is less than 15"
[parser-unknown-class] "BodyTextIndent", text=""
[parser-unknown-class] "BodyTextIndent", text="where:"
[parser-unknown-class] "BodyTextIndent", text=""
[parser-unknown-class] "BodyTextIndent", text="P.I. = the claimant’s pensionable income or re‑assessed pensionable income (as the case may be) a..."
[parser-unknown-class] "BodyTextIndent", text=""
[parser-unknown-class] "BodyTextIndent", text="C1 = the number of reckonable contributions (not exceeding 1000) during any period prior to the l..."
[parser-unknown-class] "BodyTextIndent", text=""
[parser-unknown-class] "BodyTextIndent", text="C2 = the number of reckonable contributions (not exceeding 500) within the last 10 calendar years..."
[parser-unknown-class] "BodyTextIndent", text=""
[parser-unknown-class] "BodyTextIndent", text="T1 = the number of totalised contributions (not exceeding 1000) aggregated under Article 9 during..."
[parser-unknown-class] "BodyTextIndent", text=""
[parser-unknown-class] "BodyTextIndent", text="T2 = the number of totalised contributions (not exceeding 500) aggregated under Article 9 within ..."
[parser-unknown-class] "BodyTextIndent", text=""
[parser-unknown-class] "BodyTextIndent", text="Y =  the number of reckonable years (not exceeding 20) prior to the last 10 calendar years immedi..."
[parser-unknown-class] "BodyTextIndent", text=""
[parser-unknown-class] "BodyTextIndent2", text="3. Any statutory pension additional rates that are applicable to certain benefits covered by this..."
[parser-unknown-class] "BodyTextIndent2", text=""
[parser-unknown-class] "BodyTextIndent2", text="4. Where Malta pays a Maltese benefit to a person only by virtue of the Agreement it shall deduct..."
[parser-unknown-class] "BodyTextIndent", text=""
[parser-unknown-class] "BodyTextIndent2", text="5. Any pension arrived at in accordance with paragraphs 2, 3 and 4 shall be rounded up to the nea..."
[parser-unknown-class] "BodyTextIndent", text=""
[parser-unknown-class] "BodyTextIndent2", text="6. In this Article ‘reckonable contribution’ and ‘reckonable year’ shall have the meanings given ..."
[parser-unknown-class] "BodyTextIndent", text=""
[parser-unknown-class] "BodyTextIndent", text="PART IV – MISCELLANEOUS AND ADMINISTRATIVE PROVISIONS"
[parser-unknown-class] "BodyTextIndent", text=""
[parser-unknown-class] "BodyTextIndent", text="ARTICLE 11"
[parser-unknown-class] "BodyTextIndent", text=""
[parser-unknown-class] "BodyTextIndent", text="Lodgement of Documents"
[parser-unknown-class] "BodyTextIndent2", text="1. A claim, notice or appeal concerning a benefit, whether payable by virtue of this Agreement or..."
[parser-unknown-class] "BodyTextIndent", text=""
[parser-unknown-class] "BodyTextIndent2", text="2. For the purpose of determining the right to a benefit, the date on which a claim, notice or ap..."
[parser-unknown-class] "BodyTextIndent", text=""
[parser-unknown-class] "BodyTextIndent2", text="3. In relation to Australia, the reference in paragraph 2 to an appeal document is a reference to..."
[parser-unknown-class] "BodyTextIndent", text=""
[parser-unknown-class] "BodyTextIndent2", text="4. In relation to Malta, the reference in paragraph 2 to an appeal document is a reference to a d..."
[parser-unknown-class] "BodyTextIndent", text=""
[parser-unknown-class] "BodyTextIndent", text="ARTICLE 12"
[parser-unknown-class] "BodyTextIndent", text="Determination of Claims"
[parser-unknown-class] "BodyTextIndent2", text="1. In determining the eligibility or entitlement of a person to a benefit by virtue of this Agree..."
[parser-unknown-class] "BodyTextIndent", text="shall, subject to this Agreement, be taken into account in so far as those periods or those event..."
[parser-unknown-class] "BodyTextIndent", text=""
[parser-unknown-class] "BodyTextIndent2", text="2. The commencement date for payment of a benefit payable by virtue of this Agreement shall be de..."
[parser-unknown-class] "BodyTextIndent", text=""
[parser-unknown-class] "BodyTextIndent2", text="3. Where:"
[parser-unknown-class] "BodyTextIndent", text="then"
[parser-unknown-class] "BodyTextIndent", text=""
[parser-unknown-class] "BodyTextIndent2", text="4. Where the first Party has not yet paid the arrears of benefit described in subparagraph 3(a) t..."
[parser-unknown-class] "BodyTextIndent", text=""
[parser-unknown-class] "BodyTextIndent2", text="5. The Competent Institution receiving a request under paragraph 4 shall take the action set out ..."
[parser-unknown-class] "BodyTextIndent", text=""
[parser-unknown-class] "BodyTextIndent2", text="6. A reference in paragraph 3 and 4 to a benefit, in relation to Australia, means a pension, bene..."
[parser-unknown-class] "BodyTextIndent", text=""
[parser-unknown-class] "BodyTextIndent", text="ARTICLE 13"
[parser-unknown-class] "BodyTextIndent", text="Payment of Benefits"
[parser-unknown-class] "BodyTextIndent2", text="1. Subject to paragraphs 3 and 4, the benefits payable under the legislation of a Party or by vir..."
[parser-unknown-class] "BodyTextIndent", text=""
[parser-unknown-class] "BodyTextIndent2", text="2. Where the legislation of a Party provides that a benefit is payable outside the territory of t..."
[parser-unknown-class] "BodyTextIndent", text=""
[parser-unknown-class] "BodyTextIndent2", text="3. Notwithstanding any provision of this Agreement, non‑contributory assistance and pension speci..."
[parser-unknown-class] "BodyTextIndent", text=""
[parser-unknown-class] "BodyTextIndent2", text="4. In relation to Australia, any additional amount, increase or supplement that is payable in add..."
[parser-unknown-class] "BodyTextIndent", text=""
[parser-unknown-class] "BodyTextIndent2", text="5. If a Party imposes legal or administrative restrictions on the transfer of its currency abroad..."
[parser-unknown-class] "BodyTextIndent", text=""
[parser-unknown-class] "BodyTextIndent2", text="6. A party that imposes restrictions described in paragraph 5 shall inform the other Party of tho..."
[parser-unknown-class] "BodyTextIndent", text=""
[parser-unknown-class] "BodyTextIndent2", text="7. A benefit payable by a Party by virtue of this Agreement to a person outside the territory of ..."
[parser-unknown-class] "BodyTextIndent", text=""
[parser-unknown-class] "BodyTextIndent2", text="8. The payment outside Australia of an Australian benefit that is payable by virtue of this Agree..."
[parser-unknown-class] "BodyTextIndent", text=""
[parser-unknown-class] "BodyTextIndent", text="ARTICLE 14"
[parser-unknown-class] "BodyTextIndent", text="Exchange of Information and Mutual Assistance"
[parser-unknown-class] "BodyTextIndent2", text="1. The Competent Authorities and Competent Institutions responsible for the application of this A..."
[parser-unknown-class] "BodyTextIndent", text=""
[parser-unknown-class] "BodyTextIndent2", text="2. The assistance referred to in paragraph 1 shall be provided free of charge, subject to any Adm..."
[parser-unknown-class] "BodyTextIndent", text=""
[parser-unknown-class] "BodyTextIndent2", text="3. Unless disclosure is required under the laws of a Party, any information about an individual w..."
[parser-unknown-class] "BodyTextIndent", text=""
[parser-unknown-class] "BodyTextIndent2", text="4. In no case shall the provisions of paragraphs 1 and 3 be construed so as to impose on the Comp..."
[parser-unknown-class] "BodyTextIndent", text=""
[parser-unknown-class] "BodyTextIndent2", text="5. In the application of this Agreement, the Competent Authority and the Competent Institution of..."
[parser-unknown-class] "BodyTextIndent", text=""
[parser-unknown-class] "BodyTextIndent", text="ARTICLE 15"
[parser-unknown-class] "BodyTextIndent", text="Administrative Arrangement"
[parser-unknown-class] "BodyTextIndent", text="The Competent Authorities of the Parties shall make whatever Administrative Arrangement is necess..."
[parser-unknown-class] "BodyTextIndent", text=""
[parser-unknown-class] "BodyTextIndent", text="ARTICLE 16"
[parser-unknown-class] "BodyTextIndent", text="Resolution of Difficulties"
[parser-unknown-class] "BodyTextIndent2", text="1. The Competent Authorities of the Parties shall resolve, to the extent possible, any difficulti..."
[parser-unknown-class] "BodyTextIndent", text=""
[parser-unknown-class] "BodyTextIndent2", text="2. The Parties shall consult promptly at the request of either Party concerning matters which hav..."
[parser-unknown-class] "BodyTextIndent", text=""
[parser-unknown-class] "BodyTextIndent2", text="3. Any dispute between the Parties concerning the interpretation of this Agreement which has not ..."
[parser-unknown-class] "BodyTextIndent", text=""
[parser-unknown-class] "BodyTextIndent2", text="4. Unless the Parties mutually determine otherwise, the arbitral tribunal shall consist of three ..."
[parser-unknown-class] "BodyTextIndent", text=""
[parser-unknown-class] "BodyTextIndent2", text="5. The arbitrators shall determine their own procedures."
[parser-unknown-class] "BodyTextIndent", text=""
[parser-unknown-class] "BodyTextIndent2", text="6. The decision of the arbitrators shall be final and binding."
[parser-unknown-class] "BodyTextIndent", text=""
[parser-unknown-class] "BodyTextIndent2", text="7. Unless the Parties otherwise agree, the place of arbitration shall be in the territory of the ..."
[parser-unknown-class] "BodyTextIndent", text=""
[parser-unknown-class] "BodyTextIndent", text="ARTICLE 17"
[parser-unknown-class] "BodyTextIndent", text="Review of Agreement"
[parser-unknown-class] "BodyTextIndent", text="Where a Party requests the other to meet to review this Agreement, the Parties shall meet for tha..."
[parser-unknown-class] "BodyTextIndent", text=""
[parser-unknown-class] "BodyTextIndent", text="PART V – TRANSITIONAL AND FINAL PROVISIONS"
[parser-unknown-class] "BodyTextIndent", text=""
[parser-unknown-class] "BodyTextIndent", text="ARTICLE 18"
[parser-unknown-class] "BodyTextIndent", text="Transitional Provisions"
[parser-unknown-class] "BodyTextIndent2", text="1. Subject to this Agreement, when this Agreement comes into force, the previous agreement shall ..."
[parser-unknown-class] "BodyTextIndent", text=""
[parser-unknown-class] "BodyTextIndent2", text="2. Where, on the date on which this Agreement enters into force, a person:"
[parser-unknown-class] "BodyTextIndent", text="no provision of this Agreement shall affect that person’s qualification to receive that benefit."
[parser-unknown-class] "BodyTextIndent", text=""
[parser-unknown-class] "BodyTextIndent", text="ARTICLE 19"
[parser-unknown-class] "BodyTextIndent", text="Entry into Force"
[parser-unknown-class] "BodyTextIndent", text="This Agreement shall enter into force on the first day of the month after the exchange of notes b..."
[parser-unknown-class] "BodyTextIndent", text=""
[parser-unknown-class] "BodyTextIndent", text="ARTICLE 20"
[parser-unknown-class] "BodyTextIndent", text="Termination"
[parser-unknown-class] "BodyTextIndent2", text="1. Subject to paragraph 2, this Agreement shall remain in force until the expiration of 12 months..."
[parser-unknown-class] "BodyTextIndent", text=""
[parser-unknown-class] "BodyTextIndent2", text="2. In the event of termination, this Agreement shall continue to have effect in relation to all p..."
[parser-unknown-class] "BodyTextIndent", text=""
[parser-unknown-class] "BodyTextIndent", text=""
[parser-unknown-class] "BodyTextIndent", text="IN WITNESS WHEREOF, the undersigned, being duly authorised thereto by their respective Government..."
[parser-unknown-class] "BodyTextIndent", text=""
[parser-unknown-class] "BodyTextIndent", text="DONE in 2 copies at Malta this 16th day of June TWO THOUSAND AND FOUR in the English language."
[parser-unknown-class] "BodyTextIndent", text=""
[parser-unknown-class] "BodyTextIndent", text=""
[parser-unknown-class] "BodyTextIndent", text="His Excellency Mr R Palk Mr Joseph Ebejer"
[parser-unknown-class] "BodyTextIndent", text=""
[parser-unknown-class] "BodyTextIndent", text="FOR THE GOVERNMENT OF FOR THE AUSTRALIA:              GOVERNMENT OF               MALTA:"
[parser-unknown-class] "BodyTextIndent", text="[Signatures omitted]"
[parser-unknown-class] "BodyText", text=""
[parser-unknown-class] "BodyText", text="The Government of Australia and the Government of the Kingdom of the Netherlands,"
[parser-unknown-class] "BodyText", text="Wishing to strengthen the existing friendly relations between their two countries,"
[parser-unknown-class] "BodyText", text="Resolved to continue the cooperation in the field of social security, and"
[parser-unknown-class] "BodyText", text="Wishing to extend and modify the Agreement between Australia and the Kingdom of the Netherlands o..."
[parser-unknown-class] "BodyText", text="Have agreed as follows:"
[parser-unknown-class] "BodyText", text=""
[parser-unknown-class] "Style1", text="1. In this Agreement, unless the context otherwise requires:"
[parser-unknown-class] "BodyText", text="“benefit” means in relation to a Party, a benefit, pension or allowance for which provision is ma..."
[parser-unknown-class] "BodyText", text="“Competent Authority” means, in relation to Australia: the Secretary to the Commonwealth Departme..."
[parser-unknown-class] "BodyText", text="“Competent Institution” means, in relation to Australia: the institution which has the task of im..."
[parser-unknown-class] "BodyText", text="“legislation” means, in relation to Australia, the laws specified in subparagraph 1(a)(i) of Arti..."
[parser-unknown-class] "BodyText", text="“period of insurance” means a period defined as such in the legislation of the Netherlands;"
[parser-unknown-class] "BodyText", text="“period of Australian working life residence”, in relation to a person, means a period defined as..."
[parser-unknown-class] "BodyText", text="“territory”, means, in relation to Australia, the Commonwealth of Australia, the Territory of Coc..."
[parser-unknown-class] "BodyText", text="“widowed person”, means in relation to Australia, a de jure widow or widower but does not include..."
[parser-unknown-class] "Style1", text="2. In the application by a Party of this Agreement in relation to a person, any term not defined ..."
[parser-unknown-class] "Style1", text=""
[parser-unknown-class] "Style1", text="1. Subject to paragraph 2, this Agreement shall apply to the following laws, as amended at the da..."
[parser-unknown-class] "Style2", text="a) in relation to Australia:"
[parser-unknown-class] "Style3", text="i) the Acts forming the social security law, in so far as the law provides for, applies to or aff..."
[parser-unknown-class] "Style4", text="A) age pensions;"
[parser-unknown-class] "Style4", text="B) disability support pension for a person who is severely disabled; and"
[parser-unknown-class] "Style3", text="ii) the law concerning the superannuation guarantee (which at the time of signature of this Agree..."
[parser-unknown-class] "Style2", text="b) in relation to the Netherlands, its legislation on:"
[parser-unknown-class] "Style3", text="i) general old age insurance;"
[parser-unknown-class] "Style3", text="ii) invalidity insurance for employees and the self‑employed;"
[parser-unknown-class] "Style3", text="iii) general survivors’ insurance;"
[parser-unknown-class] "Style3", text="iv) children’s allowances;"
[parser-unknown-class] "Style3", text="v) sickness insurance (including employers’ liability for payment during sickness);"
[parser-unknown-class] "Style2", text="and for the application of Part II of the Agreement also its legislation on:"
[parser-unknown-class] "Style3", text="vi) unemployment insurance;"
[parser-unknown-class] "Style1", text="2. Notwithstanding the provisions of subparagraph 1(a), this Agreement shall continue to apply to..."
[parser-unknown-class] "Style1", text="3. Notwithstanding the provisions of subparagraph 1(a), the term “benefit” shall include Australi..."
[parser-unknown-class] "Style1", text="4. Notwithstanding the provisions of subparagraph 1(a) of this Article, the term “benefit” shall,..."
[parser-unknown-class] "Style1", text="5. Notwithstanding the provisions of subparagraph 1(a) the legislation of Australia shall not inc..."
[parser-unknown-class] "Style1", text="6. This Agreement shall apply to laws that extend the legislation of either Party to new categori..."
[parser-unknown-class] "Style1", text="7. Except as otherwise provided in this Agreement, this Agreement shall not apply to social and m..."
[parser-unknown-class] "Style1", text="8. This Agreement shall not affect the provisions of the Vienna Convention on Diplomatic relation..."
[parser-unknown-class] "BodyText", text=""
[parser-unknown-class] "Style1", text="Subject to other Articles of this Agreement, it shall apply to any person who:"
[parser-unknown-class] "Style1", text="a) is or has been an Australian resident, or"
[parser-unknown-class] "Style5", text="b) is or has been subject to the legislation of the Netherlands,and, where applicable, to other p..."
[parser-unknown-class] "Style1", text="1. The citizens of each of the Parties shall be treated equally in the application of the legisla..."
[parser-unknown-class] "Style1", text="2. Subject to this Agreement and unless otherwise provided, all persons to whom this Agreement ap..."
[parser-unknown-class] "Style1", text="1 Benefits payable whether under this Agreement or otherwise shall not be reduced, modified, susp..."
[parser-unknown-class] "Style1", text="2. Where continuing qualification or payability of a benefit is subject to limitations as to time..."
[parser-unknown-class] "Style1", text="3. Where continuing qualification or payability of a benefit is subject to a requirement to be, f..."
[parser-unknown-class] "Style1", text="4. Where a double orphan pension would be payable to a person under the legislation of Australia ..."
[parser-unknown-class] "BodyText", text=""
[parser-unknown-class] "BodyText", text="The purpose of Section A is to ensure that employers and employees who are subject to the legisla..."
[parser-unknown-class] "BodyText", text="Section A only applies where:"
[parser-unknown-class] "Style1", text="a) without the application of Section A an employee and/or the employer of the employee would oth..."
[parser-unknown-class] "Style1", text="b) without the application of paragraphs 2, 3, 5 or 6 of Article 8 an employee from the Netherlan..."
[parser-unknown-class] "Style1", text="1. Unless otherwise provided in paragraphs 2, 3 or 4, if an employee works in the territory of on..."
[parser-unknown-class] "Style1", text="2. If an employee:"
[parser-unknown-class] "Style2", text="a) is covered by the legislation of one Party (‘the first Party’); and"
[parser-unknown-class] "Style2", text="b) was sent, whether before, on or after the commencement of this Part, by the Government of the ..."
[parser-unknown-class] "Style2", text="c) is working in the territory of the second Party in the employment of the Government of the fir..."
[parser-unknown-class] "Style2", text="d) is not working permanently in the territory of the second Party;"
[parser-unknown-class] "BodyTextIndent2", text="the employer and employee shall be subject only to the legislation of the first Party in respect ..."
[parser-unknown-class] "Style1", text="3. If an employee:"
[parser-unknown-class] "Style2", text="a) is covered by the legislation of one Party (‘the first Party’); and"
[parser-unknown-class] "Style2", text="b) was sent, whether before, on or after the commencement of this Part, by an employer who is sub..."
[parser-unknown-class] "Style2", text="c) is working in the territory of the second Party in the employment of the employer or a related..."
[parser-unknown-class] "Style2", text="d) was sent to work in the territory of the second Party and a period of 5 years has not elapsed ..."
[parser-unknown-class] "Style2", text="e) is not working permanently in the territory of the second Party;"
[parser-unknown-class] "BodyTextIndent3", text="the employer and employee shall be subject only to the legislation of the first Party in respect ..."
[parser-unknown-class] "Style1", text="4. If an employee is working in the employment of an employer on a ship or aircraft in internatio..."
[parser-unknown-class] "Style1", text="5. For the purposes of the Netherlands’ legislation, a person who is subject to the Netherlands’ ..."
[parser-unknown-class] "Style1", text="6. According to the provisions of this Article the Netherlands’ legislation shall be applicable i..."
[parser-unknown-class] "BodyTextIndent2", text="1. The competent authority for Australia and the competent institution for the Netherlands may fo..."
[parser-unknown-class] "Style2", text="a) extend the period of 5 years referred to in subparagraph 3(d) of Article 8 for any employee; or"
[parser-unknown-class] "Style2", text="b) agree that an employee is taken to work in the territory of a particular Party or to work on a..."
[parser-unknown-class] "Style1", text="2. Any agreement made under paragraph 1 may apply to:"
[parser-unknown-class] "Style2", text="a) a class of employees; and/or"
[parser-unknown-class] "Style2", text="b) particular work or particular type of work (including work that has not occurred at the time t..."
[parser-unknown-class] "Style1", text="1. The partner or child who accompanies to Australia, an employee to whom Article 8 paragraph 2 o..."
[parser-unknown-class] "Style1", text="2. The partner or child who accompanies to the Netherlands an employee to whom Article 8 paragrap..."
[parser-unknown-class] "BodyTextIndent2", text="Where a person would be qualified under the legislation of Australia or by virtue of this Agreeme..."
[parser-unknown-class] "Style1", text="a) is an Australian resident or residing in the Netherlands or a third State with which Australia..."
[parser-unknown-class] "Style1", text="b) is in Australia or the Netherlands or that third State,"
[parser-unknown-class] "Style5", text="that person shall be deemed, for the purposes of lodging that claim, to be an Australian resident..."
[parser-unknown-class] "Style5", text="ARTICLE 13Partner related Australian benefits"
[parser-unknown-class] "BodyText2", text="A person who receives from Australia an Australian wife pension under the social security laws of..."
[parser-unknown-class] "Style1", text="1. Where a person to whom this Agreement applies has claimed an Australian benefit under this Agr..."
[parser-unknown-class] "Style2", text="a) a period as an Australian resident that is less than the period required to qualify him or her..."
[parser-unknown-class] "Style2", text="b) a period of Australian working life residence equal to or greater than the period identified i..."
[parser-unknown-class] "Style2", text="c) has accumulated a period of insurance;"
[parser-unknown-class] "Style1", text="then, for the purposes of a claim for that Australian benefit, that period of insurance shall be ..."
[parser-unknown-class] "Style1", text="2. For the purpose of paragraph 1, where a person:"
[parser-unknown-class] "Style2", text="a) has been an Australian resident for a continuous period which is less than the minimum continu..."
[parser-unknown-class] "Style2", text="b) has accumulated a period of insurance in two or more separate periods that equals or exceeds i..."
[parser-unknown-class] "Style1", text="3. For all purposes of this Article, where a period by a person as an Australian resident and a p..."
[parser-unknown-class] "Style1", text="4. The minimum period of Australian working life residence to be taken into account for the purpo..."
[parser-unknown-class] "Style2", text="a) for the purposes of an Australian benefit claimed by a person residing outside Australia, the ..."
[parser-unknown-class] "Style2", text="b) for the purposes of an Australian benefit claimed by an Australian resident there shall be no ..."
[parser-unknown-class] "BodyTextIndent2", text=""
[parser-unknown-class] "BodyTextIndent2", text="ARTICLE 15"
[parser-unknown-class] "Style1", text="1. Subject to paragraph 2, where a person who is outside Australia is qualified for an Australian..."
[parser-unknown-class] "Style1", text="2. When assessing the income of a person who is outside Australia for the purposes of calculating..."
[parser-unknown-class] "Style2", text="a) any payment according to the Algemene Bijstandswet to that person under the legislation of the..."
[parser-unknown-class] "Style2", text="b) any payment of AOW‑toeslag shall be disregarded; and"
[parser-unknown-class] "Style2", text="c) if a proportionalised rate of Australian benefit is payable under the legislation of Australia..."
[parser-unknown-class] "BodyTextIndent2", text=""
[parser-unknown-class] "Style1", text="3. The provisions in paragraphs 1 and 2 shall continue to apply for 26 weeks where a person comes..."
[parser-unknown-class] "Style1", text="4. Subject to the provisions in paragraphs 5 and 6, where a person who is in Australia is qualifi..."
[parser-unknown-class] "Style2", text="a) calculating that person’s income according to the legislation of Australia but disregarding in..."
[parser-unknown-class] "Style2", text="b) deducting the amount of the Netherlands’ benefit received by that person from the maximum rate..."
[parser-unknown-class] "Style2", text="c) applying to the remaining benefit obtained under subparagraph (b) the relevant rate calculatio..."
[parser-unknown-class] "Style1", text="5. The provisions in paragraph 4 shall continue to apply for 26 weeks where a person departs temp..."
[parser-unknown-class] "Style1", text="6. Where a person is, or his or her partner is, or both that person and his or her partner are, i..."
[parser-unknown-class] "Style1", text="1. Where a person receives or is entitled to receive a benefit under the social security laws of ..."
[parser-unknown-class] "Style2", text="a) reimbursement payments for extra medical, nursing and immediately related expenses of a victim..."
[parser-unknown-class] "Style2", text="b) the special allowance covering the extra medical expenses a victim of persecution has, but whi..."
[parser-unknown-class] "Style2", text="made under the State Assistance Scheme of the1940‑1945 Victims of Persecution (WUV), shall not be..."
[parser-unknown-class] "Style1", text="2. For the purposes of this Article only, the term benefit shall include all social security paym..."
[parser-unknown-class] "Style1", text="1. The Netherlands’ Competent Institution shall determine the old age pension directly and exclus..."
[parser-unknown-class] "Style1", text="2. Subject to paragraph 3, periods before January 1, 1957 during which a national of one Party af..."
[parser-unknown-class] "Style1", text="3. The periods referred to in paragraph 2 shall be taken into consideration in the calculation of..."
[parser-unknown-class] "Style1", text="1. A person eligible for a benefit according to subparagraph 1(a)(i)(B) of Article 2 and who was ..."
[parser-unknown-class] "Style1", text="2. The benefit shall be determined:"
[parser-unknown-class] "Style2", text="a) according to the Netherlands’ Disability Act (WAO) in any case where the person was employed, ..."
[parser-unknown-class] "Style2", text="b) according to the Netherlands’ self‑employed persons Disability Benefits Act (WAZ) in any case ..."
[parser-unknown-class] "Style1", text="3. The benefit established according to this Article shall be multiplied by a factor, of which th..."
[parser-unknown-class] "BodyTextIndent2", text="The Competent Institution of the Netherlands may refuse to pay, may suspend or may withdraw a ben..."
[parser-unknown-class] "Style1", text="1. Where a Party (the first Party) makes a payment under this Agreement or under its social secur..."
[parser-unknown-class] "Style1", text="2. For the purposes of this Article, the Netherlands’ invalidity benefits under WAO and WAZ shall..."
[parser-unknown-class] "Style1", text="3. The principles set out in paragraphs 1 and 2 will continue to apply when a beneficiary moves t..."
[parser-unknown-class] "Style1", text="4. Where a person residing in a third country lodges a valid claim for a benefit, the principles ..."
[parser-unknown-class] "Style1", text=""
[parser-unknown-class] "Style1", text="1. Any claim, notice or appeal concerning the determination or payment of a benefit under the leg..."
[parser-unknown-class] "Style1", text="2. A claim for a benefit under the legislation of one Party shall be deemed to be a claim for the..."
[parser-unknown-class] "Style2", text="a) requests that it be considered an application under the legislation of the other Party, or"
[parser-unknown-class] "Style2", text="b) provides information at the time of application indicating that periods of residence or period..."
[parser-unknown-class] "Style1", text="3. In any case to which paragraph 1 or 2 applies, the Competent Authority, Competent Institution ..."
[parser-unknown-class] "Style1", text="4. The reference in paragraph 1 to an appeal document is a reference to a document concerning an ..."
[parser-unknown-class] "Style1", text="1. Where"
[parser-unknown-class] "Style2", text="a) a benefit under this Agreement is claimed from, or is being paid by, one of the Parties; and"
[parser-unknown-class] "Style2", text="b) there are reasonable grounds for believing that the claimant may also be entitled, whether by ..."
[parser-unknown-class] "Style1", text="that first‑mentioned benefit shall not be paid or continue to be paid if a claim is not duly lodg..."
[parser-unknown-class] "Style1", text="2. Where:"
[parser-unknown-class] "Style2", text="a) a benefit under this Agreement or otherwise is claimed from one of the Parties and, as a resul..."
[parser-unknown-class] "Style2", text="b) for all or part of that period, the other Party has paid to that person a benefit under its le..."
[parser-unknown-class] "Style2", text="c) the amount of the benefit paid by that other Party would have been reduced had the benefit ref..."
[parser-unknown-class] "Style1", text="then the amount that would not have been paid by the other Party had the benefit described in sub..."
[parser-unknown-class] "Style1", text="3. A Competent Institution which has made an overpayment of a benefit to a beneficiary may reques..."
[parser-unknown-class] "Style1", text="4. Where a Competent Institution of a Party is unable to recover pursuant to paragraph 3 all the ..."
[parser-unknown-class] "Style1", text="5. The amount of any overpayment shall be a debt due by the person who received it to the Party t..."
[parser-unknown-class] "Style1", text="6. A Party may determine that the amount, or any part, of the debt owing to it under paragraph 4 ..."
[parser-unknown-class] "Style1", text="7. The Competent Institution receiving a request under paragraph 3 shall take the action agreed u..."
[parser-unknown-class] "Style1", text="1. If a Party imposes legal or administrative restrictions on the transfer of its currency abroad..."
[parser-unknown-class] "Style1", text="2. A benefit payable by a Party by virtue of this Agreement shall be paid by that Party, whether ..."
[parser-unknown-class] "Style1", text="3. The payment outside Australia of an Australian benefit that is payable by virtue of this Agree..."
[parser-unknown-class] "Style1", text="4. Any exemption granted in the territory of one of the Parties from stamp duty, notarial or regi..."
[parser-unknown-class] "Style1", text="5. Where a person is in receipt of a benefit or benefits under this Agreement and is in a third c..."
[parser-unknown-class] "Style1", text="1. The Competent Authorities and Competent Institutions responsible for the application of this A..."
[parser-unknown-class] "Style2", text="a) to the extent permitted by the legislation which they administer, communicate to each other an..."
[parser-unknown-class] "Style2", text="b) lend their good offices and furnish assistance to one another (including the communication to ..."
[parser-unknown-class] "Style2", text="c) communicate to each other, as soon as possible, all information about the measures taken by th..."
[parser-unknown-class] "Style2", text="d) at the request of one to the other, assist each other in relation to the implementation of agr..."
[parser-unknown-class] "Style2", text="e) jointly endeavour to resolve any difficulties or doubts arising as to the application of this ..."
[parser-unknown-class] "Style1", text="2. The assistance referred to in paragraph 1 shall be provided free of charge, subject to any arr..."
[parser-unknown-class] "Style1", text="3. Unless disclosure is required under the laws of a Party, any information about an individual w..."
[parser-unknown-class] "Style1", text="4. In no case shall the provisions of paragraphs 1 and 3 be construed so as to impose on the Comp..."
[parser-unknown-class] "Style2", text="a) to carry out administrative measures at variance with the laws or the administrative practice ..."
[parser-unknown-class] "Style2", text="b) to supply particulars which are not obtainable under the laws or, in the normal course of the ..."
[parser-unknown-class] "Style1", text="5. Notwithstanding any laws or administrative practices of a Party, no information concerning a p..."
[parser-unknown-class] "Style1", text="6. In the application of this Agreement, the Competent Authority and the Competent Institutions o..."
[parser-unknown-class] "Style1", text="1. The Competent Authorities of the Parties shall establish, by means of an Administrative Arrang..."
[parser-unknown-class] "Style1", text="2. Liaison agencies shall be designated to facilitate the implementation of this Agreement."
[parser-unknown-class] "Style5", text="Where a Party requests the other to meet to review this Agreement, the Parties shall meet for tha..."
[parser-unknown-class] "Style1", text="1. The commencement date for payment of a benefit under this Agreement shall be determined in acc..."
[parser-unknown-class] "Style1", text="2. In determining the eligibility or entitlement of a person to a benefit by virtue of this Agree..."
[parser-unknown-class] "Style2", text="a) a period as an Australian resident and a period of insurance, and"
[parser-unknown-class] "Style2", text="b) any event or fact which is relevant to that entitlement,"
[parser-unknown-class] "Style1", text="shall, subject to this Agreement, be taken into account insofar as those periods or those events ..."
[parser-unknown-class] "Style1", text="3. Subject to Article 28 no provision of this Agreement shall confer any right to receive payment..."
[parser-unknown-class] "Style1", text="4. Subject to Article 28 and to paragraph 3, a person may be qualified to receive a benefit, othe..."
[parser-unknown-class] "Style1", text="1. Upon the entry into force of this Agreement the 1991 Agreement shall terminate and shall be re..."
[parser-unknown-class] "Style1", text="2. Any right to benefit acquired in accordance with the 1991 Agreement shall be maintained.  For ..."
[parser-unknown-class] "Style1", text="3. Any rights in course of acquisition under the 1991 Agreement at the date of entry into force o..."
[parser-unknown-class] "Style1", text="4. Where, from the date of entry into force of this Agreement, any claim to benefit has not been ..."
[parser-unknown-class] "Style1", text="5. Benefits, other than lump sum payments, shall be payable in accordance with this Agreement in ..."
[parser-unknown-class] "Style1", text="6. Paragraph 5 shall not confer any right to receive payment of benefit for any period before the..."
[parser-unknown-class] "Style1", text="7. For the purpose of applying the first sentence of paragraph 5:"
[parser-unknown-class] "Style2", text="a) any right to benefit acquired by a national in accordance with the 1991 Agreement may, at the ..."
[parser-unknown-class] "Style2", text="b) where the request for the benefit to be determined afresh is made more than two years after th..."
[parser-unknown-class] "Style1", text="8. No provision of this Agreement shall diminish any rights or benefits which a person has proper..."
[parser-unknown-class] "Style1", text="1. Both Parties shall notify each other in writing of the completion of their respective statutor..."
[parser-unknown-class] "Style1", text="2. Until entry into force of this Agreement, the Kingdom of the Netherlands shall apply subparagr..."
[parser-unknown-class] "Style1", text="3. Subject to paragraph 4, this Agreement shall remain in force until the expiration of 12 months..."
[parser-unknown-class] "Style1", text="4. In the event that this Agreement is terminated in accordance with paragraph 3, this Agreement ..."
[parser-unknown-class] "Style2", text="a) at the date of termination, are in receipt of benefits, or"
[parser-unknown-class] "Style2", text="b) prior to the expiry of the period referred to in that paragraph, have lodged claims for, and w..."
[parser-unknown-class] "Style1", text="by virtue of this Agreement; or"
[parser-unknown-class] "Style2", text="c) immediately before the date of termination are subject only to the legislation of one Party by..."
[parser-unknown-class] "BodyText", text="Between"
[parser-unknown-class] "BodyText", text="the Government of Australia"
[parser-unknown-class] "BodyText", text="and"
[parser-unknown-class] "BodyTextIndent", text="PART I—GENERAL PROVISIONS"
[parser-unknown-class] "BodyTextIndent", text=""
[parser-unknown-class] "BodyTextIndent", text="ARTICLE 1"
[parser-unknown-class] "BodyTextIndent", text="Definitions"
[parser-unknown-class] "BodyTextIndent", text="ARTICLE 2"
[parser-unknown-class] "BodyTextIndent", text="Legislative Scope"
[parser-unknown-class] "BodyTextIndent", text="ARTICLE 3"
[parser-unknown-class] "BodyTextIndent", text="Personal Scope"
[parser-unknown-class] "BodyTextIndent", text="ARTICLE 4"
[parser-unknown-class] "BodyTextIndent", text="Equality of Treatment"
[parser-unknown-class] "BodyTextIndent", text="PART II — PROVISIONS FOR AVOIDING DOUBLE COVERAGE"
[parser-unknown-class] "BodyTextIndent", text="ARTICLE 5"
[parser-unknown-class] "BodyTextIndent", text=""
[parser-unknown-class] "BodyTextIndent", text="Purpose of Part"
[parser-unknown-class] "BodyTextIndent", text="ARTICLE 6"
[parser-unknown-class] "BodyTextIndent", text=""
[parser-unknown-class] "BodyTextIndent", text="Application of Part"
[parser-unknown-class] "BodyTextIndent", text=""
[parser-unknown-class] "BodyTextIndent", text="ARTICLE 7"
[parser-unknown-class] "BodyTextIndent", text=""
[parser-unknown-class] "BodyTextIndent", text="Diplomatic and Consular Relations"
[parser-unknown-class] "BodyTextIndent", text=""
[parser-unknown-class] "BodyTextIndent", text="ARTICLE 8"
[parser-unknown-class] "BodyTextIndent", text="Application of Legislation"
[parser-unknown-class] "BodyTextIndent", text=""
[parser-unknown-class] "BodyTextIndent", text="ARTICLE 9"
[parser-unknown-class] "BodyTextIndent", text="Exception Agreements"
[parser-unknown-class] "BodyTextIndent", text="PART III — PROVISIONS RELATING TO AUSTRALIAN BENEFITS"
[parser-unknown-class] "BodyTextIndent", text="ARTICLE 10"
[parser-unknown-class] "BodyTextIndent", text=""
[parser-unknown-class] "BodyTextIndent", text="Residence or Presence in the Territory of Ireland or a Third State"
[parser-unknown-class] "BodyTextIndent", text="ARTICLE 11"
[parser-unknown-class] "BodyTextIndent", text="Totalisation for Australia"
[parser-unknown-class] "BodyTextIndent", text="then, that Irish period of insurance shall be deemed, only for the purposes of meeting any minimu..."
[parser-unknown-class] "BodyTextIndent", text="ARTICLE 12"
[parser-unknown-class] "BodyTextIndent", text="Calculation of Australian Benefits"
[parser-unknown-class] "BodyTextIndent", text="PART IV — PROVISIONS RELATING TO IRISH BENEFITS"
[parser-unknown-class] "BodyTextIndent", text="ARTICLE 13"
[parser-unknown-class] "BodyTextIndent", text=""
[parser-unknown-class] "BodyTextIndent", text="Totalisation for Ireland"
[parser-unknown-class] "BodyTextIndent", text="ARTICLE 14"
[parser-unknown-class] "BodyTextIndent", text=""
[parser-unknown-class] "BodyTextIndent", text="Calculation of Irish Benefits"
[parser-unknown-class] "BodyTextIndent", text="PART V — MISCELLANEOUS AND ADMINISTRATIVE PROVISIONS"
[parser-unknown-class] "BodyTextIndent", text="ARTICLE 15"
[parser-unknown-class] "BodyTextIndent", text=""
[parser-unknown-class] "BodyTextIndent", text="Lodgement of Documents"
[parser-unknown-class] "BodyTextIndent", text="ARTICLE 16"
[parser-unknown-class] "BodyTextIndent", text=""
[parser-unknown-class] "BodyTextIndent", text="Determination of Claims"
[parser-unknown-class] "BodyTextIndent", text="ARTICLE 17"
[parser-unknown-class] "BodyTextIndent", text=""
[parser-unknown-class] "BodyTextIndent", text="Payment of Benefits"
[parser-unknown-class] "BodyTextIndent", text="ARTICLE 18"
[parser-unknown-class] "BodyTextIndent", text=""
[parser-unknown-class] "BodyTextIndent", text="Exchange of Information and Mutual Assistance"
[parser-unknown-class] "BodyTextIndent", text="ARTICLE 19"
[parser-unknown-class] "BodyTextIndent", text=""
[parser-unknown-class] "BodyTextIndent", text="Administrative Arrangements"
[parser-unknown-class] "BodyTextIndent", text="ARTICLE 20"
[parser-unknown-class] "BodyTextIndent", text=""
[parser-unknown-class] "BodyTextIndent", text="Resolution of Difficulties"
[parser-unknown-class] "BodyTextIndent", text="ARTICLE 21"
[parser-unknown-class] "BodyTextIndent", text=""
[parser-unknown-class] "BodyTextIndent", text="Review of Agreement"
[parser-unknown-class] "BodyTextIndent", text="PART VI — TRANSITIONAL AND FINAL PROVISIONS"
[parser-unknown-class] "BodyTextIndent", text="ARTICLE 22"
[parser-unknown-class] "BodyTextIndent", text=""
[parser-unknown-class] "BodyTextIndent", text="Transitional provisions"
[parser-unknown-class] "BodyTextIndent", text="1. Subject to this Agreement, when this Agreement comes into force, the previous agreement shall ..."
[parser-unknown-class] "BodyTextIndent", text=""
[parser-unknown-class] "BodyTextIndent", text="ARTICLE 23"
[parser-unknown-class] "BodyTextIndent", text=""
[parser-unknown-class] "BodyTextIndent", text="Entry Into Force"
[parser-unknown-class] "BodyTextIndent", text="ARTICLE 24"
[parser-unknown-class] "BodyTextIndent", text=""
[parser-unknown-class] "BodyTextIndent", text="Termination"
[parser-unknown-class] "BodyTextIndent", text="FOR THE GOVERNMENT OF FOR THE"
[parser-unknown-class] "BodyTextIndent", text="AUSTRALIA GOVERNMENT OF  IRELAND"
[parser-unknown-class] "BodyTextIndent", text="Dr John Herron     Seamus Brennan"
[parser-unknown-class] "FreeForm", text=""
[parser-unknown-class] "FreeForm", text=""
[parser-unknown-class] "FreeForm", text="AGREEMENT"
[parser-unknown-class] "FreeForm", text=""
[parser-unknown-class] "FreeForm", text="BETWEEN"
[parser-unknown-class] "FreeForm", text=""
[parser-unknown-class] "FreeForm", text="AUSTRALIA"
[parser-unknown-class] "FreeForm", text=""
[parser-unknown-class] "FreeForm", text="AND THE"
[parser-unknown-class] "FreeForm", text=""
[parser-unknown-class] "FreeForm", text="REPUBLIC OF AUSTRIA"
[parser-unknown-class] "FreeForm", text=""
[parser-unknown-class] "FreeForm", text="ON SOCIAL SECURITY"
[parser-unknown-class] "FreeForm", text=""
[parser-unknown-class] "FreeForm", text=""
[parser-unknown-class] "FreeForm", text="AUSTRALIA AND THE REPUBLIC OF AUSTRIA,"
[parser-unknown-class] "FreeForm", text=""
[parser-unknown-class] "FreeForm", text="Wishing to strengthen the existing friendly relations between the two countries,"
[parser-unknown-class] "FreeForm", text=""
[parser-unknown-class] "FreeForm", text="Considering it appropriate to review and replace the Social Security Agreement between Australia ..."
[parser-unknown-class] "FreeForm", text=""
[parser-unknown-class] "FreeForm", text="And"
[parser-unknown-class] "FreeForm", text=""
[parser-unknown-class] "FreeForm", text="Resolved to co‑operate in the field of social security;"
[parser-unknown-class] "FreeForm", text=""
[parser-unknown-class] "FreeForm", text="Have agreed as follows:"
[parser-unknown-class] "FreeForm", text=""
[parser-unknown-class] "FreeForm", text=""
[parser-unknown-class] "FreeForm", text="PART I – GENERAL PROVISIONS"
[parser-unknown-class] "FreeForm", text=""
[parser-unknown-class] "FreeForm", text="Article 1"
[parser-unknown-class] "FreeForm", text="Interpretation"
[parser-unknown-class] "FreeForm", text=""
[parser-unknown-class] "FreeForm", text="1. In this Agreement:"
[parser-unknown-class] "FreeForm", text=""
[parser-unknown-class] "FreeForm", text="(a) “national” means, in relation to Australia, an Australian citizen; and, in relation to Austri..."
[parser-unknown-class] "FreeForm", text=""
[parser-unknown-class] "FreeForm", text="(b) “legislation” means, in relation to Australia, the law specified in subparagraph 1(a)(i) of A..."
[parser-unknown-class] "FreeForm", text=""
[parser-unknown-class] "FreeForm", text="in relation to Austria, the laws, regulations and statutory instruments which relate to the branc..."
[parser-unknown-class] "FreeForm", text=""
[parser-unknown-class] "FreeForm", text="(c) “competent authority” means in relation to Australia, the Secretary of the department respons..."
[parser-unknown-class] "FreeForm", text=""
[parser-unknown-class] "FreeForm", text="in relation to Austria, the Federal Minister responsible for the application of the legislation s..."
[parser-unknown-class] "FreeForm", text=""
[parser-unknown-class] "FreeForm", text="(d) “institution” means, in relation to a Party, the institution or agency responsible for the ad..."
[parser-unknown-class] "FreeForm", text=""
[parser-unknown-class] "FreeForm", text="(e) “competent institution” means, in relation to a Party, the institution competent under the le..."
[parser-unknown-class] "FreeForm", text=""
[parser-unknown-class] "FreeForm", text="(f) “period of Australian working life residence”, in relation to a person, means a period define..."
[parser-unknown-class] "FreeForm", text=""
[parser-unknown-class] "FreeForm", text="(g) “period of insurance in Austria” means a period of insurance defined as such in the Austrian ..."
[parser-unknown-class] "FreeForm", text=""
[parser-unknown-class] "FreeForm", text="(h) “benefit” means, in relation to a Party, a benefit, pension or allowance for which provision ..."
[parser-unknown-class] "FreeForm", text=""
[parser-unknown-class] "FreeForm", text="(i) “carer payment” means a carer payment payable to a person who is caring for that person’s par..."
[parser-unknown-class] "FreeForm", text=""
[parser-unknown-class] "FreeForm", text="(j) “widowed person” means, in relation to Australia, a person who stops being a partnered person..."
[parser-unknown-class] "FreeForm", text=""
[parser-unknown-class] "FreeForm", text="(k) “refugee” means a person defined as a refugee in Article 1 of the Convention relating to the ..."
[parser-unknown-class] "FreeForm", text=""
[parser-unknown-class] "FreeForm", text="(l) “stateless person” means a person defined as a stateless person in Article 1 of the Conventio..."
[parser-unknown-class] "FreeForm", text=""
[parser-unknown-class] "FreeForm", text="(m) “Australia” means Australia as defined in the legislation of Australia;"
[parser-unknown-class] "FreeForm", text=""
[parser-unknown-class] "FreeForm", text="(n) “Austria” means the Republic of Austria;"
[parser-unknown-class] "FreeForm", text=""
[parser-unknown-class] "FreeForm", text="(o) “Government” for the purposes of Article 9 includes, in relation to Australia, a political su..."
[parser-unknown-class] "FreeForm", text=""
[parser-unknown-class] "FreeForm", text="(p) “Party” means Australia or Austria as the context requires."
[parser-unknown-class] "FreeForm", text=""
[parser-unknown-class] "FreeForm", text="2. In the application of this Agreement, any term not defined in this Article shall, unless the c..."
[parser-unknown-class] "FreeForm", text=""
[parser-unknown-class] "FreeForm", text=""
[parser-unknown-class] "FreeForm", text="Article 2"
[parser-unknown-class] "FreeForm", text="Legislative Scope"
[parser-unknown-class] "FreeForm", text=""
[parser-unknown-class] "FreeForm", text="1. Subject to paragraph 2, this Agreement shall apply to:"
[parser-unknown-class] "FreeForm", text=""
[parser-unknown-class] "FreeForm", text="(a) in relation to Australia:"
[parser-unknown-class] "FreeForm", text=""
[parser-unknown-class] "FreeForm", text="(i) the Acts forming the social security law insofar as the law provides for, applies to, or affe..."
[parser-unknown-class] "FreeForm", text=""
[parser-unknown-class] "FreeForm", text="(A) age pension;"
[parser-unknown-class] "FreeForm", text="(B) disability support pension;"
[parser-unknown-class] "FreeForm", text="(C) carer payment;"
[parser-unknown-class] "FreeForm", text="(D) benefits payable to widowed persons; and"
[parser-unknown-class] "FreeForm", text="(E) double orphan pension."
[parser-unknown-class] "FreeForm", text=""
[parser-unknown-class] "FreeForm", text="(ii) with regard to Part II only, the law concerning the superannuation guarantee: the Superannua..."
[parser-unknown-class] "FreeForm", text=""
[parser-unknown-class] "FreeForm", text="(b) in relation to Austria:"
[parser-unknown-class] "FreeForm", text=""
[parser-unknown-class] "FreeForm", text="(i) the legislation concerning pension insurance with the exception of the insurance for notaries..."
[parser-unknown-class] "FreeForm", text=""
[parser-unknown-class] "FreeForm", text="(ii) with regard to Part II only, the legislation concerning sickness insurance and accident insu..."
[parser-unknown-class] "FreeForm", text=""
[parser-unknown-class] "FreeForm", text="2. Except as otherwise provided in paragraph 3 this Agreement shall also apply to any legislation..."
[parser-unknown-class] "FreeForm", text=""
[parser-unknown-class] "FreeForm", text="3 Notwithstanding the provisions of paragraph 1, the legislation of Australia shall not include t..."
[parser-unknown-class] "FreeForm", text=""
[parser-unknown-class] "FreeForm", text=""
[parser-unknown-class] "FreeForm", text="Article 3"
[parser-unknown-class] "FreeForm", text="Personal Scope"
[parser-unknown-class] "FreeForm", text=""
[parser-unknown-class] "FreeForm", text="This Agreement shall apply without any restriction based on nationality to any person who:"
[parser-unknown-class] "FreeForm", text=""
[parser-unknown-class] "FreeForm", text="(a) is or has been an Australian resident; or"
[parser-unknown-class] "FreeForm", text=""
[parser-unknown-class] "FreeForm", text="(b) is or has been subject to the Austrian legislation,"
[parser-unknown-class] "FreeForm", text=""
[parser-unknown-class] "FreeForm", text="and where applicable, to any other person with respect to the rights he or she derives from such ..."
[parser-unknown-class] "FreeForm", text=""
[parser-unknown-class] "FreeForm", text=""
[parser-unknown-class] "FreeForm", text="Article 4"
[parser-unknown-class] "FreeForm", text="Equality of Treatment"
[parser-unknown-class] "FreeForm", text=""
[parser-unknown-class] "FreeForm", text="1. Unless otherwise provided in this Agreement, the following persons shall, in the application o..."
[parser-unknown-class] "FreeForm", text=""
[parser-unknown-class] "FreeForm", text="(a) nationals of the other Party;"
[parser-unknown-class] "FreeForm", text=""
[parser-unknown-class] "FreeForm", text="(b) refugees, ordinarily resident in the territory of one Party;"
[parser-unknown-class] "FreeForm", text=""
[parser-unknown-class] "FreeForm", text="(c) stateless persons, ordinarily resident in the territory of one Party."
[parser-unknown-class] "FreeForm", text=""
[parser-unknown-class] "FreeForm", text="2. Benefits under the legislation of one Party shall be granted to nationals of the other Party r..."
[parser-unknown-class] "FreeForm", text=""
[parser-unknown-class] "FreeForm", text="3. In relation to Austria paragraph 1 shall also apply to any person covered by the principle of ..."
[parser-unknown-class] "FreeForm", text=""
[parser-unknown-class] "FreeForm", text="4. Paragraph 1 shall not apply to the provisions of the Austrian legislation concerning the appor..."
[parser-unknown-class] "FreeForm", text=""
[parser-unknown-class] "FreeForm", text="5. Paragraph 1 shall apply with regard to the provisions of Austrian legislation concerning the t..."
[parser-unknown-class] "FreeForm", text=""
[parser-unknown-class] "FreeForm", text=""
[parser-unknown-class] "FreeForm", text="Article 5"
[parser-unknown-class] "FreeForm", text="Equivalence of Territories"
[parser-unknown-class] "FreeForm", text=""
[parser-unknown-class] "FreeForm", text="1. Unless otherwise provided in this Agreement, any provision of the legislation of one Party whi..."
[parser-unknown-class] "FreeForm", text=""
[parser-unknown-class] "FreeForm", text="2. Benefits of a Party are payable at the request of the beneficiary in the territory of the othe..."
[parser-unknown-class] "FreeForm", text=""
[parser-unknown-class] "FreeForm", text="3. Where the legislation of a Party provides that a benefit is payable outside the territory of t..."
[parser-unknown-class] "FreeForm", text=""
[parser-unknown-class] "FreeForm", text="4. In relation to Australia:"
[parser-unknown-class] "FreeForm", text=""
[parser-unknown-class] "FreeForm", text="(a) Paragraph 1 shall not apply to any additional amount, increase or supplement such as rent ass..."
[parser-unknown-class] "FreeForm", text=""
[parser-unknown-class] "FreeForm", text="(b) Paragraph 1 shall not apply to a claimant for a carer payment who has never been an Australia..."
[parser-unknown-class] "FreeForm", text=""
[parser-unknown-class] "FreeForm", text="(c) Where qualification for an Australian benefit is subject to limitations as to time, then refe..."
[parser-unknown-class] "FreeForm", text=""
[parser-unknown-class] "FreeForm", text="(d) Where a person would be qualified under the legislation of Australia or by virtue of this Agr..."
[parser-unknown-class] "FreeForm", text=""
[parser-unknown-class] "FreeForm", text="(i) is an Australian resident or residing in the territory of Austria or a third State with which..."
[parser-unknown-class] "FreeForm", text=""
[parser-unknown-class] "FreeForm", text="(ii) is in Australia, or in the territory of Austria or that third State"
[parser-unknown-class] "FreeForm", text=""
[parser-unknown-class] "FreeForm", text="that person, so long as he or she has been an Australian resident at some time, shall be deemed, ..."
[parser-unknown-class] "FreeForm", text=""
[parser-unknown-class] "FreeForm", text="(e) Where a double orphan pension would be payable to a person under the legislation of Australia..."
[parser-unknown-class] "FreeForm", text=""
[parser-unknown-class] "FreeForm", text="5. As regards the Austrian legislation, paragraph 1 shall not apply to the compensatory supplemen..."
[parser-unknown-class] "FreeForm", text=""
[parser-unknown-class] "FreeForm", text="6. Australian legislation which provides for, applies to or affects disability support pension fo..."
[parser-unknown-class] "FreeForm", text=""
[parser-unknown-class] "FreeForm", text="7. Notwithstanding anything else in this Article, Australian disability support pension shall not..."
[parser-unknown-class] "FreeForm", text=""
[parser-unknown-class] "FreeForm", text=""
[parser-unknown-class] "FreeForm", text=""
[parser-unknown-class] "FreeForm", text="PART II – PROVISIONS RELATING TO APPLICABLE LEGISLATION"
[parser-unknown-class] "FreeForm", text=""
[parser-unknown-class] "FreeForm", text="Provisions relating to applicable legislation"
[parser-unknown-class] "FreeForm", text=""
[parser-unknown-class] "FreeForm", text="Article 6"
[parser-unknown-class] "FreeForm", text="General provisions"
[parser-unknown-class] "FreeForm", text=""
[parser-unknown-class] "FreeForm", text="1. Subject to Articles 7 to 10 a person who is employed or self‑employed in the territory of one ..."
[parser-unknown-class] "FreeForm", text=""
[parser-unknown-class] "FreeForm", text="2. In relation to Australia, a reference in this Part to an employee also includes their employer..."
[parser-unknown-class] "FreeForm", text=""
[parser-unknown-class] "FreeForm", text=""
[parser-unknown-class] "FreeForm", text="Article 7"
[parser-unknown-class] "FreeForm", text="Special Provisions"
[parser-unknown-class] "FreeForm", text=""
[parser-unknown-class] "FreeForm", text="1. An employed person who, usually is employed by an employer with an office in the territory of ..."
[parser-unknown-class] "FreeForm", text=""
[parser-unknown-class] "FreeForm", text="2. For the purposes of paragraph 1 an entity is a related entity of an employer if the entity and..."
[parser-unknown-class] "FreeForm", text=""
[parser-unknown-class] "FreeForm", text=""
[parser-unknown-class] "FreeForm", text="Article 8"
[parser-unknown-class] "FreeForm", text="Members of Diplomatic Missions and Consular Posts"
[parser-unknown-class] "FreeForm", text=""
[parser-unknown-class] "FreeForm", text="This Agreement shall not affect the provisions of the Vienna Convention on Diplomatic Relations o..."
[parser-unknown-class] "FreeForm", text=""
[parser-unknown-class] "FreeForm", text=""
[parser-unknown-class] "FreeForm", text="Article 9"
[parser-unknown-class] "FreeForm", text="Government Officials"
[parser-unknown-class] "FreeForm", text=""
[parser-unknown-class] "FreeForm", text="Government officials and equivalent personnel who are sent by the government of a Party to the te..."
[parser-unknown-class] "FreeForm", text=""
[parser-unknown-class] "FreeForm", text=""
[parser-unknown-class] "FreeForm", text="Article 10"
[parser-unknown-class] "FreeForm", text="Exceptions"
[parser-unknown-class] "FreeForm", text=""
[parser-unknown-class] "FreeForm", text="In the interest of certain persons or certain categories of persons covered by this Part, the com..."
[parser-unknown-class] "FreeForm", text=""
[parser-unknown-class] "FreeForm", text=""
[parser-unknown-class] "FreeForm", text="PART III – PROVISIONS CONCERNING AUSTRALIAN BENEFITS"
[parser-unknown-class] "FreeForm", text=""
[parser-unknown-class] "FreeForm", text="Article 11"
[parser-unknown-class] "FreeForm", text="Totalisation for Australian benefits"
[parser-unknown-class] "FreeForm", text=""
[parser-unknown-class] "FreeForm", text="1. Where a person to whom this Agreement applies has claimed an Australian benefit under this Agr..."
[parser-unknown-class] "FreeForm", text=""
[parser-unknown-class] "FreeForm", text="(a) a period as an Australian resident that is less than the period required to qualify him or he..."
[parser-unknown-class] "FreeForm", text=""
[parser-unknown-class] "FreeForm", text="(b) a period of Australian working life residence equal to or greater than the minimum period ide..."
[parser-unknown-class] "FreeForm", text=""
[parser-unknown-class] "FreeForm", text="and has accumulated a period of insurance in Austria, then for the purposes of a claim for that A..."
[parser-unknown-class] "FreeForm", text=""
[parser-unknown-class] "FreeForm", text="2. For the purposes of paragraph 1, where a person:"
[parser-unknown-class] "FreeForm", text=""
[parser-unknown-class] "FreeForm", text="(a) has been an Australian resident for a continuous period which is less than the minimum contin..."
[parser-unknown-class] "FreeForm", text=""
[parser-unknown-class] "FreeForm", text="(b) has accumulated a period of insurance in Austria in two or more separate periods that equals ..."
[parser-unknown-class] "FreeForm", text=""
[parser-unknown-class] "FreeForm", text="the total of the periods of insurance in Austria shall be deemed to be one continuous period."
[parser-unknown-class] "FreeForm", text=""
[parser-unknown-class] "FreeForm", text="3. For all purposes of this Article, where a period by a person as an Australian resident and a p..."
[parser-unknown-class] "FreeForm", text=""
[parser-unknown-class] "FreeForm", text="4. The minimum period of Australian working life residence to be taken into account for the purpo..."
[parser-unknown-class] "FreeForm", text=""
[parser-unknown-class] "FreeForm", text="(a) for the purposes of an Australian benefit that is payable to a person who is not an Australia..."
[parser-unknown-class] "FreeForm", text=""
[parser-unknown-class] "FreeForm", text="(b) for the purposes of an Australian benefit that is payable to an Australian resident, no minimum."
[parser-unknown-class] "FreeForm", text=""
[parser-unknown-class] "FreeForm", text="5. For the purposes of a claim by a person for a pension payable to a widowed person, that person..."
[parser-unknown-class] "FreeForm", text=""
[parser-unknown-class] "FreeForm", text=""
[parser-unknown-class] "FreeForm", text=""
[parser-unknown-class] "FreeForm", text="Article 12"
[parser-unknown-class] "FreeForm", text="Calculation of Australian Benefits"
[parser-unknown-class] "FreeForm", text=""
[parser-unknown-class] "FreeForm", text="1. Subject to paragraph 2, where an Australian benefit is payable whether by virtue of this Agree..."
[parser-unknown-class] "FreeForm", text=""
[parser-unknown-class] "FreeForm", text="2. A person referred to in paragraph 1 shall only be entitled to receive the concessional assessm..."
[parser-unknown-class] "FreeForm", text=""
[parser-unknown-class] "FreeForm", text="3. Where an Australian benefit is payable by virtue of this Agreement or otherwise to a person wh..."
[parser-unknown-class] "FreeForm", text=""
[parser-unknown-class] "FreeForm", text="4. Subject to the provisions of paragraph 5, where an Australian benefit is payable only by virtu..."
[parser-unknown-class] "FreeForm", text=""
[parser-unknown-class] "FreeForm", text="(a) calculating that person’s income according to the legislation of Australia but disregarding i..."
[parser-unknown-class] "FreeForm", text=""
[parser-unknown-class] "FreeForm", text="(b) deducting the amount of the Austrian benefit received by that person from the maximum rate of..."
[parser-unknown-class] "FreeForm", text=""
[parser-unknown-class] "FreeForm", text="(c) applying to the remaining benefit obtained under subparagraph (b) the relevant rate calculati..."
[parser-unknown-class] "FreeForm", text=""
[parser-unknown-class] "FreeForm", text="5. Where the rate of a benefit calculated in accordance with paragraph 4 is less than the rate of..."
[parser-unknown-class] "FreeForm", text=""
[parser-unknown-class] "FreeForm", text="6. The provisions in paragraphs 4 and 5 shall continue to apply for 26 weeks where a person tempo..."
[parser-unknown-class] "FreeForm", text=""
[parser-unknown-class] "FreeForm", text="7. Where a member of a couple is, or both that person and his or her partner are, in receipt of a..."
[parser-unknown-class] "FreeForm", text=""
[parser-unknown-class] "FreeForm", text="8. For the purposes of paragraph 5, a comparison of the rates of the benefits shall be made as at:"
[parser-unknown-class] "FreeForm", text=""
[parser-unknown-class] "FreeForm", text="(a) the date of the first pension pay day occurring after the date from which the benefit is paya..."
[parser-unknown-class] "FreeForm", text=""
[parser-unknown-class] "FreeForm", text="(b) each anniversary of that pension pay day for so long as the person concerned is entitled to t..."
[parser-unknown-class] "FreeForm", text=""
[parser-unknown-class] "FreeForm", text="using, in that comparison, the number of months of the period of Australian working life residenc..."
[parser-unknown-class] "FreeForm", text=""
[parser-unknown-class] "FreeForm", text="9. In paragraphs 1 and 4 of this Article references to Australian benefits do not include double ..."
[parser-unknown-class] "FreeForm", text=""
[parser-unknown-class] "FreeForm", text=""
[parser-unknown-class] "FreeForm", text="PART IV – PROVISIONS CONCERNING AUSTRIAN BENEFITS"
[parser-unknown-class] "FreeForm", text=""
[parser-unknown-class] "FreeForm", text="Article 13"
[parser-unknown-class] "FreeForm", text="Totalisation for Austrian benefits"
[parser-unknown-class] "FreeForm", text=""
[parser-unknown-class] "FreeForm", text="1. Where the Austrian legislation makes the acquisition, maintenance or recovery of entitlement t..."
[parser-unknown-class] "FreeForm", text=""
[parser-unknown-class] "FreeForm", text="2. Where the Austrian legislation makes the award of certain benefits conditional upon the comple..."
[parser-unknown-class] "FreeForm", text=""
[parser-unknown-class] "FreeForm", text="3. Where the Austrian legislation provides that the period of payment of a pension shall prolong ..."
[parser-unknown-class] "FreeForm", text=""
[parser-unknown-class] "FreeForm", text="4. Periods of Australian working life residence, during which the person concerned was employed o..."
[parser-unknown-class] "FreeForm", text=""
[parser-unknown-class] "FreeForm", text="5. The periods of coverage of a person completed in a third country, with which Austria has a Soc..."
[parser-unknown-class] "FreeForm", text=""
[parser-unknown-class] "FreeForm", text=""
[parser-unknown-class] "FreeForm", text="Article 14"
[parser-unknown-class] "FreeForm", text="Calculation of Austrian Benefits"
[parser-unknown-class] "FreeForm", text=""
[parser-unknown-class] "FreeForm", text="1. Where entitlement to a benefit exists under the Austrian legislation without the application o..."
[parser-unknown-class] "FreeForm", text=""
[parser-unknown-class] "FreeForm", text="2. Where entitlement to a benefit exists under Austrian legislation only by totalising periods un..."
[parser-unknown-class] "FreeForm", text=""
[parser-unknown-class] "FreeForm", text="3. As an exception from paragraph 2 of this Article, child raising periods shall be taken into ac..."
[parser-unknown-class] "FreeForm", text=""
[parser-unknown-class] "FreeForm", text="4. Where the periods of insurance in Austria to be taken into account under the Austrian legislat..."
[parser-unknown-class] "FreeForm", text=""
[parser-unknown-class] "FreeForm", text=""
[parser-unknown-class] "FreeForm", text="PART V – MISCELLANEOUS AND ADMINISTRATIVE PROVISIONS"
[parser-unknown-class] "FreeForm", text=""
[parser-unknown-class] "FreeForm", text="Article 15"
[parser-unknown-class] "FreeForm", text="Lodgement of Documents"
[parser-unknown-class] "FreeForm", text=""
[parser-unknown-class] "FreeForm", text="1. The date on which a claim, notice or appeal concerning the determination or payment of a benef..."
[parser-unknown-class] "FreeForm", text=""
[parser-unknown-class] "FreeForm", text="2. The date on which a claim for a benefit under the legislation of a Party is lodged with the co..."
[parser-unknown-class] "FreeForm", text=""
[parser-unknown-class] "FreeForm", text="(a) the applicant provides information at the time of the original claim indicating that the pers..."
[parser-unknown-class] "FreeForm", text=""
[parser-unknown-class] "FreeForm", text="(b) a claim for the corresponding benefit is received by the competent institution of the other P..."
[parser-unknown-class] "FreeForm", text=""
[parser-unknown-class] "FreeForm", text="3. In the case to which paragraphs 1 and 2 of this Article apply, the body to which the submissio..."
[parser-unknown-class] "FreeForm", text=""
[parser-unknown-class] "FreeForm", text=""
[parser-unknown-class] "FreeForm", text="Article 16"
[parser-unknown-class] "FreeForm", text="Advance Payments and Overpayments"
[parser-unknown-class] "FreeForm", text=""
[parser-unknown-class] "FreeForm", text="1. Where an Austrian institution has made an advance payment to a person for any period and arrea..."
[parser-unknown-class] "FreeForm", text=""
[parser-unknown-class] "FreeForm", text="2. Where"
[parser-unknown-class] "FreeForm", text=""
[parser-unknown-class] "FreeForm", text="(a) an Austrian benefit is paid or payable to a person in respect of a past period;"
[parser-unknown-class] "FreeForm", text=""
[parser-unknown-class] "FreeForm", text="(b) for all or part of that period, an Australian benefit has been paid to that person; and"
[parser-unknown-class] "FreeForm", text=""
[parser-unknown-class] "FreeForm", text="(c) the amount of the Australian benefit would have been reduced had the Austrian benefit been pa..."
[parser-unknown-class] "FreeForm", text=""
[parser-unknown-class] "FreeForm", text="then"
[parser-unknown-class] "FreeForm", text=""
[parser-unknown-class] "FreeForm", text="(d) the amount of the Australian benefit that would not have been paid had the Austrian benefit d..."
[parser-unknown-class] "FreeForm", text=""
[parser-unknown-class] "FreeForm", text="(e) Australia may determine according to the legislation of Australia that the amount or any part..."
[parser-unknown-class] "FreeForm", text=""
[parser-unknown-class] "FreeForm", text="3. Where an Austrian institution has not yet paid the benefit described in subparagraph 2(a) to t..."
[parser-unknown-class] "FreeForm", text=""
[parser-unknown-class] "FreeForm", text="(a) the Austrian institution shall, at the request of the competent authority of Australia pay th..."
[parser-unknown-class] "FreeForm", text=""
[parser-unknown-class] "FreeForm", text="(b) any shortfall may be recovered by the competent authority of Australia under subparagraph 2(e)."
[parser-unknown-class] "FreeForm", text=""
[parser-unknown-class] "FreeForm", text=""
[parser-unknown-class] "FreeForm", text="Article 17"
[parser-unknown-class] "FreeForm", text="Payment of Benefits"
[parser-unknown-class] "FreeForm", text=""
[parser-unknown-class] "FreeForm", text="1. The benefit‑paying institution of a Party may discharge its obligations under this Agreement i..."
[parser-unknown-class] "FreeForm", text=""
[parser-unknown-class] "FreeForm", text="2. A benefit payable by a Party by virtue of this Agreement shall be paid by that Party without d..."
[parser-unknown-class] "FreeForm", text=""
[parser-unknown-class] "FreeForm", text=""
[parser-unknown-class] "FreeForm", text="Article 18"
[parser-unknown-class] "FreeForm", text="Administrative Arrangements and Mutual Assistance"
[parser-unknown-class] "FreeForm", text=""
[parser-unknown-class] "FreeForm", text="1. The competent authorities of the Parties shall, by means of an Arrangement, establish the admi..."
[parser-unknown-class] "FreeForm", text=""
[parser-unknown-class] "FreeForm", text="2. The competent authorities shall inform each other of laws that amend, supplement or replace th..."
[parser-unknown-class] "FreeForm", text=""
[parser-unknown-class] "FreeForm", text="3. The competent authorities and institutions of the Parties shall assist each other, including b..."
[parser-unknown-class] "FreeForm", text=""
[parser-unknown-class] "FreeForm", text="4. The competent authorities of the Parties shall, in order to facilitate the application of this..."
[parser-unknown-class] "FreeForm", text=""
[parser-unknown-class] "FreeForm", text="5. The institutions and the competent authority of one Party may not reject claims or other docum..."
[parser-unknown-class] "FreeForm", text=""
[parser-unknown-class] "FreeForm", text="6. If the competent institution of one Party requires an applicant or beneficiary who lives in th..."
[parser-unknown-class] "FreeForm", text=""
[parser-unknown-class] "FreeForm", text=""
[parser-unknown-class] "FreeForm", text="Article 19"
[parser-unknown-class] "FreeForm", text="Exemption from Taxes and from Authentication"
[parser-unknown-class] "FreeForm", text=""
[parser-unknown-class] "FreeForm", text="1. Any exemption or reduction provided for in the legislation of one Party for taxes, stamp duty,..."
[parser-unknown-class] "FreeForm", text=""
[parser-unknown-class] "FreeForm", text="2. Documents and certificates of any kind which must be submitted for the application of this Agr..."
[parser-unknown-class] "FreeForm", text=""
[parser-unknown-class] "FreeForm", text=""
[parser-unknown-class] "FreeForm", text="Article 20"
[parser-unknown-class] "FreeForm", text="Data Protection"
[parser-unknown-class] "FreeForm", text=""
[parser-unknown-class] "FreeForm", text="1. Insofar as personal data is communicated pursuant to this Agreement and is subject to domestic..."
[parser-unknown-class] "FreeForm", text=""
[parser-unknown-class] "FreeForm", text="(a) For the implementation of this Agreement and the legislation referring thereto personal data ..."
[parser-unknown-class] "FreeForm", text=""
[parser-unknown-class] "FreeForm", text="(b) Any personal data communicated in whatsoever form between the responsible authorities, instit..."
[parser-unknown-class] "FreeForm", text=""
[parser-unknown-class] "FreeForm", text="(c) In specific cases the receiving body shall give information upon request of the communicating..."
[parser-unknown-class] "FreeForm", text=""
[parser-unknown-class] "FreeForm", text="(d) The communicating body shall ensure that personal data communicated pursuant to this Agreemen..."
[parser-unknown-class] "FreeForm", text=""
[parser-unknown-class] "FreeForm", text="(e) A person whose personal data has been communicated pursuant to the Agreement, who proves thei..."
[parser-unknown-class] "FreeForm", text=""
[parser-unknown-class] "FreeForm", text="(f) The Parties shall provide every data subject whose rights to information, correction and dele..."
[parser-unknown-class] "FreeForm", text=""
[parser-unknown-class] "FreeForm", text="(g) Personal data communicated shall be deleted, if found to be inaccurate, or unlawfully obtaine..."
[parser-unknown-class] "FreeForm", text=""
[parser-unknown-class] "FreeForm", text="(h) Both the communicating body and the receiving body shall record the reason, contents and date..."
[parser-unknown-class] "FreeForm", text=""
[parser-unknown-class] "FreeForm", text="(i) Both the communicating body and the receiving body shall effectively protect communicated per..."
[parser-unknown-class] "FreeForm", text=""
[parser-unknown-class] "FreeForm", text="2. The provisions of paragraph (1) of this Article shall apply accordingly to trade and business ..."
[parser-unknown-class] "FreeForm", text=""
[parser-unknown-class] "FreeForm", text=""
[parser-unknown-class] "FreeForm", text="Article 21"
[parser-unknown-class] "FreeForm", text="Resolution of Difficulties"
[parser-unknown-class] "FreeForm", text=""
[parser-unknown-class] "FreeForm", text="1. Disagreements arising in connection with the application of this Agreement shall, as far as po..."
[parser-unknown-class] "FreeForm", text=""
[parser-unknown-class] "FreeForm", text="2. If any such disagreement has not been resolved within a period of six months, either Party may..."
[parser-unknown-class] "FreeForm", text=""
[parser-unknown-class] "FreeForm", text="3. Paragraph 2 does not apply in relation to the application of Part II of this Agreement."
[parser-unknown-class] "FreeForm", text=""
[parser-unknown-class] "FreeForm", text=""
[parser-unknown-class] "FreeForm", text="PART VI – TRANSITIONAL AND FINAL PROVISIONS"
[parser-unknown-class] "FreeForm", text=""
[parser-unknown-class] "FreeForm", text="Article 22"
[parser-unknown-class] "FreeForm", text="Transitional Provisions"
[parser-unknown-class] "FreeForm", text=""
[parser-unknown-class] "FreeForm", text="1. This Agreement shall not establish any entitlement to payment of a benefit for a period before..."
[parser-unknown-class] "FreeForm", text=""
[parser-unknown-class] "FreeForm", text="2. In determining entitlement to a benefit under this Agreement, periods of insurance in Austria ..."
[parser-unknown-class] "FreeForm", text=""
[parser-unknown-class] "FreeForm", text="3. Subject to paragraph 1, this Agreement shall also apply to contingencies which are relevant to..."
[parser-unknown-class] "FreeForm", text=""
[parser-unknown-class] "FreeForm", text="4. Subject to this Agreement, when this Agreement comes into force, the previous Agreement shall ..."
[parser-unknown-class] "FreeForm", text=""
[parser-unknown-class] "FreeForm", text="5. Where, on the date on which this Agreement enters into force, a person:"
[parser-unknown-class] "FreeForm", text="(a) is in receipt of a benefit by virtue of the previous Agreement; or"
[parser-unknown-class] "FreeForm", text="(b) is qualified to receive a benefit referred to in subparagraph (a) and,"
[parser-unknown-class] "FreeForm", text="where a claim for that benefit is required, has claimed that benefit,"
[parser-unknown-class] "FreeForm", text=""
[parser-unknown-class] "FreeForm", text="no provision of this Agreement shall affect that person’s qualification to receive that benefit a..."
[parser-unknown-class] "FreeForm", text=""
[parser-unknown-class] "FreeForm", text=""
[parser-unknown-class] "FreeForm", text="Article 23"
[parser-unknown-class] "FreeForm", text="Protection of Existing Rights"
[parser-unknown-class] "FreeForm", text=""
[parser-unknown-class] "FreeForm", text="This Agreement shall not affect any existing rights under Austrian legislation of any person who ..."
[parser-unknown-class] "FreeForm", text=""
[parser-unknown-class] "FreeForm", text=""
[parser-unknown-class] "FreeForm", text="Article 24"
[parser-unknown-class] "FreeForm", text="Entry into Force and Termination"
[parser-unknown-class] "FreeForm", text=""
[parser-unknown-class] "FreeForm", text="1. This Agreement shall enter into force on the first day of the third month following the month ..."
[parser-unknown-class] "FreeForm", text=""
[parser-unknown-class] "FreeForm", text="2. Subject to paragraph 3, this Agreement shall remain in force until the expiration of twelve ca..."
[parser-unknown-class] "FreeForm", text=""
[parser-unknown-class] "FreeForm", text="3. In the event that this Agreement is terminated in accordance with paragraph 2, the Agreement s..."
[parser-unknown-class] "FreeForm", text=""
[parser-unknown-class] "FreeForm", text="(a) at the date of termination, are in receipt of benefits; or"
[parser-unknown-class] "FreeForm", text="(b) prior to the expiry of the period referred to in that paragraph, have lodged claims for, and ..."
[parser-unknown-class] "FreeForm", text=""
[parser-unknown-class] "FreeForm", text="by virtue of this Agreement."
[parser-unknown-class] "FreeForm", text=""
[parser-unknown-class] "FreeForm", text="4. The entry into force of this Agreement shall terminate:"
[parser-unknown-class] "FreeForm", text=""
[parser-unknown-class] "FreeForm", text="a) the Agreement between Australia and the Republic of Austria on Social Security done at Canberr..."
[parser-unknown-class] "FreeForm", text=""
[parser-unknown-class] "FreeForm", text="b) the Administrative Arrangement for the application of the Agreement between Australia and the ..."
[parser-unknown-class] "FreeForm", text=""
[parser-unknown-class] "FreeForm", text="5. In the event that this Agreement is terminated, Part II of this Agreement shall continue to ha..."
[parser-unknown-class] "FreeForm", text=""
[parser-unknown-class] "FreeForm", text=""
[parser-unknown-class] "FreeForm", text="IN WITNESS WHEREOF, the undersigned, being duly authorised thereto by their respective Government..."
[parser-unknown-class] "FreeForm", text=""
[parser-unknown-class] "FreeForm", text="DONE in two copies at Canberra this twelfth day of August 2015 in the English and German language..."
[parser-unknown-class] "FreeForm", text=""
[parser-unknown-class] "FreeForm", text=""
[parser-unknown-class] "FreeForm", text="For Australia:"
[parser-unknown-class] "FreeForm", text=""
[parser-unknown-class] "FreeForm", text=""
[parser-unknown-class] "FreeForm", text=""
[parser-unknown-class] "FreeForm", text="For the Republic of Austria:"
[parser-unknown-class] "FreeForm", text="The Hon. Scott John Morrison MP, Minister for Social Services"
[parser-unknown-class] "FreeForm", text="Helmut Böck"
[parser-unknown-class] "FreeForm", text="Ambassador Extraordinary and Plenipotentiary of the Republic of Austria to Australia"
[parser-unknown-class] "TextSection", text=""
[parser-unknown-class] "SchdlHeadingArticle", text="AGREEMENT ON SOCIAL SECURITY between AUSTRALIA and THE REPUBLIC OF CYPRUS"
[parser-unknown-class] "TextSection", text=""
[parser-unknown-class] "SchdlTextMisc", text="AUSTRALIA AND THE REPUBLIC OF CYPRUS,"
[parser-unknown-class] "TextSection", text=""
[parser-unknown-class] "SchdlTextMisc", text="Wishing to strengthen the existing friendly relations between the two countries, and"
[parser-unknown-class] "SchdlTextMisc", text=""
[parser-unknown-class] "SchdlTextMisc", text="Resolved to coordinate their social security systems;"
[parser-unknown-class] "SchdlTextMisc", text=""
[parser-unknown-class] "SchdlTextMisc", text="Have agreed as follows:"
[parser-unknown-class] "SchdlTextMisc", text=""
[parser-unknown-class] "SchdlHeadingPart", text="PART I—GENERAL PROVISIONS"
[parser-unknown-class] "SchdlTextMisc", text=""
[parser-unknown-class] "SchdlHeadingArticle", text="ARTICLE 1"
[parser-unknown-class] "SchdlTextMisc", text=""
[parser-unknown-class] "SchdlTextMisc", text="Definitions"
[parser-unknown-class] "SchdlTextMisc", text=""
[parser-unknown-class] "SchdlTextPara", text="1. In this Agreement, unless the context otherwise requires:"
[parser-unknown-class] "SchdlTextMisc", text=""
[parser-unknown-class] "SchdlTextSubPara", text="(a) “benefit” means in relation to a Party, a benefit, pension or allowance for which provision i..."
[parser-unknown-class] "SchdlTextSubPara", text="(b) “carer pension” means a carer pension payable to the partner of a person who is in receipt of..."
[parser-unknown-class] "SchdlTextSubPara", text="(c) “Competent Authority” means;"
[parser-unknown-class] "SchdlTextMisc", text=""
[parser-unknown-class] "SchdlTextSubSubPara", text="in relation to Australia:"
[parser-unknown-class] "SchdlTextSubSubPara", text="the Secretary to the Department of Social Security; and,"
[parser-unknown-class] "SchdlTextSubSubPara", text="in relation to Cyprus:"
[parser-unknown-class] "SchdlTextSubSubPara", text="the Minister of Labour and Social Insurance;"
[parser-unknown-class] "SchdlTextMisc", text=""
[parser-unknown-class] "SchdlTextSubPara", text="(d) “Competent Institution” means;"
[parser-unknown-class] "SchdlTextMisc", text=""
[parser-unknown-class] "SchdlTextSubSubPara", text="in relation to Australia:"
[parser-unknown-class] "SchdlTextSubSubPara", text="the Department of Social Security; and,"
[parser-unknown-class] "SchdlTextSubSubPara", text="in relation to Cyprus:"
[parser-unknown-class] "SchdlTextSubSubPara", text="the Department of Social Insurance Services, Ministry of Labour and Social Insurance;"
[parser-unknown-class] "SchdlTextMisc", text=""
[parser-unknown-class] "SchdlTextSubPara", text="(e) “legislation” means the laws specified in Article 2;"
[parser-unknown-class] "SchdlTextSubPara", text="(f) “period of Australian working life residence”, in relation to a person, means a period define..."
[parser-unknown-class] "SchdlTextSubPara", text="(g) “period of insurance” means a period for which contributions have been paid or credited or a ..."
[parser-unknown-class] "SchdlTextSubPara", text="(h) “territory” means;"
[parser-unknown-class] "SchdlTextMisc", text=""
[parser-unknown-class] "SchdlTextSubSubPara", text="in relation to Australia:"
[parser-unknown-class] "SchdlTextSubSubPara", text="Australia as defined in the legislation of Australia; and"
[parser-unknown-class] "SchdlTextSubSubPara", text="in relation to Cyprus:"
[parser-unknown-class] "SchdlTextSubSubPara", text="the island of Cyprus;"
[parser-unknown-class] "SchdlTextMisc", text=""
[parser-unknown-class] "SchdlTextSubPara", text="(i) “welfare benefit” means, in relation to Cyprus, any benefit payable under the Public Assistan..."
[parser-unknown-class] "SchdlTextMisc", text=""
[parser-unknown-class] "SchdlTextPara", text="and"
[parser-unknown-class] "SchdlTextMisc", text=""
[parser-unknown-class] "SchdlTextSubPara", text="(j) “widow” means, in relation to Australia, a de jure widow but does not include a woman who has..."
[parser-unknown-class] "SchdlTextMisc", text=""
[parser-unknown-class] "SchdlTextPara", text="2. In the application by a Party of this Agreement in relation to a person, any term not defined ..."
[parser-unknown-class] "SchdlTextMisc", text=""
[parser-unknown-class] "SchdlHeadingArticle", text="ARTICLE 2"
[parser-unknown-class] "SchdlTextMisc", text=""
[parser-unknown-class] "SchdlTextMisc", text="Legislative Scope"
[parser-unknown-class] "SchdlTextMisc", text=""
[parser-unknown-class] "SchdlTextPara", text="1. Subject to paragraph 2, this Agreement shall apply to the following laws, as amended at the da..."
[parser-unknown-class] "SchdlTextMisc", text=""
[parser-unknown-class] "SchdlTextSubPara", text="(a) in relation to Australia: the Social Security Act 1991 in so far as the Act provides for, app..."
[parser-unknown-class] "SchdlTextMisc", text=""
[parser-unknown-class] "SchdlTextSubSubPara", text="(i) age pension;"
[parser-unknown-class] "SchdlTextSubSubPara", text="(ii) disability support pension for the severely disabled;"
[parser-unknown-class] "SchdlTextSubSubPara", text="(iii) pensions payable to widows;"
[parser-unknown-class] "SchdlTextSubSubPara", text="(iv) widowed person allowance; and"
[parser-unknown-class] "SchdlTextSubSubPara", text="(v) carer pension; and"
[parser-unknown-class] "SchdlTextMisc", text=""
[parser-unknown-class] "SchdlTextSubPara", text="(b) in relation to Cyprus: the Social Insurance Laws of 1980 to 1990 in so far as the Laws provid..."
[parser-unknown-class] "SchdlTextMisc", text=""
[parser-unknown-class] "SchdlTextSubSubPara", text="(i) age;"
[parser-unknown-class] "SchdlTextSubSubPara", text="(ii) invalidity and work‑related disablement;"
[parser-unknown-class] "SchdlTextSubSubPara", text="(iii) survivorship; and"
[parser-unknown-class] "SchdlTextSubSubPara", text="(iv) funerals."
[parser-unknown-class] "SchdlTextMisc", text=""
[parser-unknown-class] "SchdlTextPara", text="2. Notwithstanding the provisions of paragraph 1, neither the legislation of Australia nor the le..."
[parser-unknown-class] "SchdlTextPara", text=""
[parser-unknown-class] "SchdlTextPara", text="3. This Agreement shall apply to laws which extend the legislation of either Party to new categor..."
[parser-unknown-class] "SchdlTextMisc", text=""
[parser-unknown-class] "SchdlHeadingArticle", text="ARTICLE 3"
[parser-unknown-class] "SchdlTextMisc", text=""
[parser-unknown-class] "SchdlTextMisc", text="Personal Scope"
[parser-unknown-class] "SchdlTextMisc", text=""
[parser-unknown-class] "SchdlTextMisc", text="This Agreement shall apply to any person who:"
[parser-unknown-class] "SchdlTextMisc", text=""
[parser-unknown-class] "SchdlTextSubPara", text="(a) is or has been an Australian resident;  or"
[parser-unknown-class] "SchdlTextSubPara", text="(b) is or has been subject to the legislation of Cyprus,"
[parser-unknown-class] "SchdlTextMisc", text=""
[parser-unknown-class] "SchdlTextMisc", text="and, where applicable, to other persons in regard to the rights they derive from the person descr..."
[parser-unknown-class] "SchdlTextMisc", text=""
[parser-unknown-class] "SchdlHeadingArticle", text="ARTICLE 4"
[parser-unknown-class] "SchdlTextMisc", text=""
[parser-unknown-class] "SchdlTextMisc", text="Equality of Treatment"
[parser-unknown-class] "SchdlTextMisc", text=""
[parser-unknown-class] "SchdlTextMisc", text="Subject to this Agreement, all persons to whom this Agreement applies shall be treated equally by..."
[parser-unknown-class] "SchdlTextMisc", text=""
[parser-unknown-class] "SchdlHeadingArticle", text="ARTICLE 5"
[parser-unknown-class] "SchdlTextMisc", text=""
[parser-unknown-class] "SchdlTextMisc", text="Application of the Legislation of Cyprus"
[parser-unknown-class] "SchdlTextMisc", text=""
[parser-unknown-class] "SchdlTextPara", text="1. Subject to the following paragraphs, where a person to whom this Agreement applies is gainfull..."
[parser-unknown-class] "SchdlTextPara", text=""
[parser-unknown-class] "SchdlTextPara", text="2. Where a person insured under the legislation of Cyprus is sent by an employer to work temporar..."
[parser-unknown-class] "SchdlTextPara", text=""
[parser-unknown-class] "SchdlTextPara", text="3. A person who is employed as a member of the crew of a seagoing ship flying the Cyprus flag sha..."
[parser-unknown-class] "SchdlTextPara", text=""
[parser-unknown-class] "SchdlTextPara", text="4. Subject to the provisions of paragraph 5, a person employed by the Government or other public ..."
[parser-unknown-class] "SchdlTextPara", text=""
[parser-unknown-class] "SchdlTextPara", text="5. This Article does not apply to any person who falls within the scope of the Vienna Convention ..."
[parser-unknown-class] "SchdlTextPara", text=""
[parser-unknown-class] "SchdlTextPara", text="6. The Competent Authorities of the two Parties may provide, by agreement with one another, excep..."
[parser-unknown-class] "SchdlTextPara", text=""
[parser-unknown-class] "SchdlTextPara", text="7. Where in accordance with the provisions of this Article a person is insured under the legislat..."
[parser-unknown-class] "SchdlTextMisc", text=""
[parser-unknown-class] "SchdlHeadingPart", text="PART II—PROVISIONS RELATING TO BENEFITS"
[parser-unknown-class] "SchdlTextMisc", text=""
[parser-unknown-class] "SchdlTextMisc", text="AUSTRALIAN BENEFITS"
[parser-unknown-class] "SchdlTextMisc", text=""
[parser-unknown-class] "SchdlHeadingArticle", text="ARTICLE 6"
[parser-unknown-class] "SchdlTextMisc", text=""
[parser-unknown-class] "SchdlTextMisc", text="Residence or Presence in Cyprus or a Third State"
[parser-unknown-class] "SchdlTextMisc", text=""
[parser-unknown-class] "SchdlTextPara", text="1. Where a person would be qualified under the legislation of Australia or by virtue of this Agre..."
[parser-unknown-class] "SchdlTextMisc", text=""
[parser-unknown-class] "SchdlTextSubPara", text="(a) is an Australian resident or residing in the territory of Cyprus or a third State with which ..."
[parser-unknown-class] "SchdlTextSubPara", text="(b) is in Australia, or the territory of Cyprus or that third State,"
[parser-unknown-class] "SchdlTextMisc", text=""
[parser-unknown-class] "SchdlTextPara", text="that person shall be deemed, for the purposes of lodging that claim, to be an Australian resident..."
[parser-unknown-class] "SchdlTextMisc", text=""
[parser-unknown-class] "SchdlTextPara", text="2. Paragraph 1 shall not apply to a claimant for a carer pension who has never been an Australian..."
[parser-unknown-class] "SchdlTextMisc", text=""
[parser-unknown-class] "SchdlHeadingArticle", text="ARTICLE 7"
[parser-unknown-class] "SchdlTextMisc", text=""
[parser-unknown-class] "SchdlTextMisc", text="Partner related Australian Benefits"
[parser-unknown-class] "SchdlTextMisc", text=""
[parser-unknown-class] "SchdlTextMisc", text="A person who receives from Australia any Australian pension, benefit or allowance under the socia..."
[parser-unknown-class] "SchdlTextMisc", text=""
[parser-unknown-class] "SchdlHeadingArticle", text="ARTICLE 8"
[parser-unknown-class] "SchdlTextMisc", text=""
[parser-unknown-class] "SchdlTextMisc", text="Totalisation for Australia"
[parser-unknown-class] "SchdlTextMisc", text=""
[parser-unknown-class] "SchdlTextPara", text="1. Where a person to whom this Agreement applies has claimed an Australian benefit under this Agr..."
[parser-unknown-class] "SchdlTextMisc", text=""
[parser-unknown-class] "SchdlTextSubPara", text="(a) a period as an Australian resident that is less than the period required to qualify that pers..."
[parser-unknown-class] "SchdlTextSubPara", text="(b) a period of Australian working life residence equal to or greater than the period identified ..."
[parser-unknown-class] "SchdlTextSubPara", text="(c) a period of insurance;"
[parser-unknown-class] "SchdlTextMisc", text=""
[parser-unknown-class] "SchdlTextPara", text="then for the purposes of a claim for that Australian benefit, that period of insurance shall be d..."
[parser-unknown-class] "SchdlTextPara", text=""
[parser-unknown-class] "SchdlTextPara", text="2. For the purposes of paragraph 1, where a person:"
[parser-unknown-class] "SchdlTextMisc", text=""
[parser-unknown-class] "SchdlTextSubPara", text="(a) has been an Australian resident for a continuous period which is less than the minimum contin..."
[parser-unknown-class] "SchdlTextSubPara", text="(b) has accumulated a period of insurance in two or more separate periods that equals or exceeds ..."
[parser-unknown-class] "SchdlTextMisc", text=""
[parser-unknown-class] "SchdlTextPara", text="the total of the periods of insurance shall be deemed to be one continuous period."
[parser-unknown-class] "SchdlTextPara", text=""
[parser-unknown-class] "SchdlTextPara", text="3. For the purposes of converting a person’s period of insurance to a period when that person was..."
[parser-unknown-class] "SchdlTextMisc", text=""
[parser-unknown-class] "SchdlTextSubPara", text="(a) each week of insurance completed before 6 October 1980 under the legislation of Cyprus shall ..."
[parser-unknown-class] "SchdlTextSubPara", text="(b) the insurable earnings for any period of insurance completed from 6 October 1980 under the le..."
[parser-unknown-class] "SchdlTextMisc", text=""
[parser-unknown-class] "SchdlTextPara", text="4. For all purposes of this Article, where a period by a person as an Australian resident and a p..."
[parser-unknown-class] "SchdlTextPara", text=""
[parser-unknown-class] "SchdlTextPara", text="5. The minimum period of Australian working life residence to be taken into account for the purpo..."
[parser-unknown-class] "SchdlTextMisc", text=""
[parser-unknown-class] "SchdlTextSubPara", text="(a) for the purposes of an Australian benefit that is payable to a person who is not an Australia..."
[parser-unknown-class] "SchdlTextSubPara", text="(b) for the purposes of an Australian benefit that is payable to an Australian resident no minimu..."
[parser-unknown-class] "SchdlTextMisc", text=""
[parser-unknown-class] "SchdlHeadingArticle", text="ARTICLE 9"
[parser-unknown-class] "SchdlTextMisc", text=""
[parser-unknown-class] "SchdlTextMisc", text="Calculation of Australian Benefits"
[parser-unknown-class] "SchdlTextMisc", text=""
[parser-unknown-class] "SchdlTextPara", text="1. Subject to paragraph 2, where an Australian benefit is payable, whether by virtue of this Agre..."
[parser-unknown-class] "SchdlTextPara", text=""
[parser-unknown-class] "SchdlTextPara", text="2. Only a person receiving a proportionalised Australian benefit under the legislation of Austral..."
[parser-unknown-class] "SchdlTextPara", text=""
[parser-unknown-class] "SchdlTextPara", text="3. Where an Australian benefit is payable, whether payable by virtue of this Agreement or otherwi..."
[parser-unknown-class] "SchdlTextPara", text=""
[parser-unknown-class] "SchdlTextPara", text="4. Subject to the provisions of paragraph 5, where an Australian benefit is payable only by virtu..."
[parser-unknown-class] "SchdlTextMisc", text=""
[parser-unknown-class] "SchdlTextSubPara", text="(a) calculating that person’s income according to the legislation of Australia but disregarding i..."
[parser-unknown-class] "SchdlTextSubPara", text="(b) deducting the amount of the Cyprus benefit received by that person from the maximum rate of t..."
[parser-unknown-class] "SchdlTextSubPara", text="(c) applying to the remaining benefit obtained under subparagraph (b) the relevant rate calculati..."
[parser-unknown-class] "SchdlTextMisc", text=""
[parser-unknown-class] "SchdlTextPara", text="5. Where a member of a couple is, or both that member and his or her partner are, in receipt of a..."
[parser-unknown-class] "SchdlTextPara", text=""
[parser-unknown-class] "SchdlTextPara", text="6. If a person would receive an Australian benefit except for the operation of paragraph 4 or exc..."
[parser-unknown-class] "SchdlTextPara", text=""
[parser-unknown-class] "SchdlTextPara", text="7. The reference in paragraph 6 to a payment under the legislation of Australia to the partner of..."
[parser-unknown-class] "SchdlTextMisc", text=""
[parser-unknown-class] "SchdlHeadingPart", text="PART III—PROVISIONS RELATING TO CYPRUS BENEFITS"
[parser-unknown-class] "SchdlTextMisc", text=""
[parser-unknown-class] "SchdlHeadingArticle", text="ARTICLE 10"
[parser-unknown-class] "SchdlTextMisc", text=""
[parser-unknown-class] "SchdlTextMisc", text="Totalisation for Cyprus"
[parser-unknown-class] "SchdlTextMisc", text=""
[parser-unknown-class] "SchdlTextPara", text="1. Subject to paragraph 4, if a person is not entitled to benefit on the basis of insurance perio..."
[parser-unknown-class] "SchdlTextPara", text=""
[parser-unknown-class] "SchdlTextPara", text="2. In applying the provisions of paragraph 1, no account shall be taken of any period of working ..."
[parser-unknown-class] "SchdlTextPara", text=""
[parser-unknown-class] "SchdlTextPara", text="3. For the purposes of this Article where a period of insurance and a period of Australian workin..."
[parser-unknown-class] "SchdlTextPara", text=""
[parser-unknown-class] "SchdlTextPara", text="4. Paragraph 1 shall not apply if the period of insurance is less than 52 weeks, except where the..."
[parser-unknown-class] "SchdlTextPara", text=""
[parser-unknown-class] "SchdlTextPara", text="5. For the purpose of converting a period of Australian working life residence into a period of i..."
[parser-unknown-class] "SchdlTextMisc", text=""
[parser-unknown-class] "SchdlHeadingArticle", text="ARTICLE 11"
[parser-unknown-class] "SchdlTextMisc", text=""
[parser-unknown-class] "SchdlTextMisc", text="Calculation of Cyprus Benefits"
[parser-unknown-class] "SchdlTextMisc", text=""
[parser-unknown-class] "SchdlTextPara", text="1. Subject to paragraph 2, the amount of benefit payable under the provisions of Article 10 shall..."
[parser-unknown-class] "SchdlTextMisc", text=""
[parser-unknown-class] "SchdlTextSubPara", text="(a) the Competent Institution of Cyprus shall calculate the theoretical basic benefit that would ..."
[parser-unknown-class] "SchdlTextSubPara", text="(b) it shall then prorate the theoretical basic benefit so calculated by the fraction which repre..."
[parser-unknown-class] "SchdlTextSubPara", text="(c) the amount of the supplementary benefit shall be determined exclusively on the basis of perio..."
[parser-unknown-class] "SchdlTextMisc", text=""
[parser-unknown-class] "SchdlTextPara", text="2. The amount of the funeral benefit payable under the legislation of Cyprus shall be calculated ..."
[parser-unknown-class] "SchdlTextMisc", text=""
[parser-unknown-class] "SchdlHeadingArticle", text="ARTICLE 12"
[parser-unknown-class] "SchdlTextMisc", text=""
[parser-unknown-class] "SchdlTextMisc", text="Work‑related disablement"
[parser-unknown-class] "SchdlTextMisc", text=""
[parser-unknown-class] "SchdlTextPara", text="1. Subject to paragraph 2, pensions for work‑related disablement under the legislation of Cyprus ..."
[parser-unknown-class] "SchdlTextPara", text=""
[parser-unknown-class] "SchdlTextPara", text="2. The rate of a pension for work‑related disablement paid by virtue of this Agreement shall be c..."
[parser-unknown-class] "SchdlTextMisc", text=""
[parser-unknown-class] "SchdlHeadingPart", text="PART IV—MISCELLANEOUS AND ADMINISTRATIVE PROVISIONS"
[parser-unknown-class] "SchdlTextMisc", text=""
[parser-unknown-class] "SchdlHeadingArticle", text="ARTICLE 13"
[parser-unknown-class] "SchdlTextMisc", text=""
[parser-unknown-class] "SchdlTextMisc", text="Lodgement of Documents"
[parser-unknown-class] "SchdlTextMisc", text=""
[parser-unknown-class] "SchdlTextPara", text="1. A claim, notice or appeal concerning a benefit, whether payable by a Party by virtue of this A..."
[parser-unknown-class] "SchdlTextPara", text=""
[parser-unknown-class] "SchdlTextPara", text="2. For the purposes of assessing entitlement to a benefit, the date on which a claim, notice or a..."
[parser-unknown-class] "SchdlTextPara", text=""
[parser-unknown-class] "SchdlTextPara", text="3. In relation to Australia, the reference in this Article to an appeal document is a reference t..."
[parser-unknown-class] "SchdlTextMisc", text=""
[parser-unknown-class] "SchdlHeadingArticle", text="ARTICLE 14"
[parser-unknown-class] "SchdlTextMisc", text=""
[parser-unknown-class] "SchdlTextMisc", text="Determination of Claims"
[parser-unknown-class] "SchdlTextMisc", text=""
[parser-unknown-class] "SchdlTextPara", text="1. In determining the eligibility or entitlement of a person to a benefit by virtue of this Agree..."
[parser-unknown-class] "SchdlTextMisc", text=""
[parser-unknown-class] "SchdlTextSubPara", text="(a) a period as an Australian resident and a period of insurance; and"
[parser-unknown-class] "SchdlTextSubPara", text="(b) any event or fact which is relevant to that entitlement,"
[parser-unknown-class] "SchdlTextMisc", text=""
[parser-unknown-class] "SchdlTextPara", text="shall, subject to this Agreement, be taken into account in so far as those periods, events or fac..."
[parser-unknown-class] "SchdlTextMisc", text=""
[parser-unknown-class] "SchdlTextPara", text="2. The commencement date for payment of a benefit payable by virtue of this Agreement shall be de..."
[parser-unknown-class] "SchdlTextPara", text=""
[parser-unknown-class] "SchdlTextPara", text="3. Where:"
[parser-unknown-class] "SchdlTextMisc", text=""
[parser-unknown-class] "SchdlTextSubPara", text="(a) a benefit payable by virtue of this Agreement by one of the Parties is claimed or is being pa..."
[parser-unknown-class] "SchdlTextSubPara", text="(b) there are reasonable grounds for believing that the claimant may also be entitled, whether by..."
[parser-unknown-class] "SchdlTextMisc", text=""
[parser-unknown-class] "SchdlTextPara", text="that first mentioned benefit shall not be paid or continue to be paid until a claim is duly lodge..."
[parser-unknown-class] "SchdlTextPara", text=""
[parser-unknown-class] "SchdlTextPara", text="4. Where:"
[parser-unknown-class] "SchdlTextMisc", text=""
[parser-unknown-class] "SchdlTextSubPara", text="(a) a benefit is paid or payable by a Party to a person in respect of a past period; and"
[parser-unknown-class] "SchdlTextSubPara", text="(b) for all or part of that period, the other Party has paid to that person a benefit under its l..."
[parser-unknown-class] "SchdlTextSubPara", text="(c) the amount of the benefit paid by that other Party would have been reduced had the benefit pa..."
[parser-unknown-class] "SchdlTextMisc", text=""
[parser-unknown-class] "SchdlTextPara", text="then"
[parser-unknown-class] "SchdlTextMisc", text=""
[parser-unknown-class] "SchdlTextSubPara", text="(d) the amount that would not have been paid by the other Party had the benefit described in subp..."
[parser-unknown-class] "SchdlTextSubPara", text="(e) the other Party may determine that the amount or any part of that debt may be deducted from f..."
[parser-unknown-class] "SchdlTextMisc", text=""
[parser-unknown-class] "SchdlTextPara", text="5. Where the first Party has not yet paid the benefit described in subparagraph 4(a) to the person:"
[parser-unknown-class] "SchdlTextMisc", text=""
[parser-unknown-class] "SchdlTextSubPara", text="(a) that Party shall, at the request of the other Party, pay the amount of the benefit necessary ..."
[parser-unknown-class] "SchdlTextSubPara", text="(b) any shortfall may be recovered by the other Party under subparagraph 4(e)."
[parser-unknown-class] "SchdlTextMisc", text=""
[parser-unknown-class] "SchdlTextPara", text="6. The Competent Institution receiving a request under paragraph 5 shall transfer the amount of t..."
[parser-unknown-class] "SchdlTextMisc", text=""
[parser-unknown-class] "SchdlTextPara", text="7. A reference in paragraphs 3, 4 and 5 to a benefit, in relation to Australia, means a pension, ..."
[parser-unknown-class] "SchdlTextMisc", text=""
[parser-unknown-class] "SchdlHeadingArticle", text="ARTICLE 15"
[parser-unknown-class] "SchdlTextMisc", text=""
[parser-unknown-class] "SchdlTextMisc", text="Payment of Benefits"
[parser-unknown-class] "SchdlTextMisc", text=""
[parser-unknown-class] "SchdlTextPara", text="1. Benefits of one Party, when payable by virtue of this Agreement, are also payable in the terri..."
[parser-unknown-class] "SchdlTextPara", text=""
[parser-unknown-class] "SchdlTextPara", text="2. Where the legislation of a Party provides that a benefit is payable outside the territory of t..."
[parser-unknown-class] "SchdlTextPara", text=""
[parser-unknown-class] "SchdlTextPara", text="3. Subject to Article 7, where qualification for a benefit of one Party is subject to limitations..."
[parser-unknown-class] "SchdlTextPara", text=""
[parser-unknown-class] "SchdlTextPara", text="4. If a Party imposes legal or administrative restrictions on the transfer of its currency abroad..."
[parser-unknown-class] "SchdlTextPara", text=""
[parser-unknown-class] "SchdlTextPara", text="5. A benefit payable by a Party by virtue of this Agreement shall be paid by that Party without d..."
[parser-unknown-class] "SchdlTextPara", text=""
[parser-unknown-class] "SchdlTextPara", text="6. Any exemption granted in the territory of one of the Parties from stamp duty, notarial or regi..."
[parser-unknown-class] "SchdlTextMisc", text=""
[parser-unknown-class] "SchdlHeadingArticle", text="ARTICLE 16"
[parser-unknown-class] "SchdlTextMisc", text=""
[parser-unknown-class] "SchdlTextMisc", text="Exchange of Information and Mutual Assistance"
[parser-unknown-class] "SchdlTextMisc", text=""
[parser-unknown-class] "SchdlTextPara", text="1. The Competent Authorities and Competent Institutions responsible for the application of this A..."
[parser-unknown-class] "SchdlTextMisc", text=""
[parser-unknown-class] "SchdlTextSubPara", text="(a) shall communicate to each other any information necessary for the application of this Agreement;"
[parser-unknown-class] "SchdlTextSubPara", text="(b) shall lend their good offices and furnish assistance to one another, including the communicat..."
[parser-unknown-class] "SchdlTextSubPara", text="(c) shall communicate to each other, as soon as possible, all information about the measures take..."
[parser-unknown-class] "SchdlTextSubPara", text="(d) at the request of one to the other, assist each other in relation to the implementation of ag..."
[parser-unknown-class] "SchdlTextMisc", text=""
[parser-unknown-class] "SchdlTextPara", text="2. The assistance referred to in paragraph 1 shall be provided free of charge, subject to any Adm..."
[parser-unknown-class] "SchdlTextPara", text=""
[parser-unknown-class] "SchdlTextPara", text="3. Unless disclosure is required under the laws of a Party, any information about an individual w..."
[parser-unknown-class] "SchdlTextPara", text=""
[parser-unknown-class] "SchdlTextPara", text="4. In no case shall the provisions of paragraphs 1 and 3 be construed so as to impose on the Comp..."
[parser-unknown-class] "SchdlTextMisc", text=""
[parser-unknown-class] "SchdlTextSubPara", text="(a) to carry out administrative measures at variance with the laws or the administrative practice..."
[parser-unknown-class] "SchdlTextSubPara", text="(b) to supply particulars which are not obtainable under the laws or in the normal course of the ..."
[parser-unknown-class] "SchdlTextMisc", text=""
[parser-unknown-class] "SchdlTextPara", text="5. In the application of this Agreement, the Competent Authority and the Institutions of a Party ..."
[parser-unknown-class] "SchdlTextMisc", text=""
[parser-unknown-class] "SchdlHeadingArticle", text="ARTICLE 17"
[parser-unknown-class] "SchdlTextMisc", text=""
[parser-unknown-class] "SchdlTextMisc", text="Administrative Arrangement"
[parser-unknown-class] "SchdlTextMisc", text=""
[parser-unknown-class] "SchdlTextMisc", text="The Competent Authorities of the Parties shall make whatever Administrative Arrangement is necess..."
[parser-unknown-class] "SchdlTextMisc", text=""
[parser-unknown-class] "SchdlHeadingArticle", text="ARTICLE 18"
[parser-unknown-class] "SchdlTextMisc", text=""
[parser-unknown-class] "SchdlTextMisc", text="Resolution of difficulties"
[parser-unknown-class] "SchdlTextMisc", text=""
[parser-unknown-class] "SchdlTextPara", text="1. The Competent Authorities of the Parties shall resolve, to the extent possible, any difficulti..."
[parser-unknown-class] "SchdlTextPara", text=""
[parser-unknown-class] "SchdlTextPara", text="2. The Parties shall consult promptly at the request of either concerning matters which have not ..."
[parser-unknown-class] "SchdlTextMisc", text=""
[parser-unknown-class] "SchdlHeadingArticle", text="ARTICLE 19"
[parser-unknown-class] "SchdlTextMisc", text=""
[parser-unknown-class] "SchdlTextMisc", text="Review of Agreement"
[parser-unknown-class] "SchdlTextMisc", text=""
[parser-unknown-class] "SchdlTextMisc", text="Where a Party requests the other to meet to review this Agreement, the Parties shall meet for tha..."
[parser-unknown-class] "SchdlTextMisc", text=""
[parser-unknown-class] "SchdlHeadingPart", text="PART V—TRANSITIONAL AND FINAL PROVISIONS"
[parser-unknown-class] "SchdlTextMisc", text=""
[parser-unknown-class] "SchdlHeadingArticle", text="ARTICLE 20"
[parser-unknown-class] "SchdlTextMisc", text=""
[parser-unknown-class] "SchdlTextMisc", text="Entry Into Force and Termination"
[parser-unknown-class] "SchdlTextMisc", text=""
[parser-unknown-class] "SchdlTextPara", text="1. This Agreement shall enter into force on the first day of the second month after an exchange o..."
[parser-unknown-class] "SchdlTextPara", text=""
[parser-unknown-class] "SchdlTextPara", text="2. Subject to paragraph 3, this Agreement shall remain in force until the expiration of 12 months..."
[parser-unknown-class] "SchdlTextMisc", text=""
[parser-unknown-class] "SchdlTextPara", text="3. In the event that this Agreement is terminated in accordance with paragraph 2, the Agreement s..."
[parser-unknown-class] "SchdlTextMisc", text=""
[parser-unknown-class] "SchdlTextSubPara", text="(a) at the date of termination, are in receipt of benefits; or"
[parser-unknown-class] "SchdlTextSubPara", text="(b) prior to the expiry of the period referred to in that paragraph, have lodged claims for, and ..."
[parser-unknown-class] "SchdlTextMisc", text=""
[parser-unknown-class] "SchdlTextPara", text="by virtue of this Agreement."
[parser-unknown-class] "SchdlTextMisc", text=""
[parser-unknown-class] "SchdlTextMisc", text="IN WITNESS WHEREOF, the undersigned, being duly authorised thereto by their respective Government..."
[parser-unknown-class] "SchdlTextMisc", text=""
[parser-unknown-class] "SchdlTextMisc", text="DONE in two copies at Nicosia this twelfth day of May 1992,"
[parser-unknown-class] "SchdlTextMisc", text="in the English and Greek languages."
[parser-unknown-class] "SchdlTextMisc", text=""
[parser-unknown-class] "SchdlTextMisc", text="DAVID SIMMONS I ARISTIDOU"
[parser-unknown-class] "SchdlTextMisc", text=""
[parser-unknown-class] "SchdlTextMisc", text="FOR AUSTRALIA FOR THE REPUBLIC OF               CYPRUS"
[parser-unknown-class] "BodyText", text="Note: See section 5."
[parser-unknown-class] "BodyText", text=""
[parser-unknown-class] "BodyText", text="AGREEMENT BETWEEN AUSTRALIA AND THE KINGDOM OF DENMARK ON SOCIAL SECURITY"
[parser-unknown-class] "BodyText", text=""
[parser-unknown-class] "BodyText", text="AUSTRALIA AND THE KINGDOM OF DENMARK,"
[parser-unknown-class] "BodyText", text=""
[parser-unknown-class] "BodyText", text="WISHING to strengthen the existing friendly relations between the two countries, and"
[parser-unknown-class] "BodyText", text=""
[parser-unknown-class] "BodyText", text="RESOLVED to co‑ordinate their social security systems;"
[parser-unknown-class] "BodyText", text=""
[parser-unknown-class] "BodyText", text="HAVE AGREED as follows:"
[parser-unknown-class] "BodyText", text=""
[parser-unknown-class] "Patheadingagreementjc", text="PART I—GENERAL PROVISIONS"
[parser-unknown-class] "articleheadingjc", text="ARTICLE 1"
[parser-unknown-class] "BodyText", text="Definitions"
[parser-unknown-class] "BodyText", text=""
[parser-unknown-class] "BodyText", text="1. In this Agreement, unless the context otherwise requires:"
[parser-unknown-class] "BodyText", text=""
[parser-unknown-class] "BodyText", text="(a) “territory” means:"
[parser-unknown-class] "BodyText", text=""
[parser-unknown-class] "BodyText", text="in relation to Australia:"
[parser-unknown-class] "BodyText", text="Australia as defined in the legislation of Australia; and"
[parser-unknown-class] "BodyText", text=""
[parser-unknown-class] "BodyText", text="in relation to the Kingdom of Denmark:"
[parser-unknown-class] "BodyText", text="its national territory, with the exception of Greenland and the Faroe Islands;"
[parser-unknown-class] "BodyText", text="(b) “legislation” means:"
[parser-unknown-class] "BodyText", text=""
[parser-unknown-class] "BodyText", text="in relation to Australia:"
[parser-unknown-class] "BodyText", text="the laws specified in subparagraph 1(a) of Article 2; and"
[parser-unknown-class] "BodyText", text=""
[parser-unknown-class] "BodyText", text="in relation to Denmark:"
[parser-unknown-class] "BodyText", text="the laws specified in subparagraph 1(b) of Article 2;"
[parser-unknown-class] "BodyText", text=""
[parser-unknown-class] "BodyText", text="(c) “benefit” means in relation to a Party, a benefit, pension or allowance for which provision i..."
[parser-unknown-class] "BodyText", text=""
[parser-unknown-class] "BodyText", text="(d) “Competent Authority” means;"
[parser-unknown-class] "BodyText", text=""
[parser-unknown-class] "BodyText", text="in relation to Australia:"
[parser-unknown-class] "BodyText", text="the Secretary to the Department responsible for the application of the legislation in subparagrap..."
[parser-unknown-class] "BodyText", text=""
[parser-unknown-class] "BodyText", text="in relation to Denmark:"
[parser-unknown-class] "BodyText", text="the Minister of Social Affairs;"
[parser-unknown-class] "BodyText", text=""
[parser-unknown-class] "BodyText", text="(e) “Competent Institution” means;"
[parser-unknown-class] "BodyText", text=""
[parser-unknown-class] "BodyText", text="in relation to Australia:"
[parser-unknown-class] "BodyText", text="the institution responsible for the administration of the legislation; and"
[parser-unknown-class] "BodyText", text=""
[parser-unknown-class] "BodyText", text="in relation to Denmark:"
[parser-unknown-class] "BodyText", text="the institution responsible for providing benefits;"
[parser-unknown-class] "BodyText", text=""
[parser-unknown-class] "BodyText", text="(f) “period of Australian working life residence” means, in relation to a person, a period define..."
[parser-unknown-class] "BodyText", text=""
[parser-unknown-class] "BodyText", text="(g) “residence” means, as regards Denmark, habitual residence which is lawfully established; and"
[parser-unknown-class] "BodyText", text=""
[parser-unknown-class] "BodyText", text="(h) “widowed person” means, in relation to Australia, a person who stops being a member of a coup..."
[parser-unknown-class] "BodyText", text=""
[parser-unknown-class] "BodyText", text="2. Any term not defined in this Article has the meaning assigned to it in the applicable legislat..."
[parser-unknown-class] "BodyText", text=""
[parser-unknown-class] "articleheadingjc", text="ARTICLE 2"
[parser-unknown-class] "articletitle", text="Legislative Scope"
[parser-unknown-class] "BodyText", text="1. Subject to paragraph 2, this Agreement shall apply to the following laws, as amended at the da..."
[parser-unknown-class] "BodyText", text=""
[parser-unknown-class] "BodyText", text="(a) in relation to Australia: the Social Security Act 1991 in so far as the Act provides for, app..."
[parser-unknown-class] "BodyText", text="(i) age pension;"
[parser-unknown-class] "BodyText", text="(ii) disability support pension for severely disabled persons; and"
[parser-unknown-class] "BodyText", text="(iii) parenting payment for widowed persons; and"
[parser-unknown-class] "BodyText", text=""
[parser-unknown-class] "BodyText", text="(b) in relation to Denmark:"
[parser-unknown-class] "BodyText", text="(i) the Social Pensions Act and the regulations made thereunder; and"
[parser-unknown-class] "BodyText", text="(ii) the Labour Market Supplementary Pension (ATP) Act and the regulations made thereunder."
[parser-unknown-class] "BodyText", text="2. Notwithstanding the provisions of paragraph 1, the legislation of Australia shall not include ..."
[parser-unknown-class] "BodyText", text=""
[parser-unknown-class] "BodyText", text="3. This Agreement shall apply to laws or regulations which extend the existing legislation to oth..."
[parser-unknown-class] "BodyText", text=""
[parser-unknown-class] "articleheadingjc", text="ARTICLE 3"
[parser-unknown-class] "articletitle", text="Personal Scope"
[parser-unknown-class] "BodyText", text="This Agreement shall apply to any person who:"
[parser-unknown-class] "BodyText", text=""
[parser-unknown-class] "BodyText", text="(a) in the case of Australia:"
[parser-unknown-class] "BodyText", text="(i) is or has been an Australian resident; or"
[parser-unknown-class] "BodyText", text="(ii) is or has been a Danish resident;"
[parser-unknown-class] "BodyText", text=""
[parser-unknown-class] "BodyText", text="(b) in the case of Denmark is an Australian or Danish national,"
[parser-unknown-class] "BodyText", text=""
[parser-unknown-class] "BodyText", text="and, where applicable, to other persons in regard to the rights derived from the persons referred..."
[parser-unknown-class] "BodyText", text=""
[parser-unknown-class] "Partheadingagreementjc", text="PART II—EQUALITY OF TREATMENT AND EXPORT OF BENEFITS"
[parser-unknown-class] "articleheadingjc", text="ARTICLE 4"
[parser-unknown-class] "BodyText", text="Equality of Treatment"
[parser-unknown-class] "BodyText", text=""
[parser-unknown-class] "BodyText", text="Subject to this Agreement, all persons to whom this Agreement applies shall be treated equally by..."
[parser-unknown-class] "BodyText", text=""
[parser-unknown-class] "articleheadingjc", text="ARTICLE 5"
[parser-unknown-class] "articletitle", text="Payment of Benefits Abroad"
[parser-unknown-class] "BodyText", text=""
[parser-unknown-class] "BodyText", text="1. Subject to other provisions of this Agreement, benefits of one Party are also payable in the t..."
[parser-unknown-class] "BodyText", text=""
[parser-unknown-class] "BodyText", text="2 . Where qualification for a benefit of one Party is subject to limitations as to time, then ref..."
[parser-unknown-class] "BodyText", text=""
[parser-unknown-class] "BodyText", text="3 . If a Party imposes legal or administrative restrictions on the transfer of its currency abroa..."
[parser-unknown-class] "BodyText", text=""
[parser-unknown-class] "BodyText", text="4 . A benefit payable by a Party by virtue of this Agreement shall be paid by that Party without ..."
[parser-unknown-class] "BodyText", text=""
[parser-unknown-class] "BodyText", text="5 . Any exemption granted in the territory of one of the Parties from stamp duty, notarial or reg..."
[parser-unknown-class] "BodyText", text=""
[parser-unknown-class] "BodyText", text="6 . A pension under the Social Pensions Act shall be payable to an Australian national resident i..."
[parser-unknown-class] "BodyText", text=""
[parser-unknown-class] "BodyText", text="7 . For the purpose of paragraph 6 of this article, the following provisions shall apply:"
[parser-unknown-class] "BodyText", text=""
[parser-unknown-class] "BodyText", text="(a) where membership contributions have been paid for one year in respect of a person covered by ..."
[parser-unknown-class] "BodyText", text=""
[parser-unknown-class] "BodyText", text="(b) where a person establishes that he or she was employed in the territory of Denmark for any pe..."
[parser-unknown-class] "BodyText", text=""
[parser-unknown-class] "BodyText", text="(c) where a person establishes that he or she was self‑employed in the territory of Denmark for a..."
[parser-unknown-class] "BodyText", text=""
[parser-unknown-class] "BodyText", text="8. Where the conditions specified in paragraph 6 of this Article have not been met, a pension awa..."
[parser-unknown-class] "BodyText", text=""
[parser-unknown-class] "BodyText", text="9 . The following supplements, allowances and benefits under the Social Pensions Act, shall be pa..."
[parser-unknown-class] "BodyText", text=""
[parser-unknown-class] "BodyText", text="(a) pensions supplement"
[parser-unknown-class] "BodyText", text=""
[parser-unknown-class] "BodyText", text="(b) personal allowance"
[parser-unknown-class] "BodyText", text=""
[parser-unknown-class] "BodyText", text="(c) outside assistance allowance"
[parser-unknown-class] "BodyText", text=""
[parser-unknown-class] "BodyText", text="(d) constant attendance allowance"
[parser-unknown-class] "BodyText", text=""
[parser-unknown-class] "BodyText", text="(e) disability benefit."
[parser-unknown-class] "BodyText", text=""
[parser-unknown-class] "BodyText", text="10 . Notwithstanding any other provision of this Agreement, periods of residence in the territory..."
[parser-unknown-class] "BodyText", text=""
[parser-unknown-class] "BodyText", text="11 . The rights under this Article shall not apply to rent assistance or pharmaceutical allowance."
[parser-unknown-class] "BodyText", text=""
[parser-unknown-class] "Partheadingagreementjc", text="PART III—PROVISIONS RELATING TO AUSTRALIAN BENEFITS"
[parser-unknown-class] "BodyText", text="ARTICLE 6"
[parser-unknown-class] "BodyText", text="Residence or Presence in the Territory of Denmark"
[parser-unknown-class] "BodyText", text=""
[parser-unknown-class] "BodyText", text="1. Where a person would be qualified under the legislation of Australia or by virtue of this Agre..."
[parser-unknown-class] "BodyText", text=""
[parser-unknown-class] "BodyText", text="(a) is an Australian resident or residing in the territory of Denmark; and"
[parser-unknown-class] "BodyText", text=""
[parser-unknown-class] "BodyText", text="(b) is in Australia, or the territory of Denmark,"
[parser-unknown-class] "BodyText", text=""
[parser-unknown-class] "BodyText", text="that person shall be deemed, for the purposes of lodging that claim, to be an Australian resident..."
[parser-unknown-class] "BodyText", text=""
[parser-unknown-class] "BodyText", text="2. Paragraph 1 shall not apply to a person who is a claimant for a parenting payment."
[parser-unknown-class] "BodyText", text=""
[parser-unknown-class] "articleheadingjc", text="ARTICLE 7"
[parser-unknown-class] "articletitle", text="Totalisation for Australia"
[parser-unknown-class] "BodyText", text="1. Subject to paragraph 3, where a person to whom this Agreement applies has claimed an Australia..."
[parser-unknown-class] "BodyText", text=""
[parser-unknown-class] "BodyText", text="(a) a period as an Australian resident that is less than the period required to qualify that pers..."
[parser-unknown-class] "BodyText", text=""
[parser-unknown-class] "BodyText", text="(b) a period of Australian working life residence equal to or greater than the period identified ..."
[parser-unknown-class] "BodyText", text=""
[parser-unknown-class] "BodyText", text="and has accumulated a period of residence in Denmark, within the qualifying period specified in t..."
[parser-unknown-class] "BodyText", text=""
[parser-unknown-class] "BodyText", text="2. The minimum period to be taken into account for the purposes of subparagraph 1(b) shall be as ..."
[parser-unknown-class] "BodyText", text=""
[parser-unknown-class] "BodyText", text="(a) for the purposes of an Australian benefit that is payable to a person who is not an Australia..."
[parser-unknown-class] "BodyText", text=""
[parser-unknown-class] "BodyText", text="(b) for the purposes of an Australian benefit that is payable to an Australian resident, no minim..."
[parser-unknown-class] "BodyText", text=""
[parser-unknown-class] "BodyText", text="3. Periods of Australian working life residence prior to April 1, 1957 and periods of residence i..."
[parser-unknown-class] "BodyText", text=""
[parser-unknown-class] "BodyText", text="ARTICLE 8"
[parser-unknown-class] "BodyText", text="Calculation of Australian Benefit"
[parser-unknown-class] "BodyText", text=""
[parser-unknown-class] "BodyText", text="1. Subject to paragraph 2, where an Australian benefit is payable, whether by virtue of this Agre..."
[parser-unknown-class] "BodyText", text=""
[parser-unknown-class] "BodyText", text="2. A person referred to in paragraph 1 shall only be entitled to receive the assessment of income..."
[parser-unknown-class] "BodyText", text=""
[parser-unknown-class] "BodyText", text="3. Where an Australian benefit is payable, whether by virtue of this Agreement or otherwise, to a..."
[parser-unknown-class] "BodyText", text=""
[parser-unknown-class] "BodyText", text="4. As soon as it is practicable after the exchange of letters in which Danish payments are mutual..."
[parser-unknown-class] "BodyText", text=""
[parser-unknown-class] "BodyText", text="5. Subject to the provisions of paragraph 6, where an Australian benefit is payable only by virtu..."
[parser-unknown-class] "BodyText", text=""
[parser-unknown-class] "BodyText", text="(a) calculating that person’s income according to the legislation of Australia but disregarding i..."
[parser-unknown-class] "BodyText", text=""
[parser-unknown-class] "BodyText", text="(b) deducting the amount of the Danish benefit received by that person from the maximum rate of t..."
[parser-unknown-class] "BodyText", text=""
[parser-unknown-class] "BodyText", text="(c) applying to the remaining benefit obtained under subparagraph (b) the relevant rate calculati..."
[parser-unknown-class] "BodyText", text=""
[parser-unknown-class] "BodyText", text="6. Where a member of a couple is, or both that person and his or her partner are, in receipt of a..."
[parser-unknown-class] "BodyText", text=""
[parser-unknown-class] "BodyText", text="7. If a person would receive an Australian benefit except for the operation of paragraph 5 or exc..."
[parser-unknown-class] "BodyText", text=""
[parser-unknown-class] "Partheadingagreementjc", text="PART IV—PROVISIONS RELATING TO DANISH BENEFITS"
[parser-unknown-class] "articleheadingjc", text="ARTICLE 9"
[parser-unknown-class] "BodyText", text="General Provisions Governing Residence"
[parser-unknown-class] "BodyText", text=""
[parser-unknown-class] "BodyText", text="1. For the purposes of this Article, the provisions of the Danish legislation that require a pers..."
[parser-unknown-class] "BodyText", text="2. Australian nationals shall be entitled to an anticipatory pension provided that in the qualify..."
[parser-unknown-class] "BodyText", text=""
[parser-unknown-class] "BodyText", text="3. Entitlement to anticipatory pension awarded for social reasons in respect of Australian nation..."
[parser-unknown-class] "BodyText", text=""
[parser-unknown-class] "BodyText", text="4. Notwithstanding Article 4 of this Agreement, a Danish national resident in the territory of Au..."
[parser-unknown-class] "BodyText", text=""
[parser-unknown-class] "BodyText", text="ARTICLE 10"
[parser-unknown-class] "BodyText", text="Special Residence Requirements"
[parser-unknown-class] "BodyText", text=""
[parser-unknown-class] "BodyText", text="The provisions laid down in the Social Pensions Act making periods of residence outside Denmark, ..."
[parser-unknown-class] "BodyText", text=""
[parser-unknown-class] "Partheadingagreementjc", text="PART V—MISCELLANEOUS AND ADMINISTRATIVE PROVISIONS"
[parser-unknown-class] "articleheadingjc", text="ARTICLE 11"
[parser-unknown-class] "BodyText", text="Lodgement of Documents"
[parser-unknown-class] "BodyText", text=""
[parser-unknown-class] "BodyText", text="1. A claim, notice or appeal concerning a benefit, whether payable by a Party by virtue of this A..."
[parser-unknown-class] "BodyText", text=""
[parser-unknown-class] "BodyText", text="2. For the purposes of assessing entitlement to a benefit, the date on which a claim, notice or a..."
[parser-unknown-class] "BodyText", text=""
[parser-unknown-class] "BodyText", text="3. In relation to Australia, the reference in this Article to an appeal document is a reference t..."
[parser-unknown-class] "BodyText", text=""
[parser-unknown-class] "articleheadingjc", text="ARTICLE 12"
[parser-unknown-class] "BodyText", text="Determination of Claims"
[parser-unknown-class] "BodyText", text=""
[parser-unknown-class] "BodyText", text="1. Subject to this Agreement, in determining the eligibility or entitlement of a person to a bene..."
[parser-unknown-class] "BodyText", text=""
[parser-unknown-class] "BodyText", text="(a) a period as an Australian resident and a period of residence in Denmark; and"
[parser-unknown-class] "BodyText", text=""
[parser-unknown-class] "BodyText", text="(b) any event or fact which is relevant to that entitlement,"
[parser-unknown-class] "BodyText", text=""
[parser-unknown-class] "BodyText", text="shall be taken into account in so far as those periods or those events are applicable in regard t..."
[parser-unknown-class] "BodyText", text=""
[parser-unknown-class] "BodyText", text="2. The commencement date for payment of a benefit payable by virtue of this Agreement shall be de..."
[parser-unknown-class] "BodyText", text=""
[parser-unknown-class] "BodyText", text="3. Where:"
[parser-unknown-class] "BodyText", text=""
[parser-unknown-class] "BodyText", text="(a) a benefit is paid by a Party to a person in respect of a past period;"
[parser-unknown-class] "BodyText", text=""
[parser-unknown-class] "BodyText", text="(b) for all or part of that period, the other Party has paid to that person a benefit under its l..."
[parser-unknown-class] "BodyText", text=""
[parser-unknown-class] "BodyText", text="(c) the amount of the benefit paid by that other Party would have been reduced had the benefit pa..."
[parser-unknown-class] "BodyText", text=""
[parser-unknown-class] "BodyText", text="then"
[parser-unknown-class] "BodyText", text=""
[parser-unknown-class] "BodyText", text="(d) the amount that would not have been paid by the other Party had the benefit described in subp..."
[parser-unknown-class] "BodyText", text=""
[parser-unknown-class] "BodyText", text="(e) the other Party may determine that the amount or any part of that debt may be deducted from f..."
[parser-unknown-class] "BodyText", text=""
[parser-unknown-class] "BodyText", text="4. A reference in paragraph 3 to a benefit, in relation to Australia, means a pension, benefit or..."
[parser-unknown-class] "BodyText", text=""
[parser-unknown-class] "BodyText", text="5. A claim submitted to a Competent Institution of a Party for a benefit of that Party shall also..."
[parser-unknown-class] "BodyText", text=""
[parser-unknown-class] "articleheadingjc", text="ARTICLE 13"
[parser-unknown-class] "articletitle", text="Exchange of Information and Mutual Assistance"
[parser-unknown-class] "BodyText", text="1. The Competent Authorities and Competent Institutions responsible for the application of this A..."
[parser-unknown-class] "BodyText", text=""
[parser-unknown-class] "BodyText", text="(a) shall communicate to each other any information necessary for the application of this Agreement;"
[parser-unknown-class] "BodyText", text=""
[parser-unknown-class] "BodyText", text="(b) shall lend their good offices and furnish assistance to one another, including the communicat..."
[parser-unknown-class] "BodyText", text=""
[parser-unknown-class] "BodyText", text="(c) shall communicate to each other, as soon as possible, all information about the measures take..."
[parser-unknown-class] "BodyText", text=""
[parser-unknown-class] "BodyText", text="(d) at the request of one to the other, assist each other in relation to the implementation of ag..."
[parser-unknown-class] "BodyText", text=""
[parser-unknown-class] "BodyText", text="2. The assistance referred to in paragraph 1 shall be provided free of charge, subject to any Adm..."
[parser-unknown-class] "BodyText", text=""
[parser-unknown-class] "BodyText", text="3. Unless disclosure is required under the laws of a Party, any information about an individual w..."
[parser-unknown-class] "BodyText", text=""
[parser-unknown-class] "BodyText", text="4. In no case shall the provisions of paragraphs 1 and 3 be construed so as to impose on the Comp..."
[parser-unknown-class] "BodyText", text=""
[parser-unknown-class] "BodyText", text="(a) to carry out administrative measures at variance with the laws or the administrative practice..."
[parser-unknown-class] "BodyText", text=""
[parser-unknown-class] "BodyText", text="(b) to supply particulars which are not obtainable under the laws or in the normal course of the ..."
[parser-unknown-class] "BodyText", text="5. In the application of this Agreement, the Competent Authority and the Institutions of a Party ..."
[parser-unknown-class] "BodyText", text=""
[parser-unknown-class] "articleheadingjc", text="ARTICLE 14"
[parser-unknown-class] "articletitle", text="Administrative Arrangement"
[parser-unknown-class] "BodyText", text="The Competent Authorities of the Parties shall make whatever Administrative Arrangement is necess..."
[parser-unknown-class] "BodyText", text=""
[parser-unknown-class] "BodyText", text="ARTICLE 15"
[parser-unknown-class] "BodyText", text="Resolution of Difficulties"
[parser-unknown-class] "BodyText", text=""
[parser-unknown-class] "BodyText", text="1. The Parties shall interpret this Agreement in good faith in accordance with the ordinary meani..."
[parser-unknown-class] "BodyText", text=""
[parser-unknown-class] "BodyText", text="2. The Parties shall consult promptly at the request of either Party, concerning matters which ha..."
[parser-unknown-class] "BodyText", text=""
[parser-unknown-class] "BodyText", text="ARTICLE 16"
[parser-unknown-class] "BodyText", text="Review of the Agreement"
[parser-unknown-class] "BodyText", text=""
[parser-unknown-class] "BodyText", text="Where a Party requests the other to meet to review this Agreement, the Parties shall meet for tha..."
[parser-unknown-class] "BodyText", text=""
[parser-unknown-class] "Partheadingagreementjc", text="PART VI—TRANSITIONAL AND FINAL PROVISIONS"
[parser-unknown-class] "articleheadingjc", text="ARTICLE 17"
[parser-unknown-class] "articletitle", text="Entry into Force and Termination"
[parser-unknown-class] "BodyText", text="1. Subject to the social security laws of either Party, this Agreement shall not result in any re..."
[parser-unknown-class] "BodyText", text=""
[parser-unknown-class] "BodyText", text="2. This Agreement shall enter into force two months after an exchange of notes by the Parties thr..."
[parser-unknown-class] "BodyText", text=""
[parser-unknown-class] "BodyText", text="3. Subject to paragraph 4, this Agreement shall remain in force until the expiration of 12 months..."
[parser-unknown-class] "BodyText", text=""
[parser-unknown-class] "BodyText", text="4. In the event that this Agreement is terminated in accordance with paragraph 3, the Agreement s..."
[parser-unknown-class] "BodyText", text=""
[parser-unknown-class] "BodyText", text="(a) at the date of termination, are in receipt of benefits; or"
[parser-unknown-class] "BodyText", text=""
[parser-unknown-class] "BodyText", text="(b) prior to the expiry of the period referred to in that paragraph, have lodged claims for, and ..."
[parser-unknown-class] "BodyText", text=""
[parser-unknown-class] "BodyText", text="by virtue of this Agreement."
[parser-unknown-class] "BodyText", text=""
[parser-unknown-class] "BodyText", text=""
[parser-unknown-class] "BodyText", text="IN WITNESS WHEREOF, the undersigned, being duly authorised thereto by their respective Government..."
[parser-unknown-class] "BodyText", text=""
[parser-unknown-class] "BodyText", text="DONE in two copies at Canberra this first day of July, 1999, in the English and Danish languages,..."
[parser-unknown-class] "BodyText", text=""
[parser-unknown-class] "BodyText", text=""
[parser-unknown-class] "BodyText", text="FOR AUSTRALIA: FOR THE KINGDOM OF  DENMARK:"
[parser-unknown-class] "BodySingle", text="Jocelyn Newman Kris Lund‑Jensen"
[parser-unknown-class] "BodySingle", text="[Signatures omitted]"
[parser-unknown-class] "BodyText3", text="AGREEMENT BETWEEN THE GOVERNMENT OF AUSTRALIA AND THE GOVERNMENT OF THE UNITED STATES OF AMERICA"
[parser-unknown-class] "indent1", text="(A) age pension;"
[parser-unknown-class] "indent1", text="(B) disability support pension for the severely disabled;"
[parser-unknown-class] "indent1", text="(C) pensions payable to widowed persons; and"
[parser-unknown-class] "indent1", text="(D) carer payment."
[parser-unknown-class] "BodyText", text="Equality of Treatment"
[parser-unknown-class] "BodyText", text="Export of Benefits"
[parser-unknown-class] "BodyText", text="Residence or Presence in the United States or a Third State for Australian Benefits"
[parser-unknown-class] "BodyText", text="Totalisation in Relation to Australian Benefits"
[parser-unknown-class] "BodyText", text="Calculation of Australian Pro Rata Benefits"
[parser-unknown-class] "BodyText", text="Australian Working Life Residence"
[parser-unknown-class] "BodyText", text="Determination of Claims"
[parser-unknown-class] "BodyText", text="Review of Agreement"
[parser-unknown-class] "BodyText", text="Entry into Force and Termination"
[parser-unknown-class] "BodyText3", text="ADMINISTRATIVE ARRANGEMENT"
[parser-unknown-class] "Scheduleheading", text="PART A"
[parser-unknown-class] "BodyText3", text="AGREEMENT ON SOCIAL SECURITY BETWEEN AUSTRALIA AND THE FEDERAL REPUBLIC OF GERMANY"
[parser-unknown-class] "BodyTextIndent2", text="Legislative scope"
[parser-unknown-class] "BodyTextIndent2", text="Personal scope"
[parser-unknown-class] "BodyTextIndent2", text="Equality of treatment"
[parser-unknown-class] "BodyTextIndent2", text="Equivalence of territories"
[parser-unknown-class] "BodyTextIndent2", text="PROVISIONS CONCERNING BENEFITS"
[parser-unknown-class] "BodyTextIndent2", text="Totalisation and calculation – German benefits"
[parser-unknown-class] "BodyTextIndent2", text="Totalisation – Australian benefits"
[parser-unknown-class] "BodyTextIndent2", text="Calculation – Australian benefits"
[parser-unknown-class] "BodyTextIndent2", text="Payment of Australian benefits overseas"
[parser-unknown-class] "BodyTextIndent2", text="MISCELLANEOUS PROVISIONS"
[parser-unknown-class] "BodyTextIndent2", text="ADMINISTRATIVE ASSISTANCE"
[parser-unknown-class] "BodyTextIndent2", text="Mutual assistance"
[parser-unknown-class] "BodyTextIndent2", text="Fees"
[parser-unknown-class] "BodyTextIndent2", text="Languages of communication"
[parser-unknown-class] "BodyTextIndent2", text="Lodgement of documents"
[parser-unknown-class] "BodyText", text="Recovery of overpayments"
[parser-unknown-class] "BodyTextIndent2", text="Data protection"
[parser-unknown-class] "BodyTextIndent2", text="IMPLEMENTATION AND INTERPRETATION OF THE AGREEMENT"
[parser-unknown-class] "BodyTextIndent2", text="Implementation arrangements and liaison agencies"
[parser-unknown-class] "BodyTextIndent2", text="Currency and exchange rate"
[parser-unknown-class] "BodyTextIndent2", text="Resolution of disputes"
[parser-unknown-class] "BodyTextIndent2", text="TRANSITIONAL AND FINAL PROVISIONS"
[parser-unknown-class] "BodyTextIndent2", text="Consideration of entitlements under the Agreement"
[parser-unknown-class] "BodyTextIndent2", text="Concluding Protocol"
[parser-unknown-class] "BodyTextIndent2", text="Entry into force"
[parser-unknown-class] "BodyTextIndent2", text="Period of the Agreement"
[parser-unknown-class] "BodyText3", text="CONCLUDING PROTOCOL TO THE AGREEMENT BETWEEN AUSTRALIA AND THE FEDERAL REPUBLIC OF GERMANY ON SOC..."
[parser-unknown-class] "Scheduleheading", text="PART B"
[parser-unknown-class] "BodyText", text=""
[parser-unknown-class] "BodyText", text="(a) If, by virtue of Articles 4, 5 and 8 of the Supplementary Agreement, German legislation appli..."
[parser-unknown-class] "BodyText", text=""
[parser-unknown-class] "BodySingle", text=""
[parser-unknown-class] "BodySingle", text="AGREEMENT ON SOCIAL SECURITY BETWEEN THE GOVERNMENT OF AUSTRALIA AND THE GOVERNMENT OF THE REPUBL..."
[parser-unknown-class] "BodyText", text=""
[parser-unknown-class] "BodyText", text="The Government of Australia and the Government of the Republic of Chile (hereinafter “the Parties”),"
[parser-unknown-class] "BodyText", text="Wishing to strengthen the existing friendly relations between the two countries, and resolved to ..."
[parser-unknown-class] "BodyText", text=""
[parser-unknown-class] "BodySingle", text="PART 1"
[parser-unknown-class] "BodySingle", text=""
[parser-unknown-class] "BodySingle", text="GENERAL PROVISIONS"
[parser-unknown-class] "BodySingle", text=""
[parser-unknown-class] "BodySingle", text="ARTICLE 1"
[parser-unknown-class] "BodySingle", text=""
[parser-unknown-class] "BodySingle", text="Definitions"
[parser-unknown-class] "BodySingle", text=""
[parser-unknown-class] "agree1", text="1. In this Agreement, unless the context otherwise requires:"
[parser-unknown-class] "agree1", text=""
[parser-unknown-class] "agreea", text="(a) "benefit" means,"
[parser-unknown-class] "agreea", text=""
[parser-unknown-class] "agreea", text="in relation to a Party, any of the benefits, pensions or allowances listed in paragraph 1 of Arti..."
[parser-unknown-class] "agreea", text=""
[parser-unknown-class] "agreea", text="(b) "Competent Authority" means,"
[parser-unknown-class] "agreea", text=""
[parser-unknown-class] "agreeafol", text="in relation to Australia:"
[parser-unknown-class] "agreeafol", text="the Secretary of the Department responsible for the legislation in subparagraph 1(a)(i) of Articl..."
[parser-unknown-class] "agreeafol", text=""
[parser-unknown-class] "agreeafol", text="in relation to the Republic of Chile:"
[parser-unknown-class] "agreeafol", text="the Minister of Labour and Social Security;"
[parser-unknown-class] "agreeafol", text=""
[parser-unknown-class] "agreea", text="(c) "Competent Institution" means,"
[parser-unknown-class] "agreea", text=""
[parser-unknown-class] "agreeafol", text="in relation to Australia:"
[parser-unknown-class] "agreeafol", text="the Institution or Agency which has the task of implementing the legislation in Article 2, and"
[parser-unknown-class] "agreeafol", text=""
[parser-unknown-class] "agreeafol", text="in relation to the Republic of Chile:"
[parser-unknown-class] "agreeafol", text="the Institutions responsible for applying the legislation specified in Article 2;"
[parser-unknown-class] "agreeafol", text=""
[parser-unknown-class] "agreea", text="(d) "legislation" means,"
[parser-unknown-class] "agreea", text=""
[parser-unknown-class] "agreea", text="in relation to Australia:"
[parser-unknown-class] "agreea", text="the law specified in subparagraph 1(a)(i) of Article 2 except in relation to the application of P..."
[parser-unknown-class] "agreea", text=""
[parser-unknown-class] "agreea", text="in relation to the Republic of Chile:"
[parser-unknown-class] "agreea", text="the laws, regulations and other provisions relating to benefits specified in subparagraph 1(b) of..."
[parser-unknown-class] "agreea", text=""
[parser-unknown-class] "agreea", text="(e) "period of Australian working life residence" means, in relation to a person, the period defi..."
[parser-unknown-class] "agreea", text=""
[parser-unknown-class] "agreea", text="(f) "period of insurance" means, in relation to Chile, any period of contribution, as well as any..."
[parser-unknown-class] "agreea", text=""
[parser-unknown-class] "agreea", text="(g) "superannuation" means a system under Australian law where by employers are required to make ..."
[parser-unknown-class] "agreea", text=""
[parser-unknown-class] "agreea", text="(h) "territory" means,"
[parser-unknown-class] "agreea", text=""
[parser-unknown-class] "agreeafol", text="in relation to Australia:"
[parser-unknown-class] "agreeafol", text="Australia as defined in the legislation of Australia; and"
[parser-unknown-class] "agreeafol", text=""
[parser-unknown-class] "agreeafol", text="in relation to the Republic of Chile:"
[parser-unknown-class] "agreeafol", text="the scope of application of the Political Constitution of the Republic of Chile;"
[parser-unknown-class] "agreeafol", text=""
[parser-unknown-class] "agreea", text="(i) "entity" means a related entity of an employer for the purposes of Article 8, if the entity a..."
[parser-unknown-class] "agreeafol", text=""
[parser-unknown-class] "agree1", text="2. Unless the context otherwise requires, any term not defined in this Agreement has the meaning ..."
[parser-unknown-class] "BodySingle", text=""
[parser-unknown-class] "BodySingle", text="ARTICLE 2"
[parser-unknown-class] "BodySingle", text=""
[parser-unknown-class] "BodySingle", text="Legislative Scope"
[parser-unknown-class] "BodySingle", text=""
[parser-unknown-class] "agree1", text="1. Subject to paragraph 2, this Agreement shall apply to the following legislation and to any leg..."
[parser-unknown-class] "agree1", text=""
[parser-unknown-class] "agreea", text="(a) in relation to Australia:"
[parser-unknown-class] "agreea", text=""
[parser-unknown-class] "agreeai", text="(i) the Acts and regulations forming the social security law in so far as the law provides for, a..."
[parser-unknown-class] "agreeai", text=""
[parser-unknown-class] "agreeai", text="A) age pension; and"
[parser-unknown-class] "agreeai", text=""
[parser-unknown-class] "agreeai", text="B) disability support pension for the severely disabled;"
[parser-unknown-class] "agreeai", text=""
[parser-unknown-class] "agreeai", text="(ii) the law concerning the superannuation guarantee (which at the time of signature of this Agre..."
[parser-unknown-class] "agreeafol", text=""
[parser-unknown-class] "agreeafol", text="and"
[parser-unknown-class] "agreeafol", text=""
[parser-unknown-class] "agreea", text="(b) in relation to the Republic of Chile, the legislation that governs:"
[parser-unknown-class] "agreea", text=""
[parser-unknown-class] "agreeai", text="(i) the Sistema de Pensiones for old‑age, invalidity and survivors which is based on private indi..."
[parser-unknown-class] "agreeai", text=""
[parser-unknown-class] "agreeai", text="(ii) the old‑age, invalidity and survivors' pension schemes which are administered by the Institu..."
[parser-unknown-class] "agreeai", text=""
[parser-unknown-class] "agreeai", text="(iii) for the purpose provided in Article 21, the health care benefits regime."
[parser-unknown-class] "agreeai", text=""
[parser-unknown-class] "agree1", text="2. This Agreement shall apply to laws or regulations which extend the existing legislation to oth..."
[parser-unknown-class] "agree1", text=""
[parser-unknown-class] "agree1", text="3. Notwithstanding the provisions of paragraph 1, the legislation of Australia and of the Republi..."
[parser-unknown-class] "agree1", text=""
[parser-unknown-class] "BodySingle", text="ARTICLE 3"
[parser-unknown-class] "BodySingle", text=""
[parser-unknown-class] "BodySingle", text="Personal Scope"
[parser-unknown-class] "BodySingle", text=""
[parser-unknown-class] "BodySingle", text="This Agreement shall apply to any person who:"
[parser-unknown-class] "BodySingle", text=""
[parser-unknown-class] "agreea", text="(a) is or has been an Australian resident or a resident of the Republic of Chile;"
[parser-unknown-class] "agreea", text=""
[parser-unknown-class] "agreea", text="(b) is or has been subject to the legislation of the Republic of Chile; or"
[parser-unknown-class] "agreea", text=""
[parser-unknown-class] "agreea", text="(c) derives his or her rights from persons described above."
[parser-unknown-class] "BodySingle", text=""
[parser-unknown-class] "BodySingle", text="ARTICLE 4"
[parser-unknown-class] "BodySingle", text=""
[parser-unknown-class] "BodySingle", text="Equality of Treatment"
[parser-unknown-class] "BodySingle", text=""
[parser-unknown-class] "BodyText", text="Subject to this Agreement and unless otherwise provided, all persons to whom this Agreement appli..."
[parser-unknown-class] "BodyText", text=""
[parser-unknown-class] "BodySingle", text="PART II"
[parser-unknown-class] "BodySingle", text=""
[parser-unknown-class] "BodySingle", text="PROVISIONS RELATING TO APPLICABLE LEGISLATION"
[parser-unknown-class] "BodySingle", text=""
[parser-unknown-class] "BodySingle", text="ARTICLE 5"
[parser-unknown-class] "BodySingle", text=""
[parser-unknown-class] "BodySingle", text="Application of the Part"
[parser-unknown-class] "BodyTextIndent", text="This Part only applies if an employee and/or the employer of the employee would, apart from this ..."
[parser-unknown-class] "BodySingle", text="ARTICLE 6"
[parser-unknown-class] "BodySingle", text=""
[parser-unknown-class] "BodySingle", text="General Rule"
[parser-unknown-class] "BodySingle", text=""
[parser-unknown-class] "BodySingle", text="Unless otherwise provided in Articles 7, 8, 9 or 10 if an employee works in the territory of one ..."
[parser-unknown-class] "agree1", text=""
[parser-unknown-class] "BodySingle", text=""
[parser-unknown-class] "BodySingle", text="Diplomatic and Consular Relations"
[parser-unknown-class] "BodySingle", text=""
[parser-unknown-class] "BodyTextIndent", text="This Agreement shall not affect the provisions of the Vienna Convention on Diplomatic Relations o..."
[parser-unknown-class] "agree1", text=""
[parser-unknown-class] "BodySingle", text=""
[parser-unknown-class] "BodySingle", text="Workers Sent from One Territory to the Other"
[parser-unknown-class] "agree1", text=""
[parser-unknown-class] "agree1", text="1. If an employee:"
[parser-unknown-class] "agreea", text=""
[parser-unknown-class] "agreea", text="(a) is covered by the legislation of one Party (‘the first Party’);"
[parser-unknown-class] "agreea", text=""
[parser-unknown-class] "agreea", text="(b) was sent, whether before, on or after the commencement of this Part, by an employer who is su..."
[parser-unknown-class] "agreea", text="(c) is working in the territory of the second Party in the employment of the employer or a relate..."
[parser-unknown-class] "agreea", text=""
[parser-unknown-class] "agreea", text="(d) a period of 4 years from the time the employee was sent to work in the territory of the secon..."
[parser-unknown-class] "agreea", text=""
[parser-unknown-class] "agreea", text="(e) is not working permanently in the territory of the second Party;"
[parser-unknown-class] "agreea", text=""
[parser-unknown-class] "BodyTextIndent", text="the employer of the employee and employee shall be subject only to the legislation of the first P..."
[parser-unknown-class] "BodyTextIndent", text=""
[parser-unknown-class] "agree1", text="2. The competent authorities may by agreement in writing extend the period of 4 years referred to..."
[parser-unknown-class] "agree1", text=""
[parser-unknown-class] "agree1", text="ARTICLE 9"
[parser-unknown-class] "agree1", text=""
[parser-unknown-class] "agree1", text="Workers in the Service of the Government"
[parser-unknown-class] "agree1", text=""
[parser-unknown-class] "agree1", text="If an employee:"
[parser-unknown-class] "agreea", text="(a) is covered by the legislation of one Party (‘the first Party’);"
[parser-unknown-class] "agreea", text="(b) was sent, whether before, on or after the commencement of this Part, by the Government of the..."
[parser-unknown-class] "agreea", text=""
[parser-unknown-class] "agreea", text="(c) is working in the territory of the second Party in the employment of the Government of the fi..."
[parser-unknown-class] "agreea", text=""
[parser-unknown-class] "agreea", text="(d) is not working permanently in the territory of the second Party;"
[parser-unknown-class] "agreea", text=""
[parser-unknown-class] "agree1foll", text="the employer of the employee and employee shall be subject only to the legislation of the first P..."
[parser-unknown-class] "agree1", text="1. If an employee is working in the employment of an employer on a ship or aircraft in internatio..."
[parser-unknown-class] "agree1", text=""
[parser-unknown-class] "agree1", text="2. For the purposes of this Article the Competent Authorities will be able to by means of written..."
[parser-unknown-class] "BodySingle", text=""
[parser-unknown-class] "BodySingle", text=""
[parser-unknown-class] "BodySingle", text="Exception Agreements"
[parser-unknown-class] "agree1", text="(a) exceptions to what is stated in Articles 5 through to 10 in favour of determined persons or g..."
[parser-unknown-class] "agreea", text=""
[parser-unknown-class] "agree1", text="(b) which Party’s legislation will apply to those persons or groups of people."
[parser-unknown-class] "BodySingle", text=""
[parser-unknown-class] "BodySingle", text="PART III"
[parser-unknown-class] "BodySingle", text=""
[parser-unknown-class] "BodySingle", text="PROVISIONS RELATING TO BENEFITS"
[parser-unknown-class] "BodySingle", text=""
[parser-unknown-class] "BodySingle", text="ARTICLE 12"
[parser-unknown-class] "BodySingle", text=""
[parser-unknown-class] "BodySingle", text="Export and Payment of Benefits"
[parser-unknown-class] "BodySingle", text=""
[parser-unknown-class] "agree1", text="1. Benefits of a Party which are payable by virtue of this Agreement shall be payable in the terr..."
[parser-unknown-class] "agree1", text=""
[parser-unknown-class] "agree1", text="2. Where the legislation of a Party provides that a benefit is payable outside the territory of t..."
[parser-unknown-class] "agree1", text=""
[parser-unknown-class] "agree1", text="3. If in the future, the legislation of Australia provides for a time limit on the continued qual..."
[parser-unknown-class] "agree1", text=""
[parser-unknown-class] "agree1", text="4. Benefits of a Party shall be payable by that Party on request to the beneficiary in his or her..."
[parser-unknown-class] "agree1", text=""
[parser-unknown-class] "agree1", text="5. If a Party imposes legal or administrative restrictions on the transfer of currency outside of..."
[parser-unknown-class] "agree1", text=""
[parser-unknown-class] "agree1", text="6. Where a Party has imposed legal or administrative restrictions on the transfer of its currency..."
[parser-unknown-class] "agree1", text=""
[parser-unknown-class] "agree1", text="7. Benefits paid by a Party outside its territory shall be paid in the currency of the United Sta..."
[parser-unknown-class] "agree1", text=""
[parser-unknown-class] "agree1", text="8. A benefit payable by a Party by virtue of this Agreement or under its legislation shall be pai..."
[parser-unknown-class] "agree1", text=""
[parser-unknown-class] "agree1", text="9. In relation to Australia, the provisions of this Article shall not apply to rent assistance, p..."
[parser-unknown-class] "agree1", text=""
[parser-unknown-class] "BodySingle", text="ARTICLE 13"
[parser-unknown-class] "BodySingle", text=""
[parser-unknown-class] "BodySingle", text="Medical Examinations"
[parser-unknown-class] "agree1", text=""
[parser-unknown-class] "agree1", text="1. For the purposes of assessing a person's degree of disability or the person's ability to work ..."
[parser-unknown-class] "agree1", text=""
[parser-unknown-class] "agree1", text="2. To assist in the assessment referred to in paragraph 1, the Competent Institution of the Party..."
[parser-unknown-class] "agree1", text=""
[parser-unknown-class] "agree1", text="3. In the case that the Competent Institution in Australia deems it necessary that additional med..."
[parser-unknown-class] "agree1", text=""
[parser-unknown-class] "agree1", text="4. On the other hand, if the Chilean Competent Institution deems it necessary that additional med..."
[parser-unknown-class] "HTMLPreformatted", text=""
[parser-unknown-class] "agree1", text="5. If the new examinations are requested in connection with an appeal filed against a disability ..."
[parser-unknown-class] "agree1", text=""
[parser-unknown-class] "BodySingle", text="PART IV"
[parser-unknown-class] "BodySingle", text=""
[parser-unknown-class] "BodySingle", text="AUSTRALIAN BENEFITS"
[parser-unknown-class] "BodySingle", text=""
[parser-unknown-class] "BodySingle", text="ARTICLE 14"
[parser-unknown-class] "BodySingle", text=""
[parser-unknown-class] "BodySingle", text="Residence or presence in the Republic of Chile or a Third State"
[parser-unknown-class] "BodySingle", text=""
[parser-unknown-class] "BodyText", text="Where a person would be qualified under the legislation of Australia or by virtue of this Agreeme..."
[parser-unknown-class] "BodyText", text=""
[parser-unknown-class] "agree1", text="(a) is an Australian resident or a resident of the Republic of Chile or a third State with which ..."
[parser-unknown-class] "agreea", text=""
[parser-unknown-class] "agree1", text="(b) is in Australia, or the territory of the Republic of Chile or that third State,"
[parser-unknown-class] "agreea", text=""
[parser-unknown-class] "BodyText", text="that person, so long as he or she has been an Australian resident at some time, shall be deemed, ..."
[parser-unknown-class] "BodySingle", text=""
[parser-unknown-class] "BodySingle", text="ARTICLE 15"
[parser-unknown-class] "BodySingle", text=""
[parser-unknown-class] "BodySingle", text="Totalisation for Australian Benefits"
[parser-unknown-class] "BodySingle", text=""
[parser-unknown-class] "agree1", text="1. Where a person to whom this Agreement applies has claimed an Australian benefit under this Agr..."
[parser-unknown-class] "agree1", text=""
[parser-unknown-class] "agreea", text="(a) a period as an Australian resident that is less than the period required to qualify that pers..."
[parser-unknown-class] "agreea", text=""
[parser-unknown-class] "agreea", text="(b) a period of Australian working life residence equal to or greater than the period referred to..."
[parser-unknown-class] "agreea", text=""
[parser-unknown-class] "agreea", text="(c) a period of insurance in Chile;"
[parser-unknown-class] "agreea", text=""
[parser-unknown-class] "agree1foll", text="then, for the purposes of the claim for that Australian benefit, that period of insurance in Chil..."
[parser-unknown-class] "agree1foll", text=""
[parser-unknown-class] "agree1", text="2. For the purpose of this Article, where a person has a period as an Australian resident and a p..."
[parser-unknown-class] "agree1", text=""
[parser-unknown-class] "agree1", text="3. The minimum period of Australian working life residence to be taken into account for the purpo..."
[parser-unknown-class] "agree1", text=""
[parser-unknown-class] "agreea", text="(a) for the purpose of an Australian benefit claimed by a person residing outside Australia, the ..."
[parser-unknown-class] "agreea", text=""
[parser-unknown-class] "agreea", text="(b) for the purpose of an Australian benefit claimed by an Australian resident, no minimum period..."
[parser-unknown-class] "BodySingle", text=""
[parser-unknown-class] "BodySingle", text="ARTICLE 16"
[parser-unknown-class] "BodySingle", text=""
[parser-unknown-class] "BodySingle", text="Calculation of Australian Benefits"
[parser-unknown-class] "BodySingle", text=""
[parser-unknown-class] "agree1", text="1. Subject to paragraph 2, where an Australian benefit is payable by virtue of this Agreement to ..."
[parser-unknown-class] "Head1", text=""
[parser-unknown-class] "agreea", text="(a) calculating that person’s income according to the legislation of Australia, including, subjec..."
[parser-unknown-class] "Head1", text=""
[parser-unknown-class] "agreea", text="(b) applying to the maximum rate of Australian benefit the relevant rate calculator set out in th..."
[parser-unknown-class] "Head1", text=""
[parser-unknown-class] "agreea", text="(c) proportionalising, if applicable, the amount of benefit calculated under sub‑paragraph (b) ac..."
[parser-unknown-class] "agreea", text=""
[parser-unknown-class] "agree1foll", text="2. The provisions of paragraph 1 will continue to apply for 26 weeks when a person temporarily co..."
[parser-unknown-class] "agree1foll", text=""
[parser-unknown-class] "agree1", text="3. Subject to the provisions of paragraphs 4 and 5, where an Australian benefit is payable by vir..."
[parser-unknown-class] "agree1", text=""
[parser-unknown-class] "agreea", text="(a) subject to the provisions of Article 17, deducting the amount of the Chilean benefit which th..."
[parser-unknown-class] "agreea", text=""
[parser-unknown-class] "agreea", text="(b) calculating that person's income according to the legislation of Australia but disregarding i..."
[parser-unknown-class] "agreea", text=""
[parser-unknown-class] "agreea", text="(c) applying to the remaining benefit obtained under subparagraph (a) the relevant rate calculato..."
[parser-unknown-class] "agreea", text=""
[parser-unknown-class] "agreea", text="4. The provisions of paragraph 3 will continue to apply for 26 weeks when a person temporarily le..."
[parser-unknown-class] "agreea", text=""
[parser-unknown-class] "agree1", text="5. Where a member of a couple is, or both that person and his or her partner are in receipt of a ..."
[parser-unknown-class] "agree1", text=""
[parser-unknown-class] "agree1", text="6. For the purposes of paragraph 1 a benefit, in relation to Australia, does not include rent ass..."
[parser-unknown-class] "agreea", text=""
[parser-unknown-class] "BodyText", text=""
[parser-unknown-class] "BodyText", text="Exclusion of Chile’s Mercy Payments from the Australian income test"
[parser-unknown-class] "agree1", text=""
[parser-unknown-class] "agree1", text="1. Where a person receives or is entitled to receive a benefit under the social security laws of ..."
[parser-unknown-class] "agree1", text=""
[parser-unknown-class] "agreea", text="(a) monthly payments made under Chilean Law number 19.123 (mercy payments); and"
[parser-unknown-class] "agree1", text=""
[parser-unknown-class] "agreea", text="(b) periodical monthly mercy payments made under Chilean Law number 19.234 and its amendments,"
[parser-unknown-class] "agree1", text=""
[parser-unknown-class] "agree1", text="shall not be included for the purpose of assessing the rate of that Australian benefit."
[parser-unknown-class] "agree1", text=""
[parser-unknown-class] "agree1", text="2. For the purposes of this Article only, the term benefit shall include all social security paym..."
[parser-unknown-class] "agree1", text=""
[parser-unknown-class] "BodySingle", text="PART V"
[parser-unknown-class] "BodySingle", text=""
[parser-unknown-class] "BodySingle", text="CHILEAN BENEFITS"
[parser-unknown-class] "BodySingle", text=""
[parser-unknown-class] "BodySingle", text="ARTICLE 18"
[parser-unknown-class] "BodySingle", text=""
[parser-unknown-class] "BodySingle", text="Totalisation for Chilean Benefits"
[parser-unknown-class] "BodySingle", text=""
[parser-unknown-class] "agree1", text="1. When under Chilean legislation the acquisition, maintenance or re‑establishment of entitlement..."
[parser-unknown-class] "agree1", text=""
[parser-unknown-class] "agree1", text="2. Where a period of insurance completed in the Republic of Chile coincides with a period of Aust..."
[parser-unknown-class] "agree1", text=""
[parser-unknown-class] "agree1", text="3. When it is not possible to determine the time when specific periods of insurance were complete..."
[parser-unknown-class] "agree1", text=""
[parser-unknown-class] "BodySingle", text="ARTICLE 19"
[parser-unknown-class] "BodySingle", text=""
[parser-unknown-class] "BodySingle", text="Old‑Age, Invalidity and Survivors’ Pensions"
[parser-unknown-class] "BodySingle", text=""
[parser-unknown-class] "agree1", text="1. The affiliates to a Managed Pension Fund shall finance their pensions in the Republic of Chile..."
[parser-unknown-class] "agree1", text=""
[parser-unknown-class] "agree1", text="2. For the purposes of determining the fulfilment of the requirements as established in legal Chi..."
[parser-unknown-class] "agree1", text=""
[parser-unknown-class] "agree1", text="3. Persons affiliated to the Sistema de Capitalización Individual in the Republic of Chile may pa..."
[parser-unknown-class] "agree1", text=""
[parser-unknown-class] "agree1", text="4. Likewise, the affiliates of the pension system administered by the Instituto de Normalización ..."
[parser-unknown-class] "agree1", text=""
[parser-unknown-class] "agree1", text="5. To qualify for pensions in accordance with the legislation regulating social security schemes ..."
[parser-unknown-class] "agree1", text=""
[parser-unknown-class] "agree1", text="6. If a person has insurance periods under Chilean legislation of less than one year, and if, by ..."
[parser-unknown-class] "agree1", text=""
[parser-unknown-class] "agree1", text="ARTICLE 20"
[parser-unknown-class] "BodySingle", text=""
[parser-unknown-class] "BodySingle", text="Calculation of Chilean Benefits"
[parser-unknown-class] "BodySingle", text=""
[parser-unknown-class] "agree1", text="1. In the cases envisaged in paragraphs 1 and 4 of the preceding Article, the Competent Instituti..."
[parser-unknown-class] "agree1", text=""
[parser-unknown-class] "agree1", text="2. The determination of the right to minimum pensions paid by the Instituto de Normalización Prev..."
[parser-unknown-class] "agree1", text=""
[parser-unknown-class] "BodySingle", text="ARTICLE 21"
[parser-unknown-class] "BodySingle", text=""
[parser-unknown-class] "BodySingle", text="Health Care Benefits"
[parser-unknown-class] "BodySingle", text=""
[parser-unknown-class] "BodyText", text="Persons who are receiving a pension according to Australian legislation or by virtue of this Agre..."
[parser-unknown-class] "BodyText", text=""
[parser-unknown-class] "BodySingle", text="PART VI"
[parser-unknown-class] "BodySingle", text=""
[parser-unknown-class] "BodySingle", text="TRANSITIONAL AND FINAL PROVISIONS"
[parser-unknown-class] "BodySingle", text=""
[parser-unknown-class] "BodySingle", text="ARTICLE 22"
[parser-unknown-class] "BodySingle", text=""
[parser-unknown-class] "BodySingle", text="Lodgement of Documents"
[parser-unknown-class] "BodySingle", text=""
[parser-unknown-class] "agree1", text="1. A claim, notice or appeal concerning a benefit, whether payable by virtue of this Agreement or..."
[parser-unknown-class] "agree1", text=""
[parser-unknown-class] "agree1", text="2. For the purpose of determining the right to a benefit, the date on which a claim, notice or ap..."
[parser-unknown-class] "agree1", text=""
[parser-unknown-class] "agree1", text="3. The reference in this Article to an appeal is an appeal that may be made to an administrative ..."
[parser-unknown-class] "agree1", text=""
[parser-unknown-class] "agree1", text="4. Any exemption granted in the territory of one of the Parties from stamp duty, notarial or regi..."
[parser-unknown-class] "agree1", text=""
[parser-unknown-class] "BodySingle", text="ARTICLE 23"
[parser-unknown-class] "BodySingle", text=""
[parser-unknown-class] "BodySingle", text="Recovery of Overpayments"
[parser-unknown-class] "agree1", text=""
[parser-unknown-class] "agree1", text="1. Where:"
[parser-unknown-class] "agree1", text=""
[parser-unknown-class] "agreea", text="(a) an amount of arrears of benefit is paid or payable by the Republic of Chile; and"
[parser-unknown-class] "agreea", text=""
[parser-unknown-class] "agreea", text="(b) for all or part of the relevant period, Australia has paid to that person a benefit under its..."
[parser-unknown-class] "agreea", text=""
[parser-unknown-class] "agreea", text="(c) the amount of the benefit paid by Australia would have been reduced had the benefit paid or p..."
[parser-unknown-class] "agree1", text="then"
[parser-unknown-class] "agreea", text=""
[parser-unknown-class] "agreea", text="(d) the amount that would not have been paid by Australia had the benefit described in subparagra..."
[parser-unknown-class] "agreea", text=""
[parser-unknown-class] "agreea", text="(e) Australia may recover all or part of that debt under the provisions of the Acts forming the s..."
[parser-unknown-class] "agreea", text=""
[parser-unknown-class] "agree1", text="2. For Australia, a reference in paragraph 1 to a benefit means a pension, benefit or allowance p..."
[parser-unknown-class] "BodySingle", text=""
[parser-unknown-class] "BodySingle", text="ARTICLE 24"
[parser-unknown-class] "BodySingle", text=""
[parser-unknown-class] "BodySingle", text="Exchange of Information and Mutual Assistance"
[parser-unknown-class] "BodySingle", text=""
[parser-unknown-class] "agree1", text="1. The Competent Authorities, Competent Institutions and liaison bodies responsible for the appli..."
[parser-unknown-class] "agree1", text=""
[parser-unknown-class] "agreea", text="(a) subject to paragraphs 3 and 4, communicate to each other any information necessary for the ap..."
[parser-unknown-class] "agreea", text=""
[parser-unknown-class] "agreea", text="(b) lend their good offices and furnish assistance to one another, including the communication to..."
[parser-unknown-class] "agreea", text=""
[parser-unknown-class] "agreea", text="(c) communicate to each other, as soon as possible, all information about the measures taken by t..."
[parser-unknown-class] "agreea", text=""
[parser-unknown-class] "agreea", text="(d) at the request of one to another, assist each other in relation to agreements on social secur..."
[parser-unknown-class] "agreea", text=""
[parser-unknown-class] "agreea", text="(e) advise each other of any laws which amend, supplement, supersede or replace their respective ..."
[parser-unknown-class] "agreea", text=""
[parser-unknown-class] "agree1", text="2. The assistance referred to in paragraph 1 shall be provided free of charge, subject to any Adm..."
[parser-unknown-class] "agree1", text=""
[parser-unknown-class] "agree1", text="3. Unless disclosure is required under the legislation of a Party, any information about an indiv..."
[parser-unknown-class] "agree1", text=""
[parser-unknown-class] "agree1", text="4. In no case shall the provisions of this Article be construed so as to impose on the Competent ..."
[parser-unknown-class] "agree1", text=""
[parser-unknown-class] "agreea", text="(a) to carry out administrative measures at variance with the laws or the administrative practice..."
[parser-unknown-class] "agreea", text=""
[parser-unknown-class] "agreea", text="(b) to supply particulars which are not obtainable under the laws or in the normal course of the ..."
[parser-unknown-class] "agreeai", text=""
[parser-unknown-class] "agree1", text="5. Communications between Competent Authorities, Competent Institutions, liaison bodies and perso..."
[parser-unknown-class] "agree1", text=""
[parser-unknown-class] "agree1", text="6. The diplomatic and consular authorities of the Parties may represent, without a special Govern..."
[parser-unknown-class] "BodySingle", text=""
[parser-unknown-class] "BodySingle", text="ARTICLE 25"
[parser-unknown-class] "BodySingle", text=""
[parser-unknown-class] "BodySingle", text="Administrative Arrangements"
[parser-unknown-class] "BodySingle", text=""
[parser-unknown-class] "agree1", text="1. The Competent Authorities of the Parties shall make whatever Administrative Arrangements are n..."
[parser-unknown-class] "agree1", text=""
[parser-unknown-class] "agree1", text="2. The Competent Authorities shall appoint liaison bodies in the Administrative Arrangement."
[parser-unknown-class] "BodySingle", text=""
[parser-unknown-class] "BodySingle", text="ARTICLE 26"
[parser-unknown-class] "BodySingle", text=""
[parser-unknown-class] "BodySingle", text="Recognition of Prior Periods and Events"
[parser-unknown-class] "BodySingle", text=""
[parser-unknown-class] "agree1", text="1. In determining the qualification for a benefit of a person or the amount of benefit payable to..."
[parser-unknown-class] "agree1", text=""
[parser-unknown-class] "agreea", text="(a) as an Australian resident;"
[parser-unknown-class] "agreea", text=""
[parser-unknown-class] "agreea", text="(b) of Australian working life residence; and"
[parser-unknown-class] "agreea", text=""
[parser-unknown-class] "agreea", text="(c) of insurance"
[parser-unknown-class] "agreea", text=""
[parser-unknown-class] "agree1foll", text="shall, subject to this Agreement, be taken into account in so far as those periods, events or fac..."
[parser-unknown-class] "agree1foll", text=""
[parser-unknown-class] "agree1", text="2. No provision of this Agreement shall confer on a person any right to receive payment of a bene..."
[parser-unknown-class] "agree1", text=""
[parser-unknown-class] "BodySingle", text="ARTICLE 27"
[parser-unknown-class] "BodySingle", text=""
[parser-unknown-class] "BodySingle", text="Resolution of Difficulties"
[parser-unknown-class] "BodySingle", text=""
[parser-unknown-class] "agree1", text="The Competent Authorities of the Parties shall resolve, to the extent possible, any difficulties ..."
[parser-unknown-class] "BodySingle", text=""
[parser-unknown-class] "BodySingle", text="ARTICLE 28"
[parser-unknown-class] "BodySingle", text=""
[parser-unknown-class] "BodySingle", text="Review of Agreement"
[parser-unknown-class] "BodySingle", text=""
[parser-unknown-class] "BodyText", text="Where a Party requests the other to meet to review this Agreement the Parties shall meet for that..."
[parser-unknown-class] "BodySingle", text=""
[parser-unknown-class] "BodySingle", text="ARTICLE 29"
[parser-unknown-class] "BodySingle", text=""
[parser-unknown-class] "BodySingle", text="Entry into Force and Termination"
[parser-unknown-class] "BodySingle", text=""
[parser-unknown-class] "agree1", text="1. This Agreement shall enter into force on the first day of the third month following the month ..."
[parser-unknown-class] "agree1", text=""
[parser-unknown-class] "agree1", text="2. Subject to paragraph 3, this Agreement shall remain in force indefinitely or until the expirat..."
[parser-unknown-class] "agree1", text=""
[parser-unknown-class] "agree1", text="3. In the event that this Agreement is terminated in accordance with paragraph 2, the Agreement s..."
[parser-unknown-class] "agree1", text=""
[parser-unknown-class] "agreea", text="(a) at the date of termination, are in receipt of its benefits; or"
[parser-unknown-class] "agreea", text=""
[parser-unknown-class] "agreea", text="(b) prior to the expiry of the period referred to in that paragraph, have lodged claims for, and ..."
[parser-unknown-class] "agreea", text=""
[parser-unknown-class] "agreea", text="(c) immediately before the date of termination are subject only to the legislation of one Party b..."
[parser-unknown-class] "agree1foll", text=""
[parser-unknown-class] "agree1foll", text="IN WITNESS WHEREOF, the undersigned, being duly authorised thereto by their respective Government..."
[parser-unknown-class] "agree1foll", text=""
[parser-unknown-class] "agree1foll", text="DONE in duplicate at Canberra this twenty fifth day of March two thousand and three in the Englis..."
[parser-unknown-class] "agree1foll", text=""
[parser-unknown-class] "agree1foll", text="FOR AUSTRALIA"
[parser-unknown-class] "agree1foll", text="FOR THE REPUBLIC OF CHILE"
[parser-unknown-class] "agree1foll", text=""
[parser-unknown-class] "agree1foll", text="Senator the Honourable Amanda Vanstone"
[parser-unknown-class] "agree1foll", text="His Excellency Cristobal Valdez"
[parser-unknown-class] "agree1foll", text="Minister for Family and Community Services"
[parser-unknown-class] "agree1foll", text=""
[parser-unknown-class] "agree1foll", text="Ambassador"
[parser-unknown-class] "SchedSectionBreak", text=""
[parser-unknown-class] "agree1", text="1. Where a person receives or is entitled to receive a benefit under the social security laws of ..."
[parser-unknown-class] "agree1", text=""
[parser-unknown-class] "agreea", text="(a) monthly payments made under Chilean Law number 19.123 (mercy payments);"
[parser-unknown-class] "agree1", text=""
[parser-unknown-class] "agreea", text="(b) periodical monthly mercy payments made under Chilean Law number 19.234;"
[parser-unknown-class] "agree1", text=""
[parser-unknown-class] "agreea", text="(c) payments made under Chilean law number 19.992 (annual mercy pensions); and"
[parser-unknown-class] "agree1", text=""
[parser-unknown-class] "agreea", text="(d) any other payments of a similar character, granted under laws made later than those listed in..."
[parser-unknown-class] "agree1", text=""
[parser-unknown-class] "agree1", text="shall not be included for the purpose of assessing the rate of that Australian benefit."
[parser-unknown-class] "SchdlHeadingPart", text="PART I—GENERAL PROVISIONs"
[parser-unknown-class] "article", text="ARTICLE 1"
[parser-unknown-class] "BodySingle", text="Definitions"
[parser-unknown-class] "art-num", text="1. In this Agreement the terms below have the following meanings:"
[parser-unknown-class] "art-let", text="(a) "Croatia" means the Republic of Croatia;"
[parser-unknown-class] "art-let", text="(b) "benefit" means, in relation to a Party, any of the benefits, pensions or allowances listed i..."
[parser-unknown-class] "art-let", text="(c) "Competent Authority" means,"
[parser-unknown-class] "art-let", text="in relation to Australia:"
[parser-unknown-class] "art-let", text="the Secretary of the Department responsible for the application of the legislation in subparagrap..."
[parser-unknown-class] "art-let", text="in relation to Croatia:"
[parser-unknown-class] "art-let", text="the Ministry of Labour and Social Welfare;"
[parser-unknown-class] "art-let", text="(d) "Competent Institution" means,"
[parser-unknown-class] "art-let", text="in relation to Australia:"
[parser-unknown-class] "art-let", text="the institution or agency which has the task of implementing the applicable Australian legislatio..."
[parser-unknown-class] "art-let", text="in relation to Croatia:"
[parser-unknown-class] "art-let", text="the Croatian Pension Insurance Institute;"
[parser-unknown-class] "art-let", text="(e) "legislation" means:"
[parser-unknown-class] "art-let", text="in relation to Australia:"
[parser-unknown-class] "art-let", text="the laws specified in subparagraph 1(a)(i) of Article 2 except in relation to the application of ..."
[parser-unknown-class] "art-let", text="in relation to Croatia:"
[parser-unknown-class] "art-let", text="laws, regulations and other provisions relating to benefits specified in sub‑paragraph 1(b) of Ar..."
[parser-unknown-class] "art-let", text="(f) "period of Australian working life residence" means, in relation to a person, the period defi..."
[parser-unknown-class] "art-let", text="(g) "period of insurance" means any period of contribution and any other period taken into accoun..."
[parser-unknown-class] "art-let", text="(h) "territory" means,"
[parser-unknown-class] "art-let", text="in relation to Australia:"
[parser-unknown-class] "art-let", text="Australia as defined in the legislation of Australia; and"
[parser-unknown-class] "art-let", text="in relation to Croatia:"
[parser-unknown-class] "art-let", text="the territory of the Republic of Croatia;"
[parser-unknown-class] "art-let", text="(i) “employee” means, in relation to Croatia, a worker, as defined by the legislation stated in p..."
[parser-unknown-class] "art-num", text="2. Unless the context otherwise requires, any term not defined in this Agreement has the meaning ..."
[parser-unknown-class] "art-num", text=""
[parser-unknown-class] "article", text="ARTICLE 2"
[parser-unknown-class] "BodySingle", text="Legislative Scope"
[parser-unknown-class] "art-num", text="1. Subject to paragraph 2, this Agreement shall apply to the legislation effective at the date of..."
[parser-unknown-class] "art-let", text="(a) in relation to Australia:"
[parser-unknown-class] "art-let", text="(i)  the Acts and regulations forming the social security law in so far as the law provides for, ..."
[parser-unknown-class] "art-let", text="(ii) the law concerning the superannuation guarantee which at the time of signature of this Agree..."
[parser-unknown-class] "art-num", text="and"
[parser-unknown-class] "art-let", text="(b) in relation to Croatia, the legislation that governs Pension Insurance, including:"
[parser-unknown-class] "art-let", text="(i) old‑age pension;"
[parser-unknown-class] "art-let", text="(ii) anticipatory pension;"
[parser-unknown-class] "art-let", text="(iii) disability pension;"
[parser-unknown-class] "art-let", text="(iv) survivor’s pension (widows, widowers, children and other family members entitled to this pen..."
[parser-unknown-class] "art-let", text="all other benefits covered under the Pension Insurance legislation."
[parser-unknown-class] "art-num", text="2. This Agreement shall apply to legislation that extends the existing legislation to other categ..."
[parser-unknown-class] "art-num", text="3. For the purposes of reciprocating Croatian survivor’s pension, when payable outside Australia ..."
[parser-unknown-class] "art-num", text="4. Notwithstanding the provisions of paragraph 1, the legislation of the Parties shall not includ..."
[parser-unknown-class] "art-num", text=""
[parser-unknown-class] "article", text="ARTICLE 3"
[parser-unknown-class] "article", text="Personal Scope"
[parser-unknown-class] "art-num", text="This Agreement shall apply to any person who:"
[parser-unknown-class] "art-let", text="(a) is or has been an Australian resident; or"
[parser-unknown-class] "art-let", text="(b) is or has been subject to the legislation of Croatia."
[parser-unknown-class] "article", text=""
[parser-unknown-class] "article", text="ARTICLE 4"
[parser-unknown-class] "article", text="Equality Of Treatment"
[parser-unknown-class] "art-num", text="Subject to this Agreement, all persons to whom this Agreement applies shall be treated equally by..."
[parser-unknown-class] "art-num", text=""
[parser-unknown-class] "SchdlHeadingPart", text="PART II – COMMON PROVISIONS RELATING TO BENEFITS"
[parser-unknown-class] "article", text="ARTICLE 5"
[parser-unknown-class] "article", text="Export of Benefits"
[parser-unknown-class] "art-num", text="1. The benefits that are payable by one Party on the basis of the legislation of that Party or by..."
[parser-unknown-class] "art-num", text="2. Where there is a time limit on the continued qualification for an Australian benefit for a per..."
[parser-unknown-class] "art-num", text="3. Where the legislation of a Party provides that a benefit is payable outside the territory of t..."
[parser-unknown-class] "art-num", text="4. If a Party imposes legal or administrative restrictions on the transfer of currency outside of..."
[parser-unknown-class] "art-num", text="5. While the measures in paragraph 4 are being implemented, the Party not imposing the restrictio..."
[parser-unknown-class] "art-num", text="6. Where a Party has imposed legal or administrative restrictions on the transfer of its currency..."
[parser-unknown-class] "art-num", text="7. Benefits paid by a Party outside its territory shall be paid in an internationally convertible..."
[parser-unknown-class] "art-num", text="8. A benefit payable by a Party by virtue of this Agreement or under its legislation shall be pai..."
[parser-unknown-class] "art-num", text="9. For Australia, the provisions of this Article shall not apply to rent assistance, pharmaceutic..."
[parser-unknown-class] "art-num", text=""
[parser-unknown-class] "article", text="ARTICLE 6"
[parser-unknown-class] "article", text="Medical Examinations"
[parser-unknown-class] "art-num", text="1. For the purposes of assessing a person's degree of disability or the person's ability to work ..."
[parser-unknown-class] "art-num", text="2. To assist in the assessment referred to in paragraph 1, the Competent Institution of the Party..."
[parser-unknown-class] "art-num", text=""
[parser-unknown-class] "SchdlHeadingPart", text="PART III"
[parser-unknown-class] "BodyTextIndent", text="(a) is covered by the legislation of one Party; and"
[parser-unknown-class] "BodyTextIndent", text="(b) was sent, whether before, on or after the entry into force of this Agreement, by an employer ..."
[parser-unknown-class] "BodyTextIndent", text="(c) is working in the territory of the other Party in the employment of the employer or a related..."
[parser-unknown-class] "BodyTextIndent", text="(d) was sent to work in the territory of the other Party and a period of 4 years has not elapsed ..."
[parser-unknown-class] "BodyTextIndent", text="(e) is not working permanently in the territory of the other Party;"
[parser-unknown-class] "BodyTextIndent", text="(a) extend the period of 4 years referred to in subparagraph 2(d) of Article 10 for any employee; or"
[parser-unknown-class] "BodyTextIndent", text="(b) provide that an employee is taken to work in the territory of a particular Party or to work o..."
[parser-unknown-class] "BodyTextIndent", text="(a) a class of employees; and/or"
[parser-unknown-class] "BodyTextIndent", text="(b) particular work or particular type of work (including work that has not occurred at the time ..."
[parser-unknown-class] "art-num", text=""
[parser-unknown-class] "SchdlHeadingPart", text="PART IV – PROVISIONS RELATING TO AUSTRALIAN BENEFITS"
[parser-unknown-class] "article", text="ARTICLE 12"
[parser-unknown-class] "art-num", text="Where a person would be qualified under the legislation of Australia or by virtue of this Agreeme..."
[parser-unknown-class] "art-let", text="(a) is an Australian resident or a resident of Croatia (or a third State with which Australia has..."
[parser-unknown-class] "art-let", text="(b) is in Australia, or the territory of Croatia or that third State,"
[parser-unknown-class] "art-num", text="that person shall be deemed, for the purposes of lodging that claim, to be an Australian resident..."
[parser-unknown-class] "article", text=""
[parser-unknown-class] "article", text="ARTICLE 13"
[parser-unknown-class] "art-num", text="1. Where a person to whom this Agreement applies has claimed an Australian benefit under this Agr..."
[parser-unknown-class] "art-let", text="(a) a period as an Australian resident that is less than the period required to qualify that pers..."
[parser-unknown-class] "art-let", text="(b) a period of Australian working life residence equal to or greater than the period referred to..."
[parser-unknown-class] "art-let", text="(c) a period of insurance in Croatia;"
[parser-unknown-class] "art-num", text="then, for the purposes of the claim for that Australian benefit, that period of insurance shall b..."
[parser-unknown-class] "art-num", text="2. For the purpose of this Article, where a person has a period as an Australian resident and a p..."
[parser-unknown-class] "art-num", text="3. The minimum period of Australian working life residence to be taken into account for the purpo..."
[parser-unknown-class] "art-let", text="(a) for the purpose of an Australian benefit claimed by a person residing outside Australia, the ..."
[parser-unknown-class] "art-let", text="(b) for the purpose of an Australian benefit claimed by an Australian resident, no minimum period..."
[parser-unknown-class] "art-let", text=""
[parser-unknown-class] "article", text="ARTICLE 14"
[parser-unknown-class] "art-num", text="1. Subject to paragraph 2, where an Australian benefit is payable by virtue of this Agreement to ..."
[parser-unknown-class] "art-num", text="2. The provisions in paragraph 1 shall continue to apply for 26 weeks where a person comes tempor..."
[parser-unknown-class] "art-num", text="3. Subject to the provisions of paragraph 4 and 5, where an Australian benefit is granted by virt..."
[parser-unknown-class] "art-let", text="(a) deducting the amount of the Croatian benefit which that person is entitled to receive from th..."
[parser-unknown-class] "art-let", text="(b) calculating that person's income according to the legislation of Australia but disregarding i..."
[parser-unknown-class] "art-let", text="(c) applying to the remaining benefit obtained under subparagraph (a) the relevant rate calculato..."
[parser-unknown-class] "art-num", text="4. The provisions in paragraph 3 shall continue to apply for 26 weeks where a person temporarily ..."
[parser-unknown-class] "art-num", text="5. Where a member of a couple is, or both that person and his or her partner are entitled to a Cr..."
[parser-unknown-class] "SchdlHeadingPart", text="PART V"
[parser-unknown-class] "article", text="ARTICLE 15"
[parser-unknown-class] "art-num", text="1. If a person does not fulfil the requirements for pension solely on the basis of completed peri..."
[parser-unknown-class] "art-num", text="2. If a person qualifies for a benefit under Croatian legislation without the need for totalisati..."
[parser-unknown-class] "art-num", text="3. If the period of insurance amounts to less than 12 months no benefit shall be granted. This do..."
[parser-unknown-class] "art-num", text="4. Notwithstanding the provision of paragraph 4 of Article 2, where based on the provisions of pa..."
[parser-unknown-class] "article", text=""
[parser-unknown-class] "article", text="ARTICLE 16"
[parser-unknown-class] "art-num", text="1. If a person qualifies for a benefit under Croatian legislation only by the application of the ..."
[parser-unknown-class] "art-let", text="2. If the amount of the benefit under Croatian legislation cannot be calculated according to para..."
[parser-unknown-class] "art-let", text="(a) it shall first calculate a theoretical amount of a benefit which would be payable if all tota..."
[parser-unknown-class] "art-let", text="(b) on the basis of this theoretical amount, it shall then calculate the actual amount of the ben..."
[parser-unknown-class] "art-num", text="3. Paragraph 1 of this Article shall not apply if the amount of Croatian pension calculated under..."
[parser-unknown-class] "art-num", text=""
[parser-unknown-class] "SchdlHeadingPart", text="PART VI"
[parser-unknown-class] "article", text="ARTICLE 17"
[parser-unknown-class] "art-num", text="1. A claim, notice or appeal concerning a benefit, whether payable by virtue of this Agreement or..."
[parser-unknown-class] "art-num", text="2. For the purpose of determining the right to a benefit, the date on which a claim, notice or ap..."
[parser-unknown-class] "art-num", text="3. The reference in this Article to an appeal is an appeal that may be made to an administrative ..."
[parser-unknown-class] "art-num", text="4. Any exemption granted in the territory of one of the Parties from payment of taxes or fees in ..."
[parser-unknown-class] "article", text=""
[parser-unknown-class] "article", text="ARTICLE 18"
[parser-unknown-class] "art-num", text="1. Where:"
[parser-unknown-class] "art-let", text="(a) an amount of arrears of benefit is paid or payable to a person by the Competent Institution o..."
[parser-unknown-class] "art-let", text="(b) for all or part of the relevant period, the other Party has paid to that person a benefit und..."
[parser-unknown-class] "art-let", text="(c) the amount of the benefit paid by that other Party would have been reduced had the benefit pa..."
[parser-unknown-class] "art-num", text="then"
[parser-unknown-class] "art-let", text="(d) the amount that would not have been paid by the other Party had the benefit described in subp..."
[parser-unknown-class] "art-let", text="2. Australia may recover all or part of that debt referred to in paragraph 1 under the provisions..."
[parser-unknown-class] "art-num", text="3. Where the Competent Institution of one Party has not yet paid the benefit described in subpara..."
[parser-unknown-class] "art-let", text="(a) that Competent Institution shall, at the request of the Competent Institution of the other Pa..."
[parser-unknown-class] "art-let", text="(b) any shortfall may be recovered by the Competent Institution of the other Party."
[parser-unknown-class] "art-num", text="4. A reference in paragraph 1 to a benefit means, for Australia, a pension, benefit or allowance ..."
[parser-unknown-class] "article", text=""
[parser-unknown-class] "article", text="ARTICLE 19"
[parser-unknown-class] "art-num", text="1. The Competent Authorities and Competent Institutions responsible for the application of this A..."
[parser-unknown-class] "art-let", text="(a) subject to paragraphs 3 and 4, communicate to each other any information necessary for the ap..."
[parser-unknown-class] "art-let", text="(b) lend their good offices and furnish assistance to one another (including the communication to..."
[parser-unknown-class] "art-let", text="(c) communicate to each other, as soon as possible, all information about the measures taken by t..."
[parser-unknown-class] "art-let", text="(d) at the request of one to another, assist each other in relation to the implementation of agre..."
[parser-unknown-class] "art-let", text="(e) advise each other of any laws which amend, supplement, supersede or replace their respective ..."
[parser-unknown-class] "art-let", text="2. The assistance referred to in paragraph 1 shall be provided free of charge, subject to any Adm..."
[parser-unknown-class] "art-num", text="3. Unless disclosure is required under the legislation of a Party, any information about an indiv..."
[parser-unknown-class] "art-num", text="4. Notwithstanding any laws or administrative practices of a Party, no personal data which is rec..."
[parser-unknown-class] "art-num", text="5. In no case shall the provisions of paragraphs 1 and 3 be construed so as to impose on the Comp..."
[parser-unknown-class] "art-let", text="(a) to carry out administrative measures at variance with the laws or the administrative practice..."
[parser-unknown-class] "art-let", text="(b) to supply particulars which are not obtainable under the laws or in the normal course of the ..."
[parser-unknown-class] "art-num", text="6. Communications between Competent Authorities, Competent Institutions and persons to whom this ..."
[parser-unknown-class] "article", text=""
[parser-unknown-class] "article", text="ARTICLE 20"
[parser-unknown-class] "art-num", text="1. The Competent Authorities of the Parties shall, by means of an Administrative Arrangement, mak..."
[parser-unknown-class] "art-num", text="2. The Competent Authorities shall appoint liaison bodies in the Administrative Arrangement."
[parser-unknown-class] "article", text=""
[parser-unknown-class] "article", text="ARTICLE 21"
[parser-unknown-class] "art-num", text="1. In determining the qualification for a benefit of a person or the amount of benefit payable to..."
[parser-unknown-class] "art-let", text="(a) as an Australian resident;"
[parser-unknown-class] "art-let", text="(b) of Australian working life residence; and"
[parser-unknown-class] "art-let", text="(c) of insurance"
[parser-unknown-class] "art-num", text="shall, subject to this Agreement, be taken into account in so far as those periods, events or fac..."
[parser-unknown-class] "art-num", text="2. No provision of this Agreement shall confer on a person any right to receive payment of a bene..."
[parser-unknown-class] "art-num", text=""
[parser-unknown-class] "article", text="ARTICLE 22"
[parser-unknown-class] "art-num", text="The Competent Authorities of the Parties shall resolve, to the extent possible, any difficulties ..."
[parser-unknown-class] "article", text=""
[parser-unknown-class] "article", text="ARTICLE 23"
[parser-unknown-class] "art-num", text="Where a Party requests the other to meet to review this Agreement the Parties shall meet for that..."
[parser-unknown-class] "article", text=""
[parser-unknown-class] "SchdlHeadingPart", text="PART VII"
[parser-unknown-class] "article", text="ARTICLE 24"
[parser-unknown-class] "art-num", text="1. This Agreement shall enter into force on the first day of the month following the month in whi..."
[parser-unknown-class] "art-num", text="2. This Agreement shall remain in force indefinitely or until the expiration of 12 months from th..."
[parser-unknown-class] "art-num", text="3. In the event that this Agreement is terminated in accordance with paragraph 2, the Agreement s..."
[parser-unknown-class] "art-let", text="(a) at the date of termination, are in receipt of its benefits; or"
[parser-unknown-class] "art-let", text="(b) prior to the expiry of the period referred to in paragraph 2, have lodged claims for, and wou..."
[parser-unknown-class] "art-num", text="by virtue of this Agreement or"
[parser-unknown-class] "art-let", text="(c) immediately before the date of termination, are subject only to the legislation of one Party ..."
[parser-unknown-class] "BodySingle", text=""
[parser-unknown-class] "BodySingle", text=""
[parser-unknown-class] "BodySingle", text="FOR AUSTRALIA"
[parser-unknown-class] "BodySingle", text="FOR THE REPUBLIC OF CROATIA"
[parser-unknown-class] "BodySingle", text="Neil Francis"
[parser-unknown-class] "BodySingle", text="Australian Ambassador to Croatia"
[parser-unknown-class] "BodySingle", text="Davorko Vidović"
[parser-unknown-class] "BodySingle", text="Minister of Labour and Social Welfare"
[parser-unknown-class] "BodySingle", text=""
[parser-unknown-class] "article", text="ARTICLE 1"
[parser-unknown-class] "art-num", text="1. In this Agreement, unless the context otherwise requires;"
[parser-unknown-class] "art-let", text="(a) "Slovenia" means the Republic of Slovenia;"
[parser-unknown-class] "art-let", text="(b) "benefit" means, in relation to a Party, any of the benefits, pensions or allowances listed i..."
[parser-unknown-class] "art-let", text="(c) "Competent Authority" means,"
[parser-unknown-class] "art-let", text="in relation to Australia:the Secretary of the Commonwealth Department responsible for the legisla..."
[parser-unknown-class] "art-let", text="in relation to Slovenia:the Ministry of Labour, Family and Social Affairs;"
[parser-unknown-class] "art-let", text="(d) "Competent Institution" means,"
[parser-unknown-class] "art-let", text="in relation to Australia: the Institution or Agency which has the task of implementing the applic..."
[parser-unknown-class] "art-let", text="in relation to Slovenia:the Institute for Pension and Disability Insurance of Slovenia;"
[parser-unknown-class] "art-let", text="(e) "legislation" means, the laws and other regulations relating to benefits specified in paragra..."
[parser-unknown-class] "art-let", text="(f) "period of Australian working life residence" means, in relation to a person, the period defi..."
[parser-unknown-class] "art-let", text="(g) "period of insurance" means any period of contribution and any other period taken into accoun..."
[parser-unknown-class] "art-let", text="(h) "territory" means,"
[parser-unknown-class] "art-let", text="in relation to Australia:Australia as defined in the legislation of Australia; and"
[parser-unknown-class] "art-let", text="in relation to Slovenia:the territory of the Republic of Slovenia."
[parser-unknown-class] "art-num", text="2. Unless the context otherwise requires, any term not defined in this Agreement has the meaning ..."
[parser-unknown-class] "article", text="ARTICLE 2"
[parser-unknown-class] "art-num", text="1. Subject to paragraph 2, this Agreement shall apply to the legislation effective at the date of..."
[parser-unknown-class] "art-let", text="(a) in relation to Australia, the Acts forming the social security law in so far as the law provi..."
[parser-unknown-class] "art-let", text="(i) age pension; and"
[parser-unknown-class] "art-let", text="(ii) disability support pension for the severely disabled;"
[parser-unknown-class] "art-num", text="and"
[parser-unknown-class] "art-let", text="(b) in relation to Slovenia, the legislation that governs the Pension and Invalidity Insurance ex..."
[parser-unknown-class] "art-num", text="2. This Agreement shall apply to laws or regulations which extend the existing legislation to oth..."
[parser-unknown-class] "art-num", text="3. Notwithstanding the provisions of paragraph 1, the legislation of the Parties shall not includ..."
[parser-unknown-class] "article", text="ARTICLE 3"
[parser-unknown-class] "art-let", text="This Agreement shall apply to any person who:"
[parser-unknown-class] "art-let", text="(a) is or has been an Australian resident; or"
[parser-unknown-class] "art-let", text="(b) is or has been subject to the legislation of Slovenia."
[parser-unknown-class] "article", text="ARTICLE 4"
[parser-unknown-class] "art-num", text="Subject to this Agreement, all persons to whom this Agreement applies shall be treated equally by..."
[parser-unknown-class] "art-num", text=""
[parser-unknown-class] "article", text="ARTICLE 5"
[parser-unknown-class] "art-num", text="1. Australian benefits which are payable by virtue of this Agreement shall be payable in the terr..."
[parser-unknown-class] "art-num", text="2. Slovenian benefits to which a person is entitled under Slovenian legislation or by virtue of t..."
[parser-unknown-class] "art-num", text="3. Where there is a time limit on the continued qualification for an Australian benefit for a per..."
[parser-unknown-class] "art-num", text="4. Slovenian benefits to which a person is entitled on the basis of Slovenian legislation or acqu..."
[parser-unknown-class] "art-num", text="5. Australian benefits to which a person is entitled under the legislation of Australia or by vir..."
[parser-unknown-class] "art-num", text="6. If a Party imposes legal or administrative restrictions on the transfer of currency outside of..."
[parser-unknown-class] "art-num", text="7. While the measures in paragraph 6 are being implemented, the Party not imposing the restrictio..."
[parser-unknown-class] "art-num", text="8. Where a Party has imposed legal or administrative restrictions on the transfer of its currency..."
[parser-unknown-class] "art-num", text="9. Benefits paid by a Party outside its territory shall be paid in the currency of the United Sta..."
[parser-unknown-class] "art-num", text="10. A benefit payable by a Party by virtue of this Agreement or under its legislation shall be pa..."
[parser-unknown-class] "art-num", text="11. For Australia, the provisions of this Article shall not apply to rent assistance, pharmaceuti..."
[parser-unknown-class] "art-num", text="12. For Slovenia, the provisions of this Article shall not apply to income supplementary allowanc..."
[parser-unknown-class] "article", text="ARTICLE 6"
[parser-unknown-class] "art-num", text="1. For the purposes of assessing a person's degree of disability or the person's ability to work ..."
[parser-unknown-class] "art-num", text="2. To assist in the assessment referred to in paragraph 1, the Competent Institution of the Party..."
[parser-unknown-class] "art-num", text=""
[parser-unknown-class] "article", text="ARTICLE 7"
[parser-unknown-class] "art-num", text="Where a person would be qualified under the legislation of Australia or by virtue of this Agreeme..."
[parser-unknown-class] "art-let", text="(a) is an Australian resident or a resident of Slovenia or a third State with which Australia has..."
[parser-unknown-class] "art-let", text="(b) is in Australia, or in Slovenia or that third State,"
[parser-unknown-class] "art-num", text="that person, so long as he or she has been an Australian resident at some time, shall be deemed, ..."
[parser-unknown-class] "article", text="ARTICLE 8"
[parser-unknown-class] "art-num", text="1. Where a person to whom this Agreement applies has claimed an Australian benefit under this Agr..."
[parser-unknown-class] "art-let", text="(a) a period as an Australian resident that is less than the period required to qualify that pers..."
[parser-unknown-class] "art-let", text="(b) a period of Australian working life residence equal to or greater than the period referred to..."
[parser-unknown-class] "art-let", text="(c) a period of insurance in Slovenia that has already been used or can be used at the time of to..."
[parser-unknown-class] "art-num", text="then, for the purposes of the claim for that Australian benefit, that period of insurance shall b..."
[parser-unknown-class] "art-num", text="2. For the purpose of this Article, where a person has a period as an Australian resident and a p..."
[parser-unknown-class] "art-num", text="3. The minimum period of Australian working life residence to be taken into account for the purpo..."
[parser-unknown-class] "art-let", text="(a) for the purpose of an Australian benefit claimed by a person residing outside Australia , the..."
[parser-unknown-class] "art-let", text="(b) for the purpose of an Australian benefit claimed by an Australian resident, no minimum period..."
[parser-unknown-class] "article", text="ARTICLE 9"
[parser-unknown-class] "art-num", text="1. Subject to paragraph 2, where an Australian benefit is payable by virtue of this Agreement to ..."
[parser-unknown-class] "art-num", text="2. The provisions of paragraph 1 will continue to apply for 26 weeks when a person temporarily co..."
[parser-unknown-class] "art-num", text="3. Subject to the provisions of paragraphs 4 and 5, where an Australian benefit is granted by vir..."
[parser-unknown-class] "art-let", text="(a) calculating that person's income according to the legislation of Australia but disregarding i..."
[parser-unknown-class] "art-let", text="(b) deducting the amount of the Slovenian benefit to which that person is entitled to receive fro..."
[parser-unknown-class] "art-let", text="(c) applying to the remaining benefit obtained under subparagraph (b) the relevant rate calculati..."
[parser-unknown-class] "art-num", text="4. The provisions of paragraph 3 will continue to apply for 26 weeks when a person temporarily le..."
[parser-unknown-class] "art-num", text="5. Where a member of a couple is, or both that person and his or her partner are in receipt of a ..."
[parser-unknown-class] "art-num", text="6. Benefits referred to in paragraph 1 do not include rent assistance, pharmaceutical allowance o..."
[parser-unknown-class] "art-num", text=""
[parser-unknown-class] "article", text="ARTICLE 10"
[parser-unknown-class] "art-num", text="1. If a person does not fulfil the requirements for pension solely on the basis of his/her period..."
[parser-unknown-class] "art-num", text="2. If a person qualifies for a benefit under Slovenian legislation without the need for totalisat..."
[parser-unknown-class] "art-num", text="3. If the period of insurance in total amounts to less than 12 months no benefit shall be granted..."
[parser-unknown-class] "art-num", text="4. Notwithstanding the provision of paragraph 3 of Article 2, where based on the provisions of pa..."
[parser-unknown-class] "article", text="ARTICLE 11"
[parser-unknown-class] "art-num", text="1. If a person qualifies for a benefit under Slovenian legislation only by the application of the..."
[parser-unknown-class] "art-let", text="(a) it shall first calculate a theoretical amount of a benefit which would be payable if all tota..."
[parser-unknown-class] "art-let", text="(b) on the basis of this theoretical amount, it shall then calculate the actual amount of the ben..."
[parser-unknown-class] "art-num", text="2. If when applying paragraph 1 (b) the totalised periods exceed the longest possible period of i..."
[parser-unknown-class] "art-num", text=""
[parser-unknown-class] "article", text="ARTICLE 12"
[parser-unknown-class] "art-num", text="1. A claim, notice or appeal concerning a benefit, whether payable by virtue of this Agreement or..."
[parser-unknown-class] "art-num", text="2. For the purpose of determining the right to a benefit, the date on which a claim, notice or ap..."
[parser-unknown-class] "art-num", text="3. The reference in this Article to an appeal is an appeal that may be made to an administrative ..."
[parser-unknown-class] "art-num", text="4. Any exemption granted in the territory of one of the Parties from payment of taxes or fees in ..."
[parser-unknown-class] "article", text="ARTICLE 13"
[parser-unknown-class] "art-num", text="1. Where:"
[parser-unknown-class] "art-let", text="(a) an amount of arrears of benefit is paid or payable to a person by the Competent Institution o..."
[parser-unknown-class] "art-let", text="(b) for all or part of the relevant period, Australia has paid to that person a benefit; and"
[parser-unknown-class] "art-let", text="(c) the amount of the benefit paid by Australia would have been reduced had the benefit paid or p..."
[parser-unknown-class] "art-num", text="then"
[parser-unknown-class] "art-let", text="(d) the amount that would not have been paid by Australia had the benefit described in subparagra..."
[parser-unknown-class] "art-let", text="(e) Australia may recover all or part of that debt under the provisions of the Acts forming the s..."
[parser-unknown-class] "art-num", text="2. Where the Competent Institution of Slovenia has not yet paid the benefit described in subparag..."
[parser-unknown-class] "art-let", text="(a) that Competent Institution shall, at the request of the Competent Institution of Australia, p..."
[parser-unknown-class] "art-let", text="(b) any shortfall may be recovered by Australia under subparagraph 1(e)."
[parser-unknown-class] "art-num", text="3. For Australia, a reference in paragraph 1 to a benefit means a pension, benefit or allowance p..."
[parser-unknown-class] "article", text="ARTICLE 14"
[parser-unknown-class] "art-num", text="1. The Competent Authorities and Competent Institutions responsible for the application of this A..."
[parser-unknown-class] "art-let", text="(a) subject to paragraphs 3 and 4, communicate to each other any information necessary for the ap..."
[parser-unknown-class] "art-let", text="(b) lend their good offices and furnish assistance to one another, including the communication to..."
[parser-unknown-class] "art-let", text="(c) communicate to each other, as soon as possible, all information about the measures taken by t..."
[parser-unknown-class] "art-let", text="(d) at the request of one to another, assist each other in relation to the implementation of agre..."
[parser-unknown-class] "art-let", text="(e) advise each other of any laws which amend, supplement, supersede or replace their respective ..."
[parser-unknown-class] "art-num", text="2. The assistance referred to in paragraph 1 shall be provided free of charge, subject to any Adm..."
[parser-unknown-class] "art-num", text="3. Unless disclosure is required under the legislation of a Party, personal data which is transmi..."
[parser-unknown-class] "art-num", text="4. Notwithstanding any laws or administrative practices of a Party, no personal data which is rec..."
[parser-unknown-class] "art-num", text="5. Communications between Competent Authorities, Competent Institutions and persons to whom this ..."
[parser-unknown-class] "art-num", text="6. Reimbursements under this Agreement between Competent Institutions shall be made in the curren..."
[parser-unknown-class] "article", text="ARTICLE 15"
[parser-unknown-class] "art-num", text="1. The Competent Authorities of the Parties shall make whatever arrangements are necessary in ord..."
[parser-unknown-class] "art-num", text="2. The Competent Authorities shall appoint liaison bodies in the Administrative Arrangement."
[parser-unknown-class] "article", text="ARTICLE 16"
[parser-unknown-class] "art-num", text="1. In determining the qualification for a benefit of a person or the amount of benefit payable to..."
[parser-unknown-class] "art-let", text="(a) as an Australian resident;"
[parser-unknown-class] "art-let", text="(b) of Australian working life residence; and"
[parser-unknown-class] "art-let", text="(c) of insurance"
[parser-unknown-class] "art-num", text="shall, subject to this Agreement, be taken into account in so far as those periods, events or fac..."
[parser-unknown-class] "art-num", text="2. No provision of this Agreement shall confer on a person any right to receive payment of a bene..."
[parser-unknown-class] "article", text="ARTICLE 17"
[parser-unknown-class] "art-num", text="The Competent Authorities of the Parties shall resolve, to the extent possible, any difficulties ..."
[parser-unknown-class] "article", text="ARTICLE 18"
[parser-unknown-class] "art-num", text="Where a Party requests the other to meet to review this Agreement the Parties shall meet for that..."
[parser-unknown-class] "article", text="ARTICLE 19"
[parser-unknown-class] "art-num", text="1. This Agreement shall enter into force on the first day of the month following the month in whi..."
[parser-unknown-class] "art-num", text="2. Subject to paragraph 3, this Agreement shall remain in force indefinitely or until the expirat..."
[parser-unknown-class] "art-num", text="3. In the event that this Agreement is terminated in accordance with paragraph 2, the Agreement s..."
[parser-unknown-class] "art-let", text="(a) at the date of termination, are in receipt of its benefits; or"
[parser-unknown-class] "art-let", text="(b) prior to the expiry of the period referred to in paragraph 2, have lodged claims for, and wou..."
[parser-unknown-class] "art-num", text="by virtue of this Agreement."
[parser-unknown-class] "Note", text="Note:   See section 5."
[parser-unknown-class] "BodyText", text="Australia and the Kingdom of Belgium, wishing to strengthen the existing friendly relations betwe..."
[parser-unknown-class] "BodyTextIndent2", text="In relation to Australia: the laws specified in article 2, paragraph 1 B;"
[parser-unknown-class] "BodyTextIndent2", text=""
[parser-unknown-class] "BodyTextIndent2", text="In relation to Belgium: the Ministers responsible, as far as they are concerned, for applying the..."
[parser-unknown-class] "BodyTextIndent2", text="In relation to Australia : the Secretary to the Commonwealth Department responsible for the legis..."
[parser-unknown-class] "BodyText", text=""
[parser-unknown-class] "BodyText", text="(i) age pension;"
[parser-unknown-class] "BodyText", text="(ii) disability support pension for a person who is severely disabled;"
[parser-unknown-class] "BodyText", text=""
[parser-unknown-class] "BodyText", text=""
[parser-unknown-class] "BodyText", text="This Agreement shall apply to any person who:"
[parser-unknown-class] "BodyText", text=""
[parser-unknown-class] "BodyText", text="a) is or has been an Australian resident; or is or has been subject to the legislation of Australia;"
[parser-unknown-class] "BodyText", text=""
[parser-unknown-class] "BodyText", text="or"
[parser-unknown-class] "BodyText", text=""
[parser-unknown-class] "BodyText", text="b) is or has been subject to the legislation of Belgium,"
[parser-unknown-class] "BodyText", text=""
[parser-unknown-class] "BodyText", text="and, to any other persons in regard to the rights they derive from the person described above."
[parser-unknown-class] "BodyText", text="(b) If an employee is working in the employment of an employer on a ship or aircraft in internati..."
[parser-unknown-class] "BodyText", text="Where a person would be qualified under the legislation of Australia or by virtue of this Agreeme..."
[parser-unknown-class] "BodyText", text=""
[parser-unknown-class] "BodyText", text="a) is an Australian resident or a resident of Belgium or a third State with which Australia has c..."
[parser-unknown-class] "BodyText", text=""
[parser-unknown-class] "BodyText", text="b) is in Australia, or Belgium or that third State,"
[parser-unknown-class] "BodyText", text=""
[parser-unknown-class] "BodyText", text="that person, so long as he or she has been an Australian resident at any time, shall be deemed, f..."
[parser-unknown-class] "BodyText", text="1. Where a person to whom this Agreement applies has claimed an Australian pension under this Agr..."
[parser-unknown-class] "BodyText", text=""
[parser-unknown-class] "BodyText", text="a) a period as an Australian resident that is less than the period required to qualify that perso..."
[parser-unknown-class] "BodyText", text=""
[parser-unknown-class] "BodyText", text="b) a period of Australian working life residence equal to or greater than the period identified i..."
[parser-unknown-class] "BodyText", text=""
[parser-unknown-class] "BodyText", text="c) a period of insurance in Belgium;"
[parser-unknown-class] "BodyText", text=""
[parser-unknown-class] "BodyText", text="then, for the purposes of a claim for that Australian pension, that period of insurance in Belgiu..."
[parser-unknown-class] "BodyText", text=""
[parser-unknown-class] "BodyText", text="2. For the purposes of paragraph 1, where a person:"
[parser-unknown-class] "BodyText", text=""
[parser-unknown-class] "BodyText", text="a) has been an Australian resident for a continuous period which is less than the minimum continu..."
[parser-unknown-class] "BodyText", text=""
[parser-unknown-class] "BodyText", text="b) has accumulated a period of insurance in Belgium in two or more separate periods that equals o..."
[parser-unknown-class] "BodyText", text=""
[parser-unknown-class] "BodyText", text="the total of the periods of insurance in Belgium shall be deemed to be one continuous period."
[parser-unknown-class] "BodyText", text=""
[parser-unknown-class] "BodyText", text="3. For the purposes of this article, where a period by a person as an Australian resident and a p..."
[parser-unknown-class] "BodyText", text=""
[parser-unknown-class] "BodyText", text="4. The minimum period of Australian working life residence to be taken into account for the purpo..."
[parser-unknown-class] "BodyText", text=""
[parser-unknown-class] "BodyText", text="a) for the purposes of an Australian pension that is payable to a person who is not an Australian..."
[parser-unknown-class] "BodyText", text=""
[parser-unknown-class] "BodyText", text="b) for the purposes of an Australian pension that is payable to an Australian resident, there sha..."
[parser-unknown-class] "BodyText", text=""
[parser-unknown-class] "BodyText", text="1. Subject to paragraph 3, where an Australian pension is payable, whether by virtue of this Agre..."
[parser-unknown-class] "BodyText", text=""
[parser-unknown-class] "BodyText", text="2. Only a person receiving a proportionalised Australian pension shall be entitled to receive the..."
[parser-unknown-class] "BodyText", text=""
[parser-unknown-class] "BodyText", text="3. The provision in paragraph 1 shall continue to apply for 26 weeks where a person comes tempora..."
[parser-unknown-class] "BodyText", text=""
[parser-unknown-class] "BodyText", text="4. Subject to paragraph 5, where an Australian pension is payable only by virtue of this Agreemen..."
[parser-unknown-class] "BodyText", text=""
[parser-unknown-class] "BodyText", text="a) calculating that person's income according to the legislation of Australia but disregarding in..."
[parser-unknown-class] "BodyText", text=""
[parser-unknown-class] "BodyText", text="b) deducting the amount of the Belgian pension which that person is entitled to receive from the ..."
[parser-unknown-class] "BodyText", text=""
[parser-unknown-class] "BodyText", text="c) applying to the remaining pension obtained under subparagraph b) the relevant rate calculation..."
[parser-unknown-class] "BodyText", text=""
[parser-unknown-class] "BodyText", text="5. The provisions in paragraph 4 shall continue to apply for 26 weeks where a person departs temp..."
[parser-unknown-class] "BodyText", text=""
[parser-unknown-class] "BodyText", text="6. Where the rate of a pension calculated in accordance with paragraph 4 is less than the rate of..."
[parser-unknown-class] "BodyText", text=""
[parser-unknown-class] "BodyText", text="7. Where a member of a couple is, or both that person and his or her partner are, entitled to a B..."
[parser-unknown-class] "BodyText", text="1. The legislation of the contracting Party which was applicable to the person at the time that t..."
[parser-unknown-class] "BodyText", text="2. A person who satisfies the conditions referred to in paragraph 1 shall obtain the pension from..."
[parser-unknown-class] "BodyText", text="a) communicate to each other any information necessary for the application of this Agreement;"
[parser-unknown-class] "BodyText", text=""
[parser-unknown-class] "BodyText", text="b) lend their good offices and furnish assistance to one another, including communication to each..."
[parser-unknown-class] "BodyText", text=""
[parser-unknown-class] "BodyText", text="c) communicate to each other, as soon as possible, all information about the measures taken by th..."
[parser-unknown-class] "BodyText", text=""
[parser-unknown-class] "BodyText", text="d) at the request of one to the other, assist each other in relation to the implementation of Agr..."
[parser-unknown-class] "BodyText", text="a) to carry out administrative measures at variance with the laws or the administrative practice ..."
[parser-unknown-class] "BodyText", text=""
[parser-unknown-class] "BodyText", text="b) to supply particulars which are not obtainable under the laws or in the normal course of the a..."
[parser-unknown-class] "BodyText", text="The competent authorities of the contracting Parties shall resolve, to the extent possible, any d..."
[parser-unknown-class] "BodyText", text="Where a contracting Party requests the other to meet to review this Agreement, the Parties shall ..."
[parser-unknown-class] "BodyText", text=""
[parser-unknown-class] "BodyText", text="a) a pension is paid or payable by a contracting Party to a person in respect of a past period wh..."
[parser-unknown-class] "BodyText", text=""
[parser-unknown-class] "BodyText", text="b) for all or part of that period, the other contracting Party has paid to that person a pension ..."
[parser-unknown-class] "BodyText", text=""
[parser-unknown-class] "BodyText", text="c) the amount of the pension paid by that other contracting Party would have been reduced had the..."
[parser-unknown-class] "BodyText", text=""
[parser-unknown-class] "BodyText", text="a) that competent institution shall, at the request of the competent institution of the other con..."
[parser-unknown-class] "BodyText", text=""
[parser-unknown-class] "BodyText", text="b) any shortfall in those arrears may be recovered by the other contracting Party."
[parser-unknown-class] "BodyText", text=""
[parser-unknown-class] "BodyTextIndent", text="2. This Agreement shall not create any entitlement to pensions for any period prior to its coming..."
[parser-unknown-class] "BodyTextIndent", text="3. All insurance periods completed under the legislation of one of the contracting Parties prior ..."
[parser-unknown-class] "BodyTextIndent", text="1. Any Belgian pension that was not paid or that was suspended by reason of the nationality of th..."
[parser-unknown-class] "BodyTextIndent", text="2. The entitlement of interested persons who, prior to the coming into force of this Agreement, o..."
[parser-unknown-class] "BodyTextIndent", text="3. If the application referred to in paragraph 1 or 2 of this article is made within two years of..."
[parser-unknown-class] "BodyTextIndent", text="4. If the application referred to in paragraph 1 or 2 of this article is made after two years fol..."
[parser-unknown-class] "BodyText", text=""
[parser-unknown-class] "BodyTextIndent", text="1. In the event of termination, this Agreement shall continue to have effect in relation to all p..."
[parser-unknown-class] "BodyText", text=""
[parser-unknown-class] "BodyText", text="(a) at the date on which termination takes effect, are in receipt of pensions; or"
[parser-unknown-class] "BodyText", text=""
[parser-unknown-class] "BodyText", text="(b) prior to that date have lodged claims for, and would be entitled to receive, pensions by virt..."
[parser-unknown-class] "BodyText", text=""
[parser-unknown-class] "BodyText", text="(c) immediately before the date of termination are subject only to the legislation of one Party b..."
[parser-unknown-class] "BodyTextIndent", text="2. The contracting Parties shall continue to collaborate for the purpose of applying paragraph 1."
[parser-unknown-class] "Note", text="Note:   See section 5."
[parser-unknown-class] "BodyText", text=""
[parser-unknown-class] "BodyText", text="AGREEMENT BETWEEN THE GOVERNMENT OF AUSTRALIA AND THE GOVERNMENT OF THE KINGDOM OF NORWAY ON SOCI..."
[parser-unknown-class] "BodyText", text=""
[parser-unknown-class] "BodyText", text="The Government of Australia and the Government of the Kingdom of Norway and (hereinafter “the Par..."
[parser-unknown-class] "BodyText", text="Wishing to strengthen the existing friendly relations between the two countries, and"
[parser-unknown-class] "BodyText", text="Resolved to coordinate their social security systems and to eliminate double coverage for workers;"
[parser-unknown-class] "BodyText", text="Have agreed as follows:"
[parser-unknown-class] "BodyText", text=""
[parser-unknown-class] "BodyText", text="PART I"
[parser-unknown-class] "BodyText", text="GENERAL PROVISIONS"
[parser-unknown-class] "BodyText", text="ARTICLE 1"
[parser-unknown-class] "BodyText", text="Definitions"
[parser-unknown-class] "BodyText", text="1. In this Agreement, unless the context otherwise requires:"
[parser-unknown-class] "BodyText", text="(a) “benefit” means in relation to a Party, a benefit, pension or allowance for which provision i..."
[parser-unknown-class] "BodyText", text="(b) “Competent Authority” means;"
[parser-unknown-class] "BodyText", text="in relation to Australia:"
[parser-unknown-class] "BodyText", text="the Secretary of the Commonwealth Department responsible for the legislation specified in subpara..."
[parser-unknown-class] "BodyText", text="in relation to Norway:"
[parser-unknown-class] "BodyText", text="the Ministry of Labour and Social Affairs, except in relation to exception agreements in accordan..."
[parser-unknown-class] "BodyText", text="(c) “Competent Institution” means;"
[parser-unknown-class] "BodyText", text="in relation to Australia:"
[parser-unknown-class] "BodyText", text="the institution which has the task of implementing the applicable Australian legislation; and"
[parser-unknown-class] "BodyText", text="in relation to Norway:"
[parser-unknown-class] "BodyText", text="the National Insurance Administration;"
[parser-unknown-class] "BodyText", text="(d) “legislation” means;"
[parser-unknown-class] "BodyText", text="in relation to Australia:"
[parser-unknown-class] "BodyText", text="the laws specified in subparagraph 1(a)(i) of Article 2 except in relation to the application of ..."
[parser-unknown-class] "BodyText", text="in relation to Norway:"
[parser-unknown-class] "BodyText", text="the laws specified in subparagraph 1(b) of Article 2;"
[parser-unknown-class] "BodyText", text="(e) “period of Australian working life residence”, in relation to a person, means a period define..."
[parser-unknown-class] "BodyText", text="(f) “period of insurance in Norway” means the period of contributions or period of residence acco..."
[parser-unknown-class] "BodyText", text="(g) “territory” means;"
[parser-unknown-class] "BodyText", text="in relation to Australia:"
[parser-unknown-class] "BodyText", text="the Commonwealth of Australia, including the Territory of Cocos (Keeling) Islands and the Territo..."
[parser-unknown-class] "BodyText", text="in relation to Norway:"
[parser-unknown-class] "BodyText", text="the territory of the Kingdom of Norway, including Svalbard and Jan Mayen."
[parser-unknown-class] "BodyText", text="2. Other words and expressions which are used in this Agreement shall have the meaning respective..."
[parser-unknown-class] "BodyText", text="ARTICLE 2"
[parser-unknown-class] "BodyText", text="Legislative Scope"
[parser-unknown-class] "BodyText", text="1. Subject to paragraph 3, this Agreement shall apply to the following laws, as amended at the da..."
[parser-unknown-class] "BodyText", text="(a) in relation to Australia:"
[parser-unknown-class] "BodyText", text="(i) the Acts forming the social security law, in so far as the law provides for, applies to, or a..."
[parser-unknown-class] "BodyText", text="A age pension; and"
[parser-unknown-class] "BodyText", text="B disability support pension."
[parser-unknown-class] "BodyText", text="(ii) the law concerning the superannuation guarantee (which at the time of signature of this Agre..."
[parser-unknown-class] "BodyText", text="(b) in relation to Norway:"
[parser-unknown-class] "BodyText", text="(i) the National Insurance Act of 28 February 1997 in so far as the Act provides for, applies to,..."
[parser-unknown-class] "BodyText", text="A old‑age pension, including supplements for supported wife or children;"
[parser-unknown-class] "BodyText", text="B disability pension, including supplements for supported wife or children;"
[parser-unknown-class] "BodyText", text="C rehabilitation benefits: and"
[parser-unknown-class] "BodyText", text="D pensions to survivors;"
[parser-unknown-class] "BodyText", text="(ii) for the application of Part II also all other provisions of the Act mentioned above and the ..."
[parser-unknown-class] "BodyText", text="2. For the purposes of reciprocating Norwegian supplements for supported children, Australian age..."
[parser-unknown-class] "BodyText", text="3. Notwithstanding the provisions of paragraph 1, the legislation as defined shall not, unless ot..."
[parser-unknown-class] "BodyText", text="4. This Agreement shall apply to laws which extend the legislation of either Party to new categor..."
[parser-unknown-class] "BodyText", text="ARTICLE 3"
[parser-unknown-class] "BodyText", text="Personal Scope"
[parser-unknown-class] "BodyText", text="This Agreement shall apply to any person who:"
[parser-unknown-class] "BodyText", text="(a) is or has been an Australian resident; or"
[parser-unknown-class] "BodyText", text="(b) is or has been subject to Norwegian legislation,"
[parser-unknown-class] "BodyText", text="and, where applicable, to other persons in regard to the rights they derive from the persons desc..."
[parser-unknown-class] "BodyText", text="ARTICLE 4"
[parser-unknown-class] "BodyText", text="Equality of Treatment"
[parser-unknown-class] "BodyText", text="1. Unless otherwise provided in this Agreement, Norwegian and Australian nationals shall be treat..."
[parser-unknown-class] "BodyText", text="2. Unless otherwise provided in this Agreement, all persons to whom this Agreement applies shall ..."
[parser-unknown-class] "BodyText", text="ARTICLE 5"
[parser-unknown-class] "BodyText", text="Payment of Benefits Abroad"
[parser-unknown-class] "BodyText", text="1. Unless otherwise decided in this Agreement, the provisions of the legislation of a Party makin..."
[parser-unknown-class] "BodyText", text="2. In respect of Australian legislation, rent assistance, pharmaceutical allowance and any other ..."
[parser-unknown-class] "BodyText", text="3. The provisions of this Article do not apply to Australian Disability Support Pensions paid to ..."
[parser-unknown-class] "BodyText", text="4. In respect of Norwegian legislation, the provisions of this Article shall apply only to disabi..."
[parser-unknown-class] "BodyText", text="5. In respect of Norwegian legislation, the provisions of this Article shall be applicable only i..."
[parser-unknown-class] "BodyText", text="(a) one year of occupational activity in Norway, or"
[parser-unknown-class] "BodyText", text="(b) three years of residence in Norway"
[parser-unknown-class] "BodyText", text="prior to the contingency and within the age limits which apply for pension earning in Norway."
[parser-unknown-class] "BodyText", text="PART II"
[parser-unknown-class] "BodyText", text="COVERAGE PROVISIONS"
[parser-unknown-class] "BodyText", text="SECTION A"
[parser-unknown-class] "BodyText", text="PROVISIONS RELATING TO THE SUPERANNUATION GUARANTEE LEGISLATION OF AUSTRALIA EXCLUSIVELY AND TO N..."
[parser-unknown-class] "BodyText", text="ARTICLE 6"
[parser-unknown-class] "BodyText", text="Purpose of the Section"
[parser-unknown-class] "BodyText", text="The purpose of this section is to ensure that employers and employees who are subject to the legi..."
[parser-unknown-class] "BodyText", text="ARTICLE 7"
[parser-unknown-class] "BodyText", text="Application of the Section"
[parser-unknown-class] "BodyText", text="This Section shall only apply if an employee and/or the employer of the employee would, apart fro..."
[parser-unknown-class] "BodyText", text="ARTICLE 8"
[parser-unknown-class] "BodyText", text="Diplomatic and Consular Relations"
[parser-unknown-class] "BodyText", text="This Agreement shall not affect the provisions of the Vienna Convention on Diplomatic Relations o..."
[parser-unknown-class] "BodyText", text="ARTICLE 9"
[parser-unknown-class] "BodyText", text="Avoidance of Double Coverage"
[parser-unknown-class] "BodyText", text="1. Unless otherwise provided in paragraphs 2, 3 or 5, if an employee works in the territory of on..."
[parser-unknown-class] "BodyText", text="2. If an employee:"
[parser-unknown-class] "BodyText", text="(a) is covered by the legislation of one Party (‘the first Party’);"
[parser-unknown-class] "BodyText", text="(b) was sent, whether before, on or after the entry into force of this Agreement, by the Governme..."
[parser-unknown-class] "BodyText", text="(c) is working in the territory of the second Party in the employment of the Government of the fi..."
[parser-unknown-class] "BodyText", text="(d) is not working permanently in the territory of the second Party;"
[parser-unknown-class] "BodyText", text="the employer of the employee and employee shall be subject only to the legislation of the first P..."
[parser-unknown-class] "BodyText", text="3. If an employee:"
[parser-unknown-class] "BodyText", text="(a) is covered by the legislation of one Party (‘the first Party’) and in the case of Norway, is ..."
[parser-unknown-class] "BodyText", text="(b) was sent, whether before, on or after the entry into force of this Agreement, by an employer ..."
[parser-unknown-class] "BodyText", text="(c) is working in the territory of the second Party in the employment of the employer or a relate..."
[parser-unknown-class] "BodyText", text="(d) has not been in the territory of the second Party more than 3 years after being sent to work ..."
[parser-unknown-class] "BodyText", text="(e) is not working permanently in the territory of the second Party;"
[parser-unknown-class] "BodyText", text="the employer of the employee and employee shall be subject only to the legislation of the first P..."
[parser-unknown-class] "BodyText", text="4. For the purposes of subparagraph 9(3)(c), an entity is a related entity of an employer if the ..."
[parser-unknown-class] "BodyText", text="5. Employees on board vessels flying the Norwegian flag shall be subject to Norwegian legislation..."
[parser-unknown-class] "BodyText", text="6. Employees working for a Norwegian airline company on board an aircraft in international traffi..."
[parser-unknown-class] "BodyText", text="ARTICLE 10"
[parser-unknown-class] "BodyText", text="Employees on the Continental Shelf"
[parser-unknown-class] "BodyText", text="1. Subject to paragraph 2, employees on installations for the exploration and the exploitation of..."
[parser-unknown-class] "BodyText", text="2. The provisions of Article 9(3) shall apply correspondingly to an employee who is seconded to i..."
[parser-unknown-class] "BodyText", text="ARTICLE 11"
[parser-unknown-class] "BodyText", text="Exception agreements"
[parser-unknown-class] "BodyText", text="1. The competent authorities may for the purposes of this Part by agreement in writing:"
[parser-unknown-class] "BodyText", text="(a) extend the period of three years referred to in Article 9(3)(d) for any employee; or"
[parser-unknown-class] "BodyText", text="(b) provide that an employee is taken to work in the territory of a particular Party or to work o..."
[parser-unknown-class] "BodyText", text="2. Any agreement made under paragraph 1 may apply to:"
[parser-unknown-class] "BodyText", text="(a) a class of employees; and/or"
[parser-unknown-class] "BodyText", text="(b) particular work or particular type of work (including work that has not occurred at the time ..."
[parser-unknown-class] "BodyText", text="ARTICLE 12"
[parser-unknown-class] "BodyText", text="Voluntary Insurance"
[parser-unknown-class] "BodyText", text="This Agreement shall not preclude the opportunity for a person to be voluntarily insured under th..."
[parser-unknown-class] "BodyText", text="SECTION B"
[parser-unknown-class] "BodyText", text="PROVISIONS RELATING TO AUSTRALIAN LEGISLATION, THE SUPERANNUATION GUARANTEE LEGISLATION OF AUSTRA..."
[parser-unknown-class] "BodyText", text="ARTICLE 13"
[parser-unknown-class] "BodyText", text="Temporary Absence from Australia"
[parser-unknown-class] "BodyText", text="An Australian resident shall not cease to be regarded as an Australian resident because he or she..."
[parser-unknown-class] "BodyText", text="ARTICLE 14"
[parser-unknown-class] "BodyText", text="Spouse or Partner and Dependants of Employees"
[parser-unknown-class] "BodyText", text="1. The spouse or partner and dependants who accompany a person mentioned in Article 9 paragraph 2..."
[parser-unknown-class] "BodyText", text="2. The spouse or partner and children who accompany a person mentioned in Article 9 paragraph 2 a..."
[parser-unknown-class] "BodyText", text="PART III"
[parser-unknown-class] "BodyText", text="PROVISIONS RELATING TO AUSTRALIAN BENEFITS"
[parser-unknown-class] "BodyText", text="ARTICLE 15"
[parser-unknown-class] "BodyText", text="Residence or Presence in Norway"
[parser-unknown-class] "BodyText", text="1. Where a person would be qualified under Australian legislation or by virtue of this Agreement ..."
[parser-unknown-class] "BodyText", text="(a) is an Australian resident or residing in the territory of Norway; and"
[parser-unknown-class] "BodyText", text="(b) is in Australia, or the territory of Norway,"
[parser-unknown-class] "BodyText", text="that person, so long as he or she has been an Australian resident at some time, shall be deemed, ..."
[parser-unknown-class] "BodyText", text="2. Australian legislation which provides for, applies to or affects disability support pension fo..."
[parser-unknown-class] "BodyText", text="ARTICLE 16"
[parser-unknown-class] "BodyText", text="Totalisation for Australia"
[parser-unknown-class] "BodyText", text="1. Where a person to whom this Agreement applies has accumulated:"
[parser-unknown-class] "BodyText", text="(a) a period as an Australian resident that is less than the period required to qualify that pers..."
[parser-unknown-class] "BodyText", text="(b) a period of Australian working life residence equal to or greater than the minimum period ide..."
[parser-unknown-class] "BodyText", text="(c) a period of insurance in Norway"
[parser-unknown-class] "BodyText", text="then that period of insurance shall be deemed, only for the purposes of meeting any minimum quali..."
[parser-unknown-class] "BodyText", text="2. For the purposes of paragraph 1, where a person:"
[parser-unknown-class] "BodyText", text="(a) has been an Australian resident for a continuous period which is less than the minimum contin..."
[parser-unknown-class] "BodyText", text="(b) has accumulated a period of insurance in Norway in two or more separate periods that equals o..."
[parser-unknown-class] "BodyText", text="the total of the periods of insurance shall be deemed to be one continuous period."
[parser-unknown-class] "BodyText", text="3. For all purposes of this Article, where a period by a person as an Australian resident and a p..."
[parser-unknown-class] "BodyText", text="4. The minimum period of Australian working life residence to be taken into account for the purpo..."
[parser-unknown-class] "BodyText", text="(a) for the purposes of an Australian benefit that is payable to a person who is not an Australia..."
[parser-unknown-class] "BodyText", text="(b) for the purposes of an Australian benefit that is payable to an Australian resident, there wi..."
[parser-unknown-class] "BodyText", text="ARTICLE 17"
[parser-unknown-class] "BodyText", text="Calculation of Australian Benefits"
[parser-unknown-class] "BodyText", text="1. Where an Australian benefit is payable, whether by virtue of this Agreement or otherwise to a ..."
[parser-unknown-class] "BodyText", text="2. Where an Australian benefit is payable, whether by virtue of this Agreement or otherwise to a ..."
[parser-unknown-class] "BodyText", text="(a) Norwegian War Injury Pensions (NWIPs) paid to the partner of an Australian pensioner, if that..."
[parser-unknown-class] "BodyText", text="(b) allowances paid to NWIP pensioners, for specific costs, as specified in the Administrative Ar..."
[parser-unknown-class] "BodyText", text="3. Subject to paragraph 5, where an Australian benefit is payable, whether by virtue of this Agre..."
[parser-unknown-class] "BodyText", text="4. The provisions of paragraphs 1 and 3 shall continue to apply for 26 weeks where a person comes..."
[parser-unknown-class] "BodyText", text="5. A person referred to in paragraph 3 shall only be entitled to receive the concessional assessm..."
[parser-unknown-class] "BodyText", text="6. Subject to the provisions of paragraph 8, where an Australian benefit is payable only by virtu..."
[parser-unknown-class] "BodyText", text="(a) calculating that person’s income according to Australian legislation, but disregarding in tha..."
[parser-unknown-class] "BodyText", text="(b) deducting the amount of the Norwegian benefit received by that person from the maximum rate o..."
[parser-unknown-class] "BodyText", text="(c) applying to the remaining benefit obtained under subparagraph (b) the relevant rate calculati..."
[parser-unknown-class] "BodyText", text="7. The provisions of paragraph 6 shall continue to apply for 26 weeks where a person departs temp..."
[parser-unknown-class] "BodyText", text="8. If an Australian benefit is only payable by virtue of this Agreement to a person under paragra..."
[parser-unknown-class] "BodyText", text="9. Where a member of a couple is, or both that person and his or her partner are, in receipt of a..."
[parser-unknown-class] "BodyText", text="PART IV"
[parser-unknown-class] "BodyText", text="PROVISIONS RELATING TO NORWEGIAN BENEFITS"
[parser-unknown-class] "BodyText", text="ARTICLE 18"
[parser-unknown-class] "BodyText", text="Totalisation for Norway"
[parser-unknown-class] "BodyText", text="1. In order to become entitled to a social insurance benefit under Norwegian legislation, periods..."
[parser-unknown-class] "BodyText", text="(a) one year of occupational activity in Norway; or"
[parser-unknown-class] "BodyText", text="(b) three years residence in Norway"
[parser-unknown-class] "BodyText", text="prior to the contingency and within the age limits which apply for pension earning under Norwegia..."
[parser-unknown-class] "BodyText", text="2. To become entitled to a supplementary pension under Norwegian legislation, pension points for ..."
[parser-unknown-class] "BodyText", text="3. In respect of entitlement to a pension as a surviving spouse or child, the periods to be total..."
[parser-unknown-class] "BodyText", text="ARTICLE 19"
[parser-unknown-class] "BodyText", text="Calculation of Norwegian Benefits"
[parser-unknown-class] "BodyText", text="1. If entitlement to a benefit exists under Norwegian legislation without recourse to the provisi..."
[parser-unknown-class] "BodyText", text="2. If entitlement to a benefit exists only according to the provisions of this Agreement, the ben..."
[parser-unknown-class] "BodyText", text="(a) determining the benefit which would have been payable if the person’s periods of Australian w..."
[parser-unknown-class] "BodyText", text="(b) multiplying the benefit arrived at under subparagraph (a) by the person’s actual insurance pe..."
[parser-unknown-class] "BodyText", text="3. If the person’s total insurance period in Norway, or the sum of such periods and periods of Au..."
[parser-unknown-class] "BodyText", text="4. For the purposes of paragraphs 2 and 3, the provisions of Article 18 paragraphs 2 and 3 shall ..."
[parser-unknown-class] "BodyText", text="5. In respect of pensioners who are resident in Australia, Australian income tested benefits shal..."
[parser-unknown-class] "BodyText", text="ARTICLE 20"
[parser-unknown-class] "BodyText", text="Transitional Provisions"
[parser-unknown-class] "BodyText", text="In respect of entitlement to a supplementary pension under Norwegian legislation calculated under..."
[parser-unknown-class] "BodyText", text="ARTICLE 21"
[parser-unknown-class] "BodyText", text="Totalisation concerning Voluntary Membership"
[parser-unknown-class] "BodyText", text="In order to meet the requirement of previous insurance periods for obtaining voluntary membership..."
[parser-unknown-class] "BodyText", text="PART V"
[parser-unknown-class] "BodyText", text="MISCELLANEOUS AND ADMINISTRATIVE PROVISIONS"
[parser-unknown-class] "BodyText", text="ARTICLE 22"
[parser-unknown-class] "BodyText", text="Implementation of the Secondment Provisions"
[parser-unknown-class] "BodyText", text="A Party shall provide according to rules to be agreed in the Administrative Arrangement, pursuant..."
[parser-unknown-class] "BodyText", text="ARTICLE 23"
[parser-unknown-class] "BodyText", text="Lodgement of Documents"
[parser-unknown-class] "BodyText", text="1. A claim, notice or appeal concerning a benefit, whether payable by a Party by virtue of this A..."
[parser-unknown-class] "BodyText", text="2. For the purposes of assessing entitlement to a benefit, the date on which a claim, notice or a..."
[parser-unknown-class] "BodyText", text="3. In relation to Australia, the reference in this Article to an appeal document is a reference t..."
[parser-unknown-class] "BodyText", text="ARTICLE 24"
[parser-unknown-class] "BodyText", text="Presentation of Claims"
[parser-unknown-class] "BodyText", text="A claim for a benefit presented under the legislation of one Party will be considered as a claim ..."
[parser-unknown-class] "BodyText", text="ARTICLE 25"
[parser-unknown-class] "BodyText", text="Determination of Claims"
[parser-unknown-class] "BodyText", text="1. In determining the eligibility or entitlement of a person for a benefit by virtue of this Agre..."
[parser-unknown-class] "BodyText", text="(a) a period as an Australian resident and a period of insurance; and"
[parser-unknown-class] "BodyText", text="(b) any event or fact which is relevant to that entitlement,"
[parser-unknown-class] "BodyText", text="shall, subject to this Agreement, be taken into account in so far as those periods or those event..."
[parser-unknown-class] "BodyText", text="2. The commencement date for payment of a benefit payable by virtue of this Agreement shall be de..."
[parser-unknown-class] "BodyText", text="ARTICLE 26"
[parser-unknown-class] "BodyText", text="Overpayment of Benefits"
[parser-unknown-class] "BodyText", text="1. Where:"
[parser-unknown-class] "BodyText", text="(a) a benefit is paid or payable by a Party to a person in respect of a past period;"
[parser-unknown-class] "BodyText", text="(b) for all or part of that period, the other Party has paid to that person a benefit under its l..."
[parser-unknown-class] "BodyText", text="(c) the amount of the benefit paid by that other Party would have been reduced, had the other ben..."
[parser-unknown-class] "BodyText", text="then"
[parser-unknown-class] "BodyText", text="(d) the amount that would not have been paid by the other Party had the benefit described in subp..."
[parser-unknown-class] "BodyText", text="2. Where the first Party has not yet paid the benefit described in subparagraph 1(a) to the person:"
[parser-unknown-class] "BodyText", text="(a) that Party shall, at the request of the other Party, pay from the arrears of the benefit the ..."
[parser-unknown-class] "BodyText", text="(b) any shortfall may be recovered by the other Party in accordance with the legislation of that ..."
[parser-unknown-class] "BodyText", text="3. The Competent Institution receiving a request under paragraph 2 shall transfer from the lump s..."
[parser-unknown-class] "BodyText", text="4. A reference in paragraphs 1 and 2 to a benefit, in relation to Australia, means a pension, ben..."
[parser-unknown-class] "BodyText", text="5. A Party to which overpaid benefit is owing shall not, under this Article, seek to have the oth..."
[parser-unknown-class] "BodyText", text="ARTICLE 27"
[parser-unknown-class] "BodyText", text="Export and Payment of Benefits"
[parser-unknown-class] "BodyText", text="1. If a Party imposes legal or administrative restrictions on the transfer of its currency abroad..."
[parser-unknown-class] "BodyText", text="2. A Party that imposes restrictions described in paragraph 1 shall inform the other Party of tho..."
[parser-unknown-class] "BodyText", text="3. A benefit payable by a Party by virtue of this Agreement shall be paid by that Party without d..."
[parser-unknown-class] "BodyText", text="4. Any exemption granted in the territory of one of the Parties from stamp duty, notarial or regi..."
[parser-unknown-class] "BodyText", text="ARTICLE 28"
[parser-unknown-class] "BodyText", text="Exchange of Information and Mutual Assistance"
[parser-unknown-class] "BodyText", text="1. The Competent Authorities and Competent Institutions responsible for the application of this A..."
[parser-unknown-class] "BodyText", text="(a) communicate to each other any information necessary for the application of this Agreement;"
[parser-unknown-class] "BodyText", text="(b) lend their good offices and furnish assistance to one another, including the communication to..."
[parser-unknown-class] "BodyText", text="(c) communicate to each other, as soon as possible, all information about the measures taken by t..."
[parser-unknown-class] "BodyText", text="(d) at the request of one to the other, assist each other in relation to the implementation of ag..."
[parser-unknown-class] "BodyText", text="2. The assistance referred to in paragraph 1 shall be provided free of charge, subject to the Adm..."
[parser-unknown-class] "BodyText", text="3. Unless disclosure is required under the laws of a Party, any information about an individual w..."
[parser-unknown-class] "BodyText", text="4. In no case shall the provisions of paragraphs 1 and 3 be construed so as to impose on the Comp..."
[parser-unknown-class] "BodyText", text="(a) to carry out administrative measures at variance with the laws or the administrative practice..."
[parser-unknown-class] "BodyText", text="(b) to supply particulars which are not obtainable under the laws or in the normal course of the ..."
[parser-unknown-class] "BodyText", text="5. In the application of this Agreement, the Competent Authority and the Competent Institution of..."
[parser-unknown-class] "BodyText", text="ARTICLE 29"
[parser-unknown-class] "BodyText", text="Administrative Arrangement"
[parser-unknown-class] "BodyText", text="The Competent Authorities of the Parties shall make whatever Administrative Arrangement is necess..."
[parser-unknown-class] "BodyText", text="ARTICLE 30"
[parser-unknown-class] "BodyText", text="Resolution of Difficulties"
[parser-unknown-class] "BodyText", text="Disputes arising in connection with the application of this Agreement are to be resolved by consu..."
[parser-unknown-class] "BodyText", text="ARTICLE 31"
[parser-unknown-class] "BodyText", text="Review of Agreement"
[parser-unknown-class] "BodyText", text="Where a Party requests the other to meet to review this Agreement, the Parties shall meet for tha..."
[parser-unknown-class] "BodyText", text="PART VI"
[parser-unknown-class] "BodyText", text="TRANSITIONAL AND FINAL PROVISIONS"
[parser-unknown-class] "BodyText", text="ARTICLE 32"
[parser-unknown-class] "BodyText", text="Entry into Force and Termination"
[parser-unknown-class] "BodyText", text="1. Subject to the legislation of either Party, this Agreement shall not result in any reduction i..."
[parser-unknown-class] "BodyText", text="2. This Agreement shall enter into force on the first day of the third month following the month ..."
[parser-unknown-class] "BodyText", text="3. Subject to paragraph 4, this Agreement shall remain in force until the expiration of 12 months..."
[parser-unknown-class] "BodyText", text="4. In the event that this Agreement is terminated in accordance with paragraph 3, the Agreement s..."
[parser-unknown-class] "BodyText", text="(a) at the date of termination, are in receipt of benefits; or"
[parser-unknown-class] "BodyText", text="(b) prior to the expiry of the period referred to in that paragraph, have lodged claims for, and ..."
[parser-unknown-class] "BodyText", text="(c) immediately before the date of termination are subject only to the legislation of one Party b..."
[parser-unknown-class] "BodyText", text=""
[parser-unknown-class] "BodyText", text="IN WITNESS WHEREOF, the undersigned, being duly authorised thereto by their respective Government..."
[parser-unknown-class] "BodyText", text=""
[parser-unknown-class] "BodyText", text="DONE in 2 copies at Canberra on this second day of December two thousand and five in the English ..."
[parser-unknown-class] "BodyText", text="FOR THE GOVERNMENT OF AUSTRALIA"
[parser-unknown-class] "BodyText", text="FOR THE GOVERNMENT OF THE KINGDOM OF NORWAY"
[parser-unknown-class] "BodyText", text="Hon. Kay Patterson"
[parser-unknown-class] "BodyText", text="Minister for Family and Community Services"
[parser-unknown-class] "BodyText", text="HE Lars Wensell"
[parser-unknown-class] "BodyText", text="Ambassador"
[parser-unknown-class] "Note", text="Note:   See Section 5."
[parser-unknown-class] "BodyTextIndent", text="‑ only if those insurance periods in Switzerland have already been used or can be used at the tim..."
[parser-unknown-class] "BodyTextIndent", text="‑ only for the purposes of meeting any minimum qualifying periods for that benefit set out in the..."
[parser-unknown-class] "Note", text="Note:   See Section 5."
[parser-unknown-class] "NormalWeb", text="AGREEMENT ON SOCIAL SECURITY BETWEEN THE GOVERNMENT OF AUSTRALIA AND THE GOVERNMENT OF THE REPUBL..."
[parser-unknown-class] "NormalWeb", text="The Government of Australia and the Government of the Republic of Korea (hereinafter referred to ..."
[parser-unknown-class] "NormalWeb", text="Being desirous of regulating the relationship between their two countries in the field of social ..."
[parser-unknown-class] "NormalWeb", text="Have agreed as follows: ‘"
[parser-unknown-class] "NormalWeb", text="PART I General Provisions"
[parser-unknown-class] "NormalWeb", text="Article 1 Definitions"
[parser-unknown-class] "NormalWeb", text="1. For the purposes of this Agreement:"
[parser-unknown-class] "NormalWeb", text="(a) “national” means, as regards the Republic of Korea (hereinafter referred to as “Korea”), a na..."
[parser-unknown-class] "NormalWeb", text="(b) “legislation” means, in relation to Korea, the laws and regulations specified in paragraph 1(..."
[parser-unknown-class] "NormalWeb", text="(c) “Competent Authority” means, as regards Korea, the Minister of Health and Welfare, and as reg..."
[parser-unknown-class] "NormalWeb", text="(d) “agency” means, as regards Korea, the National Pension Service, and, as regards Australia, th..."
[parser-unknown-class] "NormalWeb", text="(e) “period of coverage” in relation to Korea means a period of contributions under the legislati..."
[parser-unknown-class] "NormalWeb", text="(f) “period of Australian working life residence” means, unless otherwise provided in this Agreem..."
[parser-unknown-class] "NormalWeb", text="(g) “benefit” means, in relation to Korea, any benefit provided for in the legislation specified ..."
[parser-unknown-class] "NormalWeb", text="2. Any term not defined in this Article shall have the meaning assigned to it in the legislation ..."
[parser-unknown-class] "NormalWeb", text="Article 2 Legislative Scope"
[parser-unknown-class] "NormalWeb", text="1. This Agreement shall apply to the following legislation:"
[parser-unknown-class] "NormalWeb", text="(a) As regards Korea,"
[parser-unknown-class] "NormalWeb", text="(i) the National Pension Act and enforcement rules and regulations thereof; and"
[parser-unknown-class] "NormalWeb", text="(ii) with regard to benefits under the Agreement, the provisions of the legislation under the pre..."
[parser-unknown-class] "NormalWeb", text="(b) As regards Australia,"
[parser-unknown-class] "NormalWeb", text="(i) the Acts forming the social security law in so far as the law provides for, applies to or aff..."
[parser-unknown-class] "NormalWeb", text="(ii) the law concerning the superannuation guarantee: the Superannuation Guarantee (Administratio..."
[parser-unknown-class] "NormalWeb", text="2. Unless otherwise provided in this Agreement, the legislation referred to in paragraph 1 of thi..."
[parser-unknown-class] "NormalWeb", text="3. This Agreement shall also apply to future legislation which amends, supplements, consolidates ..."
[parser-unknown-class] "NormalWeb", text="Article 3 Personal Scope"
[parser-unknown-class] "NormalWeb", text="This Agreement shall apply to any person who:"
[parser-unknown-class] "NormalWeb", text="(a) is or has been an Australian resident; or"
[parser-unknown-class] "NormalWeb", text="(b) is or has been subject to the legislation of Korea;"
[parser-unknown-class] "NormalWeb", text="and, where applicable, to other persons in regard to the rights derived from the person described..."
[parser-unknown-class] "NormalWeb", text="Article 4Equality of Treatment"
[parser-unknown-class] "NormalWeb", text="Unless otherwise provided in this Agreement, all persons to whom this Agreement applies in accord..."
[parser-unknown-class] "NormalWeb", text="Article 5Export of Benefits"
[parser-unknown-class] "NormalWeb", text="1. Unless otherwise provided in this Agreement, any provision of the legislation of one Contracti..."
[parser-unknown-class] "NormalWeb", text="2. Where the legislation of a Contracting Party provides that a benefit is payable outside the te..."
[parser-unknown-class] "NormalWeb", text="3. In relation to Australia, any additional amount, increase or supplement that is payable in add..."
[parser-unknown-class] "NormalWeb", text="PART IIProvisions on Coverage"
[parser-unknown-class] "NormalWeb", text="Article 6Purpose of this Part"
[parser-unknown-class] "NormalWeb", text="The purpose of this Part is to ensure that employers and employees who are subject to the legisla..."
[parser-unknown-class] "NormalWeb", text="Article 7Application of this Part"
[parser-unknown-class] "NormalWeb", text="1. This Part applies if an employee and/or the employer of the employee would, apart from this Pa..."
[parser-unknown-class] "NormalWeb", text="2. For the purposes of Articles 6, 7, and 11, the legislation includes, with regards to Korea, th..."
[parser-unknown-class] "NormalWeb", text="Article 8General Provisions"
[parser-unknown-class] "NormalWeb", text="1. Except as otherwise provided in this Part, a person employed within the territory of one Contr..."
[parser-unknown-class] "NormalWeb", text="2. A person, who is a resident of Korea and is engaged in self‑employment in the territory of eit..."
[parser-unknown-class] "NormalWeb", text="3. This Agreement shall not preclude the possibility for a person to be voluntarily insured under..."
[parser-unknown-class] "NormalWeb", text="Article 9Seconded Workers"
[parser-unknown-class] "NormalWeb", text="1. If an employee:"
[parser-unknown-class] "NormalWeb", text="(a) is covered by the legislation of one Contracting Party (the first Contracting Party); and"
[parser-unknown-class] "NormalWeb", text="(b) was sent, whether before, on or after the entry into force of this Agreement, by an employer ..."
[parser-unknown-class] "NormalWeb", text="(c) is working in the territory of the second Contracting Party in the employment of the employer..."
[parser-unknown-class] "NormalWeb", text="(d) has been in the territory of the second Contracting Party for a period not exceeding 5 years ..."
[parser-unknown-class] "NormalWeb", text="(e) is not working permanently in the territory of the second Contracting Party;"
[parser-unknown-class] "NormalWeb", text="the employer of the employee and the employee shall be subject only to the legislation of the fir..."
[parser-unknown-class] "NormalWeb", text="2. In case the duration for which the employee is working continues beyond the period specified i..."
[parser-unknown-class] "NormalWeb", text="3. For the purposes of paragraph 1(c) of this Article, an entity is a related entity of an employ..."
[parser-unknown-class] "NormalWeb", text="Article 10Mariners and Aircraft Crew"
[parser-unknown-class] "NormalWeb", text="If an employee is working in the employment of an employer on a ship or aircraft in international..."
[parser-unknown-class] "NormalWeb", text="Article 11Member of Diplomatic Mission and Civil Servants"
[parser-unknown-class] "NormalWeb", text="1. Nothing in this Agreement shall affect the provisions of the Vienna Convention on Diplomatic R..."
[parser-unknown-class] "NormalWeb", text="2. If an employee:"
[parser-unknown-class] "NormalWeb", text="(a) is covered by the legislation of one Contracting Party (the first Contracting Party); and"
[parser-unknown-class] "NormalWeb", text="(b) was sent, whether before, on or after the entry into force of this Agreement, by the Governme..."
[parser-unknown-class] "NormalWeb", text="(c) is working in the territory of the second Contracting Party in the employment of the Governme..."
[parser-unknown-class] "NormalWeb", text="(d) is not working permanently in the territory of the second Contracting Party;"
[parser-unknown-class] "NormalWeb", text="the employer of the employee and the employee shall be subject only to the legislation of the fir..."
[parser-unknown-class] "NormalWeb", text="Article 12Modification Provision"
[parser-unknown-class] "NormalWeb", text="The Competent Authorities of both Contracting Parties or the agencies designated by them may agre..."
[parser-unknown-class] "NormalWeb", text="PART IIIProvisions relating to Korean Benefits"
[parser-unknown-class] "NormalWeb", text="Article 13Totalisation and Calculation of Pensions"
[parser-unknown-class] "NormalWeb", text="1. For the purposes of this Article a period of Australian working life residence means a period:"
[parser-unknown-class] "NormalWeb", text="(a) defined as such in the legislation of Australia; and"
[parser-unknown-class] "NormalWeb", text="(b) during which the person was employed or self‑employed or the person’s employer was subject to..."
[parser-unknown-class] "NormalWeb", text="2. When periods of coverage have been completed under the legislation of Korea, the agency of Kor..."
[parser-unknown-class] "NormalWeb", text="3. The calculation of the pension shall be determined by the legislation of Korea unless otherwis..."
[parser-unknown-class] "NormalWeb", text="4. Where periods of Australian working life residence are taken into account to establish eligibi..."
[parser-unknown-class] "NormalWeb", text="(a) the agency of Korea shall first compute a pension amount equal to the amount that would have ..."
[parser-unknown-class] "NormalWeb", text="(b) the agency of Korea shall calculate the partial benefit to be paid in accordance with the leg..."
[parser-unknown-class] "NormalWeb", text="Article 14Special Provisions"
[parser-unknown-class] "NormalWeb", text="1. Lump‑sum refunds shall be granted to Australian nationals under the same conditions as they ar..."
[parser-unknown-class] "NormalWeb", text="2. For the purposes of Parts III and IV, the periods of coverage for which contributions have bee..."
[parser-unknown-class] "NormalWeb", text="3. Notwithstanding any other provision of this Agreement, if the total duration of the creditable..."
[parser-unknown-class] "NormalWeb", text="PART IVProvisions relating to Australian Benefits"
[parser-unknown-class] "NormalWeb", text="Article 15 Residence or Presence in Korea or a Third State"
[parser-unknown-class] "NormalWeb", text="Where a person would be qualified under the legislation of Australia or by virtue of this Agreeme..."
[parser-unknown-class] "NormalWeb", text="(a) is an Australian resident or a resident of Korea or a third State with which Australia has co..."
[parser-unknown-class] "NormalWeb", text="(b) is in Australia, or Korea or that third State,"
[parser-unknown-class] "NormalWeb", text="that person, so long as he or she has been an Australian resident at some time, shall be deemed, ..."
[parser-unknown-class] "NormalWeb", text="Article 16Totalisation for Australia"
[parser-unknown-class] "NormalWeb", text="1. Where a person to whom this Agreement applies has claimed an Australian benefit under this Agr..."
[parser-unknown-class] "NormalWeb", text="(a) a period as an Australian resident that is less than the period required to qualify that pers..."
[parser-unknown-class] "NormalWeb", text="(b) a period of Australian working life residence equal to or greater than the period identified ..."
[parser-unknown-class] "NormalWeb", text="(c) a period of coverage in Korea,"
[parser-unknown-class] "NormalWeb", text="then, for the purposes of a claim for that Australian benefit, that period of coverage in Korea s..."
[parser-unknown-class] "NormalWeb", text="‑ only if that period of coverage in Korea is certified by the agency of Korea at the request of ..."
[parser-unknown-class] "NormalWeb", text="‑ only for the purposes of meeting any minimum qualifying periods for that benefit set out in the..."
[parser-unknown-class] "NormalWeb", text="2. For the purposes of paragraph 1, where a person:"
[parser-unknown-class] "NormalWeb", text="(a) has been an Australian resident for a continuous period which is less than the minimum contin..."
[parser-unknown-class] "NormalWeb", text="(b) has accumulated a period of coverage in Korea in two or more separate periods that equals or ..."
[parser-unknown-class] "NormalWeb", text="the total of the periods of coverage in Korea shall be deemed to be one continuous period."
[parser-unknown-class] "NormalWeb", text="3. For the purposes of this Article, where a period by a person as an Australian resident and a p..."
[parser-unknown-class] "NormalWeb", text="4. The minimum period of Australian working life residence to be taken into account for the purpo..."
[parser-unknown-class] "NormalWeb", text="(a) for the purposes of an Australian benefit that is payable to a person who is not an Australia..."
[parser-unknown-class] "NormalWeb", text="(b) for the purposes of an Australian benefit that is payable to an Australian resident, there sh..."
[parser-unknown-class] "NormalWeb", text="Article 17Calculation of Australian Benefits"
[parser-unknown-class] "NormalWeb", text="1. Subject to paragraphs 2 and 3, where an Australian benefit is payable by virtue of this Agreem..."
[parser-unknown-class] "NormalWeb", text="2. A person referred to in paragraph 1 of this Article shall be entitled to receive the assessmen..."
[parser-unknown-class] "NormalWeb", text="3. The provision in paragraph 1 shall continue to apply for 26 weeks where a person comes tempora..."
[parser-unknown-class] "NormalWeb", text="4. Subject to paragraph 5, where an Australian benefit is payable only by virtue of this Agreemen..."
[parser-unknown-class] "NormalWeb", text="(a) calculating that person’s income according to the legislation of Australia but disregarding i..."
[parser-unknown-class] "NormalWeb", text="(b) deducting the amount of the Korean benefit which that person is entitled to receive from the ..."
[parser-unknown-class] "NormalWeb", text="(c) applying to the remaining benefit obtained under subparagraph (b) the relevant rate calculati..."
[parser-unknown-class] "NormalWeb", text="5. The provisions in paragraph 4 shall continue to apply for 26 weeks where a person departs temp..."
[parser-unknown-class] "NormalWeb", text="6. Where a member of a couple is, or both that person and his or her partner are, entitled to a K..."
[parser-unknown-class] "NormalWeb", text="PART V Miscellaneous Provisions"
[parser-unknown-class] "NormalWeb", text="Article 18 Administrative Arrangement"
[parser-unknown-class] "NormalWeb", text="1. The Competent Authorities of the Contracting Parties shall conclude an Administrative Arrangem..."
[parser-unknown-class] "NormalWeb", text="2. The liaison agencies of each Contracting Party shall be designated in the Administrative Arran..."
[parser-unknown-class] "NormalWeb", text="Article 19 Exchange of Information and Mutual Assistance"
[parser-unknown-class] "NormalWeb", text="1. The Competent Authorities and agencies of the Contracting Parties shall, within the scope of t..."
[parser-unknown-class] "NormalWeb", text="(a) communicate to each other, to the extent permitted by their national laws and regulations, an..."
[parser-unknown-class] "NormalWeb", text="(b) assist each other with regard to the determination of entitlement to, or payment of, any bene..."
[parser-unknown-class] "NormalWeb", text="(c) communicate to each other, as soon as possible, information concerning the measures taken by ..."
[parser-unknown-class] "NormalWeb", text="(d) at the request of one to the other, assist each other in relation to the implementation of ag..."
[parser-unknown-class] "NormalWeb", text="2. The assistance referred to in paragraph 1(b) of this Article shall be provided free of charge,..."
[parser-unknown-class] "NormalWeb", text="Article 20 Confidentiality of Information"
[parser-unknown-class] "NormalWeb", text="Unless otherwise required by the national laws and regulations of a Contracting Party, informatio..."
[parser-unknown-class] "NormalWeb", text="Article 21 Exemption from Fees and Certification of Documents"
[parser-unknown-class] "NormalWeb", text="1. Where the legislation of a Contracting Party provides that any document which is submitted to ..."
[parser-unknown-class] "NormalWeb", text="2. Documents and certificates which are presented by the Competent Authority or the agency of eit..."
[parser-unknown-class] "NormalWeb", text="3. Copies of documents which are certified as true and exact copies by an agency of one Contracti..."
[parser-unknown-class] "NormalWeb", text="Article 22 Language of Communications"
[parser-unknown-class] "NormalWeb", text="1. The Competent Authorities and agencies of the Contracting Parties may correspond directly with..."
[parser-unknown-class] "NormalWeb", text="2. An application or document may not be rejected by a Competent Authority or agency of a Contrac..."
[parser-unknown-class] "NormalWeb", text="Article 23 Lodgment of Claims, Notices or Appeals"
[parser-unknown-class] "NormalWeb", text="1. Any claim, notice or appeal concerning the determination or payment of a benefit under the leg..."
[parser-unknown-class] "NormalWeb", text="2. The date on which a claim, notice or appeal concerning the determination or payment of a benef..."
[parser-unknown-class] "NormalWeb", text="3. If, after the entry into force of this Agreement, a person files a written application for ben..."
[parser-unknown-class] "NormalWeb", text="(a) is entitled on age grounds to lodge a valid claim for a benefit of the other Contracting Part..."
[parser-unknown-class] "NormalWeb", text="(b) requests that it be considered as an application under the legislation of the other Contracti..."
[parser-unknown-class] "NormalWeb", text="(c) provides information indicating that periods of coverage have been completed under the legisl..."
[parser-unknown-class] "NormalWeb", text="4. In any case to which paragraphs 1, 2 or 3 applies, the Competent Authority or agency to which ..."
[parser-unknown-class] "NormalWeb", text="5. In relation to Australia, the reference in paragraph 1 to an appeal document is a reference to..."
[parser-unknown-class] "NormalWeb", text="Article 24 Currency"
[parser-unknown-class] "NormalWeb", text="1. The agency of a Contracting Party may pay benefits in accordance with this Agreement in the cu..."
[parser-unknown-class] "NormalWeb", text="2. In the event that a Contracting Party imposes currency controls or other similar measures that..."
[parser-unknown-class] "NormalWeb", text="Article 25 Payment of Benefits"
[parser-unknown-class] "NormalWeb", text="1. This Agreement shall not establish any right to payment of a benefit for any period before the..."
[parser-unknown-class] "NormalWeb", text="2. In determining the eligibility or entitlement of a person to a benefit by virtue of this Agree..."
[parser-unknown-class] "NormalWeb", text="(a) a period as an Australian resident and a period of coverage in Korea; and"
[parser-unknown-class] "NormalWeb", text="(b) any event or fact which is relevant to that eligibility or entitlement;"
[parser-unknown-class] "NormalWeb", text="shall, subject to this Agreement, be taken into account in so far as those periods or those event..."
[parser-unknown-class] "NormalWeb", text="3. The payment outside Australia of an Australian benefit that is payable by virtue of this Agree..."
[parser-unknown-class] "NormalWeb", text="Article 26 Resolution of Disputes"
[parser-unknown-class] "NormalWeb", text="Any disagreement regarding the interpretation or application of this Agreement shall be resolved ..."
[parser-unknown-class] "NormalWeb", text="Article 27 Review of Agreement"
[parser-unknown-class] "NormalWeb", text="Where a Contracting Party requests the other Contracting Party to meet to review this Agreement, ..."
[parser-unknown-class] "NormalWeb", text="PART VI Transitional and Final Provisions"
[parser-unknown-class] "NormalWeb", text="Article 28 Transitional Provisions"
[parser-unknown-class] "NormalWeb", text="1. Determinations concerning entitlement to benefits which were made before the entry into force ..."
[parser-unknown-class] "NormalWeb", text="2. In applying Article 9 in case of persons who were sent to a Contracting Party prior to the dat..."
[parser-unknown-class] "NormalWeb", text="3. The provisions of Parts III and IV shall apply only to benefits for which an application is fi..."
[parser-unknown-class] "NormalWeb", text="Article 29 Entry into Force"
[parser-unknown-class] "NormalWeb", text="This Agreement shall enter into force on the first day of the third month following the month in ..."
[parser-unknown-class] "NormalWeb", text="Article 30 Period of Duration and Termination"
[parser-unknown-class] "NormalWeb", text="1. Subject to paragraph 2, this Agreement shall remain in force until the expiration of 12 months..."
[parser-unknown-class] "NormalWeb", text="2. In the event of termination, this Agreement shall continue to have effect in relation to all p..."
[parser-unknown-class] "NormalWeb", text="(a) at the date on which termination takes effect, are in receipt of benefits; or"
[parser-unknown-class] "NormalWeb", text="(b) prior to that date have lodged claims for, and would be entitled to receive, benefits by virt..."
[parser-unknown-class] "NormalWeb", text="(c) immediately before the date of termination are subject only to the legislation of one Contrac..."
[parser-unknown-class] "NormalWeb", text="IN WITNESS WHEREOF, the undersigned, being duly authorised thereto, by their respective Governmen..."
[parser-unknown-class] "NormalWeb", text="DONE in duplicate at Canberra on the sixth day of December TWO THOUSAND AND SIX, in the English a..."
[parser-unknown-class] "NormalWeb", text=""
[parser-unknown-class] "NormalWeb", text="FOR THE GOVERNMENT OF AUSTRALIA"
[parser-unknown-class] "NormalWeb", text="FOR THE GOVERNMENT OF THE REPUBLIC OF KOREA"
[parser-unknown-class] "NormalWeb", text=""
[parser-unknown-class] "NormalWeb", text=""
[parser-unknown-class] "NormalWeb", text="Alexander Downer"
[parser-unknown-class] "NormalWeb", text="Minister for Foreign Affairs"
[parser-unknown-class] "NormalWeb", text="Song Min‑soon"
[parser-unknown-class] "NormalWeb", text="Minister for Foreign Affairs"
[parser-unknown-class] "Note", text="Note:   See Section 5."
[parser-unknown-class] "BodyText", text="AGREEMENT BETWEEN AUSTRALIA AND THE HELLENIC REPUBLIC ON SOCIAL SECURITY"
[parser-unknown-class] "BodyText", text=""
[parser-unknown-class] "BodyText", text="The Government of Australia and the Government of the Hellenic Republic (hereinafter “the Parties”),"
[parser-unknown-class] "BodyText", text=""
[parser-unknown-class] "BodyText", text="Wishing to strengthen the existing friendly relations between the two countries,"
[parser-unknown-class] "BodyText", text="and"
[parser-unknown-class] "BodyText", text="Being desirous of regulating the relationship between their two countries with respect to social ..."
[parser-unknown-class] "BodyText", text=""
[parser-unknown-class] "BodyText", text="Have agreed as follows:"
[parser-unknown-class] "BodyText", text="PART I"
[parser-unknown-class] "BodyText", text="GENERAL PROVISIONS"
[parser-unknown-class] "BodyText", text="Article 1"
[parser-unknown-class] "BodyText", text="Definitions"
[parser-unknown-class] "BodyText", text="1. In this Agreement, unless the context otherwise requires:"
[parser-unknown-class] "BodyText", text=""
[parser-unknown-class] "BodyText", text="“benefit” means, in relation to Australia, a benefit, pension or allowance for which provision is..."
[parser-unknown-class] "BodyText", text="“Competent Authority” means, in relation to Australia, the Secretary to the Commonwealth Departme..."
[parser-unknown-class] "BodyText", text="“Competent Institution” means, in relation to Australia, the institution or agency which has the ..."
[parser-unknown-class] "BodyText", text="“legislation” means, in relation to Australia, the laws specified in subparagraph 1(a)(i) of Arti..."
[parser-unknown-class] "BodyText", text="“period of Australian working life residence” means, a period defined as such in the legislation ..."
[parser-unknown-class] "BodyText", text="“period of insurance” means, in relation to Hellas, each period of paid contributions which gives..."
[parser-unknown-class] "BodyText", text="“territory” means, in relation to Australia, Australia as defined in the legislation of Australia..."
[parser-unknown-class] "BodyText", text="2. Unless the context otherwise requires, any term not defined in this Article shall have the mea..."
[parser-unknown-class] "BodyText", text=""
[parser-unknown-class] "BodyText", text="Article 2"
[parser-unknown-class] "BodyText", text="Legislative Scope"
[parser-unknown-class] "BodyText", text="1. Subject to paragraph 2, this Agreement shall apply to the following laws, as amended at the da..."
[parser-unknown-class] "BodyText", text="(a) in relation to Australia:"
[parser-unknown-class] "BodyText", text="(i) the Acts forming the social security law in so far as the law provides for, applies to or aff..."
[parser-unknown-class] "BodyText", text="(ii) the law concerning the superannuation guarantee (which at the time of signature of this Agre..."
[parser-unknown-class] "BodyText", text="(b) in relation to Hellas regarding the old age pension:"
[parser-unknown-class] "BodyText", text="i. the general legislation of social insurance covering the employed and the equivalent to them."
[parser-unknown-class] "BodyText", text="ii. the legislation provided under the specific systems of social insurance covering all the cate..."
[parser-unknown-class] "BodyText", text="iii. the legislation provided under the system of social insurance covering the self employed."
[parser-unknown-class] "BodyText", text="iv. the legislation covering the persons, who are insured under the OGA social security system (O..."
[parser-unknown-class] "BodyText", text=""
[parser-unknown-class] "BodyText", text="This Agreement (other than Part II) shall not apply to the specific social security systems cover..."
[parser-unknown-class] "BodyText", text="2. Unless otherwise provided in this Agreement, the legislation referred to in paragraph 1 of thi..."
[parser-unknown-class] "BodyText", text=""
[parser-unknown-class] "BodyText", text="3. This Agreement shall apply to laws or regulations which extend the existing legislation of eit..."
[parser-unknown-class] "BodyText", text=""
[parser-unknown-class] "BodyText", text="Article 3"
[parser-unknown-class] "BodyText", text="Personal Scope"
[parser-unknown-class] "BodyText", text="This Agreement shall apply to any person who:"
[parser-unknown-class] "BodyText", text="(a) is or has been an Australian resident; or"
[parser-unknown-class] "BodyText", text="(b) is or has been subject to the legislation of Hellas,"
[parser-unknown-class] "BodyText", text="and, where applicable, to other persons in regard to the rights they derive from the person descr..."
[parser-unknown-class] "BodyText", text=""
[parser-unknown-class] "BodyText", text="Article 4"
[parser-unknown-class] "BodyText", text="Equality of Treatment"
[parser-unknown-class] "BodyText", text="Subject to this Agreement and unless otherwise provided, all persons to whom this Agreement appli..."
[parser-unknown-class] "BodyText", text=""
[parser-unknown-class] "BodyText", text="Article 5"
[parser-unknown-class] "BodyText", text="Export of Benefits"
[parser-unknown-class] "BodyText", text="1. Benefits of one Party, when payable by virtue of this Agreement, shall be payable to persons w..."
[parser-unknown-class] "BodyText", text="2. In relation to Australia, any additional amount, increase or supplement that is payable in add..."
[parser-unknown-class] "BodyText", text="3. In relation to Hellas, any additional amount, increase or supplement that is payable in additi..."
[parser-unknown-class] "BodyText", text=""
[parser-unknown-class] "BodyText", text="PART II"
[parser-unknown-class] "BodyText", text="PROVISIONS CONCERNING THE APPLICABLE LEGISLATION"
[parser-unknown-class] "BodyText", text=""
[parser-unknown-class] "BodyText", text="Article 6"
[parser-unknown-class] "BodyText", text="Purpose of this Part"
[parser-unknown-class] "BodyText", text="The purpose of this Part is to ensure that employers and employees who are subject to the legisla..."
[parser-unknown-class] "BodyText", text=""
[parser-unknown-class] "BodyText", text="Article 7"
[parser-unknown-class] "BodyText", text="Application of this Part"
[parser-unknown-class] "BodyText", text="This Part only applies if an employee and/or the employer of the employee would, apart from this ..."
[parser-unknown-class] "BodyText", text=""
[parser-unknown-class] "BodyText", text="Article 8"
[parser-unknown-class] "BodyText", text="Provisions related to the affiliation with"
[parser-unknown-class] "BodyText", text="Social Security and Superannuation Guarantee"
[parser-unknown-class] "BodyText", text="1. Unless otherwise provided in this article, an employee working in the territory of one of the ..."
[parser-unknown-class] "BodyText", text="2. If an employee:"
[parser-unknown-class] "BodyText", text="(a) is covered by the legislation of one contracting Party (‘the first contracting Party’);"
[parser-unknown-class] "BodyText", text="(b) was sent, whether before, on or after the commencement of this Part, by the Government of the..."
[parser-unknown-class] "BodyText", text="(c) is working in the territory of the second contracting Party in the employment of the Governme..."
[parser-unknown-class] "BodyText", text="(d) is not working permanently in the territory of the second contracting Party;"
[parser-unknown-class] "BodyText", text="the employer of the employee and employee shall be subject only to the legislation of the first c..."
[parser-unknown-class] "BodyText", text="3. If a self‑employed person:"
[parser-unknown-class] "BodyText", text="(a) is working in the territory of one contracting Party, he is subject to the legislation of thi..."
[parser-unknown-class] "BodyText", text="(b) is working as an employee in the territory of one contracting Party and at the same time as a..."
[parser-unknown-class] "BodyText", text="4. If an employee:"
[parser-unknown-class] "BodyText", text="(a) is covered by the legislation of one contracting Party (‘the first contracting Party’);"
[parser-unknown-class] "BodyText", text="(b) was sent, whether before, on or after the entry into force of this Agreement , by an employer..."
[parser-unknown-class] "BodyText", text="(c) is working in the territory of the second contracting Party in the employment of the employer..."
[parser-unknown-class] "BodyText", text="(d) the employee is not working permanently in the territory of the second contracting Party;"
[parser-unknown-class] "BodyText", text="the employer of the employee and the employee shall be subject only to the legislation of the fir..."
[parser-unknown-class] "BodyText", text="5. For the purposes of subparagraph 4(c) a related entity is an entity of an employer if the enti..."
[parser-unknown-class] "BodyText", text="6. The competent authorities of both contracting Parties may, after a common agreement, modify th..."
[parser-unknown-class] "BodyText", text=""
[parser-unknown-class] "BodyText", text="Article 9"
[parser-unknown-class] "BodyText", text="Diplomatic and Consular Relations"
[parser-unknown-class] "BodyText", text="This Agreement shall not affect the provisions of the Vienna Convention on Diplomatic Relations o..."
[parser-unknown-class] "BodyText", text=""
[parser-unknown-class] "BodyText", text="PART III"
[parser-unknown-class] "BodyText", text=""
[parser-unknown-class] "BodyText", text="PROVISIONS RELATING TO AUSTRALIAN BENEFITS"
[parser-unknown-class] "BodyText", text=""
[parser-unknown-class] "BodyText", text="Article 10"
[parser-unknown-class] "BodyText", text="Residence or Presence in Hellas"
[parser-unknown-class] "BodyText", text="Where a person would be qualified under the legislation of Australia or by virtue of this Agreeme..."
[parser-unknown-class] "BodyText", text="(a) is an Australian resident or a resident of Hellas; and"
[parser-unknown-class] "BodyText", text="(b) is in Australia, or in the territory of Hellas;"
[parser-unknown-class] "BodyText", text="that person, so long as he or she has been an Australian resident at some time, shall be deemed, ..."
[parser-unknown-class] "BodyText", text=""
[parser-unknown-class] "BodyText", text="Article 11"
[parser-unknown-class] "BodyText", text="Totalisation for Australia"
[parser-unknown-class] "BodyText", text="1. Where a person to whom this Agreement applies has claimed an Australian benefit under this Agr..."
[parser-unknown-class] "BodyText", text="(a) a period as an Australian resident that is less than the period required to qualify that pers..."
[parser-unknown-class] "BodyText", text="(b) a period of Australian working life residence equal to or greater than the period identified ..."
[parser-unknown-class] "BodyText", text="(c) a period of insurance under the legislation of Hellas;"
[parser-unknown-class] "BodyText", text="then, for the purposes of a claim for that Australian benefit, that period of insurance under the..."
[parser-unknown-class] "BodyText", text="2. For the purposes of paragraph 1, where a person:"
[parser-unknown-class] "BodyText", text="(a) has been an Australian resident for a continuous period which is less than the minimum contin..."
[parser-unknown-class] "BodyText", text="(b) has accumulated a period of insurance under the legislation of Hellas in two or more separate..."
[parser-unknown-class] "BodyText", text="the total of the periods of insurance under the legislation of Hellas shall be deemed to be one c..."
[parser-unknown-class] "BodyText", text="3. For the purposes of this Article, where a period by a person as an Australian resident and a p..."
[parser-unknown-class] "BodyText", text="4. The minimum period of Australian working life residence to be taken into account for the purpo..."
[parser-unknown-class] "BodyText", text="(a) for the purposes of an Australian benefit that is payable to a person who is not an Australia..."
[parser-unknown-class] "BodyText", text="(b) for the purposes of an Australian benefit that is payable to an Australian resident, there sh..."
[parser-unknown-class] "BodyText", text="5. For the purpose of this Article, a period of insurance under the legislation of Hellas shall b..."
[parser-unknown-class] "BodyText", text=""
[parser-unknown-class] "BodyText", text="Article 12"
[parser-unknown-class] "BodyText", text="Calculation of Australian Benefits"
[parser-unknown-class] "BodyText", text="1. Subject to paragraphs 2, 3, 4 and 5, where an Australian benefit is payable to a person outsid..."
[parser-unknown-class] "BodyText", text="a. calculating that person’s income according to the legislation of Australia, including any bene..."
[parser-unknown-class] "BodyText", text="b. applying to the maximum rate of Australian benefit the relevant rate calculator set out in the..."
[parser-unknown-class] "BodyText", text="c. proportionalising, if applicable, the amount of benefit calculated under sub‑paragraph (b) by ..."
[parser-unknown-class] "BodyText", text="2. Subject to paragraphs 3, 4 and 5, where an Australian benefit is payable to a person outside A..."
[parser-unknown-class] "BodyText", text="a. calculating that person’s income according to the legislation of Australia, including any bene..."
[parser-unknown-class] "BodyText", text="b. applying to the maximum rate of Australian benefit the relevant rate calculator set out in the..."
[parser-unknown-class] "BodyText", text="c. proportionalising, if applicable, the amount of benefit calculated under sub‑paragraph (b) by ..."
[parser-unknown-class] "BodyText", text="3. Where the rate of an Australian benefit is determined according to paragraph 2 and the person ..."
[parser-unknown-class] "BodyText", text="4. The provisions in paragraphs 1, 2, and 5 shall continue to apply for 26 weeks where a person c..."
[parser-unknown-class] "BodyText", text="5. Where an Australian benefit is payable to a person outside Australia, whether by virtue of thi..."
[parser-unknown-class] "BodyText", text=" Pensioners’ Social Solidarity Benefit (EKAS);"
[parser-unknown-class] "BodyText", text=" Uninsured Aged Person’s Pension (OGA);"
[parser-unknown-class] "BodyText", text=" benefits for or in respect of dependent children who satisfy the definition of a dependent chil..."
[parser-unknown-class] "BodyText", text="6. Subject to paragraph 7, where an Australian benefit is payable only by virtue of this Agreemen..."
[parser-unknown-class] "BodyText", text="(a) calculating that person’s income according to the legislation of Australia but disregarding i..."
[parser-unknown-class] "BodyText", text="(b) deducting the amount of the benefit under the legislation of Hellas which that person is enti..."
[parser-unknown-class] "BodyText", text="(c) applying to the remaining benefit obtained under subparagraph (b) the relevant rate calculati..."
[parser-unknown-class] "BodyText", text="7. Paragraph 6 shall continue to apply for 26 weeks where a person departs temporarily from Austr..."
[parser-unknown-class] "BodyText", text="8. Where a member of a couple is, or both that person and his or her partner are, entitled to a b..."
[parser-unknown-class] "BodyText", text=""
[parser-unknown-class] "BodyText", text="PART IV"
[parser-unknown-class] "BodyText", text="PROVISIONS RELATED TO BENEFITS UNDER THE ΗΕLLΕNIC LEGISLATION"
[parser-unknown-class] "BodyText", text=""
[parser-unknown-class] "BodyText", text="Article 13"
[parser-unknown-class] "BodyText", text="Totalisation of insurance periods, residence and calculation of benefits"
[parser-unknown-class] "BodyText", text="1. If a person is entitled to an Hellenic benefit without recourse to the provisions of paragraph..."
[parser-unknown-class] "BodyText", text="2. Where no entitlement to Hellenic benefit exists on the basis of Hellenic insurance periods, th..."
[parser-unknown-class] "BodyText", text="3. Where periods of residence completed under Australian legislation are taken into account for t..."
[parser-unknown-class] "BodyText", text="4. On the basis of the amount calculated according to the previous paragraph the competent instit..."
[parser-unknown-class] "BodyText", text="5. If the total length of the periods of insurance which shall be taken into account in accordanc..."
[parser-unknown-class] "BodyText", text="6. Only Hellenic insurance periods are taken into account when establishing the kind of benefit a..."
[parser-unknown-class] "BodyText", text="7. For the purposes of this Article"
[parser-unknown-class] "BodyText", text="8. For the purpose of this Article, a period of residence in Australia shall be deemed as a perio..."
[parser-unknown-class] "BodyText", text=""
[parser-unknown-class] "BodyText", text="PART V"
[parser-unknown-class] "BodyText", text="MISCELLANEOUS AND ADMINISTRATIVE PROVISIONS"
[parser-unknown-class] "BodyText", text=""
[parser-unknown-class] "BodyText", text="Article 14"
[parser-unknown-class] "BodyText", text="Lodgement of Documents"
[parser-unknown-class] "BodyText", text="1. A claim, notice or appeal concerning a benefit, whether payable by virtue of this Agreement or..."
[parser-unknown-class] "BodyText", text="2. For the purposes of determining the right to a benefit, the date on which a claim, notice or a..."
[parser-unknown-class] "BodyText", text="3. A claim for a benefit from one Party shall be considered as a claim for the corresponding bene..."
[parser-unknown-class] "BodyText", text="4. The reference in paragraph 1 to an appeal document is a reference to a document concerning an ..."
[parser-unknown-class] "BodyText", text=""
[parser-unknown-class] "BodyText", text="Article 15"
[parser-unknown-class] "BodyText", text="Payment of Benefits"
[parser-unknown-class] "BodyText", text="1. The commencement date for payment of a benefit payable by virtue of this Agreement shall be de..."
[parser-unknown-class] "BodyText", text="2. If a Party imposes legal or administrative restrictions on the transfer of currency outside of..."
[parser-unknown-class] "BodyText", text="3. While the measures in paragraph 2 are being implemented, the Party not imposing the restrictio..."
[parser-unknown-class] "BodyText", text="4. Where a Party has imposed legal or administrative restrictions on the transfer of its currency..."
[parser-unknown-class] "BodyText", text="5. A benefit payable by a Party by virtue of this Agreement shall be paid by that Party, whether ..."
[parser-unknown-class] "BodyText", text="6. Any exemption granted in the territory of one of the Parties from stamp duty, notarial or regi..."
[parser-unknown-class] "BodyText", text=""
[parser-unknown-class] "BodyText", text="Article 16"
[parser-unknown-class] "BodyText", text="Recovery of overpayments"
[parser-unknown-class] "BodyText", text="1. Where:"
[parser-unknown-class] "BodyText", text="2. Where the first Party has not yet paid the arrears of benefit described in subparagraph 1(a) t..."
[parser-unknown-class] "BodyText", text="3. The Competent Institution receiving a request under paragraph 2 shall transfer the amount of t..."
[parser-unknown-class] "BodyText", text=""
[parser-unknown-class] "BodyText", text="Article 17"
[parser-unknown-class] "BodyText", text="Exchange of Information and Mutual Assistance"
[parser-unknown-class] "BodyText", text="1. The Competent Authorities and Competent Institutions responsible for the application of this A..."
[parser-unknown-class] "BodyText", text="2. The assistance referred to in paragraph 1 shall be provided free of charge, subject to any arr..."
[parser-unknown-class] "BodyText", text="3. Unless disclosure is required under the legislation of a Party, any information about an indiv..."
[parser-unknown-class] "BodyText", text="4. In no case shall the provisions of paragraphs 1 and 3 be construed so as to impose on the Comp..."
[parser-unknown-class] "BodyText", text="5. Notwithstanding any laws or administrative practices of a Party, no information concerning a p..."
[parser-unknown-class] "BodyText", text="6. In the application of this Agreement, the Competent Authority and the Competent Institution of..."
[parser-unknown-class] "BodyText", text=""
[parser-unknown-class] "BodyText", text="Article 18"
[parser-unknown-class] "BodyText", text="Administrative Arrangement"
[parser-unknown-class] "BodyText", text="1. The Competent Authorities of the Parties shall establish, by means of an Administrative Arrang..."
[parser-unknown-class] "BodyText", text="2. The Competent Authorities shall appoint liaison bodies which are to be listed in the Administr..."
[parser-unknown-class] "BodyText", text=""
[parser-unknown-class] "BodyText", text="Article 19"
[parser-unknown-class] "BodyText", text="Resolution of Disputes"
[parser-unknown-class] "BodyText", text="1. The Competent Authorities of the Parties shall resolve, to the extent possible, any difficulti..."
[parser-unknown-class] "BodyText", text="2. The Parties shall consult promptly at the request of either Party concerning matters which hav..."
[parser-unknown-class] "BodyText", text=""
[parser-unknown-class] "BodyText", text="Article 20"
[parser-unknown-class] "BodyText", text="Review of Agreement"
[parser-unknown-class] "BodyText", text="Where a Party requests the other to meet to review this Agreement, the Parties shall meet for tha..."
[parser-unknown-class] "BodyText", text=""
[parser-unknown-class] "BodyText", text="PART VI"
[parser-unknown-class] "BodyText", text="TRANSITIONAL AND FINAL PROVISIONS"
[parser-unknown-class] "BodyText", text=""
[parser-unknown-class] "BodyText", text="Article 21"
[parser-unknown-class] "BodyText", text="Transitional Provisions"
[parser-unknown-class] "BodyText", text="1. In determining entitlement to a benefit under this Agreement, periods as an Australian residen..."
[parser-unknown-class] "BodyText", text="2. Where, on the date on which this Agreement enters into force, a person is in receipt of a bene..."
[parser-unknown-class] "BodyText", text=""
[parser-unknown-class] "BodyText", text="Article 22"
[parser-unknown-class] "BodyText", text="Entry into Force"
[parser-unknown-class] "BodyText", text="This Agreement shall enter into force on the first day of the second month following the final da..."
[parser-unknown-class] "BodyText", text=""
[parser-unknown-class] "BodyText", text="Article 23"
[parser-unknown-class] "BodyText", text="Termination"
[parser-unknown-class] "BodyText", text=""
[parser-unknown-class] "BodyText", text="1. Subject to paragraph 2, this Agreement shall remain in force until the expiration of 12 months..."
[parser-unknown-class] "BodyText", text="2. In the event of termination, this Agreement shall continue to have effect in relation to all p..."
[parser-unknown-class] "BodyText", text=""
[parser-unknown-class] "BodyText", text="IN WITNESS WHEREOF, the undersigned, being duly authorised thereto by their respective Government..."
[parser-unknown-class] "BodyText", text=""
[parser-unknown-class] "BodyText", text=""
[parser-unknown-class] "BodyText", text="FOR THE GOVERNMENT OF"
[parser-unknown-class] "BodyText", text="AUSTRALIA:"
[parser-unknown-class] "BodyText", text=""
[parser-unknown-class] "BodyText", text=""
[parser-unknown-class] "BodyText", text=""
[parser-unknown-class] "BodyText", text=""
[parser-unknown-class] "BodyText", text=""
[parser-unknown-class] "BodyText", text="………………………………"
[parser-unknown-class] "BodyText", text="FOR THE GOVERNMENT OF THE"
[parser-unknown-class] "BodyText", text="HELLENIC REPUBLIC:"
[parser-unknown-class] "BodyText", text=""
[parser-unknown-class] "BodyText", text=""
[parser-unknown-class] "BodyText", text=""
[parser-unknown-class] "BodyText", text=""
[parser-unknown-class] "BodyText", text=""
[parser-unknown-class] "BodyText", text="…………………………………………"
[parser-unknown-class] "BodyText", text="Mal Brough"
[parser-unknown-class] "BodyText", text="Minister for Families, Community Services and Indigenous Affairs"
[parser-unknown-class] "BodyText", text="Theodora Bakoyannis"
[parser-unknown-class] "BodyText", text="Minister of Foreign Affairs"
[parser-unknown-class] "Note", text="Note:   See section 5."
[parser-unknown-class] "Note", text="Note:   See section 5."
[parser-unknown-class] "BodyText", text=""
[parser-unknown-class] "BodyText", text=""
[parser-unknown-class] "BodyText", text="The Government of Australia and the Government of the Republic of Finland (hereinafter “the Parti..."
[parser-unknown-class] "BodyText", text=""
[parser-unknown-class] "BodyText", text="Wishing to strengthen the existing friendly relations between the two countries and resolved to c..."
[parser-unknown-class] "BodyText", text=""
[parser-unknown-class] "BodyText", text="Have agreed as follows:"
[parser-unknown-class] "BodyText", text=""
[parser-unknown-class] "BodyText", text=""
[parser-unknown-class] "BodyText", text="PART I"
[parser-unknown-class] "BodyText", text=""
[parser-unknown-class] "BodyText", text=""
[parser-unknown-class] "BodyText", text="Definitions"
[parser-unknown-class] "BodyText", text=""
[parser-unknown-class] "BodyText", text=""
[parser-unknown-class] "BodyText", text=""
[parser-unknown-class] "BodyText", text="requires, has the meaning assigned to it in the applicable legislation."
[parser-unknown-class] "BodyText", text=""
[parser-unknown-class] "BodyText", text=""
[parser-unknown-class] "BodyText", text="Legislative Scope"
[parser-unknown-class] "BodyText", text=""
[parser-unknown-class] "BodyText", text="Personal Scope"
[parser-unknown-class] "BodyText", text=""
[parser-unknown-class] "BodyText", text="This Agreement shall apply to any person who:"
[parser-unknown-class] "BodyText", text=""
[parser-unknown-class] "BodyText", text=""
[parser-unknown-class] "BodyText", text="(b) is or has been subject to the legislation of Finland."
[parser-unknown-class] "BodyText", text=""
[parser-unknown-class] "BodyText", text=""
[parser-unknown-class] "BodyText", text="Export of Benefits"
[parser-unknown-class] "BodyText", text="Article 7"
[parser-unknown-class] "BodyText", text="Voluntary insurance under Finnish legislation"
[parser-unknown-class] "BodyText", text=""
[parser-unknown-class] "BodyText", text="This Agreement shall not preclude the opportunity for an employer to voluntarily insure an employ..."
[parser-unknown-class] "BodyText", text="1. Unless otherwise provided in paragraphs 2 or 3, if an employee works in the territory of one P..."
[parser-unknown-class] "BodyText", text=""
[parser-unknown-class] "BodyText", text="2. If an employee:"
[parser-unknown-class] "BodyText", text=""
[parser-unknown-class] "BodyText", text="(a) is covered by the legislation of one Party (‘the first Party’);"
[parser-unknown-class] "BodyText", text=""
[parser-unknown-class] "BodyText", text="(b) was sent by the Government of the first Party to work in the territory of the other Party (“t..."
[parser-unknown-class] "BodyText", text=""
[parser-unknown-class] "BodyText", text="(c) is working in the territory of the second Party in the employment of the Government of the fi..."
[parser-unknown-class] "BodyText", text=""
[parser-unknown-class] "BodyText", text="(d) is not working permanently in the territory of the second Party"
[parser-unknown-class] "BodyText", text=""
[parser-unknown-class] "BodyText", text="the employer of the employee and employee shall be subject only to the legislation of the first P..."
[parser-unknown-class] "BodyText", text=""
[parser-unknown-class] "BodyText", text="3. If an employee:"
[parser-unknown-class] "BodyTextIndent3", text=""
[parser-unknown-class] "BodyText", text="(a) is covered by the legislation of one Party (‘the first Party’);"
[parser-unknown-class] "BodyText", text=""
[parser-unknown-class] "BodyText", text="(b) was sent by an employer who is subject to the legislation of the first Party to work in the t..."
[parser-unknown-class] "BodyText", text=""
[parser-unknown-class] "BodyText", text="(c) is working in the territory of the second Party in the employment of the employer or a relate..."
[parser-unknown-class] "BodyText", text=""
[parser-unknown-class] "BodyText", text="(d) is not working permanently in the territory of the second Party; and"
[parser-unknown-class] "BodyText", text=""
[parser-unknown-class] "BodyText", text="(e) a period of 5 years from the time the employee was sent to work in the territory of the secon..."
[parser-unknown-class] "BodyText", text=""
[parser-unknown-class] "BodyText", text="the employer of the employee and employee shall be subject only to the legislation of the first P..."
[parser-unknown-class] "BodyText", text=""
[parser-unknown-class] "BodyText", text="4. For the purposes of subparagraph 3(c) an entity is a related entity of an employer if the enti..."
[parser-unknown-class] "BodyText", text=""
[parser-unknown-class] "BodyText", text=""
[parser-unknown-class] "BodyText", text="Article 10"
[parser-unknown-class] "BodyText", text="Exception agreements"
[parser-unknown-class] "BodyText", text=""
[parser-unknown-class] "BodyText", text="The Competent Authorities or the bodies designated by them may agree in writing to modify the app..."
[parser-unknown-class] "BodyText", text=""
[parser-unknown-class] "BodyText", text=""
[parser-unknown-class] "BodyText", text="Article 11"
[parser-unknown-class] "BodyText", text="Accompanying Family Members of Seconded Employees"
[parser-unknown-class] "BodyText", text=""
[parser-unknown-class] "BodyText", text="1. Family members, who accompany an employee sent to Australia to whom paragraphs 2 and 3 of Arti..."
[parser-unknown-class] "BodyText", text=""
[parser-unknown-class] "BodyText", text="2. Family members, who accompany an employee sent to Finland to whom paragraphs 2 and 3 of Articl..."
[parser-unknown-class] "BodyText", text=""
[parser-unknown-class] "BodyText", text="3. For the purposes of this Article, family member for Finland means family member as defined in ..."
[parser-unknown-class] "BodyText", text=""
[parser-unknown-class] "BodyText", text=""
[parser-unknown-class] "BodyText", text="PART III"
[parser-unknown-class] "BodyText", text="PROVISIONS RELATING TO AUSTRALIAN BENEFITS"
[parser-unknown-class] "BodyText", text=""
[parser-unknown-class] "BodyText", text=""
[parser-unknown-class] "BodyText", text="ARTICLE 12"
[parser-unknown-class] "BodyText", text="Residence or Presence in Finland"
[parser-unknown-class] "BodyText", text=""
[parser-unknown-class] "BodyText", text=""
[parser-unknown-class] "BodyText", text="that person, so long as he or she has been an Australian resident at some time, shall be deemed, ..."
[parser-unknown-class] "BodyText", text=""
[parser-unknown-class] "BodyText", text=""
[parser-unknown-class] "BodyText", text="ARTICLE 13"
[parser-unknown-class] "BodyText", text="Totalisation in relation to Australian benefits"
[parser-unknown-class] "BodyText", text=""
[parser-unknown-class] "BodyText", text="then for the purposes of a claim for that Australian benefit, that period of insurance shall be d..."
[parser-unknown-class] "BodyText", text=""
[parser-unknown-class] "BodyText", text=""
[parser-unknown-class] "BodyText", text=""
[parser-unknown-class] "BodyText", text=""
[parser-unknown-class] "BodyText", text=""
[parser-unknown-class] "BodyText", text="ARTICLE 14"
[parser-unknown-class] "BodyText", text="Calculation of Australian Benefits"
[parser-unknown-class] "BodyText", text="5. Subject to the provisions of paragraph 6, where an Australian benefit is payable only by virtu..."
[parser-unknown-class] "BodyText", text=""
[parser-unknown-class] "BodyText", text=""
[parser-unknown-class] "BodyText", text="6. Paragraph 5 shall continue to apply for 26 weeks where a person departs temporarily from Austr..."
[parser-unknown-class] "BodyText", text=""
[parser-unknown-class] "BodyText", text="7. Where a member of a couple is, or both that person and that person's partner are, entitled to ..."
[parser-unknown-class] "BodyText", text=""
[parser-unknown-class] "BodyText", text="9. For the purpose of calculating benefits payable to a person under the legislation of Australia..."
[parser-unknown-class] "BodyText", text=""
[parser-unknown-class] "BodyText", text=""
[parser-unknown-class] "BodyText", text=""
[parser-unknown-class] "BodyText", text=""
[parser-unknown-class] "BodyText", text="PART IV"
[parser-unknown-class] "BodyText", text="PROVISIONS RELATING TO FINNISH BENEFITS"
[parser-unknown-class] "BodyText", text=""
[parser-unknown-class] "BodyText", text=""
[parser-unknown-class] "BodyText", text="ARTICLE 15"
[parser-unknown-class] "BodyText", text="National Pensions"
[parser-unknown-class] "BodyText", text=""
[parser-unknown-class] "BodyText", text=""
[parser-unknown-class] "BodyText", text="3. If an old‑age pension is granted to a national of a Party while residing in Finland, and he or..."
[parser-unknown-class] "BodyText", text="ARTICLE 16"
[parser-unknown-class] "BodyText", text="Earnings‑Related Pensions"
[parser-unknown-class] "BodyText", text=""
[parser-unknown-class] "BodyText", text="1. Unless otherwise provided in this Agreement, the entitlement to a Finnish Earnings‑Related Pen..."
[parser-unknown-class] "BodyText", text=""
[parser-unknown-class] "BodyText", text="2. If the entitlement to a pension requires completion of periods of insurance, the periods of em..."
[parser-unknown-class] "BodyText", text="PART V"
[parser-unknown-class] "BodyText", text="MISCELLANEOUS AND ADMINISTRATIVE PROVISIONS"
[parser-unknown-class] "BodyText", text=""
[parser-unknown-class] "BodyText", text=""
[parser-unknown-class] "BodyText", text="ARTICLE 17"
[parser-unknown-class] "BodyText", text="Lodgement of Documents"
[parser-unknown-class] "BodyText", text=""
[parser-unknown-class] "BodyText", text=""
[parser-unknown-class] "BodyText", text=""
[parser-unknown-class] "BodyText", text="ARTICLE 18"
[parser-unknown-class] "BodyText", text="Recovery of Overpayments"
[parser-unknown-class] "BodyText", text=""
[parser-unknown-class] "BodyText", text=""
[parser-unknown-class] "BodyText", text="ARTICLE 19"
[parser-unknown-class] "BodyText", text="Exchange of Information and Mutual Assistance"
[parser-unknown-class] "BodyText", text=""
[parser-unknown-class] "BodyText", text=""
[parser-unknown-class] "BodyText", text=""
[parser-unknown-class] "BodyText", text=""
[parser-unknown-class] "BodyText", text="3. Unless disclosure is required under the laws of a Party, any information about an individual w..."
[parser-unknown-class] "BodyText", text=""
[parser-unknown-class] "BodyText", text=""
[parser-unknown-class] "BodyText", text=""
[parser-unknown-class] "BodyText", text=""
[parser-unknown-class] "BodyText", text=""
[parser-unknown-class] "BodyText", text=""
[parser-unknown-class] "BodyText", text="ARTICLE 20"
[parser-unknown-class] "BodyText", text="Exemption from Fees and Authentication"
[parser-unknown-class] "BodyText", text=""
[parser-unknown-class] "BodyText", text=""
[parser-unknown-class] "BodyText", text=""
[parser-unknown-class] "BodyText", text=""
[parser-unknown-class] "BodyText", text="ARTICLE 21"
[parser-unknown-class] "BodyText", text="Administrative Arrangements"
[parser-unknown-class] "BodyText", text=""
[parser-unknown-class] "BodyText", text=""
[parser-unknown-class] "BodyText", text=""
[parser-unknown-class] "BodyText", text=""
[parser-unknown-class] "BodyText", text="ARTICLE 22"
[parser-unknown-class] "BodyText", text="Resolution of Difficulties"
[parser-unknown-class] "BodyText", text=""
[parser-unknown-class] "BodyText", text="1. The Competent Authorities of the Parties shall resolve, to the extent possible, any difficulti..."
[parser-unknown-class] "BodyText", text=""
[parser-unknown-class] "BodyText", text="2. The Parties shall consult promptly at the request of either Party concerning matters which hav..."
[parser-unknown-class] "BodyText", text=""
[parser-unknown-class] "BodyText", text=""
[parser-unknown-class] "BodyText", text="ARTICLE 23"
[parser-unknown-class] "BodyText", text="Review of Agreement"
[parser-unknown-class] "BodyText", text=""
[parser-unknown-class] "BodyText", text="Where a Party requests the other to meet to review this Agreement, the Parties shall meet for tha..."
[parser-unknown-class] "BodyText", text=""
[parser-unknown-class] "BodyText", text=""
[parser-unknown-class] "BodyText", text="PART VII"
[parser-unknown-class] "BodyText", text="TRANSITIONAL AND FINAL PROVISIONS"
[parser-unknown-class] "BodyText", text=""
[parser-unknown-class] "BodyText", text=""
[parser-unknown-class] "BodyText", text="ARTICLE 24"
[parser-unknown-class] "BodyText", text="Application of Agreement to Periods Preceding its Entry into Force"
[parser-unknown-class] "BodyText", text=""
[parser-unknown-class] "BodyText", text=""
[parser-unknown-class] "BodyText", text=""
[parser-unknown-class] "BodyText", text=""
[parser-unknown-class] "BodyText", text=""
[parser-unknown-class] "BodyText", text=""
[parser-unknown-class] "BodyText", text=""
[parser-unknown-class] "BodyText", text="ARTICLE 25"
[parser-unknown-class] "BodyText", text="Entry into Force and Termination"
[parser-unknown-class] "BodyText", text=""
[parser-unknown-class] "BodyText", text="2. Subject to paragraph 3, this Agreement shall remain in force until the expiration of 12 months..."
[parser-unknown-class] "BodyText", text=""
[parser-unknown-class] "BodyText", text=""
[parser-unknown-class] "BodyText", text=""
[parser-unknown-class] "BodyText", text=""
[parser-unknown-class] "BodyText", text="IN WITNESS WHEREOF, the undersigned, being duly authorised thereto by their respective Government..."
[parser-unknown-class] "BodyText", text=""
[parser-unknown-class] "BodyText", text=""
[parser-unknown-class] "BodyText", text="DONE in two copies at Helsinki this tenth day of September two thousand and eight in the English ..."
[parser-unknown-class] "BodyText", text=""
[parser-unknown-class] "BodyText", text="FOR THE GOVERNMENT OF"
[parser-unknown-class] "BodyText", text="AUSTRALIA:"
[parser-unknown-class] "BodyText", text=""
[parser-unknown-class] "BodyText", text=""
[parser-unknown-class] "BodyText", text=""
[parser-unknown-class] "BodyText", text=""
[parser-unknown-class] "BodyText", text=""
[parser-unknown-class] "BodyText", text="…………………………………"
[parser-unknown-class] "BodyText", text="FOR THE GOVERNMENT OF THE"
[parser-unknown-class] "BodyText", text="REPUBLIC OF FINLAND:"
[parser-unknown-class] "BodyText", text=""
[parser-unknown-class] "BodyText", text=""
[parser-unknown-class] "BodyText", text=""
[parser-unknown-class] "BodyText", text=""
[parser-unknown-class] "BodyText", text=""
[parser-unknown-class] "BodyText", text="…………………………………"
[parser-unknown-class] "BodyText", text="Howard Brown"
[parser-unknown-class] "BodyText", text="ambassador"
[parser-unknown-class] "BodyText", text="Liisa Hyssälä"
[parser-unknown-class] "BodyText", text="Minister OF Social Affairs"
[parser-unknown-class] "BodyText", text="and Health"
[parser-unknown-class] "Note", text="Note:   See section 5."
[parser-unknown-class] "BodyText", text=""
[parser-unknown-class] "BodyText", text=""
[parser-unknown-class] "BodyText", text="1. For the purposes of this Agreement,"
[parser-unknown-class] "BodyText", text="(1) “legislation” means,"
[parser-unknown-class] "BodyText", text="(a) in relation to Australia, the laws specified in subparagraph 1(1)(a) of Article 2 except in r..."
[parser-unknown-class] "BodyText", text="(b) in relation to the Republic of Poland the laws and other regulations specified in subparagrap..."
[parser-unknown-class] "BodyText", text="(2) “Competent Authority" means,"
[parser-unknown-class] "BodyText", text="(a) in relation to Australia, the Secretary to the Commonwealth Department responsible for the le..."
[parser-unknown-class] "BodyText", text="(b) in relation to Republic of Poland, the Minister responsible for Social Security;"
[parser-unknown-class] "BodyText", text="(3) “Competent Institution” means, the institution responsible for applying the legislation;"
[parser-unknown-class] "BodyText", text="(4) “Liaison Institution” means the institution which ensures coordination and exchange of inform..."
[parser-unknown-class] "BodyText", text="(5) “benefit" means a pension or other benefit specified in Article 2 including any additional am..."
[parser-unknown-class] "BodyText", text="(6) “period of insurance” means in relation to the Republic of Poland, period of contributions, e..."
[parser-unknown-class] "BodyText", text="(7) “period of Australian working life residence” means a period defined as such in the legislati..."
[parser-unknown-class] "BodyText", text="(8) “public servant” means,"
[parser-unknown-class] "BodyText", text="(a) in relation to Australia, an employee of a government of Australia. For this purpose, governm..."
[parser-unknown-class] "BodyText", text="(b) in relation to the Republic of Poland, an employee of public administration."
[parser-unknown-class] "BodyText", text=""
[parser-unknown-class] "BodyText", text="2. In the application by a Party of this Agreement, any term not defined shall, unless the contex..."
[parser-unknown-class] "BodyText", text=""
[parser-unknown-class] "BodyText", text="1. This Agreement shall apply to the following laws:"
[parser-unknown-class] "BodyText", text="(1) in relation to Australia,"
[parser-unknown-class] "BodyText", text="(a) the Acts forming the social security law in so far as the law provides for, applies to or aff..."
[parser-unknown-class] "BodyText", text="(b) the law concerning the superannuation guarantee, which at the time of signature of this Agree..."
[parser-unknown-class] "BodyText", text="(2) in relation to the Republic of Poland, legislation on the compulsory coverage and the followi..."
[parser-unknown-class] "BodyText", text="(a) Age pensions, disability pensions, survivors pensions,"
[parser-unknown-class] "BodyText", text="(b) Work accidents and occupational diseases compensation and pensions,"
[parser-unknown-class] "BodyText", text="(c) Funeral benefits."
[parser-unknown-class] "BodyText", text=""
[parser-unknown-class] "BodyText", text="2. This Agreement is also applied to laws and regulations which amend, supplement or replace the ..."
[parser-unknown-class] "BodyText", text=""
[parser-unknown-class] "BodyText", text="3. Notwithstanding the provisions of paragraph 1, the legislation referred to in this Article sha..."
[parser-unknown-class] "BodyText", text=""
[parser-unknown-class] "BodyText", text="4. This Agreement shall not apply to future legislation which extends the existing legislation of..."
[parser-unknown-class] "BodyText", text=""
[parser-unknown-class] "BodyText", text="This Agreement shall apply to any person who:"
[parser-unknown-class] "BodyText", text="(1) is or has been an Australian resident, or"
[parser-unknown-class] "BodyText", text="(2) is or has been subject to the legislation of the Republic of Poland"
[parser-unknown-class] "BodyText", text="and, where applicable, to other persons in regard to the rights they derive from the person descr..."
[parser-unknown-class] "BodyText", text="1. Unless otherwise provided in this Agreement, benefits of one Party when payable by virtue of t..."
[parser-unknown-class] "BodyText", text=""
[parser-unknown-class] "BodyText", text="2. In relation to Australia, for the purposes of paragraph 1, any additional amount, increase or ..."
[parser-unknown-class] "BodyText", text=""
[parser-unknown-class] "BodyText", text="3. With regard to the Republic of Poland, paragraph 1 does not apply to benefits granted under sp..."
[parser-unknown-class] "BodyText", text=""
[parser-unknown-class] "BodyText", text=""
[parser-unknown-class] "BodyText", text="1. With regard to the principle described in Article 7, the following special principles and exce..."
[parser-unknown-class] "BodyText", text="(1) a person employed by an employer in the territory of a Party, who has been sent by that emplo..."
[parser-unknown-class] "BodyText", text="(2) public servants of a Party, who are sent to the territory of the other Party in order to perf..."
[parser-unknown-class] "BodyText", text=""
[parser-unknown-class] "BodyText", text="2. The Competent Authorities of the Parties or institutions designated by them may, upon mutual a..."
[parser-unknown-class] "BodyText", text="(1) is an Australian resident or a resident of the Republic of Poland, and"
[parser-unknown-class] "BodyText", text="(2) is in Australia or the Republic of Poland,"
[parser-unknown-class] "BodyText", text="that person, so long as he or she has been an Australian resident at some time, shall be deemed, ..."
[parser-unknown-class] "BodyText", text="(1) a period as an Australian resident that is less than the period required to qualify that pers..."
[parser-unknown-class] "BodyText", text="(2) a period of Australian working life residence equal to or greater than the period identified ..."
[parser-unknown-class] "BodyText", text="(3) a period of insurance under the legislation of the Republic of Poland,"
[parser-unknown-class] "BodyText", text="(1) has been an Australian resident for a continuous period which is less than the minimum contin..."
[parser-unknown-class] "BodyText", text="(2) has accumulated a period of insurance under the legislation of the Republic of Poland in two ..."
[parser-unknown-class] "BodyText", text="3. For the purposes of this Article, where a period by a person as an Australian resident and a p..."
[parser-unknown-class] "BodyText", text="4. The minimum period of Australian working life residence to be taken into account for the purpo..."
[parser-unknown-class] "BodyText", text="(1) for the purposes of an Australian benefit that is payable to a person who is not an Australia..."
[parser-unknown-class] "BodyText", text="(2) for the purposes of an Australian benefit that is payable to an Australian resident, there sh..."
[parser-unknown-class] "BodyText", text="(1)              calculating that person's income according to the legislation of Australia but d..."
[parser-unknown-class] "BodyText", text="(2)              deducting the amount of benefit under the legislation of the Republic of Poland ..."
[parser-unknown-class] "BodyText", text="(3)              applying to the remaining amount of benefit obtained under subparagraph (2) the ..."
[parser-unknown-class] "BodyText", text=""
[parser-unknown-class] "BodyText", text="1. The Competent Authorities of the Parties are authorised to enter into an Administrative Arrang..."
[parser-unknown-class] "BodyText", text="2. The Competent Authorities shall appoint Liaison Institutions which are to be listed in the Adm..."
[parser-unknown-class] "BodyText", text="1. The Competent Authorities, Liaison Institutions and Competent Institutions responsible for the..."
[parser-unknown-class] "BodyText", text="(1) communicate to each other any information necessary for the application of this Agreement or ..."
[parser-unknown-class] "BodyText", text="(2) provide assistance to one another, with regard to the determination or payment of any benefit..."
[parser-unknown-class] "BodyText", text="(3) communicate to each other, without delay, all information about the measures taken by them fo..."
[parser-unknown-class] "BodyText", text="2. This assistance shall be free of charge subject to exceptions to be agreed in an Administrativ..."
[parser-unknown-class] "BodyText", text="3. In no case shall the provisions of paragraph 1 be construed so as to impose on the Competent A..."
[parser-unknown-class] "BodyText", text="(1) carry out administrative measures at variance with the laws or the administrative practice of..."
[parser-unknown-class] "BodyText", text="(2) supply particulars which are not obtainable under the laws or in the normal course of the adm..."
[parser-unknown-class] "BodyText", text="1. If, in accordance with this Agreement, the Competent Authority, Liaison Institution or Compete..."
[parser-unknown-class] "BodyText", text="2. Any information about an individual which is transmitted in accordance with this Agreement to ..."
[parser-unknown-class] "BodyText", text="3. Notwithstanding any laws or administrative practices of a Party, no information concerning a p..."
[parser-unknown-class] "BodyText", text="1. In the application of this Agreement, the Competent Authority, Liaison Institution or Competen..."
[parser-unknown-class] "BodyText", text="2. Applications, appeals or other documents may not be rejected on the grounds that they were pre..."
[parser-unknown-class] "BodyText", text="1. A claim or appeal concerning a benefit may be lodged in the territory of either Party in accor..."
[parser-unknown-class] "BodyText", text="2. The date on which a claim or appeal referred to in paragraph 1 is lodged with the Competent Au..."
[parser-unknown-class] "BodyText", text="3. A claim for a benefit under the legislation of one Party shall be considered as a claim for th..."
[parser-unknown-class] "BodyText", text="4. In relation to Australia, the reference in paragraphs 1 and 2 to an appeal document is a refer..."
[parser-unknown-class] "BodyText", text="1. This Agreement shall also apply to events which occurred prior to its coming into force."
[parser-unknown-class] "BodyText", text="2. This Agreement shall not create any entitlement to benefits for any period prior to its coming..."
[parser-unknown-class] "BodyText", text="3. The application of the provisions of paragraph 1 shall not affect qualification for benefits f..."
[parser-unknown-class] "BodyText", text="4. Periods as an Australian resident, periods of Australian working life residence and periods of..."
[parser-unknown-class] "BodyText", text="5. Subparagraphs (1) and (2) of paragraph 1 of Article 8 apply, from the date of commencement of ..."
[parser-unknown-class] "BodyText", text="1. This Agreement shall remain in force for an unlimited period of time. It may be terminated at ..."
[parser-unknown-class] "BodyText", text="2. In the event of termination, this Agreement shall continue to apply to all persons who:"
[parser-unknown-class] "BodyText", text="(1)              at the date on which termination takes effect, are in receipt of benefits, or"
[parser-unknown-class] "BodyText", text="(2)              prior to that date have lodged claims for, and would be entitled to receive, ben..."
[parser-unknown-class] "BodyText", text="(3)              immediately before the date of termination are subject only to the legislation o..."
[parser-unknown-class] "BodyText", text=""
[parser-unknown-class] "BodyText", text="IN WITNESS WHEREOF, the undersigned, being duly authorised thereto by their respective Government..."
[parser-unknown-class] "BodyText", text=""
[parser-unknown-class] "BodyText", text=""
[parser-unknown-class] "BodyText", text=""
[parser-unknown-class] "BodyText", text="FOR AUSTRALIA:"
[parser-unknown-class] "BodyText", text="FOR THE REPUBLIC OF POLAND:"
[parser-unknown-class] "BodyText", text=""
[parser-unknown-class] "BodyText", text=""
[parser-unknown-class] "BodyText", text=""
[parser-unknown-class] "BodyText", text=""
[parser-unknown-class] "BodyText", text="Stephen Smith"
[parser-unknown-class] "BodyText", text="Jolanta Fedak"
[parser-unknown-class] "BodyText", text="Minister for Foreign Affairs"
[parser-unknown-class] "BodyText", text="Minister of Labour and Social Policy"
[parser-unknown-class] "Note", text="Note:   See section 5."
[parser-unknown-class] "BodyText", text=""
[parser-unknown-class] "BodyText", text="AGREEMENT BETWEEN THE GOVERNMENT OF AUSTRALIA AND THE GOVERNMENT OF THE FORMER YUGOSLAV REPUBLIC ..."
[parser-unknown-class] "BodyText", text=""
[parser-unknown-class] "BodyText", text="The Government of Australia and the Government of the former Yugoslav Republic of Macedonia, here..."
[parser-unknown-class] "BodyText", text=""
[parser-unknown-class] "BodyText", text="Wishing to strengthen the existing friendly relations between the two countries,"
[parser-unknown-class] "BodyText", text=""
[parser-unknown-class] "BodyText", text="and"
[parser-unknown-class] "BodyText", text=""
[parser-unknown-class] "BodyText", text="Being desirous of regulating the relationship between their two countries with respect to social ..."
[parser-unknown-class] "BodyText", text=""
[parser-unknown-class] "BodyText", text="Have agreed to conclude the following Agreement:"
[parser-unknown-class] "BodyText", text="PART I"
[parser-unknown-class] "BodyText", text="GENERAL PROVISIONS"
[parser-unknown-class] "BodyText", text="Article 1"
[parser-unknown-class] "BodyText", text="Definitions"
[parser-unknown-class] "BodyText", text=""
[parser-unknown-class] "BodyText", text="1. In this Agreement, unless the context otherwise requires:"
[parser-unknown-class] "BodyText", text="(1)              “benefit” means a benefit, pension or allowance that is payable under the legisl..."
[parser-unknown-class] "BodyText", text="(2)              “Competent Authority” means:"
[parser-unknown-class] "BodyText", text="in relation to Australia, the Secretary of the Australian Government Department responsible for t..."
[parser-unknown-class] "BodyText", text="in relation to the former Yugoslav Republic of Macedonia, the Ministry of Labour and Social Policy;"
[parser-unknown-class] "BodyText", text="(3)              “Competent Institution” means:"
[parser-unknown-class] "BodyText", text="in relation to Australia, the institution or agency which has the task of implementing the applic..."
[parser-unknown-class] "BodyText", text="in relation to the former Yugoslav Republic of Macedonia, the Pension and Disability Insurance Fund;"
[parser-unknown-class] "BodyText", text="(4)              “insurance periods” means, in relation to the former Yugoslav Republic of Macedo..."
[parser-unknown-class] "BodyText", text="(5)              “legislation” means:"
[parser-unknown-class] "BodyText", text="in relation to Australia, the laws specified in Article 2.1.1.1, except in Part II of the Agreeme..."
[parser-unknown-class] "BodyText", text="in relation to the former Yugoslav Republic of Macedonia, the legislation specified in Article 2...."
[parser-unknown-class] "BodyText", text="(6)              “period of Australian working life residence” means a period defined as such in ..."
[parser-unknown-class] "BodyText", text="2. Unless the context otherwise requires, any term not defined in this Agreement shall have the m..."
[parser-unknown-class] "BodyText", text="Article 2"
[parser-unknown-class] "BodyText", text="Legislation"
[parser-unknown-class] "BodyText", text=""
[parser-unknown-class] "BodyText", text="1.              Subject to paragraph 2 and 3 of this Article, this Agreement shall apply to the f..."
[parser-unknown-class] "BodyText", text="1.1              in relation to Australia:"
[parser-unknown-class] "BodyText", text="1.1.1              the Acts forming the social security law in so far as the law provides for, ap..."
[parser-unknown-class] "BodyText", text="1.1.2              the law concerning the superannuation guarantee (which at the time of signatur..."
[parser-unknown-class] "BodyText", text="1.2              in relation to the former Yugoslav Republic of Macedonia, the Law on Pension and..."
[parser-unknown-class] "BodyText", text="1.2.1 old age pension;"
[parser-unknown-class] "BodyText", text="1.2.2 disability pension;"
[parser-unknown-class] "BodyText", text="1.2.3 survivor pension (widows, widowers, children and other members of the family who have right..."
[parser-unknown-class] "BodyText", text=""
[parser-unknown-class] "BodyText", text="2. Unless otherwise provided in this Agreement, the legislation referred to in this Article shall..."
[parser-unknown-class] "BodyText", text=""
[parser-unknown-class] "BodyText", text="3. This Agreement shall apply to future legislation which extends the existing legislation of eit..."
[parser-unknown-class] "BodyText", text="Article 3"
[parser-unknown-class] "BodyText", text="Personal Scope"
[parser-unknown-class] "BodyText", text="This Agreement shall apply to any person who is or has been an Australian resident, or is or has ..."
[parser-unknown-class] "BodyText", text="Article 4"
[parser-unknown-class] "BodyText", text="Equality of Treatment"
[parser-unknown-class] "BodyText", text="Unless otherwise provided in this Agreement, all persons to whom this Agreement applies shall be ..."
[parser-unknown-class] "BodyText", text="PART II"
[parser-unknown-class] "BodyText", text="PROVISIONS CONCERNING THE APPLICABLE LEGISLATION"
[parser-unknown-class] "BodyText", text="Article 5"
[parser-unknown-class] "BodyText", text="Purpose of this Part"
[parser-unknown-class] "BodyText", text="The purpose of this Part is to ensure that employers and employees who are subject to the legisla..."
[parser-unknown-class] "BodyText", text=""
[parser-unknown-class] "BodyText", text="Article 6"
[parser-unknown-class] "BodyText", text="Application of this Part"
[parser-unknown-class] "BodyText", text="This Part only applies if an employee and/or their employer would, apart from this Part, be subje..."
[parser-unknown-class] "BodyText", text=""
[parser-unknown-class] "BodyText", text="Article 7"
[parser-unknown-class] "BodyText", text="Diplomatic and Consular Relations"
[parser-unknown-class] "BodyText", text="This Agreement shall not affect the provisions of the Vienna Convention on Diplomatic Relations o..."
[parser-unknown-class] "BodyText", text=""
[parser-unknown-class] "BodyText", text="Article 8"
[parser-unknown-class] "BodyText", text="Avoidance of Double Coverage"
[parser-unknown-class] "BodyText", text="1. Unless otherwise provided in this Part, if an employee works in the territory of one Contracti..."
[parser-unknown-class] "BodyText", text=""
[parser-unknown-class] "BodyText", text="2. If an employee:"
[parser-unknown-class] "BodyText", text="2.1 is covered by the legislation of one Contracting Party (‘the first Contracting Party’); and"
[parser-unknown-class] "BodyText", text="2.2 was sent, whether before, on or after the commencement of this Agreement, by the Government o..."
[parser-unknown-class] "BodyText", text="2.3 is working in the territory of the second Contracting Party in the employment of the Governme..."
[parser-unknown-class] "BodyText", text="2.4 is not working permanently in the territory of the second Contracting Party;"
[parser-unknown-class] "BodyText", text="the employee and their employer shall be subject only to the legislation of the first Contracting..."
[parser-unknown-class] "BodyText", text="3. If an employee:"
[parser-unknown-class] "BodyText", text="3.1 is covered by the legislation of one Contracting Party (‘the first Contracting Party’); and"
[parser-unknown-class] "BodyText", text="3.2 was sent, whether before, on or after the commencement of this Agreement, by an employer who ..."
[parser-unknown-class] "BodyText", text="3.3 is working in the territory of the second Contracting Party in the employment of the employer..."
[parser-unknown-class] "BodyText", text="3.4 a period of 4 years from the time the employee was sent to work in the territory of the secon..."
[parser-unknown-class] "BodyText", text="3.5 the employee is not working permanently in the territory of the second Contracting Party;"
[parser-unknown-class] "BodyText", text="the employee and their employer shall be subject only to the legislation of the first Contracting..."
[parser-unknown-class] "BodyText", text="4.              For the purposes of subparagraph 3.3 of this Article an entity is a related entit..."
[parser-unknown-class] "BodyText", text=""
[parser-unknown-class] "BodyText", text="5.              If an employee is working in the employment of an employer on a ship or aircraft ..."
[parser-unknown-class] "BodyText", text=""
[parser-unknown-class] "BodyText", text="Article 9"
[parser-unknown-class] "BodyText", text="Exception agreements"
[parser-unknown-class] "BodyText", text="1. The Competent Authorities of the Contracting Parties may for the purposes of this Part agree:"
[parser-unknown-class] "BodyText", text="1.1 to extend the period of 4 years referred to in subparagraph 3.4 of Article 8 for any employee..."
[parser-unknown-class] "BodyText", text="1.2 that an employee working in the territory of a particular Contracting Party or working on a s..."
[parser-unknown-class] "BodyText", text=""
[parser-unknown-class] "BodyText", text="2. Any agreement made under paragraph 1 of this Article may apply to:"
[parser-unknown-class] "BodyText", text="2.1 a class of employees; and/or"
[parser-unknown-class] "BodyText", text="2.2 particular work or particular types of work (including work that has not occurred at the time..."
[parser-unknown-class] "BodyText", text="PART III"
[parser-unknown-class] "BodyText", text="PROVISIONS RELATING TO AUSTRALIAN BENEFITS"
[parser-unknown-class] "BodyText", text="Article 10"
[parser-unknown-class] "BodyText", text="Residence or Presence in the former Yugoslav Republic of Macedonia"
[parser-unknown-class] "BodyText", text="Where a person would be qualified under the legislation of Australia or by virtue of this Agreeme..."
[parser-unknown-class] "BodyText", text="(1) is an Australian resident or a resident of the former Yugoslav Republic of Macedonia; and"
[parser-unknown-class] "BodyText", text="(2) is in Australia, or the territory of the former Yugoslav Republic of Macedonia,"
[parser-unknown-class] "BodyText", text="that person, so long as he or she has been an Australian resident at some time, shall be deemed, ..."
[parser-unknown-class] "BodyText", text="Article 11"
[parser-unknown-class] "BodyText", text="Combining qualifying periods for Australian benefits"
[parser-unknown-class] "BodyText", text=""
[parser-unknown-class] "BodyText", text="1. Where a person to whom this Agreement applies has claimed an Australian benefit under this Agr..."
[parser-unknown-class] "BodyText", text="1.1              a period as an Australian resident that is less than the period required to qual..."
[parser-unknown-class] "BodyText", text="1.2              a period of Australian working life residence equal to or greater than the perio..."
[parser-unknown-class] "BodyText", text="1.3              an insurance period under the legislation of the former Yugoslav Republic of Mac..."
[parser-unknown-class] "BodyText", text="then, for the purposes of a claim for that Australian benefit, that insurance period under the le..."
[parser-unknown-class] "BodyText", text=""
[parser-unknown-class] "BodyText", text="2. For the purposes of paragraph 1 of this Article, where a person:"
[parser-unknown-class] "BodyText", text="2.1              has been an Australian resident for a continuous period which is less than the m..."
[parser-unknown-class] "BodyText", text="2.2              has accumulated two or more separate insurance periods that equal or exceed in t..."
[parser-unknown-class] "BodyText", text="the total of the insurance periods shall be deemed to be one continuous insurance period."
[parser-unknown-class] "BodyText", text=""
[parser-unknown-class] "BodyText", text="3. For the purposes of this Article, where a period by a person as an Australian resident and an ..."
[parser-unknown-class] "BodyText", text=""
[parser-unknown-class] "BodyText", text="4. The minimum period of Australian working life residence to be taken into account for the purpo..."
[parser-unknown-class] "BodyText", text="4.1              for the purposes of an Australian benefit that is payable to a person who is not..."
[parser-unknown-class] "BodyText", text="4.2              for the purposes of an Australian benefit that is payable to an Australian resid..."
[parser-unknown-class] "BodyText", text=""
[parser-unknown-class] "BodyText", text="5. For the purpose of this Article, an insurance period under the legislation of the former Yugos..."
[parser-unknown-class] "BodyText", text="Article 12"
[parser-unknown-class] "BodyText", text="Calculation of Australian Benefits"
[parser-unknown-class] "BodyText", text="PART IV"
[parser-unknown-class] "BodyText", text="PROVISIONS RELATING TO BENEFITS OF THE FORMER YUGOSLAV REPUBLIC OF MACEDONIA"
[parser-unknown-class] "BodyText", text="Article 13"
[parser-unknown-class] "BodyText", text="Calculation of periods for benefits of the former Yugoslav Republic of Macedonia"
[parser-unknown-class] "BodyText", text="1. If a person does not meet the benefit requirements due to the insurance periods provided accor..."
[parser-unknown-class] "BodyText", text=""
[parser-unknown-class] "BodyText", text="2. If a person meets the pension requirements without adding periods according to the legislation..."
[parser-unknown-class] "BodyText", text=""
[parser-unknown-class] "BodyText", text="3. Entitlements to pension shall not be recognised on the basis of periods shorter than 12 months..."
[parser-unknown-class] "BodyText", text=""
[parser-unknown-class] "BodyText", text="4. If after applying paragraph 1 of this Article, a person is not entitled to a benefit, the Comp..."
[parser-unknown-class] "BodyText", text="Article 14"
[parser-unknown-class] "BodyText", text="Determination of Benefits for the former Yugoslav Republic of Macedonia"
[parser-unknown-class] "BodyText", text=""
[parser-unknown-class] "BodyText", text="1. For a person who meets the requirements for benefits under the legislation of the former Yugos..."
[parser-unknown-class] "BodyText", text=""
[parser-unknown-class] "BodyText", text="2. If according to the legislation of the former Yugoslav Republic of Macedonia the entitlement t..."
[parser-unknown-class] "BodyText", text="2.1 a theoretical amount of the benefit shall be established, to which the person would be entitl..."
[parser-unknown-class] "BodyText", text="2.2 on the basis of this theoretical amount, the actual amount shall be established according to ..."
[parser-unknown-class] "BodyText", text="2.3 if the total accumulated periods exceed the maximum period provided under the legislation of ..."
[parser-unknown-class] "BodyText", text="PART V"
[parser-unknown-class] "BodyText", text="COMMON PROVISIONS FOR BENEFITS"
[parser-unknown-class] "BodyText", text="Article 15"
[parser-unknown-class] "BodyText", text="Payment of Benefits Abroad"
[parser-unknown-class] "BodyText", text=""
[parser-unknown-class] "BodyText", text="1. Benefits of one Contracting Party, when payable by virtue of this Agreement, or under the legi..."
[parser-unknown-class] "BodyText", text=""
[parser-unknown-class] "BodyText", text="2. The Competent Institutions of each Contracting Party shall pay benefits by virtue of this Agre..."
[parser-unknown-class] "BodyText", text=""
[parser-unknown-class] "BodyText", text="3. In relation to Australia, any additional amount, increase or supplement that is payable in add..."
[parser-unknown-class] "BodyText", text=""
[parser-unknown-class] "BodyText", text="4. In relation to the former Yugoslav Republic of Macedonia, the provisions of this Article shall..."
[parser-unknown-class] "BodyText", text=""
[parser-unknown-class] "BodyText", text="Article 16"
[parser-unknown-class] "BodyText", text="Medical Examinations"
[parser-unknown-class] "BodyText", text=""
[parser-unknown-class] "BodyText", text="1. The Competent Institution of a Contracting Party will apply its own legislation to determine c..."
[parser-unknown-class] "BodyText", text=""
[parser-unknown-class] "BodyText", text="2. To assist the determination of working capacity according to paragraph 1 of this Article the C..."
[parser-unknown-class] "BodyText", text="PART VI"
[parser-unknown-class] "BodyText", text="MISCELLANEOUS AND ADMINISTRATIVE PROVISIONS"
[parser-unknown-class] "BodyText", text=""
[parser-unknown-class] "BodyText", text="Article 17"
[parser-unknown-class] "BodyText", text="Lodgement of Documents"
[parser-unknown-class] "BodyText", text=""
[parser-unknown-class] "BodyText", text="1. A claim, notice or appeal concerning a benefit, whether payable by virtue of this Agreement or..."
[parser-unknown-class] "BodyText", text=""
[parser-unknown-class] "BodyText", text="2. The date on which a claim, notice or appeal referred to in paragraph 1 of this Article is lodg..."
[parser-unknown-class] "BodyText", text=""
[parser-unknown-class] "BodyText", text="3. A claim for a benefit from one Contracting Party shall be considered as a claim for the corres..."
[parser-unknown-class] "BodyText", text=""
[parser-unknown-class] "BodyText", text="4. The reference in paragraph 1 of this Article to an appeal is a reference to an appeal that may..."
[parser-unknown-class] "BodyText", text=""
[parser-unknown-class] "BodyText", text="Article 18"
[parser-unknown-class] "BodyText", text="Payment of Benefits"
[parser-unknown-class] "BodyText", text="Article 19"
[parser-unknown-class] "BodyText", text="Recovery of overpayments"
[parser-unknown-class] "BodyText", text="1.1 arrears of a benefit are paid or payable by a Contracting Party (the first Contracting Party)..."
[parser-unknown-class] "BodyText", text="1.2 for all or part of that period, the other Contracting Party (the second Contracting Party) ha..."
[parser-unknown-class] "BodyText", text="1.3 the amount of benefit paid by the second Contracting Party would have been reduced had the be..."
[parser-unknown-class] "BodyText", text="1.4 the amount that would not have been paid by the second Contracting Party shall be a debt due ..."
[parser-unknown-class] "BodyText", text=""
[parser-unknown-class] "BodyText", text="Article 20"
[parser-unknown-class] "BodyText", text="Exchange of Information and Mutual Assistance"
[parser-unknown-class] "BodyText", text=""
[parser-unknown-class] "BodyText", text="1.1 communicate to each other any information necessary for the application of this Agreement or ..."
[parser-unknown-class] "BodyText", text="1.2 provide assistance to each other, including the communication of any necessary information, w..."
[parser-unknown-class] "BodyText", text="1.3 communicate to each other, as soon as possible, all information about the measures taken by t..."
[parser-unknown-class] "BodyText", text="1.4 at the request of one to the other, assist each other in relation to the implementation of ag..."
[parser-unknown-class] "BodyText", text="4.1 carry out administrative measures at variance with the laws or the administrative practice of..."
[parser-unknown-class] "BodyText", text="4.2 supply information which is not ordinarily obtainable under the laws or in the usual administ..."
[parser-unknown-class] "BodyText", text="Article 21"
[parser-unknown-class] "BodyText", text="Administrative Arrangement"
[parser-unknown-class] "BodyText", text="1. The Competent Authorities of the Contracting Parties shall conclude an Administrative Arrangem..."
[parser-unknown-class] "BodyText", text="2. The liaison bodies shall be nominated in the Administrative Arrangement."
[parser-unknown-class] "BodyText", text="Article 22"
[parser-unknown-class] "BodyText", text="Resolution of Disputes"
[parser-unknown-class] "BodyText", text="1. The Competent Authorities of the Contracting Parties shall seek to resolve any difficulties wh..."
[parser-unknown-class] "BodyText", text="2. The Contracting Parties shall consult promptly at the request of either Contracting Party conc..."
[parser-unknown-class] "BodyText", text="Article 23"
[parser-unknown-class] "BodyText", text="Review of Agreement"
[parser-unknown-class] "BodyText", text="Where a Contracting Party requests the other to meet to review this Agreement, the Contracting Pa..."
[parser-unknown-class] "BodyText", text="PART VII"
[parser-unknown-class] "BodyText", text="TRANSITIONAL AND FINAL PROVISIONS"
[parser-unknown-class] "BodyText", text=""
[parser-unknown-class] "BodyText", text="Article 24"
[parser-unknown-class] "BodyText", text="Transitional Provisions"
[parser-unknown-class] "BodyText", text="1. This Agreement shall not establish any right to a benefit for any period before the date of en..."
[parser-unknown-class] "BodyText", text="2. In determining entitlement to a benefit under this Agreement, periods as an Australian residen..."
[parser-unknown-class] "BodyText", text="3. Paragraphs 2 and 3 of Article 8 apply from the date of entry into force of this Agreement, eve..."
[parser-unknown-class] "BodyText", text="Article 25"
[parser-unknown-class] "BodyText", text="Entry into Force, Modification and Termination"
[parser-unknown-class] "BodyText", text="1. This Agreement shall enter into force on the first day of the second month following the month..."
[parser-unknown-class] "NumberedParagraph", text="2. This Agreement shall be concluded for an indefinite period and can be modified by agreement in..."
[parser-unknown-class] "NumberedParagraph", text="3. Either Contracting Party can terminate this Agreement by written notice submitted to the other..."
[parser-unknown-class] "BodyText", text="4. In the event of termination, this Agreement shall continue to have effect in relation to all p..."
[parser-unknown-class] "BodyText", text="4.1 at the date on which termination takes effect, are in receipt of benefits; or"
[parser-unknown-class] "BodyText", text="4.2 prior to that date have lodged claims for, and would be entitled to receive, benefits by virt..."
[parser-unknown-class] "BodyText", text="4.3 immediately before the date of termination are subject to the legislation of only one Contrac..."
[parser-unknown-class] "BodyText", text=""
[parser-unknown-class] "BodyText", text="IN WITNESS WHEREOF, the undersigned, being duly authorised thereto by their respective Government..."
[parser-unknown-class] "BodyText", text=""
[parser-unknown-class] "BodyText", text=""
[parser-unknown-class] "BodyText", text=""
[parser-unknown-class] "BodyText", text="FOR THE GOVERNMENT OF AUSTRALIA"
[parser-unknown-class] "BodyText", text="FOR THE GOVERNMENT OF THE FORMER YUGOSLAV REPUBLIC OF MACEDONIA"
[parser-unknown-class] "Note", text="Note:   See section 5."
[parser-unknown-class] "BodyText", text=""
[parser-unknown-class] "BodyText", text="AGREEMENT BETWEEN AUSTRALIA AND THE CZECH REPUBLIC ON SOCIAL SECURITY"
[parser-unknown-class] "BodyText", text=""
[parser-unknown-class] "BodyText", text="Australia and the Czech Republic (hereinafter “the Contracting States”),"
[parser-unknown-class] "BodyText", text=""
[parser-unknown-class] "BodyText", text="Wishing to strengthen the existing friendly relations between the two Contracting States,"
[parser-unknown-class] "BodyText", text=""
[parser-unknown-class] "BodyText", text="and"
[parser-unknown-class] "BodyText", text=""
[parser-unknown-class] "BodyText", text="Being desirous of regulating the relationship between them with respect to social security benefi..."
[parser-unknown-class] "BodyText", text=""
[parser-unknown-class] "BodyText", text="Have agreed as follows:"
[parser-unknown-class] "BodyText", text=""
[parser-unknown-class] "BodyText", text="PART I"
[parser-unknown-class] "BodyText", text="GENERAL PROVISIONS"
[parser-unknown-class] "BodyText", text=""
[parser-unknown-class] "BodyText", text="Article 1"
[parser-unknown-class] "BodyText", text="Definitions"
[parser-unknown-class] "BodyText", text="1. In this Agreement:"
[parser-unknown-class] "BodyText", text="(a) “benefit" means a benefit, pension or allowance as well as any additional amount, increase or..."
[parser-unknown-class] "BodyText", text="(b) “Competent Authority” means,"
[parser-unknown-class] "BodyText", text="in relation to Australia, the Secretary to the Commonwealth Department responsible for the legisl..."
[parser-unknown-class] "BodyText", text="in relation to the Czech Republic, the Ministry responsible for the legislation in subparagraph 1..."
[parser-unknown-class] "BodyText", text="(c) “Competent Institution” means the institution or agency which has the task of implementing th..."
[parser-unknown-class] "BodyText", text="(d) “legislation” means,"
[parser-unknown-class] "BodyText", text="in relation to Australia, the laws specified in subparagraph 1(a)(i) of Article 2 except in Part ..."
[parser-unknown-class] "BodyText", text="in relation to the Czech Republic, the legislation specified in subparagraph 1(b) of Article 2;"
[parser-unknown-class] "BodyText", text="(e) “creditable period ” means a period of insurance, substitute period and equivalent period com..."
[parser-unknown-class] "BodyText", text="(f) “period of Australian working life residence” means a period defined as such in the legislati..."
[parser-unknown-class] "BodyText", text="2. In the application by a Contracting State of this Agreement, any term not defined shall, unles..."
[parser-unknown-class] "BodyText", text=""
[parser-unknown-class] "BodyText", text="Article 2"
[parser-unknown-class] "BodyText", text="Legislative Scope"
[parser-unknown-class] "BodyText", text=""
[parser-unknown-class] "BodyText", text="1. This Agreement shall apply to the following legislation:"
[parser-unknown-class] "BodyText", text="(a) in relation to Australia:"
[parser-unknown-class] "BodyText", text="(i) the Acts forming the social security law in so far as the law provides for, applies to or aff..."
[parser-unknown-class] "BodyText", text="(ii) the law concerning the superannuation guarantee (which at the time of signature of this Agre..."
[parser-unknown-class] "BodyText", text="(b) in relation to the Czech Republic: the Pension Insurance Act and related acts."
[parser-unknown-class] "BodyText", text=""
[parser-unknown-class] "BodyText", text="2. Notwithstanding the provisions of paragraph 1, unless otherwise provided in this Agreement, th..."
[parser-unknown-class] "BodyText", text=""
[parser-unknown-class] "BodyText", text="3. Except as provided in paragraph 4, this Agreement shall also apply to future legislation which..."
[parser-unknown-class] "BodyText", text=""
[parser-unknown-class] "BodyText", text="4. This Agreement shall not apply to future legislation which extends the existing legislation of..."
[parser-unknown-class] "BodyText", text=""
[parser-unknown-class] "BodyText", text="Article 3"
[parser-unknown-class] "BodyText", text="Personal Scope"
[parser-unknown-class] "BodyText", text=""
[parser-unknown-class] "BodyText", text="This Agreement shall apply to any person who:"
[parser-unknown-class] "BodyText", text="(a) is or has been an Australian resident, or is or has been subject to the legislation of Austra..."
[parser-unknown-class] "BodyText", text="(b) is or has been subject to the legislation of the Czech Republic"
[parser-unknown-class] "BodyText", text="and to other persons in regard to the rights they derive from the person described above."
[parser-unknown-class] "BodyText", text=""
[parser-unknown-class] "BodyText", text="Article 4"
[parser-unknown-class] "BodyText", text="Equality of Treatment"
[parser-unknown-class] "BodyText", text=""
[parser-unknown-class] "BodyText", text="All persons to whom this Agreement applies shall be treated equally by a Contracting State in reg..."
[parser-unknown-class] "BodyText", text=""
[parser-unknown-class] "BodyText", text="Article 5"
[parser-unknown-class] "BodyText", text="Export of Benefits"
[parser-unknown-class] "BodyText", text=""
[parser-unknown-class] "BodyText", text="1. Unless otherwise provided in this Agreement, benefits of one Contracting State, when payable b..."
[parser-unknown-class] "BodyText", text=""
[parser-unknown-class] "BodyText", text="2. Where the legislation of a Contracting State provides that a benefit is payable in a third Sta..."
[parser-unknown-class] "BodyText", text=""
[parser-unknown-class] "BodyText", text="PART II"
[parser-unknown-class] "BodyText", text="PROVISIONS ON COVERAGE"
[parser-unknown-class] "BodyText", text=""
[parser-unknown-class] "BodyText", text="Article 6"
[parser-unknown-class] "BodyText", text="Application of this Part"
[parser-unknown-class] "BodyText", text=""
[parser-unknown-class] "BodyText", text="This Part only applies if an employee and/or the employer of the employee would, apart from this ..."
[parser-unknown-class] "BodyText", text=""
[parser-unknown-class] "BodyText", text="Article 7"
[parser-unknown-class] "BodyText", text="Avoidance of Double Coverage"
[parser-unknown-class] "BodyText", text=""
[parser-unknown-class] "BodyText", text="1. Unless otherwise provided in this Part, if an employee works in the territory of one Contracti..."
[parser-unknown-class] "BodyText", text=""
[parser-unknown-class] "BodyText", text="2. An employee employed in the territory of one Contracting State by an employer having a place o..."
[parser-unknown-class] "BodyText", text=""
[parser-unknown-class] "BodyText", text="3. If an employee is working in the employment of an employer on a ship or aircraft in internatio..."
[parser-unknown-class] "BodyText", text=""
[parser-unknown-class] "BodyText", text="Article 8"
[parser-unknown-class] "BodyText", text="Diplomatic and Consular Relations and Government Employment"
[parser-unknown-class] "BodyText", text=""
[parser-unknown-class] "BodyText", text="1. This Agreement shall not affect the application of the provisions of the Vienna Convention on ..."
[parser-unknown-class] "BodyText", text=""
[parser-unknown-class] "BodyText", text="2. Employees who are sent by the Government of one Contracting State to work temporarily in the t..."
[parser-unknown-class] "BodyText", text=""
[parser-unknown-class] "BodyText", text="Article 9"
[parser-unknown-class] "BodyText", text="Exceptions"
[parser-unknown-class] "BodyText", text=""
[parser-unknown-class] "BodyText", text="At the request of an employee and/or an employer, the Competent Authorities of the two Contractin..."
[parser-unknown-class] "BodyText", text=""
[parser-unknown-class] "BodyText", text="PART III"
[parser-unknown-class] "BodyText", text="PROVISIONS RELATING TO BENEFITS"
[parser-unknown-class] "BodyText", text=""
[parser-unknown-class] "BodyText", text="Chapter 1"
[parser-unknown-class] "BodyText", text="Australian Benefits"
[parser-unknown-class] "BodyText", text=""
[parser-unknown-class] "BodyText", text="Article 10"
[parser-unknown-class] "BodyText", text="Residence or Presence in the Czech Republic or a Third State"
[parser-unknown-class] "BodyText", text="Where a person would be qualified under the legislation of Australia or by virtue of this Agreeme..."
[parser-unknown-class] "BodyText", text="(a) is an Australian resident or a resident of the Czech Republic or a third State with which Aus..."
[parser-unknown-class] "BodyText", text="(b) is in Australia, or the Czech Republic or that third State,"
[parser-unknown-class] "BodyText", text="that person, so long as he or she has been an Australian resident at some time, shall be deemed, ..."
[parser-unknown-class] "BodyText", text=""
[parser-unknown-class] "BodyText", text="Article 11"
[parser-unknown-class] "BodyText", text="Totalisation"
[parser-unknown-class] "BodyText", text=""
[parser-unknown-class] "BodyText", text="1. Where a person to whom this Agreement applies has claimed an Australian benefit under this Agr..."
[parser-unknown-class] "BodyText", text="(a) a period as an Australian resident that is less than the period required to qualify that pers..."
[parser-unknown-class] "BodyText", text="(b) a period of Australian working life residence equal to or greater than the period identified ..."
[parser-unknown-class] "BodyText", text="(c) a creditable period completed under the legislation of the Czech Republic;"
[parser-unknown-class] "BodyText", text="then, for the purposes of a claim for that Australian benefit, that creditable period completed u..."
[parser-unknown-class] "BodyText", text=""
[parser-unknown-class] "BodyText", text="2. For the purposes of paragraph 1, where a person:"
[parser-unknown-class] "BodyText", text="(a) has been an Australian resident for a continuous period which is less than the minimum contin..."
[parser-unknown-class] "BodyText", text="(b) has accumulated a creditable period completed under the legislation of the Czech Republic in ..."
[parser-unknown-class] "BodyText", text="the total of the creditable periods completed under the legislation of the Czech Republic shall b..."
[parser-unknown-class] "BodyText", text=""
[parser-unknown-class] "BodyText", text="3. For the purposes of this Article, where a period by a person as an Australian resident and a c..."
[parser-unknown-class] "BodyText", text=""
[parser-unknown-class] "BodyText", text="4. The minimum period of Australian working life residence to be taken into account for the purpo..."
[parser-unknown-class] "BodyText", text="(a) for the purposes of an Australian benefit that is payable to a person who is not an Australia..."
[parser-unknown-class] "BodyText", text="(b) for the purposes of an Australian benefit that is payable to an Australian resident, there sh..."
[parser-unknown-class] "BodyText", text=""
[parser-unknown-class] "BodyText", text="Article 12"
[parser-unknown-class] "BodyText", text="Calculation of Benefits"
[parser-unknown-class] "BodyText", text=""
[parser-unknown-class] "BodyText", text="1. Subject to paragraph 2, where an Australian benefit is payable only by virtue of this Agreemen..."
[parser-unknown-class] "BodyText", text=""
[parser-unknown-class] "BodyText", text="2. Paragraph 1 shall continue to apply for 26 weeks where a person comes temporarily to Australia."
[parser-unknown-class] "BodyText", text=""
[parser-unknown-class] "BodyText", text="3. Subject to paragraph 4, where an Australian benefit is payable only by virtue of this Agreemen..."
[parser-unknown-class] "BodyText", text="(a) calculating that person's income according to the legislation of Australia but disregarding i..."
[parser-unknown-class] "BodyText", text="(b) deducting the amount of the Czech Republic benefit which that person is entitled to receive f..."
[parser-unknown-class] "BodyText", text="(c) applying to the remaining benefit obtained under subparagraph (b) the relevant rate calculati..."
[parser-unknown-class] "BodyText", text=""
[parser-unknown-class] "BodyText", text="4. Paragraph 3 shall continue to apply for 26 weeks where a person departs temporarily from Austr..."
[parser-unknown-class] "BodyText", text=""
[parser-unknown-class] "BodyText", text="5. Where a member of a couple is, or both that person and his or her partner are, entitled to a C..."
[parser-unknown-class] "BodyText", text=""
[parser-unknown-class] "BodyText", text="6. Australian age pension shall include additional amounts for dependent children, if applicable,..."
[parser-unknown-class] "BodyText", text=""
[parser-unknown-class] "BodyText", text="Chapter 2"
[parser-unknown-class] "BodyText", text="Czech Republic Benefits"
[parser-unknown-class] "BodyText", text=""
[parser-unknown-class] "BodyText", text="Article 13"
[parser-unknown-class] "BodyText", text="Totalisation"
[parser-unknown-class] "BodyText", text=""
[parser-unknown-class] "BodyText", text="1. Unless otherwise provided in this Agreement, if a person is not eligible for a benefit because..."
[parser-unknown-class] "BodyText", text=""
[parser-unknown-class] "BodyText", text="2. For eligibility for the benefit, the Competent Institution of the Czech Republic shall take in..."
[parser-unknown-class] "BodyText", text=""
[parser-unknown-class] "BodyText", text="Article 14"
[parser-unknown-class] "BodyText", text="Calculation of benefits"
[parser-unknown-class] "BodyText", text=""
[parser-unknown-class] "BodyText", text="In order to determine the basis for calculation of the benefit, the Competent Institution of the ..."
[parser-unknown-class] "BodyText", text=""
[parser-unknown-class] "BodyText", text="3. The person concerned shall be entitled to the highest amount calculated in accordance with par..."
[parser-unknown-class] "BodyText", text=""
[parser-unknown-class] "BodyText", text="4. If the creditable period completed under the legislation of the Czech Republic is less than 12..."
[parser-unknown-class] "BodyText", text=""
[parser-unknown-class] "BodyText", text="5. Events and facts that have legal effect on entitlement, reduction, suspension or benefit amoun..."
[parser-unknown-class] "BodyText", text=""
[parser-unknown-class] "BodyText", text="6. A person whose disability began before reaching the age of 18 and who has not participated in ..."
[parser-unknown-class] "BodyText", text=""
[parser-unknown-class] "BodyText", text="PART IV"
[parser-unknown-class] "BodyText", text="MISCELLANEOUS AND ADMINISTRATIVE PROVISIONS"
[parser-unknown-class] "BodyText", text=""
[parser-unknown-class] "BodyText", text="Article 15"
[parser-unknown-class] "BodyText", text="Administrative Arrangement"
[parser-unknown-class] "BodyText", text=""
[parser-unknown-class] "BodyText", text="1. The Competent Authorities of the Contracting States shall establish, by means of an Administra..."
[parser-unknown-class] "BodyText", text=""
[parser-unknown-class] "BodyText", text="2. The Competent Authorities shall appoint liaison bodies which are to be listed in the Administr..."
[parser-unknown-class] "BodyText", text=""
[parser-unknown-class] "BodyText", text="Article 16"
[parser-unknown-class] "BodyText", text="Lodgement of Documents"
[parser-unknown-class] "BodyText", text=""
[parser-unknown-class] "BodyText", text="1. A claim, notice or appeal concerning a benefit, whether payable by virtue of this Agreement or..."
[parser-unknown-class] "BodyText", text=""
[parser-unknown-class] "BodyText", text="2. For the purposes of determining the right to a benefit, the date on which a claim, notice or a..."
[parser-unknown-class] "BodyText", text=""
[parser-unknown-class] "BodyText", text="3. A claim for a benefit from one Contracting State shall be considered as a claim for the corres..."
[parser-unknown-class] "BodyText", text=""
[parser-unknown-class] "BodyText", text="4. The reference in paragraph 1 to an appeal is a reference to an appeal that may be made to an a..."
[parser-unknown-class] "BodyText", text=""
[parser-unknown-class] "BodyText", text="Article 17"
[parser-unknown-class] "BodyText", text="Exemption from Fees and Authentication"
[parser-unknown-class] "BodyText", text=""
[parser-unknown-class] "BodyText", text="1. Where the laws of a Contracting State provide that any document which is submitted to the Comp..."
[parser-unknown-class] "BodyText", text=""
[parser-unknown-class] "BodyText", text="2. Documents and certificates which are presented for the purposes of this Agreement shall be exe..."
[parser-unknown-class] "BodyText", text=""
[parser-unknown-class] "BodyText", text="Article 18"
[parser-unknown-class] "BodyText", text="Payment of Benefits"
[parser-unknown-class] "BodyText", text=""
[parser-unknown-class] "BodyText", text=""
[parser-unknown-class] "BodyText", text="Article 19"
[parser-unknown-class] "BodyText", text="Exchange of Information and Mutual Assistance"
[parser-unknown-class] "BodyText", text=""
[parser-unknown-class] "BodyText", text="(a) communicate to each other any information necessary for the application of this Agreement or ..."
[parser-unknown-class] "BodyText", text="(b) provide assistance to one another, including any information necessary, with regard to the de..."
[parser-unknown-class] "BodyText", text="(c) communicate to each other, as soon as possible, all information about the measures taken by t..."
[parser-unknown-class] "BodyText", text="(a) to carry out administrative measures at variance with the laws or the administrative practice..."
[parser-unknown-class] "BodyText", text="(b) to supply particulars which are not obtainable under the laws or in the normal course of the ..."
[parser-unknown-class] "BodyText", text=""
[parser-unknown-class] "BodyText", text=""
[parser-unknown-class] "BodyText", text="Article 21"
[parser-unknown-class] "BodyText", text="Language"
[parser-unknown-class] "BodyText", text=""
[parser-unknown-class] "BodyText", text=""
[parser-unknown-class] "BodyText", text="Article 22"
[parser-unknown-class] "BodyText", text="Resolution of Disputes"
[parser-unknown-class] "BodyText", text=""
[parser-unknown-class] "BodyText", text="Any disagreement regarding the interpretation or application of this Agreement shall be resolved ..."
[parser-unknown-class] "BodyText", text=""
[parser-unknown-class] "BodyText", text="Article 23"
[parser-unknown-class] "BodyText", text="Review of Agreement"
[parser-unknown-class] "BodyText", text=""
[parser-unknown-class] "BodyText", text="Where a Contracting State requests the other to meet to review the Agreement, the Contracting Sta..."
[parser-unknown-class] "BodyText", text=""
[parser-unknown-class] "BodyText", text="PART V"
[parser-unknown-class] "BodyText", text="TRANSITIONAL AND FINAL PROVISIONS"
[parser-unknown-class] "BodyText", text="Article 24"
[parser-unknown-class] "BodyText", text="Transitional Provisions"
[parser-unknown-class] "BodyText", text=""
[parser-unknown-class] "BodyText", text="1. This Agreement shall not establish any right to a benefit for any period before the date of th..."
[parser-unknown-class] "BodyText", text=""
[parser-unknown-class] "BodyText", text="2. In determining entitlement to a benefit under this Agreement, periods as an Australian residen..."
[parser-unknown-class] "BodyText", text=""
[parser-unknown-class] "BodyText", text="3. Determinations concerning entitlement to benefits which were made before the entry into force ..."
[parser-unknown-class] "BodyText", text=""
[parser-unknown-class] "BodyText", text="4. Benefits determined before the entry into force of this Agreement may be newly determined upon..."
[parser-unknown-class] "BodyText", text=""
[parser-unknown-class] "BodyText", text=""
[parser-unknown-class] "BodyText", text="Article 25"
[parser-unknown-class] "BodyText", text="Ratification and Entry into Force"
[parser-unknown-class] "BodyText", text=""
[parser-unknown-class] "BodyText", text="1. This Agreement is subject to ratification."
[parser-unknown-class] "BodyText", text=""
[parser-unknown-class] "BodyText", text="2. This Agreement shall enter into force on the first day of the third month following the month ..."
[parser-unknown-class] "BodyText", text=""
[parser-unknown-class] "BodyText", text="Article 26"
[parser-unknown-class] "BodyText", text="Duration, Modification and Termination"
[parser-unknown-class] "BodyText", text=""
[parser-unknown-class] "BodyText", text=""
[parser-unknown-class] "BodyText", text=""
[parser-unknown-class] "BodyText", text="IN WITNESS WHEREOF, the undersigned, being duly authorised thereto, have signed this Agreement."
[parser-unknown-class] "BodyText", text=""
[parser-unknown-class] "BodyText", text=""
[parser-unknown-class] "BodyText", text="FOR AUSTRALIA:"
[parser-unknown-class] "BodyText", text=""
[parser-unknown-class] "BodyText", text=""
[parser-unknown-class] "BodyText", text=""
[parser-unknown-class] "BodyText", text="……………………………….……"
[parser-unknown-class] "BodyText", text="FOR the czech republic:"
[parser-unknown-class] "BodyText", text=""
[parser-unknown-class] "BodyText", text=""
[parser-unknown-class] "BodyText", text=""
[parser-unknown-class] "BodyText", text="……………………….…………"
[parser-unknown-class] "BodyText", text="Hon Jenny Macklin"
[parser-unknown-class] "BodyText", text="Minister for Families, HousingCommunity Services and Indigenous Affairs"
[parser-unknown-class] "BodyText", text="HE Dr Juraj Chmiel"
[parser-unknown-class] "BodyText", text="Ambassador Extraordinary and Plenipotentiary"
[parser-unknown-class] "Note", text="Note: See sections 5 and 8."
[parser-unknown-class] "BodyText", text="AGREEMENT BETWEEN AUSTRALIA AND THE SLOVAK REPUBLIC ON SOCIAL SECURITY"
[parser-unknown-class] "BodyText", text="Australia and the Slovak Republic (hereinafter “the Contracting Parties”),"
[parser-unknown-class] "BodyText", text="Wishing to strengthen the existing friendly relations between the two countries,"
[parser-unknown-class] "BodyText", text="and"
[parser-unknown-class] "BodyText", text="Being desirous of regulating the relationship between their two countries with respect to social ..."
[parser-unknown-class] "BodyText", text="Have agreed as follows:"
[parser-unknown-class] "BodyText", text="PART I"
[parser-unknown-class] "BodyText", text="GENERAL PROVISIONS"
[parser-unknown-class] "BodyText", text="Article 1"
[parser-unknown-class] "BodyText", text="Definitions"
[parser-unknown-class] "BodyText", text="1. In this Agreement, unless the context otherwise requires:"
[parser-unknown-class] "BodyText", text="(a) “benefit” means a benefit, pension or allowance as well as any additional amount, increase or..."
[parser-unknown-class] "BodyText", text="(b) “Competent Authority" means, in relation to Australia: the Secretary of the Commonwealth Depa..."
[parser-unknown-class] "BodyText", text="(c) “Competent Institution” means the institution or agency which has the task of implementing th..."
[parser-unknown-class] "BodyText", text="(d) “legislation” means, in relation to Australia, the laws specified in subparagraph 1(a)(i) of ..."
[parser-unknown-class] "BodyText", text="(e) “creditable period ” means a period of insurance, substitute period or equivalent period comp..."
[parser-unknown-class] "BodyText", text="(f) “period of Australian working life residence” means a period defined as such in the legislati..."
[parser-unknown-class] "BodyText", text="2. Any term not defined in this Article has the meaning assigned to it in the applicable legislat..."
[parser-unknown-class] "BodyText", text="Article 2"
[parser-unknown-class] "BodyText", text="Material Scope"
[parser-unknown-class] "BodyText", text="1. This Agreement shall apply to the following laws, as amended at the date of signature of this ..."
[parser-unknown-class] "BodyText", text="(a) in relation to Australia:"
[parser-unknown-class] "BodyText", text="(i) the Acts forming the social security law in so far as the law provides for, applies to or aff..."
[parser-unknown-class] "BodyText", text="(ii) the law concerning the superannuation guarantee (which at the time of signature of this Agre..."
[parser-unknown-class] "BodyText", text="(b) in relation to the Slovak Republic the legislation regarding:"
[parser-unknown-class] "BodyText", text="(i) old age pensions;"
[parser-unknown-class] "BodyText", text="(ii) invalidity pensions; and"
[parser-unknown-class] "BodyText", text="(iii) pensions for widows, widowers and orphans."
[parser-unknown-class] "BodyText", text="2. Notwithstanding the provisions of paragraph 1, the legislation of either Contracting Party sha..."
[parser-unknown-class] "BodyText", text="3. This Agreement shall not apply to future legislation which extends the existing legislation of..."
[parser-unknown-class] "BodyText", text="Article 3"
[parser-unknown-class] "BodyText", text="Personal Scope"
[parser-unknown-class] "BodyText", text="This Agreement shall apply to any person who:"
[parser-unknown-class] "BodyText", text="(a) is or has been an Australian resident; or"
[parser-unknown-class] "BodyText", text="(b) is or has been subject to the legislation of the Slovak Republic"
[parser-unknown-class] "BodyText", text="and, to other persons in regard to the rights they derive from the person described above."
[parser-unknown-class] "BodyText", text="Article 4"
[parser-unknown-class] "BodyText", text="Equality of Treatment"
[parser-unknown-class] "BodyText", text="Unless otherwise provided in this Agreement, all persons to whom this Agreement applies shall be ..."
[parser-unknown-class] "BodyText", text="Article 5"
[parser-unknown-class] "BodyText", text="Export of Benefits"
[parser-unknown-class] "BodyText", text="1. Unless otherwise provided in this Agreement, benefits of one Contracting Party when payable by..."
[parser-unknown-class] "BodyText", text="2. In relation to Australia, for the purposes of paragraph 1, any additional amount, increase or ..."
[parser-unknown-class] "BodyText", text="PART II"
[parser-unknown-class] "BodyText", text="PROVISIONS ON COVERAGE"
[parser-unknown-class] "BodyText", text="Article 6"
[parser-unknown-class] "BodyText", text="Purpose of this Part"
[parser-unknown-class] "BodyText", text="The purpose of this Part is to ensure that employers and employees who are subject to the legisla..."
[parser-unknown-class] "BodyText", text="Article 7"
[parser-unknown-class] "BodyText", text="Application of this Part"
[parser-unknown-class] "BodyText", text="This Part only applies if an employee and/or the employer of the employee would, apart from this ..."
[parser-unknown-class] "BodyText", text="Article 8"
[parser-unknown-class] "BodyText", text="Avoidance of Double Coverage"
[parser-unknown-class] "BodyText", text="1. Unless otherwise provided in this Part, if an employee works in the territory of one Contracti..."
[parser-unknown-class] "BodyText", text="2. If an employee:"
[parser-unknown-class] "BodyText", text="(a) is covered by the legislation of one Contracting Party;"
[parser-unknown-class] "BodyText", text="(b) was sent, whether before, on or after the commencement of this Agreement, by an employer who ..."
[parser-unknown-class] "BodyText", text="(c) is working in the territory of the other Contracting Party in the employment of the employer ..."
[parser-unknown-class] "BodyText", text="(d) a period of 4 years from the time the employee was sent to work in the territory of the other..."
[parser-unknown-class] "BodyText", text="(e) is not working permanently in the territory of the other Contracting Party;"
[parser-unknown-class] "BodyText", text="the employer of the employee and the employee shall be subject only to the legislation of the fir..."
[parser-unknown-class] "BodyText", text="3. For the purposes of subparagraph 2(c) an entity is a related entity of an employer if the enti..."
[parser-unknown-class] "BodyText", text="4. If an employee is working in the employment of an employer on a ship or aircraft in internatio..."
[parser-unknown-class] "BodyText", text="Article 9"
[parser-unknown-class] "BodyText", text="Diplomatic and Consular Relations and Government Employment"
[parser-unknown-class] "BodyText", text="1. This Agreement shall not affect the provisions of the Vienna Convention on Diplomatic Relation..."
[parser-unknown-class] "BodyText", text="2. Employees who are sent by the Government of one Contracting Party to work temporarily in the t..."
[parser-unknown-class] "BodyText", text="Article 10"
[parser-unknown-class] "BodyText", text="Exception agreements"
[parser-unknown-class] "BodyText", text="The Competent Authorities or agencies designated by them, may agree in writing to make exceptions..."
[parser-unknown-class] "BodyText", text="PART III"
[parser-unknown-class] "BodyText", text="PROVISIONS RELATING TO BENEFITS"
[parser-unknown-class] "BodyText", text="Chapter 1"
[parser-unknown-class] "BodyText", text="Australian Benefits"
[parser-unknown-class] "BodyText", text="Article 11"
[parser-unknown-class] "BodyText", text="Residence or Presence in the Slovak Republic"
[parser-unknown-class] "BodyText", text="Where a person would be qualified under the legislation of Australia or by virtue of this Agreeme..."
[parser-unknown-class] "BodyText", text="(a) is an Australian resident or a resident of the Slovak Republic; and"
[parser-unknown-class] "BodyText", text="(b) is in Australia, or the Slovak Republic,"
[parser-unknown-class] "BodyText", text="that person, so long as he or she has been an Australian resident at some time, shall be deemed, ..."
[parser-unknown-class] "BodyText", text="Article 12"
[parser-unknown-class] "BodyText", text="Totalisation"
[parser-unknown-class] "BodyText", text="1. Where a person to whom this Agreement applies has claimed an Australian benefit under this Agr..."
[parser-unknown-class] "BodyText", text="(a) a period as an Australian resident that is less than the period required to qualify that pers..."
[parser-unknown-class] "BodyText", text="(b) a period of Australian working life residence equal to or greater than the period identified ..."
[parser-unknown-class] "BodyText", text="(c) a creditable period under the legislation of the Slovak Republic;"
[parser-unknown-class] "BodyText", text="then, for the purposes of a claim for that Australian benefit, that creditable period shall be de..."
[parser-unknown-class] "BodyText", text="2. For the purposes of paragraph 1, where a person:"
[parser-unknown-class] "BodyText", text="(a) has been an Australian resident for a continuous period which is less than the minimum contin..."
[parser-unknown-class] "BodyText", text="(b) has accumulated two or more separate creditable periods that equal or exceed in total the min..."
[parser-unknown-class] "BodyText", text="the total of the creditable periods completed under the legislation of the Slovak Republic shall ..."
[parser-unknown-class] "BodyText", text="3. For the purposes of this Article, where a period by a person as an Australian resident and a c..."
[parser-unknown-class] "BodyText", text="4. The minimum period of Australian working life residence to be taken into account for the purpo..."
[parser-unknown-class] "BodyText", text="(a) for the purposes of an Australian benefit that is payable to a person who is not an Australia..."
[parser-unknown-class] "BodyText", text="(b) for the purposes of an Australian benefit that is payable to an Australian resident, there sh..."
[parser-unknown-class] "BodyText", text="Article 13"
[parser-unknown-class] "BodyText", text="Calculation of Benefits"
[parser-unknown-class] "BodyText", text="1. Where an Australian benefit is payable only by virtue of this Agreement to a person who is out..."
[parser-unknown-class] "BodyText", text="2. Where a person comes temporarily to Australia, paragraph 1 shall continue to apply for 26 week..."
[parser-unknown-class] "BodyText", text="3. Where an Australian benefit is payable only by virtue of this Agreement to a person who is in ..."
[parser-unknown-class] "BodyText", text="(a) calculating that person's income according to the legislation of Australia but disregarding i..."
[parser-unknown-class] "BodyText", text="(b) deducting the amount of the Slovak Republic benefit which that person is entitled to receive ..."
[parser-unknown-class] "BodyText", text="(c) applying to the remaining benefit obtained under subparagraph (b) the relevant rate calculati..."
[parser-unknown-class] "BodyText", text="4. Where a person departs temporarily from Australia, paragraph 3 shall continue to apply for 26 ..."
[parser-unknown-class] "BodyText", text="5. Where a member of a couple is, or both that person and his or her partner are, entitled to a S..."
[parser-unknown-class] "BodyText", text="Chapter 2"
[parser-unknown-class] "BodyText", text="Slovak Republic Benefits"
[parser-unknown-class] "BodyText", text="Article 14"
[parser-unknown-class] "BodyText", text="Totalisation"
[parser-unknown-class] "BodyText", text="Unless otherwise provided in this Agreement, if a person is not eligible for a benefit because he..."
[parser-unknown-class] "BodyText", text="Article 15"
[parser-unknown-class] "BodyText", text="Calculation of Benefits"
[parser-unknown-class] "BodyText", text="1. If, under the legislation of the Slovak Republic, a person or the survivors of that person are..."
[parser-unknown-class] "BodyText", text="2. If, under the legislation of the Slovak Republic, a person or the survivors of that person are..."
[parser-unknown-class] "BodyText", text="(a) the Competent Institution of the Slovak Republic shall first determine whether, under the leg..."
[parser-unknown-class] "BodyText", text="(b) if the benefit is payable in accordance with sub‑paragraph (a), the Competent Institution of ..."
[parser-unknown-class] "BodyText", text="(c) based on the theoretical amount of the benefit, the institution shall determine the amount of..."
[parser-unknown-class] "BodyText", text="3. If the creditable periods completed under the legislation of the Slovak Republic are less than..."
[parser-unknown-class] "BodyText", text="4. If, under the legislation of the Slovak Republic, the Competent Institution can determine the ..."
[parser-unknown-class] "BodyText", text="5. An invalidity pension for a person whose disability arose when the person was a dependent chil..."
[parser-unknown-class] "BodyText", text="PART IV"
[parser-unknown-class] "BodyText", text="MISCELLANEOUS AND ADMINISTRATIVE PROVISIONS"
[parser-unknown-class] "BodyText", text="Article 16"
[parser-unknown-class] "BodyText", text="Lodgement of Documents"
[parser-unknown-class] "BodyText", text="1. A claim, notice or appeal concerning a benefit, whether payable by virtue of this Agreement or..."
[parser-unknown-class] "BodyText", text="2. For the purposes of determining the right to a benefit, the date on which a claim, notice or a..."
[parser-unknown-class] "BodyText", text="3. A claim for a benefit in accordance with the legislation of one Contracting Party, submitted a..."
[parser-unknown-class] "BodyText", text="a) if a person requests that it be considered a claim under the legislation of the second Contrac..."
[parser-unknown-class] "BodyText", text="b) if a person has stated in the claim that they had an affiliation with the social security syst..."
[parser-unknown-class] "BodyText", text="4. In relation to Australia, paragraph 3 shall only apply if the corresponding claim is received ..."
[parser-unknown-class] "BodyText", text="5. In relation to Australia, the reference in paragraph 1 to an appeal document is a reference to..."
[parser-unknown-class] "BodyText", text="Article 17"
[parser-unknown-class] "BodyText", text="Payment of Benefits"
[parser-unknown-class] "BodyText", text="In the event that a Contracting Party imposes currency controls, that Contracting Party shall, wi..."
[parser-unknown-class] "BodyText", text="Article 18"
[parser-unknown-class] "BodyText", text="Exemption from Fees and Authentication"
[parser-unknown-class] "BodyText", text="1. Where the laws of a Contracting Party provide that any document which is submitted to the Comp..."
[parser-unknown-class] "BodyText", text="2. Documents and certificates which are presented for the purposes of this Agreement shall be exe..."
[parser-unknown-class] "BodyText", text="3. The Competent Institutions of the Contracting Parties shall pay benefits under this Agreement ..."
[parser-unknown-class] "BodyText", text="Article 19"
[parser-unknown-class] "BodyText", text="Recovery of overpayments"
[parser-unknown-class] "BodyText", text="1. If a Competent Institution of a Contracting Party has overpaid a benefit, or paid a benefit wh..."
[parser-unknown-class] "BodyText", text="2. In relation to Australia a reference in paragraph 1 to a benefit means a pension, benefit or a..."
[parser-unknown-class] "BodyText", text="Article 20"
[parser-unknown-class] "BodyText", text="Exchange of Information and Mutual Assistance"
[parser-unknown-class] "BodyText", text="1. The Competent Authorities and Competent Institutions responsible for the application of this A..."
[parser-unknown-class] "BodyText", text="(a) communicate to each other any information necessary for the application of this Agreement or ..."
[parser-unknown-class] "BodyText", text="(b) provide assistance to one another with regard to the determination or payment of any benefit ..."
[parser-unknown-class] "BodyText", text="(c) communicate to each other, as soon as possible, all information about the measures taken by t..."
[parser-unknown-class] "BodyText", text="(d) at the request of one to the other, assist each other in relation to the implementation of ag..."
[parser-unknown-class] "BodyText", text="2. The assistance referred to in paragraph 1 shall be provided free of charge, subject to any arr..."
[parser-unknown-class] "BodyText", text="3. If the Competent Institution of a Contracting Party requires that a claimant or a beneficiary ..."
[parser-unknown-class] "BodyText", text="4. In no case shall the provisions of paragraph 1 be construed so as to impose on the Competent A..."
[parser-unknown-class] "BodyText", text="(a) to carry out administrative measures at variance with the laws or the administrative practice..."
[parser-unknown-class] "BodyText", text="(b) to supply particulars which are not obtainable under the laws or in the normal course of the ..."
[parser-unknown-class] "BodyText", text="Article 21"
[parser-unknown-class] "BodyText", text="Administrative Arrangement"
[parser-unknown-class] "BodyText", text="1. The Competent Authorities of the Contracting Parties shall establish, by means of an Administr..."
[parser-unknown-class] "BodyText", text="2. The Competent Authorities shall appoint liaison bodies which are to be listed in the Administr..."
[parser-unknown-class] "BodyText", text="Article 22"
[parser-unknown-class] "BodyText", text="Protection of Personal Data"
[parser-unknown-class] "BodyText", text="Unless otherwise provided under the laws of a Contracting Party, any information about an individ..."
[parser-unknown-class] "BodyText", text="Article 23"
[parser-unknown-class] "BodyText", text="Language"
[parser-unknown-class] "BodyText", text="1. In the application of this Agreement, the Competent Authority and the Competent Institution of..."
[parser-unknown-class] "BodyText", text="2. An application or document may not be rejected by a Competent Authority or Competent Instituti..."
[parser-unknown-class] "BodyText", text="Article 24"
[parser-unknown-class] "BodyText", text="Resolution of Disputes"
[parser-unknown-class] "BodyText", text="Any disagreement regarding the interpretation or application of this Agreement shall be resolved ..."
[parser-unknown-class] "BodyText", text="Article 25"
[parser-unknown-class] "BodyText", text="Review of Agreement"
[parser-unknown-class] "BodyText", text="Where a Contracting Party requests the other to meet to review this Agreement, the Contracting Pa..."
[parser-unknown-class] "BodyText", text="PART V"
[parser-unknown-class] "BodyText", text="TRANSITIONAL AND FINAL PROVISIONS"
[parser-unknown-class] "BodyText", text="Article 26"
[parser-unknown-class] "BodyText", text="Transitional Provisions"
[parser-unknown-class] "BodyText", text="1. The commencement date for payment of a benefit payable by virtue of this Agreement shall be de..."
[parser-unknown-class] "BodyText", text="2. In determining entitlement to a benefit under this Agreement, periods as an Australian residen..."
[parser-unknown-class] "BodyText", text="3. Where, on the date on which this Agreement enters into force, a person is in receipt of a bene..."
[parser-unknown-class] "BodyText", text="4. Articles 8 & 9 apply from the date of entry into force of this Agreement, even if the person w..."
[parser-unknown-class] "BodyText", text="Article 27"
[parser-unknown-class] "BodyText", text="Entry into Force"
[parser-unknown-class] "BodyText", text="1. This Agreement shall enter into force on the first day of the third month following the month ..."
[parser-unknown-class] "BodyText", text="2. This Agreement may be amended in the future by supplementary agreements which, from their entr..."
[parser-unknown-class] "BodyText", text="Article 28"
[parser-unknown-class] "BodyText", text="Termination"
[parser-unknown-class] "BodyText", text="1. This Agreement has been entered into for an unlimited period of time."
[parser-unknown-class] "BodyText", text="2. Subject to paragraph 3, this Agreement shall remain in force until the last day of the twelfth..."
[parser-unknown-class] "BodyText", text="3. In the event of termination, this Agreement shall continue to have effect in relation to all p..."
[parser-unknown-class] "BodyText", text="(a) at the date on which termination takes effect, are in receipt of benefits; or"
[parser-unknown-class] "BodyText", text="(b) prior to that date have lodged claims for, and would be entitled to receive, benefits by virt..."
[parser-unknown-class] "BodyText", text="(c) immediately before the date of termination are subject only to the legislation of one Contrac..."
[parser-unknown-class] "BodyText", text=""
[parser-unknown-class] "BodyText", text="IN WITNESS WHEREOF, the undersigned, being duly authorised thereto, have signed this Agreement."
[parser-unknown-class] "BodyText", text="DONE in two originals at New York this 21st day of September, two thousand and ten in the English..."
[parser-unknown-class] "BodyText", text=""
[parser-unknown-class] "BodyText", text=""
[parser-unknown-class] "BodyText", text=""
[parser-unknown-class] "BodyText", text=""
[parser-unknown-class] "BodyText", text=""
[parser-unknown-class] "BodyText", text="FOR AUSTRALIA: FOR THE SLOVAK REPUBLIC:"
[parser-unknown-class] "BodyText", text=""
[parser-unknown-class] "BodyText", text=""
[parser-unknown-class] "BodyText", text=""
[parser-unknown-class] "BodyText", text=""
[parser-unknown-class] "BodyText", text=""
[parser-unknown-class] "BodyText", text="Kevin Rudd Mikuláš Dzurinda"
[parser-unknown-class] "BodyText", text=""
[parser-unknown-class] "BodyText", text="………………………………… …………………………………"
[parser-unknown-class] "Note", text="Note: See sections 5 and 8."
[parser-unknown-class] "BodyText", text="AGREEMENT BETWEEN AUSTRALIA AND THE REPUBLIC OF HUNGARY ON SOCIAL SECURITY"
[parser-unknown-class] "BodyText", text="Australia and the Republic of Hungary, hereinafter “the Contracting Parties”,"
[parser-unknown-class] "BodyText", text="Wishing to strengthen the existing friendly relations between the two countries,"
[parser-unknown-class] "BodyText", text="and"
[parser-unknown-class] "BodyText", text="Being desirous of regulating the relationship between their two countries with respect to social ..."
[parser-unknown-class] "BodyText", text="Have agreed as follows:"
[parser-unknown-class] "BodyText", text="PART I"
[parser-unknown-class] "BodyText", text="GENERAL PROVISIONS"
[parser-unknown-class] "BodyText", text="Article 1"
[parser-unknown-class] "BodyText", text="Definition of terms"
[parser-unknown-class] "BodyText", text="1. In this Agreement:"
[parser-unknown-class] "BodyText", text="(a) “benefit” means a pension or allowance that is payable under the applicable legislation of a ..."
[parser-unknown-class] "BodyText", text="(b) “Competent Authority” means,"
[parser-unknown-class] "BodyText", text="in relation to Australia, the Secretary of the Government Department responsible for the social s..."
[parser-unknown-class] "BodyText", text="in relation to the Republic of Hungary, the ministers, ministries or other relevant authorities r..."
[parser-unknown-class] "BodyText", text="(c) “Competent Institution” means, in relation to Australia, the institution or agency which has ..."
[parser-unknown-class] "BodyText", text="(d) “creditable period” means, in relation to Australia, a period of residence used to qualify fo..."
[parser-unknown-class] "BodyText", text="(e) “eligible person” means a person who has acquired eligibility for benefits under the social s..."
[parser-unknown-class] "BodyText", text="(f) “legislation” means the laws and regulations specified in Article 2 of this Agreement;"
[parser-unknown-class] "BodyText", text="(g) “period of Australian working life residence” means, in relation to a person, a period define..."
[parser-unknown-class] "BodyText", text="(h) “residence” means a place where the person concerned has permanent residence in accordance wi..."
[parser-unknown-class] "BodyText", text="2. Any term not defined in this Article shall have the meaning assigned to it in the applicable l..."
[parser-unknown-class] "BodyText", text="Article 2"
[parser-unknown-class] "BodyText", text="Legislative Scope"
[parser-unknown-class] "BodyText", text="This Agreement shall apply to the following legislation:"
[parser-unknown-class] "BodyText", text="(a) in relation to Australia:"
[parser-unknown-class] "BodyText", text="(i) the Acts forming the social security law in so far as the law provides for, applies to or aff..."
[parser-unknown-class] "BodyText", text="(ii) in relation to Part II of the Agreement and other Parts of the Agreement as they affect that..."
[parser-unknown-class] "BodyText", text="(b) in relation to the Republic of Hungary, to the laws and regulations concerning:"
[parser-unknown-class] "BodyText", text="(i) the insurance obligation and the payment of contribution covering social insurance benefits a..."
[parser-unknown-class] "BodyText", text="(ii) the social insurance pension benefits."
[parser-unknown-class] "BodyText", text="2. Subject to Article 2.4, this Agreement shall also apply to laws and regulations which amend, s..."
[parser-unknown-class] "BodyText", text="3. Unless otherwise provided in this Agreement, the legislation referred to in this Article shall..."
[parser-unknown-class] "BodyText", text="4. This Agreement shall also apply to laws and regulations of a Contracting Party which define ne..."
[parser-unknown-class] "BodyText", text="Article 3"
[parser-unknown-class] "BodyText", text="Personal Scope"
[parser-unknown-class] "BodyText", text="This Agreement shall apply to:"
[parser-unknown-class] "BodyText", text="(a) any person who is or has been covered by the legislation of one or both of the Contracting Pa..."
[parser-unknown-class] "BodyText", text="(b) any person who is or has been an Australian resident; and"
[parser-unknown-class] "BodyText", text="(c) other persons to the extent they derive rights under the applicable legislation from the pers..."
[parser-unknown-class] "BodyText", text="Article 4"
[parser-unknown-class] "BodyText", text="Equality of Treatment"
[parser-unknown-class] "BodyText", text="Unless otherwise provided in this Agreement, all persons to whom this Agreement applies shall be ..."
[parser-unknown-class] "BodyText", text="Article 5"
[parser-unknown-class] "BodyText", text="Export of Benefits"
[parser-unknown-class] "BodyText", text="1. Unless otherwise provided in this Agreement, benefits payable under the legislation of a Contr..."
[parser-unknown-class] "BodyText", text="2. In relation to Australia, for the purposes of Article 5.1, any increase or supplement that is ..."
[parser-unknown-class] "BodyText", text="PART II"
[parser-unknown-class] "BodyText", text="PROVISIONS CONCERNING THE APPLICABLE LEGISLATION"
[parser-unknown-class] "BodyText", text="Article 6"
[parser-unknown-class] "BodyText", text="General provisions"
[parser-unknown-class] "BodyText", text="1. The purpose of this Part is to ensure that employers and employees who are subject to the legi..."
[parser-unknown-class] "BodyText", text="2. This Part only applies if an employee and/or their employer would, apart from this Part, be su..."
[parser-unknown-class] "BodyText", text="3. Subject to this Part of the Agreement, if an employee works in the territory of a Contracting ..."
[parser-unknown-class] "BodyText", text="Article 7"
[parser-unknown-class] "BodyText", text="Secondment"
[parser-unknown-class] "BodyText", text="1. If a person who is subject to the legislation of a Contracting Party and who is employed by an..."
[parser-unknown-class] "BodyText", text="2. For the purposes of paragraph 1, a related entity, registered in the territory of the other Co..."
[parser-unknown-class] "BodyText", text="(a) the subsidiary or the majority owner of the employer; or"
[parser-unknown-class] "BodyText", text="(b) an associated enterprise of the employer, where both are majority owned by the same enterprise."
[parser-unknown-class] "BodyText", text="3. Paragraph 1 shall not apply to a secondment of more than 48 months without the prior consent o..."
[parser-unknown-class] "BodyText", text="Article 8"
[parser-unknown-class] "BodyText", text="Diplomatic and Consular Relations"
[parser-unknown-class] "BodyText", text="This Agreement shall not affect the provisions of the Vienna Convention on Diplomatic Relations o..."
[parser-unknown-class] "BodyText", text="Article 9"
[parser-unknown-class] "BodyText", text="Government employment"
[parser-unknown-class] "BodyText", text="A person engaged in Government employment for a Contracting Party who is sent to work in the terr..."
[parser-unknown-class] "BodyText", text="Article 10"
[parser-unknown-class] "BodyText", text="Exception agreements"
[parser-unknown-class] "BodyText", text="The Competent Authorities of the Contracting Parties or their delegated institutions or agencies ..."
[parser-unknown-class] "BodyText", text="Article 11"
[parser-unknown-class] "BodyText", text="Certificates"
[parser-unknown-class] "BodyText", text="Where the legislation of one Contracting Party is applicable in accordance with any of the provis..."
[parser-unknown-class] "BodyText", text="PART III"
[parser-unknown-class] "BodyText", text="PROVISIONS RELATING TO AUSTRALIAN BENEFITS"
[parser-unknown-class] "BodyText", text="Article 12"
[parser-unknown-class] "BodyText", text="Residence or Presence in the Republic of Hungary"
[parser-unknown-class] "BodyText", text="Where a person would be qualified under the legislation of Australia or by virtue of this Agreeme..."
[parser-unknown-class] "BodyText", text="(a) is an Australian resident or a resident of the Republic of Hungary; and"
[parser-unknown-class] "BodyText", text="(b) is in Australia, or the territory of the Republic of Hungary,"
[parser-unknown-class] "BodyText", text="that person, so long as he or she has been a resident of Australia at some time, shall be deemed,..."
[parser-unknown-class] "BodyText", text="Article 13"
[parser-unknown-class] "BodyText", text="Totalization in relation to Australian benefits"
[parser-unknown-class] "BodyText", text="1. Where a person to whom this Agreement applies has claimed an Australian benefit under this Agr..."
[parser-unknown-class] "BodyText", text="(a) a period as an Australian resident that is less than the period required to qualify that pers..."
[parser-unknown-class] "BodyText", text="(b) a period of Australian working life residence equal to or greater than the period specified i..."
[parser-unknown-class] "BodyText", text="(c) a creditable period under the legislation of the Republic of Hungary;"
[parser-unknown-class] "BodyText", text="then that creditable period completed under the legislation of the Republic of Hungary shall be d..."
[parser-unknown-class] "BodyText", text="2. For the purposes of Article 13.1, where a person:"
[parser-unknown-class] "BodyText", text="(a) has been an Australian resident for a continuous period which is less than the minimum contin..."
[parser-unknown-class] "BodyText", text="(b) has creditable periods under the legislation of the Republic of Hungary that equal or exceed ..."
[parser-unknown-class] "BodyText", text="the total of the creditable periods shall be deemed to be one continuous creditable period."
[parser-unknown-class] "BodyText", text="3. For the purposes of this Article, where a period by a person as an Australian resident and a c..."
[parser-unknown-class] "BodyText", text="4. The minimum period of Australian working life residence to be taken into account for the purpo..."
[parser-unknown-class] "BodyText", text="(a) for the purposes of an Australian benefit that is payable to a person who is not an Australia..."
[parser-unknown-class] "BodyText", text="(b) for the purposes of an Australian benefit that is payable to an Australian resident, there is..."
[parser-unknown-class] "BodyText", text="5. For the purpose of this Article, a creditable period completed under the legislation of the Re..."
[parser-unknown-class] "BodyText", text="Article 14"
[parser-unknown-class] "BodyText", text="Calculation of Australian Benefits"
[parser-unknown-class] "BodyText", text="1. Subject to Article 14.2, where an Australian benefit is payable only by virtue of this Agreeme..."
[parser-unknown-class] "BodyText", text="2. Where a person comes temporarily to Australia, Article 14.1 shall continue to apply for 26 wee..."
[parser-unknown-class] "BodyText", text="3. Subject to Article 14.4, where an Australian benefit is payable only by virtue of this Agreeme..."
[parser-unknown-class] "BodyText", text="(a) calculating that person's income according to the legislation of Australia but disregarding i..."
[parser-unknown-class] "BodyText", text="(b) deducting the amount of the benefit under the legislation of the Republic of Hungary which th..."
[parser-unknown-class] "BodyText", text="(c) applying to the remaining benefit obtained under Article 14.3(b) the relevant rate calculatio..."
[parser-unknown-class] "BodyText", text="4. Where a person departs temporarily from Australia, Article 14.3 shall continue to apply for 26..."
[parser-unknown-class] "BodyText", text="5. Where a member of a couple is, or both that person and his or her partner are, entitled to a b..."
[parser-unknown-class] "BodyText", text="PART IV"
[parser-unknown-class] "BodyText", text="PROVISIONS RELATING TO BENEFITS UNDER THE LEGISLATION OF THE REPUBLIC OF HUNGARY"
[parser-unknown-class] "BodyText", text="Article 15"
[parser-unknown-class] "BodyText", text="Residence in Australia may qualify a person for Hungarian benefits (Totalization)"
[parser-unknown-class] "BodyText", text="1. Where the legislation of the Republic of Hungary makes the acquisition, maintenance or recover..."
[parser-unknown-class] "BodyText", text="2. Where the legislation of the Republic of Hungary makes the granting of certain benefits condit..."
[parser-unknown-class] "BodyText", text="3. Where eligibility to a full benefit is acquired under the legislation of the Republic of Hunga..."
[parser-unknown-class] "BodyText", text="4. Once the Hungarian pension has been awarded the accumulation of additional creditable periods ..."
[parser-unknown-class] "BodyText", text="Article 16"
[parser-unknown-class] "BodyText", text="Calculating the amount of Hungarian partial benefits"
[parser-unknown-class] "BodyText", text="Where a person is entitled to a full benefit under the legislation of the Republic of Hungary onl..."
[parser-unknown-class] "BodyText", text="Article 17"
[parser-unknown-class] "BodyText", text="The basis of calculation of benefits"
[parser-unknown-class] "BodyText", text="Where under the legislation of the Republic of Hungary the benefits are calculated on the basis o..."
[parser-unknown-class] "BodyText", text="Article 18"
[parser-unknown-class] "BodyText", text="Creditable period less than 1 year"
[parser-unknown-class] "BodyText", text="Where the total creditable periods completed under the legislation of the Republic of Hungary is ..."
[parser-unknown-class] "BodyText", text="Article 19"
[parser-unknown-class] "BodyText", text="Concurrence of benefits"
[parser-unknown-class] "BodyText", text="1. In relation to the Republic of Hungary, the legislation which excludes or limits eligibility t..."
[parser-unknown-class] "BodyText", text="2. In relation to the Republic of Hungary, it shall not be possible to acquire or to maintain eli..."
[parser-unknown-class] "BodyText", text="PART V"
[parser-unknown-class] "BodyText", text="MISCELLANEOUS AND ADMINISTRATIVE PROVISIONS"
[parser-unknown-class] "BodyText", text="Article 20"
[parser-unknown-class] "BodyText", text="Lodgement of Documents"
[parser-unknown-class] "BodyText", text="1. A claim, appeal or other documentation concerning a benefit, whether payable by virtue of this..."
[parser-unknown-class] "BodyText", text="2. The date on which a claim, appeal or other documentation referred to in Article 20.1 is lodged..."
[parser-unknown-class] "BodyText", text="3. A claim for a benefit from one Contracting Party shall be considered as a claim for the corres..."
[parser-unknown-class] "BodyText", text="4. A claim, appeal or other documentation may not be rejected by a Competent Authority or Compete..."
[parser-unknown-class] "BodyText", text="5. The reference in Article 20.1 to an appeal is a reference to an appeal that may be made to an ..."
[parser-unknown-class] "BodyText", text="Article 21"
[parser-unknown-class] "BodyText", text="Payment of Benefits"
[parser-unknown-class] "BodyText", text="1. If a Contracting Party imposes legal or administrative restrictions on the transfer of currenc..."
[parser-unknown-class] "BodyText", text="2. A benefit payable by a Contracting Party by virtue of this Agreement shall be paid by that Con..."
[parser-unknown-class] "BodyText", text="3. Payments made under the scope of this Agreement shall be carried out on the basis of rules whi..."
[parser-unknown-class] "BodyText", text="4. Any exemption granted from fees and duties in respect of certificates and documents required t..."
[parser-unknown-class] "BodyText", text="Article 22"
[parser-unknown-class] "BodyText", text="Administrative Arrangement"
[parser-unknown-class] "BodyText", text="1. The Competent Authorities of the Contracting Parties shall establish, by means of an Administr..."
[parser-unknown-class] "BodyText", text="2. The Competent Authorities shall appoint Liaison Agencies which are to be listed in the Adminis..."
[parser-unknown-class] "BodyText", text="3. Without prejudice to the provisions laid down in paragraph 1, the Liaison Agencies and the Com..."
[parser-unknown-class] "BodyText", text="Article 23"
[parser-unknown-class] "BodyText", text="Exchange of Information and Mutual Assistance"
[parser-unknown-class] "BodyText", text="1. The Competent Authorities and Competent Institutions responsible for the application of this A..."
[parser-unknown-class] "BodyText", text="(a) communicate to each other any information necessary for the application of this Agreement or ..."
[parser-unknown-class] "BodyText", text="(b) provide assistance to each other with regard to the determination or payment of any benefit u..."
[parser-unknown-class] "BodyText", text="(c) communicate to each other, as soon as possible, all information about the measures taken by t..."
[parser-unknown-class] "BodyText", text="(d) assist each other, at the request of the claimant, in relation to the implementation of agree..."
[parser-unknown-class] "BodyText", text="2. The Competent Institution of a Contracting Party will, to the extent permitted by the legislat..."
[parser-unknown-class] "BodyText", text="3. If the Competent Institution of a Contracting Party requires that a claimant or beneficiary wh..."
[parser-unknown-class] "BodyText", text="4. The assistance referred to in Article 23.1‑23.3 shall be provided free of charge, unless other..."
[parser-unknown-class] "BodyText", text="5. In no case shall the provisions of Article 23.1 be construed so as to impose on a Contracting ..."
[parser-unknown-class] "BodyText", text="(a) carry out administrative measures at variance with the laws or the administrative practice of..."
[parser-unknown-class] "BodyText", text="(b) supply information which is not ordinarily obtainable under the laws or in the normal adminis..."
[parser-unknown-class] "BodyText", text="6. In the application of this Agreement, the Competent Authority and the Competent Institution of..."
[parser-unknown-class] "BodyText", text="7. The Competent Institution of the Republic of Hungary may mail decisions by recorded delivery w..."
[parser-unknown-class] "BodyText", text="8. Claims for benefits, appeals, any related documents and any notification or other communicatio..."
[parser-unknown-class] "BodyText", text="9. The Liaison Agencies of the Contracting Parties will supply to each other in an agreed format ..."
[parser-unknown-class] "BodyText", text="Article 24"
[parser-unknown-class] "BodyText", text="Data protection"
[parser-unknown-class] "BodyText", text="Where on the basis of this Agreement and in accordance with the national laws of both Contracting..."
[parser-unknown-class] "BodyText", text="(a) For the purpose of implementing this Agreement, only personal data necessary for providing be..."
[parser-unknown-class] "BodyText", text="(b) The Competent Institution receiving such data shall, upon request and in individual cases, in..."
[parser-unknown-class] "BodyText", text="(c) The Competent Institution providing data must ensure that the data to be disclosed is accurat..."
[parser-unknown-class] "BodyText", text="(d) The Competent Institution as well as the Competent Authority shall inform the person concerne..."
[parser-unknown-class] "BodyText", text="(e) If a Competent Institution of one Contracting Party has disclosed personal data under this Ag..."
[parser-unknown-class] "BodyText", text="(f) Personal data received shall be deleted without delay when it is no longer required for the p..."
[parser-unknown-class] "BodyText", text="(g) The transmission and receipt of personal data shall be recorded both by the transmitting and ..."
[parser-unknown-class] "BodyText", text="(h) Both the transmitting and the receiving Competent Institutions shall ensure the effective pro..."
[parser-unknown-class] "BodyText", text="(i) On the request of the person concerned, both the receiving and the transmitting Competent Ins..."
[parser-unknown-class] "BodyText", text="(j) The Contracting Parties shall ensure that, in case of the infringement of the rights related ..."
[parser-unknown-class] "BodyText", text="(k) Data processed under this Agreement shall be subject to independent oversight according to th..."
[parser-unknown-class] "BodyText", text="Article 25"
[parser-unknown-class] "BodyText", text="Resolution of Disputes"
[parser-unknown-class] "BodyText", text="1. The Competent Authorities of the Contracting Parties shall resolve, to the extent possible, an..."
[parser-unknown-class] "BodyText", text="2. The Contracting Parties shall consult promptly at the request of either Contracting Party conc..."
[parser-unknown-class] "BodyText", text="Article 26"
[parser-unknown-class] "BodyText", text="Review of Agreement"
[parser-unknown-class] "BodyText", text="Where a Contracting Party requests the other to meet to review this Agreement, the Contracting Pa..."
[parser-unknown-class] "BodyText", text="Article 27"
[parser-unknown-class] "BodyText", text="The right of representation of diplomatic and consular missions"
[parser-unknown-class] "BodyText", text="The officials of diplomatic and consular missions of the Republic of Hungary functioning in the t..."
[parser-unknown-class] "BodyText", text="PART VI"
[parser-unknown-class] "BodyText", text="TRANSITIONAL AND FINAL PROVISIONS"
[parser-unknown-class] "BodyText", text="Article 28"
[parser-unknown-class] "BodyText", text="Transitional and eligibility provisions"
[parser-unknown-class] "BodyText", text="1. This Agreement shall not establish any right to a benefit for any period before the date of en..."
[parser-unknown-class] "BodyText", text="2. In determining entitlement to a benefit under this Agreement, periods as an Australian residen..."
[parser-unknown-class] "BodyText", text="3. Articles 7 and 9 apply from the date of entry into force of this Agreement, even if the employ..."
[parser-unknown-class] "BodyText", text="Article 29"
[parser-unknown-class] "BodyText", text="Obligation of the Republic of Hungary relating to this Agreement"
[parser-unknown-class] "BodyText", text="The present agreement shall in no way prejudice the obligations of the Republic of Hungary as a m..."
[parser-unknown-class] "BodyText", text="Article 30"
[parser-unknown-class] "BodyText", text="Entry into Force"
[parser-unknown-class] "BodyText", text="This Agreement shall enter into force on the first day of the third month following the month in ..."
[parser-unknown-class] "BodyText", text="Article 31"
[parser-unknown-class] "BodyText", text="Termination"
[parser-unknown-class] "BodyText", text="1. Subject to Article 31.2, this Agreement shall remain in force until the expiration of 12 month..."
[parser-unknown-class] "BodyText", text="2. In the event of termination, this Agreement shall continue to have effect in relation to all p..."
[parser-unknown-class] "BodyText", text="(a) at the date on which termination takes effect, are in receipt of benefits; or"
[parser-unknown-class] "BodyText", text="(b) prior to that date have lodged claims for, and would be entitled to receive, benefits by virt..."
[parser-unknown-class] "BodyText", text="(c) immediately before the date of termination are subject only to the legislation of one Contrac..."
[parser-unknown-class] "BodyText", text="IN WITNESS WHEREOF, the undersigned, being duly authorised thereto by their respective Government..."
[parser-unknown-class] "BodyText", text="DONE in two originals at Gödöllő on this 7th day of June two thousand and eleven in the English a..."
[parser-unknown-class] "BodyText", text="Kevin Rudd Dr János Martonyi"
[parser-unknown-class] "BodyText", text="FOR AUSTRALIA"
[parser-unknown-class] "BodyText", text="FOR THE REPUBLIC OF HUNGARY"
[parser-unknown-class] "Note", text="Note: See sections 5 and 8."
[parser-unknown-class] "BodyText", text="AGREEMENT BETWEEN AUSTRALIA AND THE REPUBLIC OF LATVIA ON SOCIAL SECURITY"
[parser-unknown-class] "BodyText", text=""
[parser-unknown-class] "BodyText", text="PREAMBLE"
[parser-unknown-class] "BodyText", text=""
[parser-unknown-class] "BodyText", text="Australia and the Republic of Latvia (hereinafter “the Parties”),"
[parser-unknown-class] "BodyText", text=""
[parser-unknown-class] "BodyText", text="Wishing to strengthen the existing friendly relations between the two countries,"
[parser-unknown-class] "BodyText", text="and"
[parser-unknown-class] "BodyText", text="Being desirous of regulating the relationship between their two countries with respect to social ..."
[parser-unknown-class] "BodyText", text=""
[parser-unknown-class] "BodyText", text="Have agreed as follows:"
[parser-unknown-class] "BodyText", text=""
[parser-unknown-class] "BodyText", text="PART I"
[parser-unknown-class] "BodyText", text="GENERAL PROVISIONS"
[parser-unknown-class] "BodyText", text="Article 1"
[parser-unknown-class] "BodyText", text="Definitions"
[parser-unknown-class] "BodyText", text="1. In this Agreement, unless the context otherwise requires:"
[parser-unknown-class] "BodyText", text="“benefit” means:"
[parser-unknown-class] "BodyText", text="as regards Australia, a pension or any other benefit under the Acts specified in subparagraph 1(a..."
[parser-unknown-class] "BodyText", text=""
[parser-unknown-class] "BodyText", text="“Competent Authority” means, in relation to Australia, the Secretary of the Commonwealth Departme..."
[parser-unknown-class] "BodyText", text=""
[parser-unknown-class] "BodyText", text="“Competent Institution” means, in relation to Australia, the institution or agency which has the ..."
[parser-unknown-class] "BodyText", text=""
[parser-unknown-class] "BodyText", text="“insurance period” means, in relation to the Republic of Latvia, a period of contributions used t..."
[parser-unknown-class] "BodyText", text=""
[parser-unknown-class] "BodyText", text="“legislation” means:"
[parser-unknown-class] "BodyText", text="in relation to Australia, the laws specified in subparagraph 1(a)(i) of Article 2 except in relat..."
[parser-unknown-class] "BodyText", text="in relation to the Republic of Latvia, the laws specified in subparagraph 1(b) of Article 2."
[parser-unknown-class] "BodyText", text=""
[parser-unknown-class] "BodyText", text="“period of Australian working life residence” means a period defined as such in the legislation o..."
[parser-unknown-class] "BodyText", text=""
[parser-unknown-class] "BodyText", text="“residence” and “resides” mean, in relation to the Republic of Latvia, that a person has his or h..."
[parser-unknown-class] "BodyText", text=""
[parser-unknown-class] "BodyText", text="2. In the application of this Agreement by a Party, any term not defined shall, unless the contex..."
[parser-unknown-class] "BodyText", text=""
[parser-unknown-class] "BodyText", text=""
[parser-unknown-class] "BodyText", text="Article 2"
[parser-unknown-class] "BodyText", text="Legislative Scope"
[parser-unknown-class] "BodyText", text=""
[parser-unknown-class] "BodyText", text="1. Subject to paragraph 2, this Agreement shall apply to the following legislation:"
[parser-unknown-class] "BodyText", text=""
[parser-unknown-class] "BodyText", text="(a) in relation to Australia:"
[parser-unknown-class] "BodyText", text="(i) the Acts forming the social security law in so far as the law provides for, applies to or aff..."
[parser-unknown-class] "BodyText", text="and"
[parser-unknown-class] "BodyText", text="(ii) the law concerning the superannuation guarantee (which at the time of signature of this Agre..."
[parser-unknown-class] "BodyText", text="(b) in relation to the Republic of Latvia:"
[parser-unknown-class] "BodyText", text="(i) the Law on State Social Insurance, but only to the extent that it applies to the pension insu..."
[parser-unknown-class] "BodyText", text="(ii) the Law on State Pensions, but only to the extent that it applies to the old age pension and..."
[parser-unknown-class] "BodyText", text="(iii) the Law on State Funded Pensions, but only to the extent that it applies to the old age pen..."
[parser-unknown-class] "BodyText", text="(iv) the Law on State Social Allowances, but only to the extent that it applies to the state soci..."
[parser-unknown-class] "BodyText", text=""
[parser-unknown-class] "BodyText", text="2. Subject to paragraphs 4 and 5, this Agreement shall also apply to laws and regulations which a..."
[parser-unknown-class] "BodyText", text=""
[parser-unknown-class] "BodyText", text="3. Notwithstanding the provisions of subparagraph 1(a), this Agreement shall apply to women who a..."
[parser-unknown-class] "BodyText", text=""
[parser-unknown-class] "BodyText", text="4. Notwithstanding the provisions of paragraph 1, the legislation referred to in this Article sha..."
[parser-unknown-class] "BodyText", text=""
[parser-unknown-class] "BodyText", text="5. This Agreement shall not apply to future legislation which extends the existing legislation of..."
[parser-unknown-class] "BodyText", text=""
[parser-unknown-class] "BodyText", text=""
[parser-unknown-class] "BodyText", text="Article 3"
[parser-unknown-class] "BodyText", text="Personal Scope"
[parser-unknown-class] "BodyText", text=""
[parser-unknown-class] "BodyText", text="This Agreement shall apply to any person residing in the territory of either Party who:"
[parser-unknown-class] "BodyText", text="(a) is or has been an Australian resident; or"
[parser-unknown-class] "BodyText", text="(b) is or has been subject to the legislation of the Republic of Latvia that is specified in subp..."
[parser-unknown-class] "BodyText", text="and, where applicable, to other persons in regard to the rights they derive from the person descr..."
[parser-unknown-class] "BodyText", text=""
[parser-unknown-class] "BodyText", text="Article 4"
[parser-unknown-class] "BodyText", text="Equality of Treatment"
[parser-unknown-class] "BodyText", text=""
[parser-unknown-class] "BodyText", text="1. Subject to this Agreement and unless otherwise provided, all persons to whom this Agreement ap..."
[parser-unknown-class] "BodyText", text=""
[parser-unknown-class] "BodyText", text="2. Paragraph 1 shall not apply to the transitional provisions of the Law on State Pensions of the..."
[parser-unknown-class] "BodyText", text=""
[parser-unknown-class] "BodyText", text="Article 5"
[parser-unknown-class] "BodyText", text="Export of Benefits"
[parser-unknown-class] "BodyText", text=""
[parser-unknown-class] "BodyText", text="1. Benefits of one Party, when payable by virtue of this Agreement, shall be payable to persons w..."
[parser-unknown-class] "BodyText", text=""
[parser-unknown-class] "BodyText", text="2. In relation to Australia, for the purposes of paragraph 1, any additional amount, increase or ..."
[parser-unknown-class] "BodyText", text=""
[parser-unknown-class] "BodyText", text="3. In relation to Latvia, notwithstanding any other provision in this Agreement, state social sec..."
[parser-unknown-class] "BodyText", text="PART II"
[parser-unknown-class] "BodyText", text=""
[parser-unknown-class] "BodyText", text="PROVISIONS ON APPLICABLE LEGISLATION"
[parser-unknown-class] "BodyText", text=""
[parser-unknown-class] "BodyText", text=""
[parser-unknown-class] "BodyText", text="Article 6"
[parser-unknown-class] "BodyText", text="Application of this Part"
[parser-unknown-class] "BodyText", text=""
[parser-unknown-class] "BodyText", text="This Part only applies if:"
[parser-unknown-class] "BodyText", text=""
[parser-unknown-class] "BodyText", text="(a) an employee and/or their employer would, apart from this Part, be subject to the legislation ..."
[parser-unknown-class] "BodyText", text=""
[parser-unknown-class] "BodyText", text="(b) an employee or self‑employed person from the Republic of Latvia is sent to work in Australia ..."
[parser-unknown-class] "BodyText", text=""
[parser-unknown-class] "BodyText", text="(c) a self‑employed person in the Republic of Latvia is simultaneously employed in Australia."
[parser-unknown-class] "BodyText", text=""
[parser-unknown-class] "BodyText", text=""
[parser-unknown-class] "BodyText", text="Article 7"
[parser-unknown-class] "BodyText", text="Diplomatic and Consular Relations"
[parser-unknown-class] "BodyText", text=""
[parser-unknown-class] "BodyText", text="This Agreement shall not affect the application of the provisions of the Vienna Convention on Dip..."
[parser-unknown-class] "BodyText", text=""
[parser-unknown-class] "BodyText", text="Article 8"
[parser-unknown-class] "BodyText", text="Applicable Legislation"
[parser-unknown-class] "BodyText", text=""
[parser-unknown-class] "BodyText", text="1. Unless otherwise provided in paragraphs 2 or 3, if an employee works in the territory of one P..."
[parser-unknown-class] "BodyText", text=""
[parser-unknown-class] "BodyText", text="2. If an employee:"
[parser-unknown-class] "BodyText", text="(a) is covered by the legislation of one Party (‘the first Party’);"
[parser-unknown-class] "BodyText", text="(b) was sent by an employer who is subject to the legislation of the first Party to work in the t..."
[parser-unknown-class] "BodyText", text="(c) is working in the territory of the second Party in the employment of the employer or a relate..."
[parser-unknown-class] "BodyText", text="(d) a period of 4 years from the time the employee was sent to work in the territory of the secon..."
[parser-unknown-class] "BodyText", text="(e) the employee is not working permanently in the territory of the second Party;"
[parser-unknown-class] "BodyText", text="then the employer and their employee shall be subject only to the legislation of the first Party ..."
[parser-unknown-class] "BodyText", text="3. If an employee:"
[parser-unknown-class] "BodyText", text="(a) is covered by the legislation of one Party (‘the first Party’);"
[parser-unknown-class] "BodyText", text="(b) was sent by the Government of the first Party to work in the territory of the other Party (‘t..."
[parser-unknown-class] "BodyText", text="(c) is working in the territory of the second Party in the employment of the Government of the fi..."
[parser-unknown-class] "BodyText", text="(d) is not working permanently in the territory of the second Party;"
[parser-unknown-class] "BodyText", text="then the employer and employee shall be subject only to the legislation of the first Party in res..."
[parser-unknown-class] "BodyText", text="4. For the Republic of Latvia, if a self‑employed person:"
[parser-unknown-class] "BodyText", text="(a) is covered by the legislation of the Republic of Latvia;"
[parser-unknown-class] "BodyText", text="(b) is working in the territory of Australia;"
[parser-unknown-class] "BodyText", text="(c) a period of four years from the time the self‑employed person commenced working in Australia ..."
[parser-unknown-class] "BodyText", text="(d) is not working permanently in the territory of Australia,"
[parser-unknown-class] "BodyText", text="then the self‑employed person shall be subject only to the legislation of the Republic of Latvia ..."
[parser-unknown-class] "BodyText", text=""
[parser-unknown-class] "BodyText", text="5. For the purposes of subparagraph 2(c) an entity is a related entity of an employer if the enti..."
[parser-unknown-class] "BodyText", text=""
[parser-unknown-class] "BodyText", text="Article 9"
[parser-unknown-class] "BodyText", text="Exception agreements"
[parser-unknown-class] "BodyText", text=""
[parser-unknown-class] "BodyText", text="1. The Competent Institutions of the Parties may for the purposes of this Part by agreement in wr..."
[parser-unknown-class] "BodyText", text="(a) extend the period of 4 years referred to in subparagraph 2(d) of Article 8 for any employee; or"
[parser-unknown-class] "BodyText", text="(b) provide that an employee is deemed to work in the territory of a particular Party or to work ..."
[parser-unknown-class] "BodyText", text=""
[parser-unknown-class] "BodyText", text="2. Any agreement made under paragraph 1 may apply to:"
[parser-unknown-class] "BodyText", text="(a) a class of employees; and/or"
[parser-unknown-class] "BodyText", text="(b) particular work or particular type of work (including work that has not occurred at the time ..."
[parser-unknown-class] "BodyText", text="PART III"
[parser-unknown-class] "BodyText", text=""
[parser-unknown-class] "BodyText", text="PROVISIONS RELATING TO BENEFITS UNDER THE LEGISLATION OF AUSTRALIA"
[parser-unknown-class] "BodyText", text="Article 10"
[parser-unknown-class] "BodyText", text="Residence or Presence in the Republic of Latvia"
[parser-unknown-class] "BodyText", text="1. Where a person would be qualified under the legislation of Australia or by virtue of this Agre..."
[parser-unknown-class] "BodyText", text="(a) is an Australian resident or resides in the Republic of Latvia; and"
[parser-unknown-class] "BodyText", text="(b) is in Australia or the Republic of Latvia,"
[parser-unknown-class] "BodyText", text="that person, so long as he or she has been an Australian resident at some time, shall be deemed, ..."
[parser-unknown-class] "BodyText", text=""
[parser-unknown-class] "BodyText", text="2. For the purpose of subparagraph 1(a), a person who resides in the Republic of Latvia shall be ..."
[parser-unknown-class] "BodyText", text=""
[parser-unknown-class] "BodyText", text="Article 11"
[parser-unknown-class] "BodyText", text="Totalisation for Australia"
[parser-unknown-class] "BodyText", text=""
[parser-unknown-class] "BodyText", text="1. Where a person to whom this Agreement applies has claimed an Australian benefit under this Agr..."
[parser-unknown-class] "BodyText", text="(a) a period as an Australian resident that is less than the period required to qualify that pers..."
[parser-unknown-class] "BodyText", text="(b) a period of Australian working life residence equal to or greater than the period identified ..."
[parser-unknown-class] "BodyText", text="(c) an insurance period under the legislation of the Republic of Latvia"
[parser-unknown-class] "BodyText", text="then, only for the purpose of meeting any minimum qualifying period for that benefit set out in t..."
[parser-unknown-class] "BodyText", text="2. For the purposes of paragraph 1, where a person:"
[parser-unknown-class] "BodyText", text="(a) has been an Australian resident for a continuous period which is less than the minimum contin..."
[parser-unknown-class] "BodyText", text="(b) has accumulated an insurance period under the legislation of the Republic of Latvia in two or..."
[parser-unknown-class] "BodyText", text="the total of the insurance periods under the legislation of the Republic of Latvia shall be deeme..."
[parser-unknown-class] "BodyText", text=""
[parser-unknown-class] "BodyText", text="3. For the purposes of this Article, where a period by a person as an Australian resident and an ..."
[parser-unknown-class] "BodyText", text=""
[parser-unknown-class] "BodyText", text="4. The minimum period of Australian working life residence to be taken into account for the purpo..."
[parser-unknown-class] "BodyText", text="(a) for the purposes of an Australian benefit that is payable to a person who is not an Australia..."
[parser-unknown-class] "BodyText", text="(b) for the purposes of an Australian benefit that is payable to an Australian resident, there sh..."
[parser-unknown-class] "BodyText", text=""
[parser-unknown-class] "BodyText", text="5. For the purposes of this Article, an insurance period under the legislation of the Republic of..."
[parser-unknown-class] "BodyText", text=""
[parser-unknown-class] "BodyText", text="Article 12"
[parser-unknown-class] "BodyText", text="Calculation of Australian Benefits"
[parser-unknown-class] "BodyText", text=""
[parser-unknown-class] "BodyText", text="1. Subject to paragraph 2, where an Australian benefit is payable only by virtue of this Agreemen..."
[parser-unknown-class] "BodyText", text=""
[parser-unknown-class] "BodyText", text="2. Where a person comes temporarily to Australia, paragraph 1 shall continue to apply for 26 week..."
[parser-unknown-class] "BodyText", text=""
[parser-unknown-class] "BodyText", text="3. Subject to paragraph 4, where an Australian benefit is payable only by virtue of this Agreemen..."
[parser-unknown-class] "BodyText", text="(a) calculating that person's income according to the legislation of Australia but disregarding i..."
[parser-unknown-class] "BodyText", text="(b) deducting the amount of the benefit under the legislation of the Republic of Latvia which tha..."
[parser-unknown-class] "BodyText", text="(c) applying to the remaining benefit obtained under subparagraph (b) the relevant calculation me..."
[parser-unknown-class] "BodyText", text=""
[parser-unknown-class] "BodyText", text="4. Where a person departs temporarily from Australia, paragraph 3 shall continue to apply for 26 ..."
[parser-unknown-class] "BodyText", text=""
[parser-unknown-class] "BodyText", text="5. Where a member of a couple is, or both that person and his or her partner are, entitled to a b..."
[parser-unknown-class] "BodyText", text=""
[parser-unknown-class] "BodyText", text="PART IV"
[parser-unknown-class] "BodyText", text=""
[parser-unknown-class] "BodyText", text="PROVISIONS RELATING TO BENEFITS UNDER THE LEGISLATION"
[parser-unknown-class] "BodyText", text="OF THE REPUBLIC OF LATVIA"
[parser-unknown-class] "BodyText", text=""
[parser-unknown-class] "BodyText", text="Article 13"
[parser-unknown-class] "BodyText", text="Totalisation"
[parser-unknown-class] "BodyText", text=""
[parser-unknown-class] "BodyText", text="1. Unless otherwise provided in this Agreement, if a person is not eligible for a benefit because..."
[parser-unknown-class] "BodyText", text=""
[parser-unknown-class] "BodyText", text="2. For the purpose of determining eligibility for an old age pension or survivor’s pension under ..."
[parser-unknown-class] "BodyText", text=""
[parser-unknown-class] "BodyText", text="3. For the purpose of determining eligibility for a state social security benefit under the Law o..."
[parser-unknown-class] "BodyText", text=""
[parser-unknown-class] "BodyText", text="4. For the purposes of this Article, where an insurance period under the legislation of the Repub..."
[parser-unknown-class] "BodyText", text=""
[parser-unknown-class] "BodyText", text="5. Notwithstanding any other provision in this Agreement, if the total duration of the insurance ..."
[parser-unknown-class] "BodyText", text=""
[parser-unknown-class] "BodyText", text="Article 14"
[parser-unknown-class] "BodyText", text="Calculation of the amount of Benefit Payable"
[parser-unknown-class] "BodyText", text=""
[parser-unknown-class] "BodyText", text="1. If, under the legislation of the Republic of Latvia, the conditions of eligibility for a benef..."
[parser-unknown-class] "BodyText", text=""
[parser-unknown-class] "BodyText", text="2. If, under the legislation of the Republic of Latvia, eligibility for a benefit can be establis..."
[parser-unknown-class] "BodyText", text=""
[parser-unknown-class] "BodyText", text="3. Death grant and allowance for the deceased’s spouse shall be calculated according to the legis..."
[parser-unknown-class] "BodyText", text=""
[parser-unknown-class] "BodyText", text="PART V"
[parser-unknown-class] "BodyText", text=""
[parser-unknown-class] "BodyText", text="MISCELLANEOUS AND ADMINISTRATIVE PROVISIONS"
[parser-unknown-class] "BodyText", text=""
[parser-unknown-class] "BodyText", text="Article 15"
[parser-unknown-class] "BodyText", text="Lodgement of Documents"
[parser-unknown-class] "BodyText", text=""
[parser-unknown-class] "BodyText", text="1. A claim, notice or appeal concerning a benefit, whether payable by virtue of this Agreement or..."
[parser-unknown-class] "BodyText", text=""
[parser-unknown-class] "BodyText", text="2. For the purposes of determining the right to a benefit, the date on which a claim, notice or a..."
[parser-unknown-class] "BodyText", text=""
[parser-unknown-class] "BodyText", text="3. A claim for a benefit from one Party shall be considered as a claim for the corresponding bene..."
[parser-unknown-class] "BodyText", text=""
[parser-unknown-class] "BodyText", text="4. The reference in paragraph 1 to an appeal is a reference to an appeal that may be made to an a..."
[parser-unknown-class] "BodyText", text=""
[parser-unknown-class] "BodyText", text="Article 16"
[parser-unknown-class] "BodyText", text="Payment of Benefits"
[parser-unknown-class] "BodyText", text="1. The commencement date for payment of a benefit payable by virtue of this Agreement shall be de..."
[parser-unknown-class] "BodyText", text=""
[parser-unknown-class] "BodyText", text="2. The Parties will prevent any legal or administrative restrictions on the transfer of currency ..."
[parser-unknown-class] "BodyText", text=""
[parser-unknown-class] "BodyText", text="3. A benefit payable by a Party by virtue of this Agreement shall be paid without deduction for g..."
[parser-unknown-class] "BodyText", text=""
[parser-unknown-class] "BodyText", text=""
[parser-unknown-class] "BodyText", text="Article 17"
[parser-unknown-class] "BodyText", text="Exchange of Information and Mutual Assistance"
[parser-unknown-class] "BodyText", text="1. The Competent Authorities and Competent Institutions responsible for the application of this A..."
[parser-unknown-class] "BodyText", text="(a) communicate to each other all available information necessary for the application of this Agr..."
[parser-unknown-class] "BodyText", text="(b) provide assistance to one another, including the communication to each other of any necessary..."
[parser-unknown-class] "BodyText", text="(c) communicate to each other, as soon as possible, all information about the measures taken by t..."
[parser-unknown-class] "BodyText", text="2. The assistance referred to in paragraph 1 shall be provided free of charge, subject to any arr..."
[parser-unknown-class] "BodyText", text="3. Any exemption granted in the territory of one of the Parties from stamp duty, notarial or regi..."
[parser-unknown-class] "BodyText", text="4 .Unless disclosure is required under the laws of a Party, any information about an individual w..."
[parser-unknown-class] "BodyText", text="5. In no case shall the provisions of paragraphs 1 and 4 be construed so as to impose on the Comp..."
[parser-unknown-class] "BodyText", text="(a) to carry out administrative measures at variance with the laws or the administrative practice..."
[parser-unknown-class] "BodyText", text="(b) to supply particulars which are not obtainable under the laws or in the normal course of the ..."
[parser-unknown-class] "BodyText", text=""
[parser-unknown-class] "BodyText", text="6. Notwithstanding any laws or administrative practices of a Party, no information concerning a p..."
[parser-unknown-class] "BodyText", text="7. In the application of this Agreement, the Competent Authority and the Competent Institution of..."
[parser-unknown-class] "BodyText", text=""
[parser-unknown-class] "BodyText", text="8. An application or document may not be rejected by a Competent Authority or Competent Instituti..."
[parser-unknown-class] "BodyText", text=""
[parser-unknown-class] "BodyText", text="Article 18"
[parser-unknown-class] "BodyText", text="Administrative Arrangement"
[parser-unknown-class] "BodyText", text=""
[parser-unknown-class] "BodyText", text="1. The Competent Authorities of the Parties shall establish, by means of an Administrative Arrang..."
[parser-unknown-class] "BodyText", text=""
[parser-unknown-class] "BodyText", text="2. The Competent Authorities shall appoint liaison bodies which are to be listed in the Administr..."
[parser-unknown-class] "BodyText", text=""
[parser-unknown-class] "BodyText", text=""
[parser-unknown-class] "BodyText", text="Article 19"
[parser-unknown-class] "BodyText", text="Dispute Settlement"
[parser-unknown-class] "BodyText", text=""
[parser-unknown-class] "BodyText", text="1. The Competent Authorities of the Parties shall resolve, to the extent possible, any difficulti..."
[parser-unknown-class] "BodyText", text=""
[parser-unknown-class] "BodyText", text="2. The Parties shall consult promptly, whether through diplomatic channels or otherwise, at the r..."
[parser-unknown-class] "BodyText", text=""
[parser-unknown-class] "BodyText", text=""
[parser-unknown-class] "BodyText", text="Article 20"
[parser-unknown-class] "BodyText", text="Review of Agreement"
[parser-unknown-class] "BodyText", text=""
[parser-unknown-class] "BodyText", text="Where a Party requests the other to meet to review this Agreement, the Parties shall meet for tha..."
[parser-unknown-class] "BodyText", text="PART VI"
[parser-unknown-class] "BodyText", text="TRANSITIONAL AND FINAL PROVISIONS"
[parser-unknown-class] "BodyText", text="Article 21"
[parser-unknown-class] "BodyText", text="Transitional Provisions"
[parser-unknown-class] "BodyText", text="1. In determining entitlement to a benefit under this Agreement, periods as an Australian residen..."
[parser-unknown-class] "BodyText", text="2. In relation to the Republic of Latvia, paragraph 1 shall not apply where a benefit has already..."
[parser-unknown-class] "BodyText", text="3. Subject to the legislation of either Party, this Agreement shall not result in any reduction i..."
[parser-unknown-class] "BodyText", text="4. Article 8, paragraphs 2, 3 and 4 shall apply from the date of entry into force of this Agreeme..."
[parser-unknown-class] "BodyText", text=""
[parser-unknown-class] "BodyText", text=""
[parser-unknown-class] "BodyText", text="Article 22"
[parser-unknown-class] "BodyText", text="Entry into Force"
[parser-unknown-class] "BodyText", text=""
[parser-unknown-class] "BodyText", text="This Agreement is concluded for an indefinite period and shall enter into force on the first day ..."
[parser-unknown-class] "BodyText", text="Article 23"
[parser-unknown-class] "BodyText", text="Termination"
[parser-unknown-class] "BodyText", text=""
[parser-unknown-class] "BodyText", text="1. Subject to paragraph 2, this Agreement shall remain in force until the expiration of 12 months..."
[parser-unknown-class] "BodyText", text=""
[parser-unknown-class] "BodyText", text="2. In the event of termination, this Agreement shall continue to apply in relation to all persons..."
[parser-unknown-class] "BodyText", text="(a) at the date on which termination takes effect, are in receipt of benefits; or"
[parser-unknown-class] "BodyText", text="(b) prior to that date have lodged claims for, and would be entitled to receive, benefits by virt..."
[parser-unknown-class] "BodyText", text="(c) immediately before the date of termination are subject only to the legislation of one Party b..."
[parser-unknown-class] "BodyText", text=""
[parser-unknown-class] "BodyText", text="IN WITNESS WHEREOF, the undersigned, being duly authorised thereto by their respective Government..."
[parser-unknown-class] "BodyText", text=""
[parser-unknown-class] "BodyText", text=""
[parser-unknown-class] "BodyText", text=""
[parser-unknown-class] "BodyText", text=""
[parser-unknown-class] "BodyText", text=""
[parser-unknown-class] "BodyText", text=""
[parser-unknown-class] "BodyText", text="Signed by Dr Russel Trood Ilona Jursevska"
[parser-unknown-class] "BodyText", text="Special Envoy to Eastern Europe Minister of Welfare"
[parser-unknown-class] "BodyText", text=""
[parser-unknown-class] "BodyText", text=""
[parser-unknown-class] "BodyText", text=""
[parser-unknown-class] "BodyText", text=""
[parser-unknown-class] "BodyText", text="FOR AUSTRALIA"
[parser-unknown-class] "BodyText", text="FOR THE REPUBLIC OF LATVIA"
[parser-unknown-class] "FreeForm", text=""
[parser-unknown-class] "FreeForm", text=""
[parser-unknown-class] "FreeForm", text="AGREEMENT BETWEEN"
[parser-unknown-class] "FreeForm", text=""
[parser-unknown-class] "FreeForm", text=""
[parser-unknown-class] "FreeForm", text=""
[parser-unknown-class] "FreeForm", text="AUSTRALIA"
[parser-unknown-class] "FreeForm", text=""
[parser-unknown-class] "FreeForm", text="AND"
[parser-unknown-class] "FreeForm", text=""
[parser-unknown-class] "FreeForm", text="THE REPUBLIC OF INDIA"
[parser-unknown-class] "FreeForm", text=""
[parser-unknown-class] "FreeForm", text="ON SOCIAL SECURITY"
[parser-unknown-class] "FreeForm", text=""
[parser-unknown-class] "FreeForm", text=""
[parser-unknown-class] "FreeForm", text="Australia and the Republic of India (hereinafter “the Contracting Parties”),"
[parser-unknown-class] "FreeForm", text=""
[parser-unknown-class] "FreeForm", text="Wishing to strengthen the existing friendly relations between the two countries,"
[parser-unknown-class] "FreeForm", text=""
[parser-unknown-class] "FreeForm", text="and"
[parser-unknown-class] "FreeForm", text=""
[parser-unknown-class] "FreeForm", text="Being desirous of regulating the relationship between their two countries with respect to social ..."
[parser-unknown-class] "FreeForm", text=""
[parser-unknown-class] "FreeForm", text="Have agreed as follows:"
[parser-unknown-class] "FreeForm", text=""
[parser-unknown-class] "FreeForm", text=""
[parser-unknown-class] "FreeForm", text="PART I"
[parser-unknown-class] "FreeForm", text="GENERAL PROVISIONS"
[parser-unknown-class] "FreeForm", text=""
[parser-unknown-class] "FreeForm", text="Article 1"
[parser-unknown-class] "FreeForm", text="Definitions"
[parser-unknown-class] "FreeForm", text=""
[parser-unknown-class] "FreeForm", text="1. In this Agreement, unless the context otherwise requires:"
[parser-unknown-class] "FreeForm", text=""
[parser-unknown-class] "FreeForm", text="(a) “benefit” means, in relation to a Contracting Party, a benefit, pension or allowance for whic..."
[parser-unknown-class] "FreeForm", text=""
[parser-unknown-class] "FreeForm", text="(b) “Competent Authority” means, in relation to Australia, the Secretary to the Commonwealth Depa..."
[parser-unknown-class] "FreeForm", text=""
[parser-unknown-class] "FreeForm", text="(c) “Competent Institution” means, in relation to Australia, the institution or agency which has ..."
[parser-unknown-class] "FreeForm", text=""
[parser-unknown-class] "FreeForm", text="(d) “Government” in relation to paragraph 2 of Article 7 includes, for Australia, a political sub..."
[parser-unknown-class] "FreeForm", text=""
[parser-unknown-class] "FreeForm", text="(e) “legislation” means, in relation to Australia, the laws specified in subparagraph 1(a)(i) of ..."
[parser-unknown-class] "FreeForm", text=""
[parser-unknown-class] "FreeForm", text="(f) “period of insurance” means, in relation to India, any period of contributions under the legi..."
[parser-unknown-class] "FreeForm", text=""
[parser-unknown-class] "FreeForm", text="(g) “period of Australian working life residence” means a period defined as such in the legislati..."
[parser-unknown-class] "FreeForm", text=""
[parser-unknown-class] "FreeForm", text="(h) “territory” means, in relation to Australia, Australia as defined in the legislation of Austr..."
[parser-unknown-class] "FreeForm", text=""
[parser-unknown-class] "FreeForm", text="2. Any term not defined in this Article shall, unless the context otherwise requires, have the me..."
[parser-unknown-class] "FreeForm", text=""
[parser-unknown-class] "FreeForm", text=""
[parser-unknown-class] "FreeForm", text="Article 2"
[parser-unknown-class] "FreeForm", text="Legislative Scope"
[parser-unknown-class] "FreeForm", text=""
[parser-unknown-class] "FreeForm", text="1. This Agreement shall apply to the following laws, as amended at the date of signature of this ..."
[parser-unknown-class] "FreeForm", text=""
[parser-unknown-class] "FreeForm", text="(a) in relation to Australia:"
[parser-unknown-class] "FreeForm", text=""
[parser-unknown-class] "FreeForm", text="(i) the Acts forming the social security law in so far as the law provides for, applies to or aff..."
[parser-unknown-class] "FreeForm", text="(ii) the law concerning the superannuation guarantee (which at the time of signature of this Agre..."
[parser-unknown-class] "FreeForm", text=""
[parser-unknown-class] "FreeForm", text="(b) in relation to India, to all legislation concerning:"
[parser-unknown-class] "FreeForm", text=""
[parser-unknown-class] "FreeForm", text="(i) old‑age and survivors’ pension for employed persons;"
[parser-unknown-class] "FreeForm", text="(ii) the Permanent Total Disability pension for employed persons."
[parser-unknown-class] "FreeForm", text=""
[parser-unknown-class] "FreeForm", text="2. Except as otherwise provided in this Agreement, the legislation of either Contracting Party sh..."
[parser-unknown-class] "FreeForm", text=""
[parser-unknown-class] "FreeForm", text="3. This Agreement shall apply to laws which extend the legislation of either Contracting Party to..."
[parser-unknown-class] "FreeForm", text=""
[parser-unknown-class] "FreeForm", text=""
[parser-unknown-class] "FreeForm", text="Article 3"
[parser-unknown-class] "FreeForm", text="Personal Scope"
[parser-unknown-class] "FreeForm", text=""
[parser-unknown-class] "FreeForm", text="This Agreement shall apply to any person who:"
[parser-unknown-class] "FreeForm", text=""
[parser-unknown-class] "FreeForm", text="(a) is or has been an Australian resident; or"
[parser-unknown-class] "FreeForm", text="(b) is or has been subject to the legislation of Australia; or"
[parser-unknown-class] "FreeForm", text="(c) is or has been subject to the legislation of India"
[parser-unknown-class] "FreeForm", text=""
[parser-unknown-class] "FreeForm", text="and to other persons in regard to the rights they derive from the person described above."
[parser-unknown-class] "FreeForm", text=""
[parser-unknown-class] "FreeForm", text=""
[parser-unknown-class] "FreeForm", text="Article 4"
[parser-unknown-class] "FreeForm", text="Equality of Treatment"
[parser-unknown-class] "FreeForm", text=""
[parser-unknown-class] "FreeForm", text="Unless otherwise provided, all persons to whom this Agreement applies shall be treated equally by..."
[parser-unknown-class] "FreeForm", text=""
[parser-unknown-class] "FreeForm", text=""
[parser-unknown-class] "FreeForm", text="Article 5"
[parser-unknown-class] "FreeForm", text="Export of Benefits"
[parser-unknown-class] "FreeForm", text=""
[parser-unknown-class] "FreeForm", text="1. Benefits of one Contracting Party, when payable by virtue of this Agreement, are payable to pe..."
[parser-unknown-class] "FreeForm", text=""
[parser-unknown-class] "FreeForm", text="2. In relation to Australia, for the purposes of paragraph 1 of this Article, any additional amou..."
[parser-unknown-class] "FreeForm", text=""
[parser-unknown-class] "FreeForm", text=""
[parser-unknown-class] "FreeForm", text="PART II"
[parser-unknown-class] "FreeForm", text="PROVISIONS ON COVERAGE"
[parser-unknown-class] "FreeForm", text=""
[parser-unknown-class] "FreeForm", text="Article 6"
[parser-unknown-class] "FreeForm", text="Purpose and Application"
[parser-unknown-class] "FreeForm", text=""
[parser-unknown-class] "FreeForm", text="1.  The purpose of this Part is to ensure that employers and employees who are subject to the leg..."
[parser-unknown-class] "FreeForm", text=""
[parser-unknown-class] "FreeForm", text="2. This Part applies only where an employee or the employer would otherwise be subject to the leg..."
[parser-unknown-class] "FreeForm", text=""
[parser-unknown-class] "FreeForm", text=""
[parser-unknown-class] "FreeForm", text="Article 7"
[parser-unknown-class] "FreeForm", text="Diplomats and Government Employees"
[parser-unknown-class] "FreeForm", text=""
[parser-unknown-class] "FreeForm", text="1. This Agreement shall not affect the provisions of the Vienna Convention on Diplomatic Relation..."
[parser-unknown-class] "FreeForm", text=""
[parser-unknown-class] "FreeForm", text="2. Employees of the Government, or persons treated as such according to the legislation of one Co..."
[parser-unknown-class] "FreeForm", text=""
[parser-unknown-class] "FreeForm", text=""
[parser-unknown-class] "FreeForm", text="Article 8"
[parser-unknown-class] "FreeForm", text="Avoidance of Double Coverage"
[parser-unknown-class] "FreeForm", text=""
[parser-unknown-class] "FreeForm", text="1. Unless otherwise provided in paragraphs 2 or 4 of this Article, if an employee works in the te..."
[parser-unknown-class] "FreeForm", text=""
[parser-unknown-class] "FreeForm", text="2. If an employee:"
[parser-unknown-class] "FreeForm", text="(a) is covered by the legislation of one Contracting Party (‘the first Contracting Party’); and"
[parser-unknown-class] "FreeForm", text=""
[parser-unknown-class] "FreeForm", text="(b) was sent by an employer who is subject to the legislation of the first Contracting Party to w..."
[parser-unknown-class] "FreeForm", text=""
[parser-unknown-class] "FreeForm", text="(c) is working in the territory of the second Contracting Party in the employment of the employer..."
[parser-unknown-class] "FreeForm", text=""
[parser-unknown-class] "FreeForm", text=""
[parser-unknown-class] "FreeForm", text="(d) is not working permanently in the territory of the second Contracting Party; and"
[parser-unknown-class] "FreeForm", text=""
[parser-unknown-class] "FreeForm", text="(e) a period of 5 years from the time the employee was sent to work in the territory of the secon..."
[parser-unknown-class] "FreeForm", text=""
[parser-unknown-class] "FreeForm", text="the employer and the employee shall be subject only to the legislation of the first Contracting P..."
[parser-unknown-class] "FreeForm", text=""
[parser-unknown-class] "FreeForm", text="3. The period of five years referred to in subparagraph 2(d) of this Article may be extended with..."
[parser-unknown-class] "FreeForm", text=""
[parser-unknown-class] "FreeForm", text="4. For the purposes of subparagraph 2(c) of this Article an entity is a related entity of an empl..."
[parser-unknown-class] "FreeForm", text=""
[parser-unknown-class] "FreeForm", text="5. Employees on board vessels flying the Indian flag or working for an Indian airline company sha..."
[parser-unknown-class] "FreeForm", text=""
[parser-unknown-class] "FreeForm", text=""
[parser-unknown-class] "FreeForm", text="Article 9"
[parser-unknown-class] "FreeForm", text="Secondment from third states"
[parser-unknown-class] "FreeForm", text=""
[parser-unknown-class] "FreeForm", text="Paragraph 2 of Article 7 and paragraph 2 of Article 8 shall apply where a person who has been sen..."
[parser-unknown-class] "FreeForm", text=""
[parser-unknown-class] "FreeForm", text=""
[parser-unknown-class] "FreeForm", text="Article 10"
[parser-unknown-class] "FreeForm", text="Exceptions"
[parser-unknown-class] "FreeForm", text=""
[parser-unknown-class] "FreeForm", text="The Competent Authorities or the Competent Institutions designated by them may agree in writing t..."
[parser-unknown-class] "FreeForm", text=""
[parser-unknown-class] "FreeForm", text=""
[parser-unknown-class] "FreeForm", text="Article 11"
[parser-unknown-class] "FreeForm", text="Certificate on Coverage"
[parser-unknown-class] "FreeForm", text=""
[parser-unknown-class] "FreeForm", text="Where the legislation of one of the Contracting Parties is applicable in accordance with any of t..."
[parser-unknown-class] "FreeForm", text=""
[parser-unknown-class] "FreeForm", text=""
[parser-unknown-class] "FreeForm", text="PART III"
[parser-unknown-class] "FreeForm", text="PROVISIONS RELATING TO AUSTRALIAN BENEFITS"
[parser-unknown-class] "FreeForm", text=""
[parser-unknown-class] "FreeForm", text="Article 12"
[parser-unknown-class] "FreeForm", text="Residence or Presence in India"
[parser-unknown-class] "FreeForm", text=""
[parser-unknown-class] "FreeForm", text="Where a person would be qualified under the legislation of Australia or by virtue of this Agreeme..."
[parser-unknown-class] "FreeForm", text=""
[parser-unknown-class] "FreeForm", text="(a) is an Australian resident or a resident of India; and"
[parser-unknown-class] "FreeForm", text=""
[parser-unknown-class] "FreeForm", text="(b) is in Australia or India,"
[parser-unknown-class] "FreeForm", text=""
[parser-unknown-class] "FreeForm", text="that person, so long as he or she has a minimum of 12 months Australian working life residence, s..."
[parser-unknown-class] "FreeForm", text=""
[parser-unknown-class] "FreeForm", text=""
[parser-unknown-class] "FreeForm", text="Article 13"
[parser-unknown-class] "FreeForm", text="Totalisation"
[parser-unknown-class] "FreeForm", text=""
[parser-unknown-class] "FreeForm", text="1. Where a person to whom this Agreement applies has claimed an Australian benefit under this Agr..."
[parser-unknown-class] "FreeForm", text=""
[parser-unknown-class] "FreeForm", text="(a) a period as an Australian resident that is less than the period required to qualify that pers..."
[parser-unknown-class] "FreeForm", text=""
[parser-unknown-class] "FreeForm", text="(b) a period of Australian working life residence that is equal to or greater than the period ide..."
[parser-unknown-class] "FreeForm", text=""
[parser-unknown-class] "FreeForm", text="(c) a period of insurance in the Employees’ Pension Scheme,1995 of India accrued after the date o..."
[parser-unknown-class] "FreeForm", text=""
[parser-unknown-class] "FreeForm", text="then for the purposes of a claim for that Australian benefit, that period of insurance completed ..."
[parser-unknown-class] "FreeForm", text=""
[parser-unknown-class] "FreeForm", text="2. For the purposes of paragraph 1 of this Article, where a person:"
[parser-unknown-class] "FreeForm", text=""
[parser-unknown-class] "FreeForm", text="(a) has been an Australian resident for a continuous period which is less than the minimum contin..."
[parser-unknown-class] "FreeForm", text=""
[parser-unknown-class] "FreeForm", text="(b) has accumulated a period of insurance under the legislation of India, after this Agreement co..."
[parser-unknown-class] "FreeForm", text=""
[parser-unknown-class] "FreeForm", text="then the total of the periods of insurance under the legislation of India shall be deemed to be o..."
[parser-unknown-class] "FreeForm", text=""
[parser-unknown-class] "FreeForm", text="3. For the purposes of this Article, where a period by a person as an Australian resident and a p..."
[parser-unknown-class] "FreeForm", text=""
[parser-unknown-class] "FreeForm", text="4. The minimum period of Australian working life residence to be taken into account for the purpo..."
[parser-unknown-class] "FreeForm", text=""
[parser-unknown-class] "FreeForm", text=""
[parser-unknown-class] "FreeForm", text="Article 14"
[parser-unknown-class] "FreeForm", text="Calculation of Australian Benefits"
[parser-unknown-class] "FreeForm", text=""
[parser-unknown-class] "FreeForm", text="1. Subject to paragraph 2 of this Article, where an Australian benefit is payable only by virtue ..."
[parser-unknown-class] "FreeForm", text=""
[parser-unknown-class] "FreeForm", text="(a) calculating that person’s income according to the legislation of Australia, including any ben..."
[parser-unknown-class] "FreeForm", text=""
[parser-unknown-class] "FreeForm", text="(b) applying to the maximum rate of Australian benefit the relevant rate calculator set out in th..."
[parser-unknown-class] "FreeForm", text=""
[parser-unknown-class] "FreeForm", text="(c) proportionalising, if applicable, the amount of benefit calculated under subparagraph (b) by ..."
[parser-unknown-class] "FreeForm", text=""
[parser-unknown-class] "FreeForm", text="2. Paragraph 1 of this Article shall continue to apply for 26 weeks where a person comes temporar..."
[parser-unknown-class] "FreeForm", text=""
[parser-unknown-class] "FreeForm", text="3. Subject to paragraph 4 of this Article, where an Australian benefit is payable only by virtue ..."
[parser-unknown-class] "FreeForm", text=""
[parser-unknown-class] "FreeForm", text="(a) calculating the person’s income according to the legislation of Australia but disregarding in..."
[parser-unknown-class] "FreeForm", text=""
[parser-unknown-class] "FreeForm", text="(b) deducting the amount of that benefit under the legislation of India  which that person is ent..."
[parser-unknown-class] "FreeForm", text=""
[parser-unknown-class] "FreeForm", text="(c) applying to the remaining benefit obtained under subparagraph (b) the relevant rate calculati..."
[parser-unknown-class] "FreeForm", text=""
[parser-unknown-class] "FreeForm", text="4. Paragraph 3 of this Article shall continue to apply for 26 weeks where a person departs tempor..."
[parser-unknown-class] "FreeForm", text=""
[parser-unknown-class] "FreeForm", text="5. Where a member of a couple is, or both that person and his or her partner are, entitled to a b..."
[parser-unknown-class] "FreeForm", text=""
[parser-unknown-class] "FreeForm", text="6. For the purposes of paragraphs 1 and 2 of this Article, the Additional Child Amount shall be nil."
[parser-unknown-class] "FreeForm", text=""
[parser-unknown-class] "FreeForm", text=""
[parser-unknown-class] "FreeForm", text="PART IV"
[parser-unknown-class] "FreeForm", text="PROVISIONS RELATING TO BENEFITS OF INDIA"
[parser-unknown-class] "FreeForm", text=""
[parser-unknown-class] "FreeForm", text="Article 15"
[parser-unknown-class] "FreeForm", text="Totalisation of Insurance Period"
[parser-unknown-class] "FreeForm", text=""
[parser-unknown-class] "FreeForm", text="Where the legislation of India makes the acquisition, retention or recovery of the right to benef..."
[parser-unknown-class] "FreeForm", text=""
[parser-unknown-class] "FreeForm", text=""
[parser-unknown-class] "FreeForm", text="Article 16"
[parser-unknown-class] "FreeForm", text="Calculation of Indian benefits"
[parser-unknown-class] "FreeForm", text=""
[parser-unknown-class] "FreeForm", text="1. If a person is entitled to a benefit under the Indian legislation without necessarily proceedi..."
[parser-unknown-class] "FreeForm", text=""
[parser-unknown-class] "FreeForm", text="2. If a person is entitled to a benefit by virtue of the Indian legislation, with his right being..."
[parser-unknown-class] "FreeForm", text=""
[parser-unknown-class] "FreeForm", text="(a) the Competent Institution shall calculate the theoretical amount of the benefit due as if all..."
[parser-unknown-class] "FreeForm", text=""
[parser-unknown-class] "FreeForm", text="(b) the Competent Institution shall then calculate the amount due, on the basis of the amount spe..."
[parser-unknown-class] "FreeForm", text=""
[parser-unknown-class] "FreeForm", text="3. If the duration of insurance periods completed under the legislation of India is less than twe..."
[parser-unknown-class] "FreeForm", text=""
[parser-unknown-class] "FreeForm", text="4. Lump sum payments and withdrawals shall be granted to Australian nationals as provided for the..."
[parser-unknown-class] "FreeForm", text=""
[parser-unknown-class] "FreeForm", text=""
[parser-unknown-class] "FreeForm", text="PART V"
[parser-unknown-class] "FreeForm", text="MISCELLANEOUS AND ADMINISTRATIVE PROVISIONS"
[parser-unknown-class] "FreeForm", text=""
[parser-unknown-class] "FreeForm", text="Article 17"
[parser-unknown-class] "FreeForm", text="Lodgement of Documents"
[parser-unknown-class] "FreeForm", text=""
[parser-unknown-class] "FreeForm", text="1. A claim, notice or appeal concerning a benefit, whether payable by virtue of this Agreement or..."
[parser-unknown-class] "FreeForm", text=""
[parser-unknown-class] "FreeForm", text="2. The date on which a claim, notice or appeal referred to in paragraph 1 of this Article is lodg..."
[parser-unknown-class] "FreeForm", text=""
[parser-unknown-class] "FreeForm", text="3. A claim for a benefit from one Contracting Party shall be considered as a claim for the corres..."
[parser-unknown-class] "FreeForm", text=""
[parser-unknown-class] "FreeForm", text="4. The reference in paragraphs 1 and 2 of this Article to an appeal document is a reference to a ..."
[parser-unknown-class] "FreeForm", text=""
[parser-unknown-class] "FreeForm", text=""
[parser-unknown-class] "FreeForm", text="Article 18"
[parser-unknown-class] "FreeForm", text="Payment of Benefits"
[parser-unknown-class] "FreeForm", text=""
[parser-unknown-class] "FreeForm", text="1. If a Contracting Party imposes legal or administrative restrictions on the transfer of currenc..."
[parser-unknown-class] "FreeForm", text=""
[parser-unknown-class] "FreeForm", text="2. A benefit payable by a Contracting Party by virtue of this Agreement shall be paid by that Con..."
[parser-unknown-class] "FreeForm", text=""
[parser-unknown-class] "FreeForm", text="3. Where, under the legislation of one Contracting Party, documents submitted to a Competent Auth..."
[parser-unknown-class] "FreeForm", text=""
[parser-unknown-class] "FreeForm", text="4. Documents and certificates required to be produced for the purpose of this Agreement shall be ..."
[parser-unknown-class] "FreeForm", text=""
[parser-unknown-class] "FreeForm", text=""
[parser-unknown-class] "FreeForm", text="Article 19"
[parser-unknown-class] "FreeForm", text="Exchange of Information and Mutual Assistance"
[parser-unknown-class] "FreeForm", text=""
[parser-unknown-class] "FreeForm", text="1. The Competent Authorities and Competent Institutions responsible for the application of this A..."
[parser-unknown-class] "FreeForm", text=""
[parser-unknown-class] "FreeForm", text="(a) communicate to each other any information necessary for the application of this Agreement or ..."
[parser-unknown-class] "FreeForm", text=""
[parser-unknown-class] "FreeForm", text="(b) provide assistance to one another, including the communication to each other of any informati..."
[parser-unknown-class] "FreeForm", text=""
[parser-unknown-class] "FreeForm", text="(c) communicate to each other, as soon as possible, all information about the measures taken by t..."
[parser-unknown-class] "FreeForm", text=""
[parser-unknown-class] "FreeForm", text="2. The assistance referred to in paragraph 1 of this Article shall be provided free of charge, su..."
[parser-unknown-class] "FreeForm", text=""
[parser-unknown-class] "FreeForm", text="3. Unless disclosure is required under the laws of a Contracting Party, any information about an ..."
[parser-unknown-class] "FreeForm", text=""
[parser-unknown-class] "FreeForm", text="4. In no case shall the provisions of paragraphs 1 and 3 of this Article be construed so as to im..."
[parser-unknown-class] "FreeForm", text=""
[parser-unknown-class] "FreeForm", text="(a) to carry out administrative measures at variance with the laws or the administrative practice..."
[parser-unknown-class] "FreeForm", text=""
[parser-unknown-class] "FreeForm", text="(b) to supply information which is not ordinarily obtainable under the laws or in the normal admi..."
[parser-unknown-class] "FreeForm", text=""
[parser-unknown-class] "FreeForm", text="5. In the application of this Agreement, the Competent Authority and the Competent Institution of..."
[parser-unknown-class] "FreeForm", text=""
[parser-unknown-class] "FreeForm", text="6. Documents submitted to a Competent Authority or Competent Institution of a Contracting Party s..."
[parser-unknown-class] "FreeForm", text=""
[parser-unknown-class] "FreeForm", text="7. The Competent Institutions of the Contracting Parties will supply to each other, on a schedule..."
[parser-unknown-class] "FreeForm", text=""
[parser-unknown-class] "FreeForm", text=""
[parser-unknown-class] "FreeForm", text="Article 20"
[parser-unknown-class] "FreeForm", text="Administrative Arrangement"
[parser-unknown-class] "FreeForm", text=""
[parser-unknown-class] "FreeForm", text="The Competent Authorities of the Contracting Parties shall establish, by means of an Administrati..."
[parser-unknown-class] "FreeForm", text=""
[parser-unknown-class] "FreeForm", text=""
[parser-unknown-class] "FreeForm", text="Article 21"
[parser-unknown-class] "FreeForm", text="Exchange of Statistics"
[parser-unknown-class] "FreeForm", text=""
[parser-unknown-class] "FreeForm", text="The Competent Institutions of the Contracting Parties shall exchange annual statistics on the pay..."
[parser-unknown-class] "FreeForm", text=""
[parser-unknown-class] "FreeForm", text=""
[parser-unknown-class] "FreeForm", text="Article 22"
[parser-unknown-class] "FreeForm", text="Resolution of Disputes"
[parser-unknown-class] "FreeForm", text=""
[parser-unknown-class] "FreeForm", text="1. The Competent Authorities of the Contracting Parties shall resolve, to the extent possible, an..."
[parser-unknown-class] "FreeForm", text=""
[parser-unknown-class] "FreeForm", text="2. The Contracting Parties shall consult promptly at the request of either Contracting Party conc..."
[parser-unknown-class] "FreeForm", text=""
[parser-unknown-class] "FreeForm", text=""
[parser-unknown-class] "FreeForm", text="Article 23"
[parser-unknown-class] "FreeForm", text="Review of Agreement"
[parser-unknown-class] "FreeForm", text=""
[parser-unknown-class] "FreeForm", text="Where a Contracting Party requests the other to meet to review this Agreement, the Contracting Pa..."
[parser-unknown-class] "FreeForm", text=""
[parser-unknown-class] "FreeForm", text=""
[parser-unknown-class] "FreeForm", text="PART VI"
[parser-unknown-class] "FreeForm", text="TRANSITIONAL AND FINAL PROVISIONS"
[parser-unknown-class] "FreeForm", text=""
[parser-unknown-class] "FreeForm", text="Article 24"
[parser-unknown-class] "FreeForm", text="Transitional Provisions"
[parser-unknown-class] "FreeForm", text=""
[parser-unknown-class] "FreeForm", text="1. This Agreement shall not establish any right to a benefit for any period before the date of th..."
[parser-unknown-class] "FreeForm", text=""
[parser-unknown-class] "FreeForm", text="2. Except as otherwise provided in this Agreement, when determining entitlements to benefits unde..."
[parser-unknown-class] "FreeForm", text=""
[parser-unknown-class] "FreeForm", text="3. This Agreement shall not apply in respect to periods of insurance which were liquidated by the..."
[parser-unknown-class] "FreeForm", text=""
[parser-unknown-class] "FreeForm", text="4. Paragraph 2 of Article 7 and paragraph 2 of Article 8 shall apply from the date of entry into ..."
[parser-unknown-class] "FreeForm", text=""
[parser-unknown-class] "FreeForm", text=""
[parser-unknown-class] "FreeForm", text="Article 25"
[parser-unknown-class] "FreeForm", text="Entry into Force"
[parser-unknown-class] "FreeForm", text=""
[parser-unknown-class] "FreeForm", text="This Agreement shall enter into force on the first day of the third month following the month in ..."
[parser-unknown-class] "FreeForm", text=""
[parser-unknown-class] "FreeForm", text=""
[parser-unknown-class] "FreeForm", text="Article 26"
[parser-unknown-class] "FreeForm", text="Termination"
[parser-unknown-class] "FreeForm", text=""
[parser-unknown-class] "FreeForm", text="1. Subject to paragraph 2 of this Article, this Agreement shall remain in force until the expirat..."
[parser-unknown-class] "FreeForm", text=""
[parser-unknown-class] "FreeForm", text="2. In the event of termination, this Agreement shall continue to have effect in relation to all p..."
[parser-unknown-class] "FreeForm", text=""
[parser-unknown-class] "FreeForm", text="(a) at the date on which termination takes effect, are in receipt of benefits; or"
[parser-unknown-class] "FreeForm", text=""
[parser-unknown-class] "FreeForm", text="(b) prior to that date have lodged claims for, and would be entitled to receive, benefits by virt..."
[parser-unknown-class] "FreeForm", text=""
[parser-unknown-class] "FreeForm", text="(c) immediately before the date of termination are subject only to the legislation of one Contrac..."
[parser-unknown-class] "FreeForm", text=""
[parser-unknown-class] "FreeForm", text="IN WITNESS WHEREOF, the undersigned, being duly authorized thereto by their respective Government..."
[parser-unknown-class] "FreeForm", text=""
[parser-unknown-class] "FreeForm", text="DONE in two originals at Canberra on this 18th day of November, two thousand and fourteen in the ..."
[parser-unknown-class] "FreeForm", text=""
[parser-unknown-class] "FreeForm", text=""
[parser-unknown-class] "FreeForm", text=""
[parser-unknown-class] "FreeForm", text="FOR AUSTRALIA   FOR THE REPUBLIC OF INDIA"
[parser-unknown-class] "FreeForm", text="(Kevin Andrews, Minister for   (Biren Nanda, High Commissioner)"
[parser-unknown-class] "FreeForm", text="Social Services)"
[parser-unknown-class] "FreeForm", text=""
[parser-unknown-class] "FreeForm", text=""
[parser-unknown-class] "FreeForm", text="AGREEMENT BETWEEN"
[parser-unknown-class] "FreeForm", text=""
[parser-unknown-class] "FreeForm", text="AUSTRALIA"
[parser-unknown-class] "FreeForm", text=""
[parser-unknown-class] "FreeForm", text="AND"
[parser-unknown-class] "FreeForm", text=""
[parser-unknown-class] "FreeForm", text="THE REPUBLIC OF ESTONIA"
[parser-unknown-class] "FreeForm", text=""
[parser-unknown-class] "FreeForm", text="ON SOCIAL SECURITY"
[parser-unknown-class] "FreeForm", text=""
[parser-unknown-class] "FreeForm", text=""
[parser-unknown-class] "FreeForm", text="Australia and the Republic of Estonia (hereinafter “the Contracting Parties”),"
[parser-unknown-class] "FreeForm", text=""
[parser-unknown-class] "FreeForm", text="Wishing to strengthen the existing friendly relations between the two countries,"
[parser-unknown-class] "FreeForm", text=""
[parser-unknown-class] "FreeForm", text="and"
[parser-unknown-class] "FreeForm", text=""
[parser-unknown-class] "FreeForm", text="resolved to coordinate their social security systems and to eliminate double coverage for seconde..."
[parser-unknown-class] "FreeForm", text=""
[parser-unknown-class] "FreeForm", text="Have agreed as follows:"
[parser-unknown-class] "FreeForm", text=""
[parser-unknown-class] "FreeForm", text=""
[parser-unknown-class] "FreeForm", text=""
[parser-unknown-class] "FreeForm", text="PART I"
[parser-unknown-class] "FreeForm", text=""
[parser-unknown-class] "FreeForm", text=""
[parser-unknown-class] "FreeForm", text="GENERAL PROVISIONS"
[parser-unknown-class] "FreeForm", text=""
[parser-unknown-class] "FreeForm", text=""
[parser-unknown-class] "FreeForm", text="Article 1"
[parser-unknown-class] "FreeForm", text="Definitions"
[parser-unknown-class] "FreeForm", text=""
[parser-unknown-class] "FreeForm", text="1. In this Agreement, unless the context otherwise requires:"
[parser-unknown-class] "FreeForm", text=""
[parser-unknown-class] "FreeForm", text="(a) “benefit” means, in relation to a Contracting Party, a pension for which provision is made in..."
[parser-unknown-class] "FreeForm", text=""
[parser-unknown-class] "FreeForm", text="(b) “Competent Authority” means,"
[parser-unknown-class] "FreeForm", text=""
[parser-unknown-class] "FreeForm", text="in relation to Australia, the Secretary of the Commonwealth Department responsible for the legisl..."
[parser-unknown-class] "FreeForm", text=""
[parser-unknown-class] "FreeForm", text="in relation to the Republic of Estonia, the Ministry of Social Affairs, except in relation to the..."
[parser-unknown-class] "FreeForm", text=""
[parser-unknown-class] "FreeForm", text="(c) “Competent Institution” means the institution or agency which has the task of implementing th..."
[parser-unknown-class] "FreeForm", text=""
[parser-unknown-class] "FreeForm", text="(d) “insurance period” under the legislation of the Republic of Estonia means a period of payment..."
[parser-unknown-class] "FreeForm", text=""
[parser-unknown-class] "FreeForm", text="(e) “legislation” means,"
[parser-unknown-class] "FreeForm", text=""
[parser-unknown-class] "FreeForm", text="in relation to Australia, the laws specified in sub‑paragraph 1(a)(i) of Article 2 of this Agreem..."
[parser-unknown-class] "FreeForm", text=""
[parser-unknown-class] "FreeForm", text="in relation to the Republic of Estonia, the laws specified in sub‑paragraph 1(b)(i) of Article 2 ..."
[parser-unknown-class] "FreeForm", text=""
[parser-unknown-class] "FreeForm", text="(f) “period of Australian working life residence” means a period defined as such in the legislati..."
[parser-unknown-class] "FreeForm", text=""
[parser-unknown-class] "FreeForm", text="2. Unless the context otherwise requires, any term not defined in this Agreement shall have the m..."
[parser-unknown-class] "FreeForm", text=""
[parser-unknown-class] "FreeForm", text=""
[parser-unknown-class] "FreeForm", text=""
[parser-unknown-class] "FreeForm", text="Article 2"
[parser-unknown-class] "FreeForm", text="Legislative Scope"
[parser-unknown-class] "FreeForm", text=""
[parser-unknown-class] "FreeForm", text="1. This Agreement shall apply to the following laws, as amended at the date of signature of this ..."
[parser-unknown-class] "FreeForm", text=""
[parser-unknown-class] "FreeForm", text="(a) in relation to Australia:"
[parser-unknown-class] "FreeForm", text=""
[parser-unknown-class] "FreeForm", text="(i) the Acts forming the social security law in so far as the law provides for, applies to or aff..."
[parser-unknown-class] "FreeForm", text=""
[parser-unknown-class] "FreeForm", text="(ii) the law concerning the superannuation guarantee (which at the time of signature of this Agre..."
[parser-unknown-class] "FreeForm", text=""
[parser-unknown-class] "FreeForm", text="(b) in relation to the Republic of Estonia:"
[parser-unknown-class] "FreeForm", text=""
[parser-unknown-class] "FreeForm", text="(i) the legislation governing mandatory state pension insurance in case of old‑age and loss of pr..."
[parser-unknown-class] "FreeForm", text=""
[parser-unknown-class] "FreeForm", text="(ii) legislation governing the payment of social tax, the contributions of mandatory funded pensi..."
[parser-unknown-class] "FreeForm", text=""
[parser-unknown-class] "FreeForm", text="(iii) notwithstanding sub‑paragraph 1(b)(ii) of this Article, this Agreement shall not apply to t..."
[parser-unknown-class] "FreeForm", text=""
[parser-unknown-class] "FreeForm", text="2. Unless otherwise provided in this Agreement, the legislation of either Contracting Party shall..."
[parser-unknown-class] "FreeForm", text=""
[parser-unknown-class] "FreeForm", text="3. This Agreement shall apply to future legislation which extends the existing legislation of eit..."
[parser-unknown-class] "FreeForm", text=""
[parser-unknown-class] "FreeForm", text=""
[parser-unknown-class] "FreeForm", text=""
[parser-unknown-class] "FreeForm", text="Article 3"
[parser-unknown-class] "FreeForm", text="Personal Scope"
[parser-unknown-class] "FreeForm", text=""
[parser-unknown-class] "FreeForm", text="This Agreement shall apply to any person who:"
[parser-unknown-class] "FreeForm", text=""
[parser-unknown-class] "FreeForm", text="(a) is or has been an Australian resident; or"
[parser-unknown-class] "FreeForm", text=""
[parser-unknown-class] "FreeForm", text="(b) is or has been an Estonian resident and subject to the legislation of the Republic of Estonia."
[parser-unknown-class] "FreeForm", text=""
[parser-unknown-class] "FreeForm", text=""
[parser-unknown-class] "FreeForm", text=""
[parser-unknown-class] "FreeForm", text="Article 4"
[parser-unknown-class] "FreeForm", text="Equality of Treatment"
[parser-unknown-class] "FreeForm", text=""
[parser-unknown-class] "FreeForm", text="Unless otherwise provided in this Agreement, all persons to whom this Agreement applies shall be ..."
[parser-unknown-class] "FreeForm", text=""
[parser-unknown-class] "FreeForm", text=""
[parser-unknown-class] "FreeForm", text=""
[parser-unknown-class] "FreeForm", text=""
[parser-unknown-class] "FreeForm", text=""
[parser-unknown-class] "FreeForm", text="Article 5"
[parser-unknown-class] "FreeForm", text="Export of Benefits"
[parser-unknown-class] "FreeForm", text=""
[parser-unknown-class] "FreeForm", text="1. Unless otherwise provided in this Agreement, benefits of one Contracting Party shall be payabl..."
[parser-unknown-class] "FreeForm", text=""
[parser-unknown-class] "FreeForm", text="2. In relation to Australia, any additional amount, increase or supplement that is payable in add..."
[parser-unknown-class] "FreeForm", text=""
[parser-unknown-class] "FreeForm", text="3. In relation to the Republic of Estonia, the national pension shall be awarded and paid only to..."
[parser-unknown-class] "FreeForm", text=""
[parser-unknown-class] "FreeForm", text=""
[parser-unknown-class] "FreeForm", text="PART II"
[parser-unknown-class] "FreeForm", text=""
[parser-unknown-class] "FreeForm", text=""
[parser-unknown-class] "FreeForm", text="PROVISIONS ON COVERAGE"
[parser-unknown-class] "FreeForm", text=""
[parser-unknown-class] "FreeForm", text=""
[parser-unknown-class] "FreeForm", text="Article 6"
[parser-unknown-class] "FreeForm", text="Application of this Part"
[parser-unknown-class] "FreeForm", text=""
[parser-unknown-class] "FreeForm", text="This Part only applies if an employee and/or the employer would, apart from this Part, be subject..."
[parser-unknown-class] "FreeForm", text=""
[parser-unknown-class] "FreeForm", text=""
[parser-unknown-class] "FreeForm", text="Article 7"
[parser-unknown-class] "FreeForm", text="Diplomatic and Consular Relations"
[parser-unknown-class] "FreeForm", text=""
[parser-unknown-class] "FreeForm", text="This Agreement shall not affect the provisions of the Vienna Convention on Diplomatic Relations o..."
[parser-unknown-class] "FreeForm", text=""
[parser-unknown-class] "FreeForm", text=""
[parser-unknown-class] "FreeForm", text="Article 8"
[parser-unknown-class] "FreeForm", text="Avoidance of Double Coverage"
[parser-unknown-class] "FreeForm", text=""
[parser-unknown-class] "FreeForm", text="1. Unless otherwise provided in this Part, if an employee works in the territory of one Contracti..."
[parser-unknown-class] "FreeForm", text=""
[parser-unknown-class] "FreeForm", text="2. If an employee:"
[parser-unknown-class] "FreeForm", text=""
[parser-unknown-class] "FreeForm", text="(a) is covered by the legislation of one Contracting Party (‘the first Contracting Party’); and"
[parser-unknown-class] "FreeForm", text=""
[parser-unknown-class] "FreeForm", text="(b) was sent, whether before, on or after the commencement of this Part, by the Government of the..."
[parser-unknown-class] "FreeForm", text=""
[parser-unknown-class] "FreeForm", text="(c) is working in the territory of the second Contracting Party in the employment of the Governme..."
[parser-unknown-class] "FreeForm", text=""
[parser-unknown-class] "FreeForm", text="(d) is not working permanently in the territory of the second Contracting Party;"
[parser-unknown-class] "FreeForm", text=""
[parser-unknown-class] "FreeForm", text="the employee and employer shall be subject only to the legislation of the first Contracting Party..."
[parser-unknown-class] "FreeForm", text=""
[parser-unknown-class] "FreeForm", text="3. If an employee:"
[parser-unknown-class] "FreeForm", text=""
[parser-unknown-class] "FreeForm", text="(a) is covered by the legislation of one Contracting Party (‘the first Contracting Party’); and"
[parser-unknown-class] "FreeForm", text=""
[parser-unknown-class] "FreeForm", text="(b) was sent, whether before, on or after the commencement of this Part, by an employer who is su..."
[parser-unknown-class] "FreeForm", text=""
[parser-unknown-class] "FreeForm", text="(c) is working in the territory of the second Contracting Party in the employment of the employer..."
[parser-unknown-class] "FreeForm", text=""
[parser-unknown-class] "FreeForm", text="(d) is not working permanently in the territory of the second Contracting Party and a period of 4..."
[parser-unknown-class] "FreeForm", text=""
[parser-unknown-class] "FreeForm", text="the employee and employer shall be subject only to the legislation of the first Contracting Party..."
[parser-unknown-class] "FreeForm", text=""
[parser-unknown-class] "FreeForm", text="4. For the purposes of sub‑paragraph 3(c) of Article 8 of this Agreement an entity is a related e..."
[parser-unknown-class] "FreeForm", text=""
[parser-unknown-class] "FreeForm", text=""
[parser-unknown-class] "FreeForm", text=""
[parser-unknown-class] "FreeForm", text="Article 9"
[parser-unknown-class] "FreeForm", text="Exception Agreements"
[parser-unknown-class] "FreeForm", text=""
[parser-unknown-class] "FreeForm", text="The Competent Authorities or the Competent Institutions designated by them may agree in writing t..."
[parser-unknown-class] "FreeForm", text=""
[parser-unknown-class] "FreeForm", text=""
[parser-unknown-class] "FreeForm", text="PART III"
[parser-unknown-class] "FreeForm", text=""
[parser-unknown-class] "FreeForm", text=""
[parser-unknown-class] "FreeForm", text="PROVISIONS RELATING TO AUSTRALIAN BENEFITS"
[parser-unknown-class] "FreeForm", text=""
[parser-unknown-class] "FreeForm", text=""
[parser-unknown-class] "FreeForm", text="Article 10"
[parser-unknown-class] "FreeForm", text="Residence or Presence in the Republic of Estonia"
[parser-unknown-class] "FreeForm", text=""
[parser-unknown-class] "FreeForm", text="Where a person would be qualified under the legislation of Australia or by virtue of this Agreeme..."
[parser-unknown-class] "FreeForm", text=""
[parser-unknown-class] "FreeForm", text="(a) is an Australian or an Estonian resident; and"
[parser-unknown-class] "FreeForm", text=""
[parser-unknown-class] "FreeForm", text="(b) is in Australia, or in the Republic of Estonia,"
[parser-unknown-class] "FreeForm", text=""
[parser-unknown-class] "FreeForm", text="that person, so long as he or she has been an Australian resident at some time, shall be deemed, ..."
[parser-unknown-class] "FreeForm", text=""
[parser-unknown-class] "FreeForm", text=""
[parser-unknown-class] "FreeForm", text="Article 11"
[parser-unknown-class] "FreeForm", text="Totalisation for Australian Benefits"
[parser-unknown-class] "FreeForm", text=""
[parser-unknown-class] "FreeForm", text="1. Where a person to whom this Agreement applies has claimed an Australian benefit under this Agr..."
[parser-unknown-class] "FreeForm", text=""
[parser-unknown-class] "FreeForm", text="(a) a period as an Australian resident that is less than the period required to qualify that pers..."
[parser-unknown-class] "FreeForm", text=""
[parser-unknown-class] "FreeForm", text="(b) a period of Australian working life residence equal to or greater than the period identified ..."
[parser-unknown-class] "FreeForm", text=""
[parser-unknown-class] "FreeForm", text="(c) an insurance period under the legislation of the Republic of Estonia;"
[parser-unknown-class] "FreeForm", text=""
[parser-unknown-class] "FreeForm", text="then, for the purposes of a claim for that Australian benefit, that insurance period under the le..."
[parser-unknown-class] "FreeForm", text=""
[parser-unknown-class] "FreeForm", text="2. For the purposes of paragraph 1 of this Article, where a person:"
[parser-unknown-class] "FreeForm", text=""
[parser-unknown-class] "FreeForm", text="(a) has been an Australian resident for a continuous period which is less than the minimum contin..."
[parser-unknown-class] "FreeForm", text=""
[parser-unknown-class] "FreeForm", text="(b) has accumulated an insurance period under the legislation of the Republic of Estonia in two o..."
[parser-unknown-class] "FreeForm", text=""
[parser-unknown-class] "FreeForm", text="then the total of the insurance periods under the legislation of the Republic of Estonia shall be..."
[parser-unknown-class] "FreeForm", text=""
[parser-unknown-class] "FreeForm", text="3. For the purposes of this Article, where a period by a person as an Australian resident and an ..."
[parser-unknown-class] "FreeForm", text=""
[parser-unknown-class] "FreeForm", text="4. The minimum period of Australian working life residence to be taken into account for the purpo..."
[parser-unknown-class] "FreeForm", text=""
[parser-unknown-class] "FreeForm", text=""
[parser-unknown-class] "FreeForm", text=""
[parser-unknown-class] "FreeForm", text="Article 12"
[parser-unknown-class] "FreeForm", text="Calculation of Australian Benefits"
[parser-unknown-class] "FreeForm", text=""
[parser-unknown-class] "FreeForm", text="1. Subject to paragraph 2, where an Australian benefit is payable only by virtue of this Agreemen..."
[parser-unknown-class] "FreeForm", text=""
[parser-unknown-class] "FreeForm", text="2. Where a person comes temporarily to Australia, paragraph 1 shall continue to apply for 26 week..."
[parser-unknown-class] "FreeForm", text=""
[parser-unknown-class] "FreeForm", text="3. Subject to paragraph 4, where an Australian benefit is payable only by virtue of this Agreemen..."
[parser-unknown-class] "FreeForm", text=""
[parser-unknown-class] "FreeForm", text="(a) calculating that person’s income according to the legislation of Australia but disregarding i..."
[parser-unknown-class] "FreeForm", text=""
[parser-unknown-class] "FreeForm", text="(b) deducting the amount of the benefit under the legislation of the Republic of Estonia which th..."
[parser-unknown-class] "FreeForm", text=""
[parser-unknown-class] "FreeForm", text="(c) applying to the remaining benefit obtained under sub‑paragraph 3(b) of this Article the relev..."
[parser-unknown-class] "FreeForm", text=""
[parser-unknown-class] "FreeForm", text="4. Where a person departs temporarily from Australia, paragraph 3 of this Article shall continue ..."
[parser-unknown-class] "FreeForm", text=""
[parser-unknown-class] "FreeForm", text="5. Where a member of a couple is, or both that person and the person’s partner are, entitled to a..."
[parser-unknown-class] "FreeForm", text=""
[parser-unknown-class] "FreeForm", text="6. For the purposes of paragraph 1, a benefit shall not include additional child amount."
[parser-unknown-class] "FreeForm", text=""
[parser-unknown-class] "FreeForm", text=""
[parser-unknown-class] "FreeForm", text=""
[parser-unknown-class] "FreeForm", text=""
[parser-unknown-class] "FreeForm", text=""
[parser-unknown-class] "FreeForm", text="PART IV"
[parser-unknown-class] "FreeForm", text=""
[parser-unknown-class] "FreeForm", text=""
[parser-unknown-class] "FreeForm", text=""
[parser-unknown-class] "FreeForm", text="PROVISIONS RELATING TO ESTONIAN BENEFITS"
[parser-unknown-class] "FreeForm", text=""
[parser-unknown-class] "FreeForm", text=""
[parser-unknown-class] "FreeForm", text=""
[parser-unknown-class] "FreeForm", text="Article 13"
[parser-unknown-class] "FreeForm", text="Totalisation for Estonian Benefits"
[parser-unknown-class] "FreeForm", text=""
[parser-unknown-class] "FreeForm", text="1. If entitlement to a benefit under the legislation of the Republic of Estonia arises without ta..."
[parser-unknown-class] "FreeForm", text=""
[parser-unknown-class] "FreeForm", text="2. If a person is not entitled to a benefit on the basis of insurance periods under the legislati..."
[parser-unknown-class] "FreeForm", text=""
[parser-unknown-class] "FreeForm", text="3. If a person is not entitled to a benefit under a specific law applying to work in a certain ar..."
[parser-unknown-class] "FreeForm", text=""
[parser-unknown-class] "FreeForm", text="4. If the total insurance period under the legislation of the Republic of Estonia is less than 12..."
[parser-unknown-class] "FreeForm", text=""
[parser-unknown-class] "FreeForm", text=""
[parser-unknown-class] "FreeForm", text="Article 14"
[parser-unknown-class] "FreeForm", text="Payment of Survivor’s Pension"
[parser-unknown-class] "FreeForm", text=""
[parser-unknown-class] "FreeForm", text="1. The Republic of Estonia shall award a survivor’s pension only for insurance periods completed ..."
[parser-unknown-class] "FreeForm", text=""
[parser-unknown-class] "FreeForm", text="2. The Republic of Estonia shall not award a survivor’s pension to a person who receives an old‑a..."
[parser-unknown-class] "FreeForm", text=""
[parser-unknown-class] "FreeForm", text=""
[parser-unknown-class] "FreeForm", text="PART V"
[parser-unknown-class] "FreeForm", text=""
[parser-unknown-class] "FreeForm", text=""
[parser-unknown-class] "FreeForm", text="MISCELLANEOUS AND ADMINISTRATIVE PROVISIONS"
[parser-unknown-class] "FreeForm", text=""
[parser-unknown-class] "FreeForm", text=""
[parser-unknown-class] "FreeForm", text="Article 15"
[parser-unknown-class] "FreeForm", text="Lodgement of Documents"
[parser-unknown-class] "FreeForm", text=""
[parser-unknown-class] "FreeForm", text="1. A claim, notice or appeal concerning a benefit, whether payable by virtue of this Agreement or..."
[parser-unknown-class] "FreeForm", text=""
[parser-unknown-class] "FreeForm", text="2. The date on which a claim, notice or appeal referred to in paragraph 1 is lodged with the Comp..."
[parser-unknown-class] "FreeForm", text=""
[parser-unknown-class] "FreeForm", text="3. In relation to Australia, the reference in paragraphs 1 and 2 to an appeal is a reference to a..."
[parser-unknown-class] "FreeForm", text=""
[parser-unknown-class] "FreeForm", text=""
[parser-unknown-class] "FreeForm", text="Article 16"
[parser-unknown-class] "FreeForm", text="Payment of Benefits"
[parser-unknown-class] "FreeForm", text=""
[parser-unknown-class] "FreeForm", text="1. The Competent Institutions of each Contracting Party shall pay benefits by virtue of this Agre..."
[parser-unknown-class] "FreeForm", text=""
[parser-unknown-class] "FreeForm", text="2. A benefit payable by a Contracting Party by virtue of this Agreement shall be paid by that Con..."
[parser-unknown-class] "FreeForm", text=""
[parser-unknown-class] "FreeForm", text="3. Any exemption granted in the territory of one of the Contracting Parties from stamp duty, nota..."
[parser-unknown-class] "FreeForm", text=""
[parser-unknown-class] "FreeForm", text=""
[parser-unknown-class] "FreeForm", text="Article 17"
[parser-unknown-class] "FreeForm", text="Exchange of Information and Mutual Assistance"
[parser-unknown-class] "FreeForm", text=""
[parser-unknown-class] "FreeForm", text="1. The Competent Authorities and Competent Institutions responsible for the application of this A..."
[parser-unknown-class] "FreeForm", text=""
[parser-unknown-class] "FreeForm", text="(a) communicate to each other any information necessary for the application of this Agreement and..."
[parser-unknown-class] "FreeForm", text=""
[parser-unknown-class] "FreeForm", text="(b) provide assistance to one another, including the communication to each other of any necessary..."
[parser-unknown-class] "FreeForm", text=""
[parser-unknown-class] "FreeForm", text="(c) communicate to each other, as soon as possible, all information about the measures taken by t..."
[parser-unknown-class] "FreeForm", text=""
[parser-unknown-class] "FreeForm", text="2. The assistance referred to in paragraph 1 shall be provided free of charge, unless otherwise p..."
[parser-unknown-class] "FreeForm", text=""
[parser-unknown-class] "FreeForm", text="3. Unless disclosure is required under the legislation of a Contracting Party, any information ab..."
[parser-unknown-class] "FreeForm", text=""
[parser-unknown-class] "FreeForm", text="4. In no case shall the provisions of paragraphs 1 and 3 of this Article be construed so as to im..."
[parser-unknown-class] "FreeForm", text=""
[parser-unknown-class] "FreeForm", text="(a) to carry out administrative measures at variance with the laws or the administrative practice..."
[parser-unknown-class] "FreeForm", text=""
[parser-unknown-class] "FreeForm", text="(b) to supply particulars which are not obtainable under the laws or in the normal course of the ..."
[parser-unknown-class] "FreeForm", text=""
[parser-unknown-class] "FreeForm", text="5. In the application of this Agreement, the Competent Authority and the Competent Institution of..."
[parser-unknown-class] "FreeForm", text=""
[parser-unknown-class] "FreeForm", text="6. The Competent Institutions of the Contracting Parties will supply to each other, according to ..."
[parser-unknown-class] "FreeForm", text=""
[parser-unknown-class] "FreeForm", text=""
[parser-unknown-class] "FreeForm", text="Article 18"
[parser-unknown-class] "FreeForm", text="Administrative Arrangement"
[parser-unknown-class] "FreeForm", text=""
[parser-unknown-class] "FreeForm", text="1. The Competent Authorities of the Contracting Parties shall establish, by means of an Administr..."
[parser-unknown-class] "FreeForm", text=""
[parser-unknown-class] "FreeForm", text="2. The Competent Authorities shall appoint liaison agencies which are to be listed in the Adminis..."
[parser-unknown-class] "FreeForm", text=""
[parser-unknown-class] "FreeForm", text=""
[parser-unknown-class] "FreeForm", text="Article 19"
[parser-unknown-class] "FreeForm", text="Resolution of Disputes"
[parser-unknown-class] "FreeForm", text=""
[parser-unknown-class] "FreeForm", text="The Competent Authorities of the Contracting Parties shall resolve, to the extent possible, any d..."
[parser-unknown-class] "FreeForm", text=""
[parser-unknown-class] "FreeForm", text=""
[parser-unknown-class] "FreeForm", text="Article 20"
[parser-unknown-class] "FreeForm", text="Review of Agreement"
[parser-unknown-class] "FreeForm", text=""
[parser-unknown-class] "FreeForm", text="Where a Contracting Party requests the other to meet to review this Agreement, the Contracting Pa..."
[parser-unknown-class] "FreeForm", text=""
[parser-unknown-class] "FreeForm", text=""
[parser-unknown-class] "FreeForm", text="PART VI"
[parser-unknown-class] "FreeForm", text=""
[parser-unknown-class] "FreeForm", text=""
[parser-unknown-class] "FreeForm", text="TRANSITIONAL AND FINAL PROVISIONS"
[parser-unknown-class] "FreeForm", text=""
[parser-unknown-class] "FreeForm", text=""
[parser-unknown-class] "FreeForm", text="Article 21"
[parser-unknown-class] "FreeForm", text="Transitional Provisions"
[parser-unknown-class] "FreeForm", text=""
[parser-unknown-class] "FreeForm", text="1. This Agreement shall not establish any right to a benefit for any period prior to the date of ..."
[parser-unknown-class] "FreeForm", text=""
[parser-unknown-class] "FreeForm", text="2. In determining entitlement to a benefit under this Agreement, periods as an Australian residen..."
[parser-unknown-class] "FreeForm", text=""
[parser-unknown-class] "FreeForm", text="3. Paragraphs 2 and 3 of Article 8 apply from the date of entry into force of this Agreement, eve..."
[parser-unknown-class] "FreeForm", text=""
[parser-unknown-class] "FreeForm", text="4. If a person who was awarded the pension for incapacity for work by the Republic of Estonia whe..."
[parser-unknown-class] "FreeForm", text=""
[parser-unknown-class] "FreeForm", text=""
[parser-unknown-class] "FreeForm", text="Article 22"
[parser-unknown-class] "FreeForm", text="Entry into Force"
[parser-unknown-class] "FreeForm", text=""
[parser-unknown-class] "FreeForm", text="This Agreement shall enter into force on the first day of the third month following the month in ..."
[parser-unknown-class] "FreeForm", text=""
[parser-unknown-class] "FreeForm", text=""
[parser-unknown-class] "FreeForm", text="Article 23"
[parser-unknown-class] "FreeForm", text="Duration, Modification and Termination"
[parser-unknown-class] "FreeForm", text=""
[parser-unknown-class] "FreeForm", text="1. This Agreement is concluded for an indefinite period and can be modified by agreement in writi..."
[parser-unknown-class] "FreeForm", text=""
[parser-unknown-class] "FreeForm", text="2. Subject to paragraph 3 of this Article, this Agreement shall remain in force until the expirat..."
[parser-unknown-class] "FreeForm", text=""
[parser-unknown-class] "FreeForm", text="3. In the event of termination, this Agreement shall continue to have effect in relation to all p..."
[parser-unknown-class] "FreeForm", text=""
[parser-unknown-class] "FreeForm", text="(a) at the date on which termination takes effect, are in receipt of benefits; or"
[parser-unknown-class] "FreeForm", text=""
[parser-unknown-class] "FreeForm", text="(b) prior to that date have lodged claims for, and would be entitled to receive, benefits by virt..."
[parser-unknown-class] "FreeForm", text=""
[parser-unknown-class] "FreeForm", text="(c) immediately before the date of termination are subject to the legislation of only one Contrac..."
[parser-unknown-class] "FreeForm", text=""
[parser-unknown-class] "FreeForm", text=""
[parser-unknown-class] "FreeForm", text=""
[parser-unknown-class] "FreeForm", text="IN WITNESS WHEREOF, the undersigned, being duly authorised thereto by their respective Government..."
[parser-unknown-class] "FreeForm", text=""
[parser-unknown-class] "FreeForm", text=""
[parser-unknown-class] "FreeForm", text=""
[parser-unknown-class] "FreeForm", text="DONE in two originals at Tallinn on this 14th day of September 2015 in the English and Estonian l..."
[parser-unknown-class] "FreeForm", text=""
[parser-unknown-class] "FreeForm", text=""
[parser-unknown-class] "FreeForm", text=""
[parser-unknown-class] "FreeForm", text=""
[parser-unknown-class] "Default", text="FOR AUSTRALIA"
[parser-unknown-class] "Default", text="FOR THE REPUBLIC OF ESTONIA"
[parser-unknown-class] "Default", text="Gerald Thomson"
[parser-unknown-class] "Default", text="Australian Ambassador to Sweden"
[parser-unknown-class] "Default", text="Margus Tsahkna"
[parser-unknown-class] "Default", text="Minister for Social Protection"
[parser-unknown-class] "FreeForm", text=""
[parser-unknown-class] "FreeForm", text="AGREEMENT BETWEEN"
[parser-unknown-class] "FreeForm", text=""
[parser-unknown-class] "FreeForm", text="AUSTRALIA"
[parser-unknown-class] "FreeForm", text=""
[parser-unknown-class] "FreeForm", text="AND"
[parser-unknown-class] "FreeForm", text=""
[parser-unknown-class] "FreeForm", text="THE REPUBLIC OF SERBIA"
[parser-unknown-class] "FreeForm", text=""
[parser-unknown-class] "FreeForm", text="ON SOCIAL SECURITY"
[parser-unknown-class] "FreeForm", text=""
[parser-unknown-class] "FreeForm", text=""
[parser-unknown-class] "FreeForm", text="Australia and the Republic of Serbia (hereinafter “the Contracting Parties”),"
[parser-unknown-class] "FreeForm", text=""
[parser-unknown-class] "FreeForm", text="Wishing to strengthen the existing friendly relations between the two countries,"
[parser-unknown-class] "FreeForm", text=""
[parser-unknown-class] "FreeForm", text="and"
[parser-unknown-class] "FreeForm", text=""
[parser-unknown-class] "FreeForm", text="Being desirous of regulating the relationship between their two countries with respect to social ..."
[parser-unknown-class] "FreeForm", text=""
[parser-unknown-class] "FreeForm", text=""
[parser-unknown-class] "FreeForm", text="Have agreed as follows:"
[parser-unknown-class] "FreeForm", text=""
[parser-unknown-class] "FreeForm", text="PART I"
[parser-unknown-class] "FreeForm", text="GENERAL PROVISIONS"
[parser-unknown-class] "FreeForm", text=""
[parser-unknown-class] "FreeForm", text="Article 1"
[parser-unknown-class] "FreeForm", text="Definitions"
[parser-unknown-class] "FreeForm", text=""
[parser-unknown-class] "FreeForm", text="(1) In this Agreement, unless the context otherwise requires:"
[parser-unknown-class] "FreeForm", text=""
[parser-unknown-class] "FreeForm", text="1. “benefit” means, in relation to a Contracting Party, a benefit, pension or allowance for which..."
[parser-unknown-class] "FreeForm", text=""
[parser-unknown-class] "FreeForm", text="2. “Competent Authority” means, in relation to Australia, the Secretary to the Commonwealth Depar..."
[parser-unknown-class] "FreeForm", text=""
[parser-unknown-class] "FreeForm", text="3. “Competent Institution” means, in relation to Australia, the institution or agency which has t..."
[parser-unknown-class] "FreeForm", text=""
[parser-unknown-class] "FreeForm", text="4. “Government” in relation to paragraph 2 of Article 8 includes, for Australia, a political subd..."
[parser-unknown-class] "FreeForm", text=""
[parser-unknown-class] "FreeForm", text="5. “legislation” means, in relation to Australia, the laws specified in subparagraph 1.1. of para..."
[parser-unknown-class] "FreeForm", text=""
[parser-unknown-class] "FreeForm", text="6. “period of insurance” means, in relation to the Republic of Serbia, a period of paid contribut..."
[parser-unknown-class] "FreeForm", text=""
[parser-unknown-class] "FreeForm", text="7. “period of Australian working life residence” means a period defined as such in the legislatio..."
[parser-unknown-class] "FreeForm", text=""
[parser-unknown-class] "FreeForm", text="(2) Any term not defined in this Article shall, unless the context otherwise requires, have the m..."
[parser-unknown-class] "FreeForm", text=""
[parser-unknown-class] "FreeForm", text="Article 2"
[parser-unknown-class] "FreeForm", text="Legislative Scope"
[parser-unknown-class] "FreeForm", text=""
[parser-unknown-class] "FreeForm", text="(1) This Agreement shall apply to the legislation effective at the date of entering into force of..."
[parser-unknown-class] "FreeForm", text=""
[parser-unknown-class] "FreeForm", text="1. in relation to Australia:"
[parser-unknown-class] "FreeForm", text=""
[parser-unknown-class] "FreeForm", text="1.1 the Acts forming the social security law in so far as the law provides for, applies to or aff..."
[parser-unknown-class] "FreeForm", text=""
[parser-unknown-class] "FreeForm", text="1.2 the law concerning the superannuation guarantee (which at the time of signature of this Agree..."
[parser-unknown-class] "FreeForm", text=""
[parser-unknown-class] "FreeForm", text="2. in relation to the Republic of Serbia, the legislation concerning pension and disability insur..."
[parser-unknown-class] "FreeForm", text=""
[parser-unknown-class] "FreeForm", text="(2)  Unless otherwise provided in this Agreement, this Agreement does not apply to any agreement ..."
[parser-unknown-class] "FreeForm", text=""
[parser-unknown-class] "FreeForm", text="(3)  This Agreement shall apply to laws which extend the legislation of either Contracting Party ..."
[parser-unknown-class] "FreeForm", text=""
[parser-unknown-class] "FreeForm", text="Article 3"
[parser-unknown-class] "FreeForm", text="Personal Scope"
[parser-unknown-class] "FreeForm", text=""
[parser-unknown-class] "FreeForm", text="This Agreement shall apply to any person who:"
[parser-unknown-class] "FreeForm", text=""
[parser-unknown-class] "FreeForm", text="1. is or has been an Australian resident; or"
[parser-unknown-class] "FreeForm", text=""
[parser-unknown-class] "FreeForm", text="2. is or has been subject to the legislation of Australia; or"
[parser-unknown-class] "FreeForm", text=""
[parser-unknown-class] "FreeForm", text="3. is or has been subject to the legislation of the Republic of Serbia;"
[parser-unknown-class] "FreeForm", text="and to other persons in regard to the rights they derive from the person described above."
[parser-unknown-class] "FreeForm", text=""
[parser-unknown-class] "FreeForm", text="Article 4"
[parser-unknown-class] "FreeForm", text="Equality of Treatment"
[parser-unknown-class] "FreeForm", text=""
[parser-unknown-class] "FreeForm", text="Unless otherwise provided, all persons to whom this Agreement applies shall be treated equally by..."
[parser-unknown-class] "FreeForm", text=""
[parser-unknown-class] "FreeForm", text="Article 5"
[parser-unknown-class] "FreeForm", text="Export of Benefits"
[parser-unknown-class] "FreeForm", text=""
[parser-unknown-class] "FreeForm", text="(1) Benefits payable by virtue of this Agreement shall also be paid in the territory of the other..."
[parser-unknown-class] "FreeForm", text=""
[parser-unknown-class] "FreeForm", text="(2) In relation to Australia, for the purposes of paragraph 1 of this Article, any additional amo..."
[parser-unknown-class] "FreeForm", text=""
[parser-unknown-class] "FreeForm", text="(3) In relation to the Republic of Serbia, paragraph 1 of this Article shall not refer to the dif..."
[parser-unknown-class] "FreeForm", text=""
[parser-unknown-class] "FreeForm", text=""
[parser-unknown-class] "FreeForm", text="PART II"
[parser-unknown-class] "FreeForm", text="PROVISIONS ON COVERAGE"
[parser-unknown-class] "FreeForm", text=""
[parser-unknown-class] "FreeForm", text="Article 6"
[parser-unknown-class] "FreeForm", text="Purpose and Application"
[parser-unknown-class] "FreeForm", text=""
[parser-unknown-class] "FreeForm", text="(1) The purpose of this Part is to ensure that employers and employees are subject to the legisla..."
[parser-unknown-class] "FreeForm", text=""
[parser-unknown-class] "FreeForm", text="(2) This Part applies only where an employee or the employer would otherwise be subject to the le..."
[parser-unknown-class] "FreeForm", text=""
[parser-unknown-class] "FreeForm", text="Article 7"
[parser-unknown-class] "FreeForm", text="Diplomats and Consular Relations"
[parser-unknown-class] "FreeForm", text=""
[parser-unknown-class] "FreeForm", text="This Agreement shall not affect the provisions of the Vienna Convention on Diplomatic Relations o..."
[parser-unknown-class] "FreeForm", text=""
[parser-unknown-class] "FreeForm", text="Article 8"
[parser-unknown-class] "FreeForm", text="Avoidance of Double Coverage"
[parser-unknown-class] "FreeForm", text=""
[parser-unknown-class] "FreeForm", text="(1) Unless otherwise provided in paragraphs 2, 3 or 5 of this Article, if an employee works in th..."
[parser-unknown-class] "FreeForm", text=""
[parser-unknown-class] "FreeForm", text="(2) If an employee:"
[parser-unknown-class] "FreeForm", text=""
[parser-unknown-class] "FreeForm", text="1. is covered by the legislation of one Contracting Party; and"
[parser-unknown-class] "FreeForm", text=""
[parser-unknown-class] "FreeForm", text="2. was sent, whether before, on or after the commencement of this Agreement, by the Government of..."
[parser-unknown-class] "FreeForm", text=""
[parser-unknown-class] "FreeForm", text="3. is working in the territory of the second Contracting Party in the employment of the Governmen..."
[parser-unknown-class] "FreeForm", text=""
[parser-unknown-class] "FreeForm", text="4. is not working permanently in the territory of the second Contracting Party;"
[parser-unknown-class] "FreeForm", text=""
[parser-unknown-class] "FreeForm", text="the employer and the employee shall be subject only to the legislation of the first Contracting P..."
[parser-unknown-class] "FreeForm", text=""
[parser-unknown-class] "FreeForm", text="(3) If an employee:"
[parser-unknown-class] "FreeForm", text=""
[parser-unknown-class] "FreeForm", text="1. is covered by the legislation of one Contracting Party; and"
[parser-unknown-class] "FreeForm", text=""
[parser-unknown-class] "FreeForm", text="2. was sent, whether before, on or after the commencement of this Agreement, by an employer who i..."
[parser-unknown-class] "FreeForm", text=""
[parser-unknown-class] "FreeForm", text="3. is working in the territory of the second Contracting Party in the employment of the employer ..."
[parser-unknown-class] "FreeForm", text=""
[parser-unknown-class] "FreeForm", text="4. is not working permanently in the territory of the second Contracting Party and has not been i..."
[parser-unknown-class] "FreeForm", text=""
[parser-unknown-class] "FreeForm", text="the employer and the employee shall be subject only to the legislation of the first Contracting P..."
[parser-unknown-class] "FreeForm", text=""
[parser-unknown-class] "FreeForm", text="(4) For the purposes of subparagraph 3 of paragraph 3 of this Article an entity is a related enti..."
[parser-unknown-class] "FreeForm", text=""
[parser-unknown-class] "FreeForm", text="(5) If an employee is working in the employment of an employer on a ship or aircraft in internati..."
[parser-unknown-class] "FreeForm", text=""
[parser-unknown-class] "FreeForm", text="Article 9"
[parser-unknown-class] "FreeForm", text="Exceptions"
[parser-unknown-class] "FreeForm", text=""
[parser-unknown-class] "FreeForm", text="The Competent Authorities, or the Competent Institutions designated by them, may agree in writing..."
[parser-unknown-class] "FreeForm", text=""
[parser-unknown-class] "FreeForm", text="Article 10"
[parser-unknown-class] "FreeForm", text="Certificate on Coverage"
[parser-unknown-class] "FreeForm", text=""
[parser-unknown-class] "FreeForm", text="Where the legislation of one of the Contracting Parties is applicable in accordance with any of t..."
[parser-unknown-class] "FreeForm", text=""
[parser-unknown-class] "FreeForm", text=""
[parser-unknown-class] "FreeForm", text="PART III"
[parser-unknown-class] "FreeForm", text="PROVISIONS FOR BENEFITS UNDER THE LEGISLATION OF AUSTRALIA"
[parser-unknown-class] "FreeForm", text=""
[parser-unknown-class] "FreeForm", text="Article 11"
[parser-unknown-class] "FreeForm", text="Residence or Presence in the Republic of Serbia"
[parser-unknown-class] "FreeForm", text=""
[parser-unknown-class] "FreeForm", text="Where a person would be qualified under the legislation of Australia or by virtue of this Agreeme..."
[parser-unknown-class] "FreeForm", text=""
[parser-unknown-class] "FreeForm", text="1. is an Australian resident or a resident of the Republic of Serbia; and"
[parser-unknown-class] "FreeForm", text=""
[parser-unknown-class] "FreeForm", text="2. is in Australia or the Republic of Serbia,"
[parser-unknown-class] "FreeForm", text=""
[parser-unknown-class] "FreeForm", text="that person, so long as he or she has a minimum of 12 months Australian working life residence, s..."
[parser-unknown-class] "FreeForm", text=""
[parser-unknown-class] "FreeForm", text="Article 12"
[parser-unknown-class] "FreeForm", text="Totalisation"
[parser-unknown-class] "FreeForm", text=""
[parser-unknown-class] "FreeForm", text="(1) Where a person to whom this Agreement applies has claimed a benefit under Australian legislat..."
[parser-unknown-class] "FreeForm", text=""
[parser-unknown-class] "FreeForm", text="1. a period as an Australian resident that is less than the period required to qualify that perso..."
[parser-unknown-class] "FreeForm", text=""
[parser-unknown-class] "FreeForm", text="2. a period of Australian working life residence that is equal to or greater than the period iden..."
[parser-unknown-class] "FreeForm", text=""
[parser-unknown-class] "FreeForm", text="3. a period of insurance under the legislation of the Republic of Serbia,"
[parser-unknown-class] "FreeForm", text=""
[parser-unknown-class] "FreeForm", text="then, that period of insurance completed under the legislation of the Republic of Serbia shall be..."
[parser-unknown-class] "FreeForm", text=""
[parser-unknown-class] "FreeForm", text="(2) For the purposes of paragraph 1 of this Article, where a person:"
[parser-unknown-class] "FreeForm", text=""
[parser-unknown-class] "FreeForm", text="1. has been an Australian resident for a continuous period which is less than the minimum continu..."
[parser-unknown-class] "FreeForm", text=""
[parser-unknown-class] "FreeForm", text="2. has accumulated a period of insurance under the legislation of the Republic of Serbia in two o..."
[parser-unknown-class] "FreeForm", text=""
[parser-unknown-class] "FreeForm", text="then the total of the periods of insurance completed under the legislation of the Republic of Ser..."
[parser-unknown-class] "FreeForm", text=""
[parser-unknown-class] "FreeForm", text="(3) For the purposes of this Article, where a period as an Australian resident and a period of in..."
[parser-unknown-class] "FreeForm", text=""
[parser-unknown-class] "FreeForm", text="(4)  The minimum period of Australian working life residence to be taken into account for the pur..."
[parser-unknown-class] "FreeForm", text=""
[parser-unknown-class] "FreeForm", text="Article 13"
[parser-unknown-class] "FreeForm", text="Calculation of Benefits"
[parser-unknown-class] "FreeForm", text=""
[parser-unknown-class] "FreeForm", text="(1) Subject to paragraph 2 of this Article, where an Australian benefit is payable only by virtue..."
[parser-unknown-class] "FreeForm", text=""
[parser-unknown-class] "FreeForm", text="1. calculating that person’s income according to the legislation of Australia, including any bene..."
[parser-unknown-class] "FreeForm", text=""
[parser-unknown-class] "FreeForm", text="2. applying to the maximum rate of Australian benefit the relevant rate calculator set out in the..."
[parser-unknown-class] "FreeForm", text=""
[parser-unknown-class] "FreeForm", text="3. proportionalising the amount of benefit calculated under subparagraph 2 of this paragraph by m..."
[parser-unknown-class] "FreeForm", text=""
[parser-unknown-class] "FreeForm", text="(2) Paragraph 1 of this Article shall continue to apply for 26 weeks where a person comes tempora..."
[parser-unknown-class] "FreeForm", text=""
[parser-unknown-class] "FreeForm", text="(3) Subject to paragraph 4 of this Article, where an Australian benefit is payable only by virtue..."
[parser-unknown-class] "FreeForm", text=""
[parser-unknown-class] "FreeForm", text="1. calculating the person’s income according to the legislation of Australia but disregarding in ..."
[parser-unknown-class] "FreeForm", text=""
[parser-unknown-class] "FreeForm", text="2. deducting the amount of that benefit under the legislation of the Republic of Serbia which tha..."
[parser-unknown-class] "FreeForm", text=""
[parser-unknown-class] "FreeForm", text="3. applying to the remaining benefit obtained under subparagraph 2 of this paragraph the relevant..."
[parser-unknown-class] "FreeForm", text=""
[parser-unknown-class] "FreeForm", text="(4) Paragraph 3 of this Article shall continue to apply, for the period specified in the Social S..."
[parser-unknown-class] "FreeForm", text=""
[parser-unknown-class] "FreeForm", text="(5) Where a member of a couple is, or both that person and his or her partner are, entitled to a ..."
[parser-unknown-class] "FreeForm", text=""
[parser-unknown-class] "FreeForm", text="(6) For the purposes of paragraphs 1 and 2 of this Article, the Additional Child Amount shall be ..."
[parser-unknown-class] "FreeForm", text=""
[parser-unknown-class] "FreeForm", text=""
[parser-unknown-class] "FreeForm", text="PART IV"
[parser-unknown-class] "FreeForm", text="PROVISIONS FOR BENEFITS UNDER THE LEGISLATION OF THE REPUBLIC OF SERBIA"
[parser-unknown-class] "FreeForm", text=""
[parser-unknown-class] "FreeForm", text="Article 14"
[parser-unknown-class] "FreeForm", text="Totalisation"
[parser-unknown-class] "FreeForm", text=""
[parser-unknown-class] "FreeForm", text="(1) Where a person to whom this Agreement applies has claimed a benefit under the legislation of ..."
[parser-unknown-class] "FreeForm", text=""
[parser-unknown-class] "FreeForm", text="1. a period of insurance completed under the legislation of the Republic of Serbia that is less t..."
[parser-unknown-class] "FreeForm", text=""
[parser-unknown-class] "FreeForm", text="2. a period of Australian working life residence"
[parser-unknown-class] "FreeForm", text=""
[parser-unknown-class] "FreeForm", text="then that period of Australian working life residence shall be deemed to be a period of insurance..."
[parser-unknown-class] "FreeForm", text=""
[parser-unknown-class] "FreeForm", text="(2) For the purposes of this Article, when a period of insurance completed under the legislation ..."
[parser-unknown-class] "FreeForm", text=""
[parser-unknown-class] "FreeForm", text="(3) The minimum period of insurance completed under the legislation of the Republic of Serbia to ..."
[parser-unknown-class] "FreeForm", text=""
[parser-unknown-class] "FreeForm", text="Article 15"
[parser-unknown-class] "FreeForm", text="Calculation of Benefits"
[parser-unknown-class] "FreeForm", text=""
[parser-unknown-class] "FreeForm", text="(1) If the right to benefit is provided for under the legislation of the Republic of Serbia witho..."
[parser-unknown-class] "FreeForm", text=""
[parser-unknown-class] "FreeForm", text="(2) If the right to benefit is determined solely by virtue of the application of Article 14 of th..."
[parser-unknown-class] "FreeForm", text=""
[parser-unknown-class] "FreeForm", text="1. calculate a theoretical benefit amount that would be paid if the total period accumulated unde..."
[parser-unknown-class] "FreeForm", text=""
[parser-unknown-class] "FreeForm", text="2. on the basis of this theoretical benefit amount, shall determine an actual benefit amount paya..."
[parser-unknown-class] "FreeForm", text=""
[parser-unknown-class] "FreeForm", text=""
[parser-unknown-class] "FreeForm", text="PART V"
[parser-unknown-class] "FreeForm", text="MISCELLANEOUS AND ADMINISTRATIVE PROVISIONS"
[parser-unknown-class] "FreeForm", text=""
[parser-unknown-class] "FreeForm", text="Article 16"
[parser-unknown-class] "FreeForm", text="Lodgement of Documents"
[parser-unknown-class] "FreeForm", text=""
[parser-unknown-class] "FreeForm", text="(1) A claim, notice or appeal concerning a benefit, whether payable by virtue of this Agreement o..."
[parser-unknown-class] "FreeForm", text=""
[parser-unknown-class] "FreeForm", text="(2) The date on which a claim, notice or appeal referred to in paragraph 1 of this Article is lod..."
[parser-unknown-class] "FreeForm", text=""
[parser-unknown-class] "FreeForm", text="(3) Any exemption from payment of fees relating to certificates and documents submitted to a Comp..."
[parser-unknown-class] "FreeForm", text=""
[parser-unknown-class] "FreeForm", text="Article 17"
[parser-unknown-class] "FreeForm", text="Payment of Benefits"
[parser-unknown-class] "FreeForm", text=""
[parser-unknown-class] "FreeForm", text="(1) The Competent Institutions of each Contracting Party shall pay benefits by virtue of this Agr..."
[parser-unknown-class] "FreeForm", text=""
[parser-unknown-class] "FreeForm", text="(2) If a Contracting Party imposes legal or administrative restrictions on the transfer of curren..."
[parser-unknown-class] "FreeForm", text=""
[parser-unknown-class] "FreeForm", text="(3) Both Contracting Parties shall pay benefits without deduction for government administrative f..."
[parser-unknown-class] "FreeForm", text=""
[parser-unknown-class] "FreeForm", text="Article 18"
[parser-unknown-class] "FreeForm", text="Exchange of Information and Mutual Assistance"
[parser-unknown-class] "FreeForm", text=""
[parser-unknown-class] "FreeForm", text="(1) The Competent Authorities and Competent Institutions responsible for the application of this ..."
[parser-unknown-class] "FreeForm", text=""
[parser-unknown-class] "FreeForm", text="1. communicate to each other any information necessary for the application of this Agreement or f..."
[parser-unknown-class] "FreeForm", text=""
[parser-unknown-class] "FreeForm", text="2. provide assistance to one another, including the communication to each other of any informatio..."
[parser-unknown-class] "FreeForm", text=""
[parser-unknown-class] "FreeForm", text="3. communicate to each other, as soon as possible, all information about the measures taken by th..."
[parser-unknown-class] "FreeForm", text=""
[parser-unknown-class] "FreeForm", text="(2) The assistance referred to in paragraph 1 of this Article shall be provided free of charge, s..."
[parser-unknown-class] "FreeForm", text=""
[parser-unknown-class] "FreeForm", text="(3) If the Competent Institution of a Contracting Party requires the applicant or beneficiary who..."
[parser-unknown-class] "FreeForm", text=""
[parser-unknown-class] "FreeForm", text="(4) Any information about an individual which is transmitted in accordance with this Agreement to..."
[parser-unknown-class] "FreeForm", text=""
[parser-unknown-class] "FreeForm", text="(5) In no case shall the provisions of paragraphs 1 and 4 of this Article be construed so as to i..."
[parser-unknown-class] "FreeForm", text=""
[parser-unknown-class] "FreeForm", text="1. to carry out administrative measures at variance with the laws or the administrative practice ..."
[parser-unknown-class] "FreeForm", text=""
[parser-unknown-class] "FreeForm", text="2. to supply information which is not ordinarily obtainable under the laws or in the normal admin..."
[parser-unknown-class] "FreeForm", text=""
[parser-unknown-class] "FreeForm", text="(6) In the application of this Agreement, the Competent Authority and the Competent Institution o..."
[parser-unknown-class] "FreeForm", text=""
[parser-unknown-class] "FreeForm", text="(7) Documents submitted to a Competent Authority or Competent Institution of a Contracting Party ..."
[parser-unknown-class] "FreeForm", text=""
[parser-unknown-class] "FreeForm", text="(8) The Competent Institutions of the Contracting Parties shall supply to each other, according t..."
[parser-unknown-class] "FreeForm", text=""
[parser-unknown-class] "FreeForm", text="Article 19"
[parser-unknown-class] "FreeForm", text="Administrative Arrangement"
[parser-unknown-class] "FreeForm", text=""
[parser-unknown-class] "FreeForm", text="(1) The Competent Authorities of the Contracting Parties shall establish, by means of an Administ..."
[parser-unknown-class] "FreeForm", text=""
[parser-unknown-class] "FreeForm", text="(2) The Competent Authorities shall appoint liaison bodies to facilitate the implementation of th..."
[parser-unknown-class] "FreeForm", text=""
[parser-unknown-class] "FreeForm", text="Article 20"
[parser-unknown-class] "FreeForm", text="Exchange of Statistics"
[parser-unknown-class] "FreeForm", text=""
[parser-unknown-class] "FreeForm", text="The Competent Authorities or Competent Institutions of the Contracting Parties shall exchange ann..."
[parser-unknown-class] "FreeForm", text=""
[parser-unknown-class] "FreeForm", text="Article 21"
[parser-unknown-class] "FreeForm", text="Resolution of Disputes"
[parser-unknown-class] "FreeForm", text=""
[parser-unknown-class] "FreeForm", text="The Competent Authorities of the Contracting Parties shall resolve, to the extent possible, any d..."
[parser-unknown-class] "FreeForm", text=""
[parser-unknown-class] "FreeForm", text="Article 22"
[parser-unknown-class] "FreeForm", text="Review of Agreement"
[parser-unknown-class] "FreeForm", text=""
[parser-unknown-class] "FreeForm", text="Where a Contracting Party requests the other to meet to review this Agreement, the Contracting Pa..."
[parser-unknown-class] "FreeForm", text=""
[parser-unknown-class] "FreeForm", text=""
[parser-unknown-class] "FreeForm", text="PART VI"
[parser-unknown-class] "FreeForm", text="TRANSITIONAL AND FINAL PROVISIONS"
[parser-unknown-class] "FreeForm", text=""
[parser-unknown-class] "FreeForm", text="Article 23"
[parser-unknown-class] "FreeForm", text="Transitional Provisions"
[parser-unknown-class] "FreeForm", text=""
[parser-unknown-class] "FreeForm", text="(1) This Agreement shall not establish any right to a benefit for any period before the date of t..."
[parser-unknown-class] "FreeForm", text=""
[parser-unknown-class] "FreeForm", text="(2) Unless otherwise provided in this Agreement, when determining entitlements to benefits under ..."
[parser-unknown-class] "FreeForm", text=""
[parser-unknown-class] "FreeForm", text="(3) This Agreement shall not apply in respect to periods of insurance which were liquidated by th..."
[parser-unknown-class] "FreeForm", text=""
[parser-unknown-class] "FreeForm", text="(4) Paragraphs 2 and 3 of Article 8 shall apply from the date of entry into force of this Agreeme..."
[parser-unknown-class] "FreeForm", text=""
[parser-unknown-class] "FreeForm", text="Article 24"
[parser-unknown-class] "FreeForm", text="Entry into Force"
[parser-unknown-class] "FreeForm", text=""
[parser-unknown-class] "FreeForm", text="This Agreement shall enter into force on the first day of the third month following the month in ..."
[parser-unknown-class] "FreeForm", text=""
[parser-unknown-class] "FreeForm", text="Article 25"
[parser-unknown-class] "FreeForm", text="Duration and Termination"
[parser-unknown-class] "FreeForm", text=""
[parser-unknown-class] "FreeForm", text="(1) Subject to paragraph (2) of this Article, this Agreement shall remain in force indefinitely o..."
[parser-unknown-class] "FreeForm", text=""
[parser-unknown-class] "FreeForm", text="(2) In the event of termination, this Agreement shall continue to have effect in relation to all ..."
[parser-unknown-class] "FreeForm", text=""
[parser-unknown-class] "FreeForm", text="1. at the date on which termination takes effect, are in receipt of benefits; or"
[parser-unknown-class] "FreeForm", text=""
[parser-unknown-class] "FreeForm", text="2. prior to the date on which termination takes effect, have lodged claims for, and would be enti..."
[parser-unknown-class] "FreeForm", text=""
[parser-unknown-class] "FreeForm", text="3. immediately before the date on which termination takes effect, are subject only to the legisla..."
[parser-unknown-class] "FreeForm", text=""
[parser-unknown-class] "FreeForm", text="IN WITNESS WHEREOF, the undersigned, being duly authorised thereto by their respective Government..."
[parser-unknown-class] "FreeForm", text=""
[parser-unknown-class] "FreeForm", text="DONE in two originals at …….. on this ….. day of …….….., two thousand and …… in English and Serbi..."
[parser-unknown-class] "FreeForm", text=""
[parser-unknown-class] "FreeForm", text=""
[parser-unknown-class] "FreeForm", text=""
[parser-unknown-class] "FreeForm", text="FOR AUSTRALIA"
[parser-unknown-class] "FreeForm", text="FOR THE REPUBLIC OF SERBIA"
[parser-unknown-class] "FreeForm", text=""
[parser-diag] processed 12646 <p> elements
[parser-diag] last section was added at element index: 11807
[parser-diag] state phase at end: ENDNOTES
[parser-diag] hierarchy stack depth at end: 1
[parser-diag] insideSchedule at end: true
[parse] sections: 62
[parse] compilation: date=2024-02-01 no=55
[parse] by level:
         part         4
         section      23
         division     3
         schedule     32
[db] inserted new legislation row: 59f28b6d-d6cb-4d86-98e6-166ee7c52ed7
[db] inserting 62 sections (pass 1)
[db] inserted 62 sections
[db] linking parent FKs (pass 2)
[db] linked 26 parent references

[done] ingested Social Security (International Agreements) Act 1999
       legislation_id: 59f28b6d-d6cb-4d86-98e6-166ee7c52ed7
       sections: 62
       compilation: 2024-02-01
