[fetch] document_1: https://www.legislation.gov.au/C2007A00137/2025-07-01/2025-07-01/text/original/epub/OEBPS/document_1/document_1.html
[fetch] document_1: 1,866,960 bytes
[fetch] document_2: https://www.legislation.gov.au/C2007A00137/2025-07-01/2025-07-01/text/original/epub/OEBPS/document_2/document_2.html
[fetch] document_2: 1,884,778 bytes
[fetch] document_3: https://www.legislation.gov.au/C2007A00137/2025-07-01/2025-07-01/text/original/epub/OEBPS/document_3/document_3.html
[fetch] document_3 not found — stopping. Fetched 2 document(s).
[fetch] combined 2 document(s), 3,751,738 source bytes → 3,737,980 combined bytes
[citation] Water Act 2007 (Cth)
[parse] starting
[parser-diag] total <p> elements found: 12789
[parser-unknown-class] "Default", text="MURRAY‑DARLING BASIN AGREEMENT"
[parser-unknown-class] "Default", text="THIS AGREEMENT IS ENTERED INTO ON                  2008 BY:"
[parser-unknown-class] "Default", text="THE COMMONWEALTH OF AUSTRALIA (the “Commonwealth”),"
[parser-unknown-class] "Default", text="THE STATE OF NEW SOUTH WALES (“New South Wales”),"
[parser-unknown-class] "Default", text="THE STATE OF VICTORIA (“Victoria”),"
[parser-unknown-class] "Default", text="THE STATE OF QUEENSLAND (“Queensland”),"
[parser-unknown-class] "Default", text="THE STATE OF SOUTH AUSTRALIA (“South Australia”), and"
[parser-unknown-class] "Default", text="THE AUSTRALIAN CAPITAL TERRITORY (“Australian Capital Territory”)."
[parser-unknown-class] "Default", text="THE PARTIES AGREE AS FOLLOWS:"
[parser-unknown-class] "PARTHEADING", text="PART I—INTERPRETATION"
[parser-unknown-class] "Numberedheading", text="1. Purpose"
[parser-unknown-class] "Numberedheading", text="2. Definitions"
[parser-unknown-class] "subpara", text="(a) the Contracting Government by which:"
[parser-unknown-class] "subsubpara", text="(i) any works authorised by this Agreement or the former Agreement have been, or are being, or ar..."
[parser-unknown-class] "subsubpara", text="(ii) any measures authorised under this Agreement or the former Agreement have been, or are being..."
[parser-unknown-class] "subpara", text="(b) any public authority or any Minister constituted or appointed for the purpose of constructing..."
[parser-unknown-class] "subpara", text="(a) defined by reference to Australian Height Datum specified by the design drawings for any stru..."
[parser-unknown-class] "subpara", text="(b) in the case of Menindee Lakes Storage, as defined under clause 137."
[parser-unknown-class] "subpara", text="(a) Crown lands;"
[parser-unknown-class] "subpara", text="(b) buildings; and"
[parser-unknown-class] "subpara", text="(c) any interest, right or privilege in, over or affecting any land."
[parser-unknown-class] "subpara", text="(a) its original completion; or"
[parser-unknown-class] "subpara", text="(b) the completion of any improvement thereto or replacement thereof,"
[parser-unknown-class] "Indent3", text="but does not include ‑"
[parser-unknown-class] "subsubpara", text="(i) the execution of any improvement to the design or function of that work; or"
[parser-unknown-class] "subsubpara", text="(ii) the replacement of the whole of that work; or"
[parser-unknown-class] "subsubpara", text="(iii) work to remedy the extraordinary failure of part or all of that work."
[parser-unknown-class] "subpara", text="(a) a rate of 2% per annum above the maximum overdraft rate fixed by the Reserve Bank of Australi..."
[parser-unknown-class] "subpara", text="(b) a rate of 4% per annum above the rate payable on Commonwealth securities of the longest term ..."
[parser-unknown-class] "subpara", text="(a) the construction, operation, maintenance and renewal of works on, adjacent to, or connected t..."
[parser-unknown-class] "subpara", text="(b) the execution of the provisions of this Agreement concerning sharing water between State Cont..."
[parser-unknown-class] "subpara", text="(c) the provision of other services relating to water, to State Contracting Governments and other..."
[parser-unknown-class] "subpara", text="(a) transitional RMO assets; and"
[parser-unknown-class] "subpara", text="(b) —"
[parser-unknown-class] "subsubpara", text="(i) works constructed under clause 56 including works constructed for the purposes of Schedule B;..."
[parser-unknown-class] "subsubpara", text="(ii) assets purchased with amounts paid to a Constructing Authority by the Authority under clause..."
[parser-unknown-class] "Indent3", text="that are, or relate to:"
[parser-unknown-class] "subsubpara", text="(iii) works on, adjacent to or connected to the upper River Murray or the River Murray in South A..."
[parser-unknown-class] "subsubpara", text="(iv) the execution of provisions of this Agreement concerning sharing water between South Austral..."
[parser-unknown-class] "subpara", text="(a) any of the works described in Schedule A; and"
[parser-unknown-class] "subpara", text="(b) subject to sub‑clause 95(1), the Menindee Lakes Storage; and"
[parser-unknown-class] "subpara", text="(c) any of the works for storing water authorised under clause 56."
[parser-unknown-class] "subpara", text="(a) the works set out in Schedule A to the former Agreement (other than Weir No. 5 Redbank and We..."
[parser-unknown-class] "subpara", text="(b) any other works the construction of which was authorised under sub‑clause 50(1) of the former..."
[parser-unknown-class] "subpara", text="(c) any other assets purchased with amounts paid by the Commission under sub‑clause 73(1) of the ..."
[parser-unknown-class] "subpara", text="(a) the main course of the River Murray upstream of the eastern boundary of the State of South Au..."
[parser-unknown-class] "subpara", text="(b) all tributaries entering that part of the main course upstream of Doctors Point;"
[parser-unknown-class] "subpara", text="(c) all effluents and anabranches of that part of the main course, other than those excepted by t..."
[parser-unknown-class] "subpara", text="(d) the watercourses connecting Lake Victoria to that main course;"
[parser-unknown-class] "subpara", text="(e) the Darling River downstream of the Menindee Lakes Storage; and"
[parser-unknown-class] "subpara", text="(f) the upper River Murray storages."
[parser-unknown-class] "subpara", text="(a) a weir and lock; and"
[parser-unknown-class] "subpara", text="(b) a barrage in any of the channels at or near the mouth of the River Murray."
[parser-unknown-class] "Numberedheading", text="3. Interpretation"
[parser-unknown-class] "subhead", text="(1) In this Agreement, unless the contrary intention appears:"
[parser-unknown-class] "subpara", text="(a) a reference to any Act includes any Act amending, or in substitution for, that Act;"
[parser-unknown-class] "subpara", text="(b) a reference to this Agreement includes a reference to ‑"
[parser-unknown-class] "subsubpara", text="(i) the Schedules to this Agreement, and"
[parser-unknown-class] "subsubpara", text="(ii) any amendment of or addition to this Agreement or the Schedules hereto;"
[parser-unknown-class] "subpara", text="(c) words importing the singular include the plural and vice versa;"
[parser-unknown-class] "subpara", text="(d) words importing any gender include any other gender;"
[parser-unknown-class] "subpara", text="(e) a reference to a Committee member for the Commonwealth or a State includes a person who is ac..."
[parser-unknown-class] "subpara", text="(f) a reference to a power, function or duty of the Authority is a reference to a power, function..."
[parser-unknown-class] "subsubpara", text="(i) under this Agreement; or"
[parser-unknown-class] "subsubpara", text="(ii) under the Water Act for the purposes of this Agreement,"
[parser-unknown-class] "subpara", text="(g) a reference to a power, function or duty of the Ministerial Council or the Committee is a ref..."
[parser-unknown-class] "subsubpara", text="(i) under this Agreement; or"
[parser-unknown-class] "subsubpara", text="(ii) for the purposes of the Agreement because of the operation of Part 10A of the Water Act,"
[parser-unknown-class] "subhead", text="(2) No explanatory note or heading to a clause is part of this Agreement."
[parser-unknown-class] "subhead", text="(3) In interpreting a provision of this Agreement, a construction that would promote the purpose ..."
[parser-unknown-class] "PARTHEADING", text="PART II—APPROVAL, AMENDMENT AND ENFORCEMENT"
[parser-unknown-class] "Numberedheading", text="4. Revocation of Former Agreement"
[parser-unknown-class] "Numberedheading", text="5. Commencement of Agreement and Amendments to Agreement"
[parser-unknown-class] "subhead", text="(1) This Agreement comes into effect upon commencement of Schedule 1 of the Water Amendment Act 2..."
[parser-unknown-class] "subhead", text="(2) An amendment to this Agreement will take effect upon the registration of a legislative instru..."
[parser-unknown-class] "subhead", text="(3) For the purposes of sub‑clause (2), the Commonwealth Government:"
[parser-unknown-class] "subpara", text="(a) may only register an instrument that incorporates into the Agreement amendments that have bee..."
[parser-unknown-class] "subpara", text="(b) will register an instrument that incorporates such amendments as soon as practicable after th..."
[parser-unknown-class] "subhead", text="(4) A reference in sub‑clause (2) to an amendment includes a reference to the insertion, omission..."
[parser-unknown-class] "Numberedheading", text="6. Parties to Provide for Enforcement of Agreement"
[parser-unknown-class] "PARTHEADING", text="PART III—THE MINISTERIAL COUNCIL"
[parser-unknown-class] "Numberedheading", text="7. Establishment of Ministerial Council"
[parser-unknown-class] "subhead", text="(1) The Ministerial Council is established."
[parser-unknown-class] "subhead", text="(2) The Ministerial Council shall have such status and such powers and duties and enjoy such priv..."
[parser-unknown-class] "Numberedheading", text="8. Membership of the Ministerial Council"
[parser-unknown-class] "subhead", text="(1) The Council consists of a Minister of each of the Contracting Governments who is appointed in..."
[parser-unknown-class] "subhead", text="(2) Whenever a member of the Ministerial Council representing a Contracting Government is:"
[parser-unknown-class] "subpara", text="(a) absent from Australia or from duty;"
[parser-unknown-class] "subpara", text="(b) unable for any reason to attend a meeting of the Ministerial Council; or"
[parser-unknown-class] "subpara", text="(c) otherwise unable to perform the duties of a member of the Ministerial Council,"
[parser-unknown-class] "subhead", text="that Contracting Government may appoint another Minister to act in the place of that member, and ..."
[parser-unknown-class] "subhead", text="(3) A member of the Ministerial Council ceases to be a member if:"
[parser-unknown-class] "subpara", text="(a) the member ceases to be a Minister; or"
[parser-unknown-class] "subpara", text="(b) another Minister of the Contracting Government is appointed in substitution for the member."
[parser-unknown-class] "subhead", text="(4) Anything done by or in relation to a person purporting to act under an appointment under this..."
[parser-unknown-class] "Numberedheading", text="9. Functions of the Ministerial Council"
[parser-unknown-class] "subpara", text="(a) to consider and determine outcomes and objectives on major policy issues of common interest t..."
[parser-unknown-class] "subpara", text="(b) to make determinations about the matters specified in this Agreement;"
[parser-unknown-class] "subpara", text="(c) to approve the annual corporate plan, the annual work plan, and the asset management plan, pr..."
[parser-unknown-class] "subpara", text="(ca)              to approve any amendments to the annual corporate plan or the annual work plan ..."
[parser-unknown-class] "subpara", text="(d) to agree upon amendments to this Agreement including amendments to, or removal or addition of..."
[parser-unknown-class] "subpara", text="(da) to approve a statement of intent setting out collaborative arrangements under which the Mini..."
[parser-unknown-class] "subpara", text="(e) to exercise such other functions as may be conferred on the Council by or under this Agreemen..."
[parser-unknown-class] "Numberedheading", text="10. Ministerial Council May Direct Committee"
[parser-unknown-class] "Numberedheading", text="11. Conferral of functions by Ministerial Council"
[parser-unknown-class] "subhead", text="(1) The Ministerial Council may confer any of its functions and powers on the Committee or the Au..."
[parser-unknown-class] "subhead", text="(2) The conferral of a function or power under this clause:"
[parser-unknown-class] "subpara", text="(a) may be subject to such conditions or limitations as the Ministerial Council may specify; and"
[parser-unknown-class] "subpara", text="(b) may be varied or revoked by the Ministerial Council (whether or not constituted by the person..."
[parser-unknown-class] "subpara", text="(c) does not derogate from the ability of the Ministerial Council to act in any matter."
[parser-unknown-class] "Numberedheading", text="12. Ministerial Council May Require Committee and Authority to Report"
[parser-unknown-class] "Numberedheading", text="13. Proceedings of the Ministerial Council"
[parser-unknown-class] "subhead", text="(1) The Ministerial Council shall meet at least once in each year but otherwise at such times as ..."
[parser-unknown-class] "subhead", text="(2) Subject to sub‑clauses (3) and (4), the quorum for a meeting of the Ministerial Council shall..."
[parser-unknown-class] "subhead", text="(3) The quorum of the Ministerial Council for debating any issue, or considering or making any re..."
[parser-unknown-class] "subhead", text="(4) The quorum of the Ministerial Council for debating any issue, or considering or making any re..."
[parser-unknown-class] "subpara", text="(a) includes the Minister appointed by the Government of Queensland, unless the matter relates to..."
[parser-unknown-class] "subpara", text="(b) includes the Minister appointed by the Australian Capital Territory, unless the matter relate..."
[parser-unknown-class] "subhead", text="(5) A person who is not included in a quorum may not vote on any resolution referred to in sub‑cl..."
[parser-unknown-class] "subhead", text="(6) A resolution before the Ministerial Council will be carried only by a unanimous vote of all M..."
[parser-unknown-class] "subhead", text="(7) The Chair of the Ministerial Council shall be the Commonwealth Minister appointed under claus..."
[parser-unknown-class] "Numberedheading", text="14. Resolutions Other than at Meetings"
[parser-unknown-class] "subhead", text="(1) A decision of the Ministerial Council may be made other than at a meeting of the Ministerial ..."
[parser-unknown-class] "subhead", text="(2) If:"
[parser-unknown-class] "subpara", text="(a) the text of a proposed resolution is sent or given in writing by facsimile or other transmiss..."
[parser-unknown-class] "subpara", text="(b) such Minister approves the proposed resolution and notifies that officer in writing sent or g..."
[parser-unknown-class] "subhead", text="the proposed resolution is deemed to have been approved by the Minister appointed under clause 8."
[parser-unknown-class] "subhead", text="(3) When a Minister from each Contracting Government has approved a resolution in accordance with..."
[parser-unknown-class] "subhead", text="(4) Any decision of the Ministerial Council made in accordance with this clause, must be recorded..."
[parser-unknown-class] "subhead", text="(5) The record made pursuant to sub‑clause (4) shall be confirmed at the next meeting of the Mini..."
[parser-unknown-class] "subhead", text="(6) The text of a resolution for which approval is sought under this clause, relating to any prov..."
[parser-unknown-class] "Numberedheading", text="15. Appointment of Committees"
[parser-unknown-class] "subhead", text="(1) The Ministerial Council may from time to time appoint such temporary or standing committees a..."
[parser-unknown-class] "subhead", text="(2) A committee shall have such members, terms of reference, powers and functions as the Minister..."
[parser-unknown-class] "subhead", text="(3) A member of a committee shall hold office on such terms as the Ministerial Council may determ..."
[parser-unknown-class] "subhead", text="(4) A member of a committee shall receive such allowances and expenses as the Authority may from ..."
[parser-unknown-class] "Numberedheading", text="16. Basin Community Committee to Advise Ministerial Council"
[parser-unknown-class] "subhead", text="(1) The Basin Community Committee is to provide advice to the Ministerial Council on any matter r..."
[parser-unknown-class] "subhead", text="(2) The Ministerial Council may invite the Chair of the Basin Community Committee to attend a mee..."
[parser-unknown-class] "PARTHEADING", text="PART IV—THE COMMITTEE"
[parser-unknown-class] "SMALLPARTHEADING", text="DIVISION 1—ESTABLISHMENT AND MEMBERSHIP OF THE COMMITTEE"
[parser-unknown-class] "Numberedheading", text="17. Establishment of Basin Officials Committee"
[parser-unknown-class] "subhead", text="(1) The Basin Officials Committee (the Committee) is established."
[parser-unknown-class] "subhead", text="(2) The Committee shall have such status and such powers and duties and enjoy such privileges and..."
[parser-unknown-class] "Numberedheading", text="18. Membership of the Committee"
[parser-unknown-class] "subpara", text="(a) a Chair; and"
[parser-unknown-class] "subpara", text="(b) five other members, each of whom represents a different State Contracting Government."
[parser-unknown-class] "Numberedheading", text="19. Appointment of Chair of the Committee"
[parser-unknown-class] "subhead", text="(1) The Chair of the Committee is to be appointed by the Commonwealth Minister by written instrum..."
[parser-unknown-class] "subhead", text="(2) The appointment of the Chair of the Committee is not invalidated merely because of a defect o..."
[parser-unknown-class] "Numberedheading", text="20. Appointment of Other Members of the Committee"
[parser-unknown-class] "subhead", text="(1) Any other member of the Committee is to be appointed, by written instrument, by the Minister ..."
[parser-unknown-class] "subhead", text="(2) The member’s appointment is not invalidated merely because of a defect or irregularity in con..."
[parser-unknown-class] "Numberedheading", text="21. Acting Members of the Committee"
[parser-unknown-class] "subhead", text="(1) The Commonwealth Minister may, by written instrument, appoint an individual to act as the Cha..."
[parser-unknown-class] "subhead", text="(2) The Minister of a State Contracting Government may, by written instrument, appoint an individ..."
[parser-unknown-class] "subhead", text="(3) An individual’s appointment under sub‑clause (1) or (2) to act as a Committee member:"
[parser-unknown-class] "subpara", text="(a) does not cease to have effect merely because the Committee member’s appointment ceases to hav..."
[parser-unknown-class] "subpara", text="(b) if that Committee member is replaced by the appointment of another Committee member—continues..."
[parser-unknown-class] "subhead", text="(4) An individual appointed to act as a Committee member may act as, and perform the functions an..."
[parser-unknown-class] "subpara", text="(a) during a vacancy in the office of the Committee member, whether or not an appointment has pre..."
[parser-unknown-class] "subpara", text="(b) during any period, or during all periods, when the Committee member:"
[parser-unknown-class] "subsubpara", text="(i) is absent from duty or Australia; or"
[parser-unknown-class] "subsubpara", text="(ii) is, for any reason, unable to attend a meeting of the Committee; or"
[parser-unknown-class] "subsubpara", text="(iii) is, for any reason, unable to perform the duties of the office."
[parser-unknown-class] "subhead", text="(5) Anything done by or in relation to an individual purporting to act under an appointment is no..."
[parser-unknown-class] "subpara", text="(a) the occasion for the appointment had not arisen; or"
[parser-unknown-class] "subpara", text="(b) there was a defect or irregularity in connection with the appointment; or"
[parser-unknown-class] "subpara", text="(c) the appointment had ceased to have effect; or"
[parser-unknown-class] "subpara", text="(d) the occasion to act had not arisen or had ceased."
[parser-unknown-class] "Numberedheading", text="22. Period of Appointment"
[parser-unknown-class] "Numberedheading", text="23. Standing Obligation to Disclose Interests"
[parser-unknown-class] "subhead", text="(1) A member of the Committee (including an acting member) must disclose any interest the member ..."
[parser-unknown-class] "subhead", text="(2) Disclosure is required whether or not there is any particular matter under consideration that..."
[parser-unknown-class] "subhead", text="(3) The disclosure must be by written notice given:"
[parser-unknown-class] "subpara", text="(a) if the member is the Chair of the Committee—to the Chair of the Ministerial Council; or"
[parser-unknown-class] "subpara", text="(b) if the member is not the Chair of the Committee—to the Chair of the Committee."
[parser-unknown-class] "subhead", text="The notice must be given as soon as practicable after the member becomes aware of the potential f..."
[parser-unknown-class] "subhead", text="(4) Sub‑clause (1) applies to interests:"
[parser-unknown-class] "subpara", text="(a) whether direct or indirect, and whether or not pecuniary; and"
[parser-unknown-class] "subpara", text="(b) whether acquired before or after the member’s appointment."
[parser-unknown-class] "Numberedheading", text="24. Obligation to Disclose Interests Before Considering a Particular Matter"
[parser-unknown-class] "subhead", text="(1) If:"
[parser-unknown-class] "subpara", text="(a) a member of the Committee (including an acting member) has an interest in a matter being cons..."
[parser-unknown-class] "subpara", text="(b) the interest is an interest that could conflict with the proper performance of the functions ..."
[parser-unknown-class] "subhead", text="the member must disclose the nature of the interest to a meeting of the Committee."
[parser-unknown-class] "subhead", text="(2) The disclosure must be made as soon as possible after the relevant facts have come to the mem..."
[parser-unknown-class] "subhead", text="(3) The disclosure must be recorded in the minutes of the meeting of the Committee."
[parser-unknown-class] "subhead", text="(4) Sub‑clause (1) applies to interests:"
[parser-unknown-class] "subpara", text="(a) whether direct or indirect, and whether or not pecuniary; and"
[parser-unknown-class] "subpara", text="(b) whether acquired before or after the member’s appointment."
[parser-unknown-class] "Numberedheading", text="25. Chief Executive and Authority Chair May Attend Meetings"
[parser-unknown-class] "subhead", text="(1) The Chief Executive and Authority Chair:"
[parser-unknown-class] "subpara", text="(a) may attend, and participate in, any meeting of the Committee; and"
[parser-unknown-class] "subpara", text="(b) are entitled to access to any documents of the Committee that are relevant to such a meeting."
[parser-unknown-class] "subhead", text="(2) However, the Chief Executive and the Authority Chair are not entitled to vote on a matter to ..."
[parser-unknown-class] "subhead", text="(3) If:"
[parser-unknown-class] "subpara", text="(a) the Chief Executive or Authority Chair has an interest in a matter being considered or about ..."
[parser-unknown-class] "subpara", text="(b) the interest is an interest that could conflict with the proper performance of the functions ..."
[parser-unknown-class] "subhead", text="he or she must disclose the nature of the interest to the meeting of the Committee."
[parser-unknown-class] "subhead", text="(4) The disclosure must be made as soon as possible after the relevant facts have come to his or ..."
[parser-unknown-class] "subhead", text="(5) The disclosure must be recorded in the minutes of the meeting of the Committee."
[parser-unknown-class] "subhead", text="(6) Sub‑clause (3) applies to interests:"
[parser-unknown-class] "subpara", text="(a) whether direct or indirect, and whether or not pecuniary; and"
[parser-unknown-class] "subpara", text="(b) whether acquired before or after the appointment of the Chief Executive or Authority Chair."
[parser-unknown-class] "SMALLPARTHEADING", text="DIVISION 2—FUNCTIONS AND POWERS OF THE COMMITTEE"
[parser-unknown-class] "Numberedheading", text="26. Functions and Powers of the Committee"
[parser-unknown-class] "subhead", text="(1) The functions of the Committee are:"
[parser-unknown-class] "subpara", text="(a) to advise the Ministerial Council in relation to outcomes and objectives on major policy issu..."
[parser-unknown-class] "subpara", text="(b) to give effect to any policy or decision of the Ministerial Council, as required by the Minis..."
[parser-unknown-class] "subpara", text="(c) to exercise responsibility for high level decision making in relation to river operations, in..."
[parser-unknown-class] "subpara", text="(d) to exercise the powers and discharge the duties conferred on it by or under this Agreement or..."
[parser-unknown-class] "subhead", text="(2) Paragraphs (1)(b) and (c) do not operate:"
[parser-unknown-class] "subpara", text="(a) to confer any powers on the Committee in addition to powers conferred by other provisions of ..."
[parser-unknown-class] "subpara", text="(b) to enable the Committee to—"
[parser-unknown-class] "subsubpara", text="(i) do anything; or"
[parser-unknown-class] "subsubpara", text="(ii) require the Authority to do anything,"
[parser-unknown-class] "Indent3", text="for which Part VII and subsequent Parts provide, otherwise than as provided for by those Parts as..."
[parser-unknown-class] "subhead", text="(3) The advice referred to in paragraph (1)(a) shall be determined by majority vote of the Commit..."
[parser-unknown-class] "SMALLPARTHEADING", text="DIVISION 3—DECISION MAKING BY THE COMMITTEE"
[parser-unknown-class] "Numberedheading", text="27. Proceedings of the Committee"
[parser-unknown-class] "subhead", text="(1) The Committee members may meet together for the transaction of the Committee’s business and m..."
[parser-unknown-class] "subhead", text="(2) Any Committee member may at any time call a meeting of the Committee."
[parser-unknown-class] "subhead", text="(3) Each Committee member shall have one vote."
[parser-unknown-class] "subhead", text="(4) Subject to sub‑clauses (5) and (6), one Committee member for each Contracting Government shal..."
[parser-unknown-class] "subhead", text="(5) The quorum of the Committee for debating any issue, or considering or making any resolution o..."
[parser-unknown-class] "subhead", text="(6) The quorum of the Committee for debating any issue, or considering or making any resolution o..."
[parser-unknown-class] "subpara", text="(a) includes the Committee member for Queensland unless the matter relates to Part 2A of the Wate..."
[parser-unknown-class] "subpara", text="(b) includes the Committee member for the Australian Capital Territory unless the matter relates ..."
[parser-unknown-class] "subhead", text="(7) A person who is not included in a quorum may not vote on any resolution referred to in sub‑cl..."
[parser-unknown-class] "subhead", text="(8) Except as provided in sub‑clauses 26(3) and 99(2) a resolution before the Committee will be c..."
[parser-unknown-class] "subpara", text="(a) by a unanimous vote of all Committee members present who constitute a quorum; or"
[parser-unknown-class] "subpara", text="(b) by majority vote of the Committee members present who constitute a quorum, if those members b..."
[parser-unknown-class] "subhead", text="(9) The Committee must, subject to this Agreement, determine its own procedure."
[parser-unknown-class] "subhead", text="(10) The Committee must keep proper minutes of its proceedings."
[parser-unknown-class] "Numberedheading", text="28. Resolutions Other than at Meetings"
[parser-unknown-class] "subhead", text="(1) The Committee may make a resolution other than at a duly convened meeting."
[parser-unknown-class] "subhead", text="(2) Before a resolution is made pursuant to sub‑clause (1):"
[parser-unknown-class] "subpara", text="(a) subject to sub‑clause (4), the text of the proposed resolution must be referred to the Commit..."
[parser-unknown-class] "subpara", text="(b) that Committee member must approve the text of the proposed resolution."
[parser-unknown-class] "subhead", text="(3) Subject to sub‑clause (4), a resolution under this clause shall be made at the time when each..."
[parser-unknown-class] "subhead", text="(4) The text of a resolution for which approval is sought under this clause, relating to any prov..."
[parser-unknown-class] "subhead", text="(5) A Committee member may signify approval of a resolution by any means, provided that:"
[parser-unknown-class] "subpara", text="(a) approval by telephone must be signified in person by the Committee member; and"
[parser-unknown-class] "subpara", text="(b) approval in writing must be by letter or facsimile transmission which has been dated and sign..."
[parser-unknown-class] "subhead", text="(6) A resolution made under this clause must be duly recorded and a copy sent to each Committee m..."
[parser-unknown-class] "PARTHEADING", text="PART V—THE AUTHORITY"
[parser-unknown-class] "Numberedheading", text="29. Functions, Powers and Duties of the Authority"
[parser-unknown-class] "subhead", text="(1) The functions of the Authority are:"
[parser-unknown-class] "subpara", text="(a) to give effect to any decision of the Ministerial Council, including any decision made under ..."
[parser-unknown-class] "subpara", text="(b) to give effect to any high level decision of the Committee in relation to river operations;"
[parser-unknown-class] "subpara", text="(c) to provide advice to the Ministerial Council and the Committee as required to fulfil their fu..."
[parser-unknown-class] "subpara", text="(d) to provide administrative support to the Ministerial Council and the Committee; and"
[parser-unknown-class] "subpara", text="(e) to exercise the powers and discharge the duties conferred on it by or under this Agreement."
[parser-unknown-class] "subhead", text="(2) Subject to a decision of the Ministerial Council made under sub‑clause (3), in carrying out i..."
[parser-unknown-class] "subpara", text="(a) the provisions of this Agreement;"
[parser-unknown-class] "subpara", text="(b) the corporate plan;"
[parser-unknown-class] "subpara", text="(ba) the work plan;"
[parser-unknown-class] "subpara", text="(c) the asset management plan;"
[parser-unknown-class] "subpara", text="(d) the asset agreement;"
[parser-unknown-class] "subpara", text="(da)              the service level agreement; and"
[parser-unknown-class] "subpara", text="(e) in relation to river operations, the requirements of clause 30."
[parser-unknown-class] "subhead", text="(3) The Ministerial Council may, if it agrees that an emergency exists, decide that the Authority..."
[parser-unknown-class] "subpara", text="(a) that are in addition to functions or powers conferred by the other provisions of this Agreeme..."
[parser-unknown-class] "subpara", text="(b) otherwise than as required by sub‑clause (2)."
[parser-unknown-class] "Numberedheading", text="30. Authority’s Functions in Relation to River Operations"
[parser-unknown-class] "subhead", text="(1) The Authority must not exercise any of its functions in relation to river operations in a man..."
[parser-unknown-class] "subhead", text="(2) Subject to sub‑clause (3), the Authority must carry out its functions in relation to river op..."
[parser-unknown-class] "subhead", text="(3) If clause 33 requires the Authority to refer to the Committee a matter relating to the Author..."
[parser-unknown-class] "Numberedheading", text="31. Objectives and outcomes for river operations"
[parser-unknown-class] "subhead", text="(1) The Committee must each year, unless the Committee determines otherwise, approve, and may fro..."
[parser-unknown-class] "subhead", text="(2) A document (including an amended document) approved under this clause remains in effect until..."
[parser-unknown-class] "subhead", text="(3) A document approved under this clause may require the Authority to refer to the Committee for..."
[parser-unknown-class] "subhead", text="(4) If a document approved under this clause includes a requirement to refer, the document must s..."
[parser-unknown-class] "Numberedheading", text="32. Continuation of Resolutions, Practices and Procedures Relating to River Operations"
[parser-unknown-class] "subhead", text="(1) From the commencing day, and until the Committee approves a document under clause 31 the Auth..."
[parser-unknown-class] "subhead", text="(2) In this clause “Commission’s water business” has the same meaning as under the former Agreement."
[parser-unknown-class] "Numberedheading", text="33. Referrals and Determinations in Relation to River Operations"
[parser-unknown-class] "subhead", text="(1) The Authority must refer to the Committee any matter relating to carrying out river operations:"
[parser-unknown-class] "subpara", text="(a) that the document approved under clause 31 requires the Authority to refer; or"
[parser-unknown-class] "subpara", text="(b) that two or more members of the Committee have notified the Authority and the Committee in wr..."
[parser-unknown-class] "subhead", text="(2) A notification made under paragraph (1)(b) may be withdrawn at any time before a determinatio..."
[parser-unknown-class] "subhead", text="(3) The Authority must refer to the Committee any decision that the Authority proposes to make in..."
[parser-unknown-class] "subhead", text="(4) The Authority may, before the Committee has approved a document under clause 31, refer to the..."
[parser-unknown-class] "subhead", text="(5) If the Authority refers a matter to the Committee under this clause, the Committee must consi..."
[parser-unknown-class] "subhead", text="(6) A determination under sub‑clause (5) will be made:"
[parser-unknown-class] "subpara", text="(a) by a unanimous vote of all Committee members present who constitute a quorum; or"
[parser-unknown-class] "subpara", text="(b) by majority vote of the Committee members present who constitute a quorum, if those members b..."
[parser-unknown-class] "subhead", text="(7) If the Committee cannot make a determination in relation to a referred matter, the matter mus..."
[parser-unknown-class] "subhead", text="(8) After a matter has been referred to the Committee under this clause, the Authority must:"
[parser-unknown-class] "subpara", text="(a) continue to carry out its functions in relation to river operations in accordance with resolu..."
[parser-unknown-class] "subpara", text="(b) in the case of a proposed decision, must not make the decision, until such time as the Commit..."
[parser-unknown-class] "Numberedheading", text="34. Annual Corporate Plan"
[parser-unknown-class] "subhead", text="(1) The Authority must prepare a draft corporate plan, by the date determined by the Ministerial ..."
[parser-unknown-class] "subhead", text="(2) The draft corporate plan must:"
[parser-unknown-class] "subpara", text="(a) state that it is prepared for the purposes of this Agreement; and"
[parser-unknown-class] "subpara", text="(b) subject to paragraph (a), include the same matters in relation to the Authority’s functions u..."
[parser-unknown-class] "subpara", text="(c) cover the same period as the corporate plan mentioned in paragraph (b) is required to cover."
[parser-unknown-class] "Default", text="Note—The corporate plan prepared for section 35 of the Public Governance, Performance and Account..."
[parser-unknown-class] "subhead", text="(3) The draft corporate plan may include any other matters relevant to the Authority’s functions ..."
[parser-unknown-class] "subhead", text="(4) The Authority must provide the draft corporate plan to the Committee."
[parser-unknown-class] "subhead", text="(5) After considering the draft corporate plan, the Committee must submit the draft plan and the ..."
[parser-unknown-class] "subhead", text="(6) After receiving the plan and the advice of the Committee, the Ministerial Council may:"
[parser-unknown-class] "subpara", text="(a) approve the plan with or without amendment; or"
[parser-unknown-class] "subpara", text="(b) refer the plan back to the Authority for further consideration."
[parser-unknown-class] "Numberedheading", text="34A. Annual work plan"
[parser-unknown-class] "subhead", text="(1) The Authority must prepare a draft work plan, by the date determined by the Ministerial Counc..."
[parser-unknown-class] "subhead", text="(2) The draft work plan must:"
[parser-unknown-class] "subpara", text="(a) set out the Authority’s activities relating to this Agreement for the next 4 years, including..."
[parser-unknown-class] "subsubpara", text="(i) set by the Ministerial Council; and"
[parser-unknown-class] "subsubpara", text="(ii) in respect of river operations, set by the Committee; and"
[parser-unknown-class] "subpara", text="(b) set out new capital works and operational and maintenance programs to be undertaken or requir..."
[parser-unknown-class] "subpara", text="(c) include the budget for the activities, works and programs, which must be developed in accorda..."
[parser-unknown-class] "subhead", text="(3) The draft work plan may include any other matters relevant to the Authority’s functions under..."
[parser-unknown-class] "subhead", text="(4) The Authority must provide the draft work plan to the Committee."
[parser-unknown-class] "subhead", text="(5) After considering the draft work plan, the Committee must submit the draft plan, and the Comm..."
[parser-unknown-class] "subhead", text="(6) After receiving the plan and the advice of the Committee, the Ministerial Council may:"
[parser-unknown-class] "subpara", text="(a) approve the plan with or without amendment; or"
[parser-unknown-class] "subpara", text="(b) refer the plan back to the Authority for further consideration."
[parser-unknown-class] "Numberedheading", text="35. Amendment of Annual Corporate Plan and Annual Work Plan"
[parser-unknown-class] "subhead", text="(1) If the Authority considers that it is necessary or desirable for there to be a significant va..."
[parser-unknown-class] "subhead", text="(1A) If the Ministerial Council requests the Authority to prepare a draft amendment to the corpor..."
[parser-unknown-class] "subhead", text="(2) After considering a draft amendment provided to it under sub‑clause (1) or (1A), the Committe..."
[parser-unknown-class] "subhead", text="(3) After receiving the draft amendment and the advice of the Committee, the Ministerial Council ..."
[parser-unknown-class] "subpara", text="(a) approve the amendment of the relevant plan with or without further amendment; or"
[parser-unknown-class] "subpara", text="(b) refer the draft amendment back to the Authority and request that the Authority make changes t..."
[parser-unknown-class] "Numberedheading", text="35A. Service Level Agreement"
[parser-unknown-class] "subpara", text="(a) the work plan (deliverables, standards, costs, timelines, risk assessment and risk treatment)..."
[parser-unknown-class] "subpara", text="(b) the asset management plan (annual review and delivery); and"
[parser-unknown-class] "subpara", text="(c) the objectives and outcomes document; and"
[parser-unknown-class] "subpara", text="(d) financial and performance reporting; and"
[parser-unknown-class] "subpara", text="(e) management and decision making protocols; and"
[parser-unknown-class] "subpara", text="(f) audit and review processes."
[parser-unknown-class] "PARTHEADING", text="PART VI—APPLICATION OF AGREEMENT TO QUEENSLAND AND THE AUSTRALIAN CAPITAL TERRITORY"
[parser-unknown-class] "Numberedheading", text="36. Application of Agreement to Queensland and the Australian Capital"
[parser-unknown-class] "subpara", text="(a) for those provisions declared not to apply by this Part; and"
[parser-unknown-class] "subpara", text="(b) to the extent that provisions are modified by this Part; and"
[parser-unknown-class] "subpara", text="(c) where the Ministerial Council or the Committee determines that a provision does not apply pur..."
[parser-unknown-class] "Numberedheading", text="37. Provisions Not Applying to Queensland"
[parser-unknown-class] "subhead", text="(1) Parts XII, XIII and XIV of the Agreement do not apply to the State of Queensland."
[parser-unknown-class] "subhead", text="(2) Clause 145 of the Agreement only applies to the State of Queensland in respect of an act, omi..."
[parser-unknown-class] "subpara", text="(a) in or related to the State of Queensland; or"
[parser-unknown-class] "subpara", text="(b) under a provision of the Agreement as it applies to the State of Queensland."
[parser-unknown-class] "subhead", text="(3) Insofar as any provision of the Agreement bears on a matter set out in sub‑clause (4), that p..."
[parser-unknown-class] "subhead", text="(4) Sub‑clause (3) applies to:"
[parser-unknown-class] "subpara", text="(a) any issue concerning the design, execution, construction, funding, operation, maintenance, al..."
[parser-unknown-class] "subpara", text="(b) any liability of the Committee or Authority, any Contracting Government or any Constructing A..."
[parser-unknown-class] "subsubpara", text="(i) any matter referred to in paragraph (4)(a); or"
[parser-unknown-class] "subsubpara", text="(ii) any matter arising under a provision of the Agreement which the Ministerial Council or Commi..."
[parser-unknown-class] "subhead", text="(5) Nothing in the Agreement requires the State of Queensland:"
[parser-unknown-class] "subpara", text="(a) to contribute to the costs of, or associated with, remedying any actual or anticipated damage..."
[parser-unknown-class] "subpara", text="(b) to meet any compensation for damage paid under clause 84 of the Agreement,"
[parser-unknown-class] "Numberedheading", text="38. Provisions not applying to the Australian Capital Territory"
[parser-unknown-class] "subhead", text="(1) Parts XII, XIII and XIV of the Agreement do not apply to the Australian Capital Territory."
[parser-unknown-class] "subhead", text="(2) Clause 145 of the Agreement only applies to the Australian Capital Territory in respect of an..."
[parser-unknown-class] "subpara", text="(a) in or related to the Australian Capital Territory; or"
[parser-unknown-class] "subpara", text="(b) under a provision of the Agreement as it applies to the Australian Capital Territory."
[parser-unknown-class] "subhead", text="(3) Insofar as any provision of the Agreement bears on any of the following matters, it does not ..."
[parser-unknown-class] "subpara", text="(a) any matter concerning the design, execution, construction, funding, operation, maintenance, a..."
[parser-unknown-class] "subpara", text="(b) any liability of the Committee or Authority, any Contracting Government or any Constructing A..."
[parser-unknown-class] "subsubpara", text="(i) any matter referred to in paragraph (3)(a); or"
[parser-unknown-class] "subsubpara", text="(ii) any matter arising under a provision of the Agreement which the Ministerial Council or Commi..."
[parser-unknown-class] "subhead", text="(4) Nothing in the Agreement requires the Australian Capital Territory:"
[parser-unknown-class] "subpara", text="(a) to contribute to the costs of or associated with remedying, any actual or anticipated damage ..."
[parser-unknown-class] "subpara", text="(b) to meet any compensation for damage paid under clause 84 of the Agreement,"
[parser-unknown-class] "Numberedheading", text="39. Powers of Ministerial Council and Committee to make determinations"
[parser-unknown-class] "subhead", text="(1) The Ministerial Council or the Committee, as the case may be, may:"
[parser-unknown-class] "subpara", text="(a) determine that a provision of the Agreement does not apply to the State of Queensland or the ..."
[parser-unknown-class] "subpara", text="(b) revoke any such determination made by it, or any similar such determination made by the forme..."
[parser-unknown-class] "subhead", text="(2) The Ministerial Council may, at any time, direct that any determination made:"
[parser-unknown-class] "subpara", text="(a) by the Committee under sub‑clause (1); or"
[parser-unknown-class] "subpara", text="(b) by the Commission or the former Ministerial Council under clause 4 of Schedule D or clause 6 ..."
[parser-unknown-class] "subhead", text="(3) The Committee and, if the case requires, the Authority, must give effect to any determination..."
[parser-unknown-class] "Numberedheading", text="40. Factors to be Considered by Ministerial Council or Committee"
[parser-unknown-class] "subhead", text="(1) In making a determination under clause 39, the Ministerial Council or the Committee must appl..."
[parser-unknown-class] "subhead", text="(2) A provision should apply to the State of Queensland if:"
[parser-unknown-class] "subpara", text="(a) issues arising under that provision are likely to cause a significant benefit or a significan..."
[parser-unknown-class] "subpara", text="(b) any decisions or actions taken within Queensland without reference to that provision might ca..."
[parser-unknown-class] "subpara", text="(c) the Government of Queensland has incurred or may incur any financial obligation as a result o..."
[parser-unknown-class] "subhead", text="(3) A provision should not apply to the State of Queensland if issues arising under that provisio..."
[parser-unknown-class] "subhead", text="(4) A provision should not apply to the Australian Capital Territory unless:"
[parser-unknown-class] "subpara", text="(a) issues arising under that provision are likely to cause a significant benefit or a significan..."
[parser-unknown-class] "subpara", text="(b) any decisions or actions taken within the Australian Capital Territory without reference to t..."
[parser-unknown-class] "subpara", text="(c) the Government of the Australian Capital Territory has incurred or may incur any financial ob..."
[parser-unknown-class] "Numberedheading", text="41. Application of Previous Ministerial Council Decisions to Queensland"
[parser-unknown-class] "subhead", text="(1) The Ministerial Council may affirm that a policy, determination or decision of the former Min..."
[parser-unknown-class] "subhead", text="(2) Any such policy, determination or decision shall apply to the State of Queensland in whole or..."
[parser-unknown-class] "subhead", text="(3) This clause applies only to policies, determinations or decisions made by the former Minister..."
[parser-unknown-class] "subhead", text="(4) Any policy, determination or decision referred to in sub‑clause (3) which is not affirmed by ..."
[parser-unknown-class] "Numberedheading", text="42. Application of previous Ministerial Council decisions to the Australian Capital Territory"
[parser-unknown-class] "subhead", text="(1) Except as provided in this clause, every policy, determination or decision made by the former..."
[parser-unknown-class] "subhead", text="(2) If the Ministerial Council allows, the Australian Capital Territory may propose to the Commit..."
[parser-unknown-class] "subpara", text="(a) should apply to the Australian Capital Territory; or"
[parser-unknown-class] "subpara", text="(b) should only apply to the Australian Capital Territory with modifications; or"
[parser-unknown-class] "subpara", text="(c) should not apply to the Australian Capital Territory."
[parser-unknown-class] "subhead", text="(3) The Committee shall consider any proposal made under sub‑clause (2) and may make such recomme..."
[parser-unknown-class] "subhead", text="(4) The Ministerial Council, after considering any recommendations made by the Committee, may eit..."
[parser-unknown-class] "subpara", text="(a) adopt the proposal, with or without amendments; or"
[parser-unknown-class] "subpara", text="(b) reject the proposal."
[parser-unknown-class] "subhead", text="(5) Any policy, determination or decision referred to in sub‑clause (1), which is not mentioned i..."
[parser-unknown-class] "PARTHEADING", text="PART VII—INVESTIGATION, MEASUREMENT AND MONITORING"
[parser-unknown-class] "Numberedheading", text="43. Investigations and Studies"
[parser-unknown-class] "subhead", text="(1) The Authority may co‑ordinate, carry out or cause to be carried out surveys, investigations a..."
[parser-unknown-class] "subpara", text="(a) the conservation and regulation of river water;"
[parser-unknown-class] "subpara", text="(b) the protection and improvement of the quality of river water;"
[parser-unknown-class] "subpara", text="(c) the conservation, protection and management of aquatic and riverine environments; and"
[parser-unknown-class] "subpara", text="(d) the control and management of groundwater which may affect the quality or quantity of river w..."
[parser-unknown-class] "subhead", text="(2) The Authority may, without further approval of any Contracting Government, carry out, or caus..."
[parser-unknown-class] "subpara", text="(a) the upper River Murray; and"
[parser-unknown-class] "subpara", text="(b) the River Murray in South Australia."
[parser-unknown-class] "subhead", text="(3) Except as provided in sub‑clause (2) or as authorised under the Water Act, the Authority must..."
[parser-unknown-class] "Numberedheading", text="44. Monitoring"
[parser-unknown-class] "subpara", text="(a) aquatic and riverine environments; and"
[parser-unknown-class] "subpara", text="(b) the effect of groundwater on water and other natural resources."
[parser-unknown-class] "Numberedheading", text="45. Measurements of Water Quantity and Quality"
[parser-unknown-class] "subpara", text="(a) for making and recording continuous measurements of ‑"
[parser-unknown-class] "subsubpara", text="(i) the flow of the River Murray, and tributaries of the River Murray within the boundaries of ea..."
[parser-unknown-class] "subsubpara", text="(ii) the volume of stored water,"
[parser-unknown-class] "Indent3", text="at such locations as the Authority deems necessary to determine the volume of the intake from the..."
[parser-unknown-class] "subpara", text="(b) for making and recording continuous measurements of all diversions, whether natural or artifi..."
[parser-unknown-class] "subpara", text="(c) for measuring and monitoring the quality of ‑"
[parser-unknown-class] "subsubpara", text="(i) River Murray water;"
[parser-unknown-class] "subsubpara", text="(ii) water in tributaries of the River Murray at such locations at or near the confluence of each..."
[parser-unknown-class] "subsubpara", text="(iii) stored water."
[parser-unknown-class] "Numberedheading", text="46. Need for Approval in Certain Cases"
[parser-unknown-class] "subhead", text="(1) The Authority may, without further approval of any Contracting Government, establish, maintai..."
[parser-unknown-class] "subpara", text="(a) the upper River Murray; and"
[parser-unknown-class] "subpara", text="(b) the River Murray in South Australia."
[parser-unknown-class] "subhead", text="(2) Except as provided in sub‑clause (1) or as authorised under the Water Act, the Authority must..."
[parser-unknown-class] "subpara", text="(a) informing the Committee of the proposed system or means; and"
[parser-unknown-class] "subpara", text="(b) obtaining the consent of that State Contracting Government."
[parser-unknown-class] "Numberedheading", text="47. Power to Arrange Data in Lieu"
[parser-unknown-class] "subpara", text="(a) adopt the results of any measurements or monitoring made by any Contracting Government; or"
[parser-unknown-class] "subpara", text="(b) request a State Contracting Government to carry out any monitoring or measurement within its ..."
[parser-unknown-class] "Numberedheading", text="48. Water Quality Objectives"
[parser-unknown-class] "subhead", text="(1) The Authority must formulate water quality objectives for the River Murray and make recommend..."
[parser-unknown-class] "subhead", text="(2) This clause ceases to have effect after the Basin Plan first takes effect."
[parser-unknown-class] "Numberedheading", text="49. Authority to be Informed of New Proposals"
[parser-unknown-class] "subhead", text="(1) Whenever a Contracting Government or a public authority is considering any proposal which may..."
[parser-unknown-class] "subpara", text="(a) inform the Authority of the proposal; and"
[parser-unknown-class] "subpara", text="(b) provide the Authority with all necessary information and data to permit it to assess the anti..."
[parser-unknown-class] "subhead", text="(2) The necessary information and data must be provided in sufficient time to allow the Authority:"
[parser-unknown-class] "subpara", text="(a) to assess the possible effect of the proposal on the flow, use, control or quality of that wa..."
[parser-unknown-class] "subpara", text="(b) to make representations thereon to that Contracting Government or public authority,"
[parser-unknown-class] "subhead", text="(3) The Authority shall consult with each Contracting Government, and with any public authority r..."
[parser-unknown-class] "subpara", text="(a) the types of proposals to which sub‑clause (1) shall apply; and"
[parser-unknown-class] "subpara", text="(b) the criteria to be used in assessing those proposals to which sub‑clause (1) applies."
[parser-unknown-class] "subhead", text="(4) Despite sub‑clause (3), sub‑clauses (1) and (2) apply to any proposal referred to in clause 2..."
[parser-unknown-class] "Numberedheading", text="50. Environmental Assessment"
[parser-unknown-class] "Numberedheading", text="51. Protection of Catchment of Hume Reservoir"
[parser-unknown-class] "subhead", text="(1) The State Contracting Governments of New South Wales and Victoria must take effective measure..."
[parser-unknown-class] "subhead", text="(2) Each of those Contracting Governments must, before the end of June in each year, forward a re..."
[parser-unknown-class] "subpara", text="(a) the condition of the portion of the catchment of the Hume Reservoir within its territory;"
[parser-unknown-class] "subpara", text="(b) the measures taken and work carried out during the twelve months to the end of March immediat..."
[parser-unknown-class] "subpara", text="(c) particulars of the measures and works proposed for the next twelve months."
[parser-unknown-class] "subhead", text="(3) The Authority must, from time to time, inspect or cause to be inspected such portions of the ..."
[parser-unknown-class] "subhead", text="(4) Measures, works and action taken or carried out by a Contracting Government pursuant to sub‑c..."
[parser-unknown-class] "subhead", text="(5) If at any time the Authority considers that there is need for special action to protect the c..."
[parser-unknown-class] "PARTHEADING", text="PART VIII—CONSTRUCTION, OPERATION AND MAINTENANCE OF WORKS"
[parser-unknown-class] "Numberedheading", text="52. Works and Measures Subject to the Agreement"
[parser-unknown-class] "subhead", text="(1) Works or measures from time to time included in a Schedule to this Agreement or authorised pu..."
[parser-unknown-class] "subpara", text="(a) in accordance with ‑"
[parser-unknown-class] "subsubpara", text="(i) the provisions of this Agreement and any State MDB Act;"
[parser-unknown-class] "subsubpara", text="(ii) the corporate plan;"
[parser-unknown-class] "subsubpara", text="(iia) the work plan; and"
[parser-unknown-class] "subsubpara", text="(iii) in respect of works—"
[parser-unknown-class] "subsubsubpara", text="(A) the asset management plan; and"
[parser-unknown-class] "subsubsubpara", text="(B) the asset agreement that relates to those works,"
[parser-unknown-class] "Indent4", text="unless determined otherwise by the Ministerial Council;"
[parser-unknown-class] "subpara", text="(b) by the Contracting Government from time to time nominated under sub‑clause 56(5) for the purp..."
[parser-unknown-class] "subhead", text="(2) A Contracting Government:"
[parser-unknown-class] "subpara", text="(a) described as a ‘Nominated Government’ in Schedule A with respect to a work; or"
[parser-unknown-class] "subpara", text="(b) nominated under the former Agreement with respect to a work,"
[parser-unknown-class] "Numberedheading", text="53. Asset Management Plan"
[parser-unknown-class] "subhead", text="(1) The Authority must, as soon as practicable after this Agreement comes into effect, prepare a ..."
[parser-unknown-class] "subhead", text="(2) The draft asset management plan must set out, for each work referred to in sub‑clause 52(1), ..."
[parser-unknown-class] "subhead", text="(3) The Authority must provide the draft asset management plan to the Committee."
[parser-unknown-class] "subhead", text="(4) After considering the draft asset management plan, the Committee must submit the draft plan a..."
[parser-unknown-class] "subhead", text="(5) After receiving the draft plan and the advice of the Committee, the Ministerial Council may:"
[parser-unknown-class] "subpara", text="(a) approve the plan with or without amendment; or"
[parser-unknown-class] "subpara", text="(b) refer the plan back to the Authority for further consideration."
[parser-unknown-class] "subhead", text="(6) The Committee must monitor the implementation of the asset management plan and may advise the..."
[parser-unknown-class] "subhead", text="(7) The Authority must review the asset management plan annually."
[parser-unknown-class] "subhead", text="(8) The Authority:"
[parser-unknown-class] "subpara", text="(a) may prepare a draft amendment to the asset management plan as a consequence of the annual rev..."
[parser-unknown-class] "subpara", text="(b) must prepare a draft amendment to the asset management plan—"
[parser-unknown-class] "subsubpara", text="(i) in respect of each new work authorised under clause 56; and"
[parser-unknown-class] "subsubpara", text="(ii) if the Committee recommends an amendment to the plan."
[parser-unknown-class] "subhead", text="(9) Sub‑clauses (3), (4) and (5) apply to a draft amendment as if it were a draft asset managemen..."
[parser-unknown-class] "Numberedheading", text="54. Control and Management of RMO assets"
[parser-unknown-class] "subhead", text="(1) RMO assets are not under the ownership or control of the Authority; however, the Authority ma..."
[parser-unknown-class] "subhead", text="(2) RMO assets are controlled jointly by the Commonwealth Government and the Governments of South..."
[parser-unknown-class] "subhead", text="(3) The asset controlling governments agree that the Authority is to manage the RMO assets on beh..."
[parser-unknown-class] "subhead", text="(4) For the purposes of this clause, the Authority must maintain books of account and records in ..."
[parser-unknown-class] "subhead", text="(5) Without limiting sub‑clause (4), books of account maintained by the Authority for the purpose..."
[parser-unknown-class] "subpara", text="(a) be maintained separately from the accounts required to be kept by the Authority for the purpo..."
[parser-unknown-class] "subpara", text="(b) include an asset register and asset revaluations;"
[parser-unknown-class] "subpara", text="(c) be made available to an asset controlling government upon request."
[parser-unknown-class] "subhead", text="(6) The Authority must report on the books of account in the manner and at the times specified in..."
[parser-unknown-class] "subhead", text="(7) The books of account maintained by the Authority for purposes of sub‑clause (4) will be audit..."
[parser-unknown-class] "Numberedheading", text="55. Asset Agreement"
[parser-unknown-class] "subhead", text="(1) The Authority must as soon as practicable after this Agreement comes into effect make an asse..."
[parser-unknown-class] "subhead", text="(2) The asset agreement must include provisions about accounting for, reporting on and managing t..."
[parser-unknown-class] "subhead", text="(3) The asset agreement must not be inconsistent with any provision of this Agreement."
[parser-unknown-class] "subhead", text="(4) The asset agreement may be reviewed and amended by agreement between the parties."
[parser-unknown-class] "Default", text="Note—The Authority may also enter an agreement or an understanding with a Contracting Government ..."
[parser-unknown-class] "Numberedheading", text="56. Authorisation of Further Works or Measures"
[parser-unknown-class] "subhead", text="(1) The Ministerial Council and, subject to sub‑clause (3), the Authority, may, to promote the eq..."
[parser-unknown-class] "subpara", text="(a) the construction of any works in addition to works set out in Schedule A;"
[parser-unknown-class] "subpara", text="(b) the improvement of any works constructed under this Agreement;"
[parser-unknown-class] "subpara", text="(c) the replacement of any works constructed under this Agreement;"
[parser-unknown-class] "subpara", text="(d) work to remedy the extraordinary failure of part or all of any work constructed under this Ag..."
[parser-unknown-class] "subpara", text="(e) the implementation of any measures."
[parser-unknown-class] "subhead", text="(2) Unless the Ministerial Council decides that a work or measure is required to address an emerg..."
[parser-unknown-class] "subhead", text="(3) The Authority may authorise the execution of any work or the implementation of any measure pu..."
[parser-unknown-class] "subhead", text="(4) All provisions of this Agreement apply mutatis mutandis to any work or measure approved under..."
[parser-unknown-class] "subhead", text="(5) When any work or measure is authorised pursuant to this clause the Ministerial Council, the A..."
[parser-unknown-class] "subpara", text="(a) the construction, operation and maintenance of such work; or"
[parser-unknown-class] "subpara", text="(b) the implementation of such measure,"
[parser-unknown-class] "Default", text="in whole or in part."
[parser-unknown-class] "subhead", text="(6) The Ministerial Council may:"
[parser-unknown-class] "subpara", text="(a) resolve to include any works or measures authorised pursuant to sub‑clause (1) in a Schedule ..."
[parser-unknown-class] "subpara", text="(b) approve any Schedule prepared or amended pursuant to paragraph (a)."
[parser-unknown-class] "subhead", text="(7) When a Schedule is approved by the Ministerial Council under paragraph (6)(b) it:"
[parser-unknown-class] "subpara", text="(a) becomes part of the Agreement; and"
[parser-unknown-class] "subpara", text="(b) takes effect as provided for in sub‑clause 5(2)."
[parser-unknown-class] "Numberedheading", text="57. Ancillary, Preventative and Remedial Works"
[parser-unknown-class] "subpara", text="(a) the construction, operation or maintenance of‑"
[parser-unknown-class] "subsubpara", text="(i) any works of a Contracting Government ancillary to the works constructed pursuant to this Agr..."
[parser-unknown-class] "subsubpara", text="(ii) any preventative or remedial works of a Contracting Government necessitated by, or arising f..."
[parser-unknown-class] "subpara", text="(b) the acquisition by a Contracting Government of any interest in land necessary for the constru..."
[parser-unknown-class] "subpara", text="(c) remedying any actual or anticipated damage or injury occasioned by the construction, operatio..."
[parser-unknown-class] "Numberedheading", text="58. Preparation and Submission of Designs etc of Works for Authority Approval."
[parser-unknown-class] "subhead", text="(1) A Contracting Government nominated to construct a work pursuant to this Agreement must submit..."
[parser-unknown-class] "subhead", text="(2) Before beginning to construct that work, the Contracting Government must submit designs, spec..."
[parser-unknown-class] "subhead", text="(3) The Authority may approve the general scheme, designs, specifications or estimates with or wi..."
[parser-unknown-class] "subhead", text="(4) The Contracting Government must carry out an authorised work in accordance with:"
[parser-unknown-class] "subpara", text="(a) the designs and specifications approved by the Authority; and"
[parser-unknown-class] "subpara", text="(b) any directions given by the Authority pursuant to clause 61."
[parser-unknown-class] "Numberedheading", text="59. Submission of Details of Measures for Authority Approval"
[parser-unknown-class] "subhead", text="(1) A Contracting Government nominated to implement any measure pursuant to this Agreement:"
[parser-unknown-class] "subpara", text="(a) must submit ‑"
[parser-unknown-class] "subsubpara", text="(i) a general description of the measure and of the method of implementing it; and"
[parser-unknown-class] "subsubpara", text="(ii) the estimated cost of implementing the measure,"
[parser-unknown-class] "subsubpara", text="to the Authority for its approval; and"
[parser-unknown-class] "subpara", text="(b) must submit proposed arrangements for sharing the costs of implementing the measure among the..."
[parser-unknown-class] "subhead", text="(2) The Contracting Government must implement an authorised measure in accordance with:"
[parser-unknown-class] "subpara", text="(a) those matters approved by the Authority under sub‑clause (1);"
[parser-unknown-class] "subpara", text="(b) any directions given by the Authority pursuant to clause 61."
[parser-unknown-class] "Numberedheading", text="60. Authority Approval of Certain Tenders"
[parser-unknown-class] "subhead", text="(1) All works constructed under this Agreement for an amount exceeding $2,000,000 or such other h..."
[parser-unknown-class] "subhead", text="(2) A Constructing Authority must obtain the approval of the Authority before accepting any tende..."
[parser-unknown-class] "subhead", text="(3) If the concept or design of any work or measure or any changes thereto cause the total estima..."
[parser-unknown-class] "subpara", text="(a) immediately notify the Ministerial Council; and"
[parser-unknown-class] "subpara", text="(b) if the Ministerial Council does not agree that the work or measure should proceed within one ..."
[parser-unknown-class] "Numberedheading", text="61. Directions for the Efficient Construction etc of Works"
[parser-unknown-class] "subhead", text="(1) The Authority may give directions, as required to give effect to the work plan and asset mana..."
[parser-unknown-class] "subpara", text="(a) the efficient construction, operation, maintenance and required performance of any work; and"
[parser-unknown-class] "subpara", text="(b) the efficient implementation of any measures,"
[parser-unknown-class] "subhead", text="authorised pursuant to this or the former Agreement."
[parser-unknown-class] "subhead", text="(2) A Constructing Authority must give effect to any directions given to it by the Authority unde..."
[parser-unknown-class] "subhead", text="(3) The Authority may direct:"
[parser-unknown-class] "subpara", text="(a) if necessary, what shall be regarded as:"
[parser-unknown-class] "subsubpara", text="(i) investigations, construction and administration; or"
[parser-unknown-class] "subsubpara", text="(ii) major or cyclic maintenance; or"
[parser-unknown-class] "subsubpara", text="(iii) operation and maintenance,"
[parser-unknown-class] "subsubpara", text="for the purpose of clause 71; and"
[parser-unknown-class] "subpara", text="(b) the doing of such acts or things as it considers necessary to ensure that the provisions of t..."
[parser-unknown-class] "subhead", text="(4) In exercising its power under paragraph (3)(a), the Authority must not direct that any of the..."
[parser-unknown-class] "subpara", text="(a) the execution of any improvement to the design or function of any existing work;"
[parser-unknown-class] "subpara", text="(b) the replacement of the whole of any existing work;"
[parser-unknown-class] "subpara", text="(c) work to remedy the extraordinary failure of part or all of any existing work."
[parser-unknown-class] "Numberedheading", text="62. States to Facilitate Construction and Operation Within Their Territories"
[parser-unknown-class] "subpara", text="(a) the construction, operation or maintenance of any works;"
[parser-unknown-class] "subpara", text="(b) the implementation of any measures; or"
[parser-unknown-class] "subpara", text="(c) the carrying out of any operation,"
[parser-unknown-class] "Numberedheading", text="63. Works for Benefit of State Contracting Governments"
[parser-unknown-class] "subhead", text="(1) Any State Contracting Government which, either alone or jointly with another Contracting Gove..."
[parser-unknown-class] "subhead", text="(2) Sub‑clause (1) does not apply to the Great Darling Anabranch."
[parser-unknown-class] "subhead", text="(3) The Authority may approve the plans of the proposed work with or without alteration."
[parser-unknown-class] "subhead", text="(4) The Authority may from time to time stipulate conditions for the operation of any work constr..."
[parser-unknown-class] "subpara", text="(a) provides for the storage of water; or"
[parser-unknown-class] "subpara", text="(b) will affect the flow, use, control or quality of the water of the River Murray,"
[parser-unknown-class] "subhead", text="in so far as that operation may affect regulation of the flow or the quality of the water."
[parser-unknown-class] "subhead", text="(5) The cost of constructing, operating and maintaining works proposed pursuant to this clause mu..."
[parser-unknown-class] "subpara", text="(a) the State Contracting Government proposing the work; or"
[parser-unknown-class] "subpara", text="(b) the Contracting Governments jointly proposing the work in such proportion as may be agreed be..."
[parser-unknown-class] "subhead", text="(6) A State Contracting Government must operate any work carried out pursuant to this clause in s..."
[parser-unknown-class] "Numberedheading", text="64. Declaration that Works or Measures are Effective"
[parser-unknown-class] "Numberedheading", text="65. Maintenance of Works"
[parser-unknown-class] "Numberedheading", text="66. Procedures for Operation of Works"
[parser-unknown-class] "Numberedheading", text="67. Dredging and Snagging"
[parser-unknown-class] "subhead", text="(1) The Authority may, to the extent provided for in the work plan or in an emergency, from time ..."
[parser-unknown-class] "subhead", text="(2) The distance determined pursuant to sub‑clause (1) must not exceed the distance to which the ..."
[parser-unknown-class] "subhead", text="(3) The Contracting Government which constructed the weir must carry out the Authority’s directio..."
[parser-unknown-class] "Numberedheading", text="68. Operation of Works"
[parser-unknown-class] "subhead", text="(1) The Contracting Government nominated to operate a work pursuant to paragraph 52(1)(b) must:"
[parser-unknown-class] "subpara", text="(a) operate it in accordance with any procedures determined by the Authority under clause 66;"
[parser-unknown-class] "subpara", text="(b) if the work is a lock, maintain immediately downstream of the lock such depth of water ‑"
[parser-unknown-class] "subsubpara", text="(i) as is sufficient for navigation of vessels drawing 1.4 metres of water; or"
[parser-unknown-class] "subsubpara", text="(ii) such other depth determined by the Authority under clause 124,"
[parser-unknown-class] "Indent3", text="except when the lock is closed for maintenance or when there is an emergency."
[parser-unknown-class] "subhead", text="(2) Paragraph (1)(b) does not apply to Weir and Lock No.26 Torrumbarry nor to Weir and Lock No.15..."
[parser-unknown-class] "Numberedheading", text="69. Performance of Joint Duties"
[parser-unknown-class] "subpara", text="(a) by mutual agreement; or"
[parser-unknown-class] "subpara", text="(b) if agreement is not possible, by the Authority."
[parser-unknown-class] "Numberedheading", text="70. Ineffective Works"
[parser-unknown-class] "subhead", text="(1) The Authority may at any time and in accordance with the asset management plan, or in an emer..."
[parser-unknown-class] "subhead", text="(2) The Authority may require that the whole or any part of any work declared to be ineffective b..."
[parser-unknown-class] "PARTHEADING", text="PART IX—FINANCE"
[parser-unknown-class] "Numberedheading", text="71. Definitions"
[parser-unknown-class] "subpara", text="(a) investigating and constructing works set out in Schedule A; and"
[parser-unknown-class] "subpara", text="(b) investigating and constructing any other works and implementing measures authorised under thi..."
[parser-unknown-class] "subpara", text="(c) studies, programs, surveys and investigations carried out pursuant to clause 43; and"
[parser-unknown-class] "subpara", text="(d) establishing systems referred to in clause 45; and"
[parser-unknown-class] "subpara", text="(e) systems established pursuant to a request made under paragraph 47(b); and"
[parser-unknown-class] "subpara", text="(f) special action taken under sub‑clause 51(5) which the Authority has determined to be investig..."
[parser-unknown-class] "subpara", text="(g) any payment by the Authority in respect of the construction of works under clause 57; and"
[parser-unknown-class] "subpara", text="(h) complying with the direction given under sub‑clause 60(3); and"
[parser-unknown-class] "subpara", text="(i) dismantling works referred to in sub‑clause 70(2); and"
[parser-unknown-class] "subpara", text="(j) any payment by the Authority under paragraph 138(a); and"
[parser-unknown-class] "subpara", text="(k) administrative and other expenses of the Committee, Basin Community Committee, Authority and ..."
[parser-unknown-class] "subpara", text="(a) operating and maintaining works set out in Schedule A; and"
[parser-unknown-class] "subpara", text="(b) operating and maintaining any other works authorised under this Agreement; and"
[parser-unknown-class] "subpara", text="(c) operating and maintaining systems referred to in clause 45; and"
[parser-unknown-class] "subpara", text="(d) operating and maintaining systems established pursuant to a request made under paragraph 47(b..."
[parser-unknown-class] "subpara", text="(e) special action taken under sub‑clause 51(5) which the Authority has determined to be operatio..."
[parser-unknown-class] "subpara", text="(f) any payment made by the Authority in respect of the operation or maintenance of works under c..."
[parser-unknown-class] "subpara", text="(g) such dredging or snagging carried out under clause 67 which the work plan provides will be me..."
[parser-unknown-class] "subpara", text="(h) any payment made by the Authority under paragraph 138(b)."
[parser-unknown-class] "Numberedheading", text="72. Apportionment of Costs"
[parser-unknown-class] "subhead", text="(1) The Ministerial Council, after considering any recommendation of the Authority, must determine:"
[parser-unknown-class] "subpara", text="(a) what contribution, if any, is to be made by Queensland or the Australian Capital Territory, o..."
[parser-unknown-class] "subpara", text="(b) whether some or all of that contribution is to be made as a lump sum or in a comparable manne..."
[parser-unknown-class] "subhead", text="(2) Subject to sub‑clause (1), the Ministerial Council:"
[parser-unknown-class] "subpara", text="(a) may, on the recommendation of the Authority, from time to time determine which proportion of ..."
[parser-unknown-class] "subpara", text="(b) must, at intervals not exceeding five years, reconsider the proportions determined under para..."
[parser-unknown-class] "subpara", text="(c) may, on the recommendation of the Authority, alter the proportions determined under paragraph..."
[parser-unknown-class] "subhead", text="(3) Unless the Ministerial Council decides otherwise and subject to any decision of the Ministeri..."
[parser-unknown-class] "subhead", text="(4) Unless the Ministerial Council decides otherwise and subject to any decision by the Ministeri..."
[parser-unknown-class] "subpara", text="(a) the Commonwealth Government must contribute one‑quarter of all investigations, construction a..."
[parser-unknown-class] "subsubpara", text="(i) Queensland and the Australian Capital Territory; or"
[parser-unknown-class] "subsubpara", text="(ii) any State pursuant to any understanding reached between that State and the Contracting Gover..."
[parser-unknown-class] "subpara", text="(b) the State Contracting Governments must together contribute three‑quarters of all investigatio..."
[parser-unknown-class] "subsubpara", text="(i) relating to river operations, in the relevant proportions determined under sub‑clause (2); and"
[parser-unknown-class] "subsubpara", text="(ii) relating to measures implemented under this Agreement, in equal shares."
[parser-unknown-class] "subhead", text="(5) The Ministerial Council, after considering any recommendation by the Authority, must determin..."
[parser-unknown-class] "Numberedheading", text="73. Annuity Contributions"
[parser-unknown-class] "subhead", text="(1) The Ministerial Council, on the recommendation of the Authority, may from time to time determ..."
[parser-unknown-class] "subpara", text="(a) investigations, construction and administration costs; and"
[parser-unknown-class] "subpara", text="(b) major or cyclic maintenance costs,"
[parser-unknown-class] "subhead", text="which the Contracting Government might otherwise be required to contribute under sub‑clause 72(1)..."
[parser-unknown-class] "subhead", text="(2) In fixing any annuity contribution under sub‑clause (1), the Ministerial Council must have re..."
[parser-unknown-class] "subpara", text="(a) the construction or renewal; and"
[parser-unknown-class] "subpara", text="(b) major or cyclic maintenance,"
[parser-unknown-class] "subhead", text="of works constructed, operated, maintained or renewed for the purposes of river operations (as th..."
[parser-unknown-class] "subhead", text="(3) For the purposes of this Part, the Authority must establish guidelines for determining what i..."
[parser-unknown-class] "Numberedheading", text="74. Annual and forward estimates"
[parser-unknown-class] "subhead", text="(1) The Authority must prepare:"
[parser-unknown-class] "subpara", text="(a) detailed annual estimates of its known and anticipated expenditure for the next financial yea..."
[parser-unknown-class] "subpara", text="(b) forward estimates of its known and anticipated expenditure for the three successive financial..."
[parser-unknown-class] "subhead", text="(2) Annual and forward estimates must:"
[parser-unknown-class] "subpara", text="(a) show the estimated amount to be contributed by each Contracting Government; and"
[parser-unknown-class] "subpara", text="(b) be sent to each Contracting Government as soon as practicable in each year; and"
[parser-unknown-class] "subpara", text="(c) be included in the work plan for approval by the Ministerial Council."
[parser-unknown-class] "subhead", text="(3) Annual and forward estimates may be amended by amendments to the work plan as provided in cla..."
[parser-unknown-class] "Default", text="Note—the Contracting Governments note their agreement of May 2006 to at least maintain their 2006..."
[parser-unknown-class] "Numberedheading", text="75. Payments by Contracting Governments"
[parser-unknown-class] "Numberedheading", text="76. Authority to Account"
[parser-unknown-class] "subhead", text="(1) All moneys received by the Authority from the Contracting Governments under this Agreement mu..."
[parser-unknown-class] "subhead", text="(2) The Authority must account to the Ministerial Council and each Contracting Government for all..."
[parser-unknown-class] "Numberedheading", text="77. Application of Moneys by Authority"
[parser-unknown-class] "subhead", text="(1) Subject to sub‑clause (3), the Authority must apply money paid by the Contracting Governments..."
[parser-unknown-class] "subhead", text="(2) In any financial year, the Authority may:"
[parser-unknown-class] "subpara", text="(a) spend any anticipated savings on an item in the estimates prepared or revised under paragraph..."
[parser-unknown-class] "subpara", text="(b) advance sums to any Constructing Authority, public authority or person for expenditure in acc..."
[parser-unknown-class] "subpara", text="(c) advance working capital to a Constructing Authority and replenish amounts expended from that ..."
[parser-unknown-class] "subhead", text="(3) The Authority may accumulate:"
[parser-unknown-class] "subpara", text="(a) any sums received under sub‑clause 72(3) or (4) for the purposes of river operations, but not..."
[parser-unknown-class] "subpara", text="(b) any annuity contributions received under clause 73,"
[parser-unknown-class] "subhead", text="for use in subsequent years."
[parser-unknown-class] "subhead", text="(4) Any sum referred to in sub‑clause (3) and any interest thereon must:"
[parser-unknown-class] "subpara", text="(a) in the case of sums received under sub‑clause 72(3), only be expended on operation and mainte..."
[parser-unknown-class] "subpara", text="(b) in the case of sums received under sub‑clause 72(4), only be expended on investigations, cons..."
[parser-unknown-class] "subpara", text="(c) in the case of annuity contributions received under clause 73:"
[parser-unknown-class] "subsubpara", text="(i) from a State Contracting Government, only be expended on either:"
[parser-unknown-class] "subsubsubpara", text="(A) investigations, construction and administration costs; or"
[parser-unknown-class] "subsubsubpara", text="(B) major or cyclic maintenance costs,"
[parser-unknown-class] "Indent4", text="of river operations, as the case requires; or"
[parser-unknown-class] "subsubpara", text="(ii) from the Commonwealth, only be expended on investigations, construction and administration c..."
[parser-unknown-class] "Numberedheading", text="78. Payments by Authority to Constructing Authorities"
[parser-unknown-class] "subhead", text="(1) The Authority must each year, and in accordance with the estimates referred to in paragraph 7..."
[parser-unknown-class] "subpara", text="(a) to construct, operate or maintain any works;"
[parser-unknown-class] "subpara", text="(b) to carry on any operation;"
[parser-unknown-class] "subpara", text="(c) to implement any measures,"
[parser-unknown-class] "subhead", text="an amount sufficient to defray either ‑"
[parser-unknown-class] "subpara", text="(d) the whole cost; or"
[parser-unknown-class] "subpara", text="(e) in the case of the cost referred to in paragraph 138(b), three quarters of the cost,"
[parser-unknown-class] "subhead", text="to be incurred by the Constructing Authority for those purposes in that year."
[parser-unknown-class] "subhead", text="(2) The Authority must make the payments required under sub‑clause (1) at such times and in such ..."
[parser-unknown-class] "subhead", text="(3) The Authority must not make any payment relating to the construction of any works or implemen..."
[parser-unknown-class] "Numberedheading", text="79. Contracting Governments to Account"
[parser-unknown-class] "Numberedheading", text="80. Unexpended Balances"
[parser-unknown-class] "subhead", text="(1) Any unexpended balance of moneys paid to the Authority by Contracting Governments must only b..."
[parser-unknown-class] "subhead", text="(2) The Authority must notify Contracting Governments of any unexpended balances of moneys referr..."
[parser-unknown-class] "Numberedheading", text="81. List of Assets"
[parser-unknown-class] "subhead", text="(1) Except as provided in sub‑clause (2) the Authority must keep a list of assets acquired by:"
[parser-unknown-class] "subpara", text="(a) the Authority;"
[parser-unknown-class] "subpara", text="(b) a Constructing Authority with funds provided by the Authority."
[parser-unknown-class] "subhead", text="(2) The Authority need not keep a list of assets referred to in paragraph (1)(b) if it is satisfi..."
[parser-unknown-class] "subpara", text="(a) proper records of those assets are kept by the Constructing Authority; and"
[parser-unknown-class] "subpara", text="(b) copies of those records will be provided to the Authority at its request."
[parser-unknown-class] "Numberedheading", text="82. Disposal of Surplus Assets"
[parser-unknown-class] "subhead", text="(1) The Authority may, with the approval of the Committee, direct when and how surplus assets acq..."
[parser-unknown-class] "subhead", text="(2) Subject to sub‑clause (3), the Committee must determine how proceeds from the disposal of sur..."
[parser-unknown-class] "subpara", text="(a) to be paid to the Authority and credited against future capital and renewal contributions by; or"
[parser-unknown-class] "subpara", text="(b) to be distributed among,"
[parser-unknown-class] "subhead", text="the Contracting Governments, having regard to the contributions made by each Contracting Governme..."
[parser-unknown-class] "subhead", text="(3) A determination under sub‑clause (2) that relates to RMO assets must be consistent with the a..."
[parser-unknown-class] "Numberedheading", text="83. Revenue"
[parser-unknown-class] "subhead", text="(1) Any money received by a Contracting Government or a public authority from the use of works su..."
[parser-unknown-class] "subhead", text="(2) The Authority may provide and charge for goods and services incidental to its functions which..."
[parser-unknown-class] "subhead", text="(3) Money paid to the Authority under this clause must either:"
[parser-unknown-class] "subpara", text="(a) be expended on investigations, construction and administration costs; or"
[parser-unknown-class] "subpara", text="(b) applied in accordance with sub‑clause 80(1)."
[parser-unknown-class] "Numberedheading", text="84. Compensation for Damage by Works"
[parser-unknown-class] "subpara", text="(a) caused or arising from anything done by it in constructing, operating or maintaining any work..."
[parser-unknown-class] "subpara", text="(b) which has not been met or contributed to by the Authority under paragraph 57(c)."
[parser-unknown-class] "PARTHEADING", text="PART X—REPORTS"
[parser-unknown-class] "Numberedheading", text="85. Preparation of Reports"
[parser-unknown-class] "PARTHEADING", text="PART XI—PROCEEDINGS IN DEFAULT"
[parser-unknown-class] "Numberedheading", text="86. Failure to Perform Works or Contribute Cost"
[parser-unknown-class] "subhead", text="(1) The Authority must immediately notify the Committee, the Ministerial Council and each other C..."
[parser-unknown-class] "subpara", text="(a) do anything in relation to any works or measures; or"
[parser-unknown-class] "subpara", text="(b) pay any money to the Authority,"
[parser-unknown-class] "subhead", text="which it is obliged to do or pay under this Agreement."
[parser-unknown-class] "subhead", text="(2) The Authority may, in consultation with the Committee, authorise one or more of the Contracti..."
[parser-unknown-class] "subpara", text="(a) the construction, operation or maintenance of any works;"
[parser-unknown-class] "subpara", text="(b) the carrying on of any operation; and"
[parser-unknown-class] "subpara", text="(c) the implementation of any measures."
[parser-unknown-class] "subhead", text="(3) A Contracting Government authorised by the Authority under sub‑clause (2):"
[parser-unknown-class] "subpara", text="(a) may enter the territory of the defaulting Contracting Government to do whatever it has been a..."
[parser-unknown-class] "subpara", text="(b) shall be deemed to have all powers, licences and permissions as are required from the default..."
[parser-unknown-class] "subpara", text="(c) shall be deemed to have all the rights and powers of a Constructing Authority, including the ..."
[parser-unknown-class] "subpara", text="(d) may, in a court of competent jurisdiction, recover, as a debt due from the defaulting Contrac..."
[parser-unknown-class] "subhead", text="(4) A defaulting Contracting Government shall once more be deemed to be the Constructing Authorit..."
[parser-unknown-class] "subpara", text="(a) any failure referred to in paragraph (1)(a) has been made good; and"
[parser-unknown-class] "subpara", text="(b) it has paid all money payable by it under paragraph (3)(d)."
[parser-unknown-class] "subhead", text="(5) Unless the Authority, in consultation with the Committee, decides otherwise in any particular..."
[parser-unknown-class] "subhead", text="(6) Any other Contracting Government:"
[parser-unknown-class] "subpara", text="(a) may pay the outstanding balance owed by a Contracting Government under clause 75, together wi..."
[parser-unknown-class] "subpara", text="(b) may recover the amount so paid in a court of competent jurisdiction as a debt due from the de..."
[parser-unknown-class] "subhead", text="(7) Any interest payable under this clause shall be calculated from the due date to the date of a..."
[parser-unknown-class] "PARTHEADING", text="PART XII—DISTRIBUTION OF WATERS"
[parser-unknown-class] "Default", text="Note—clause 29 requires the Authority to act in accordance with clause 30 (objectives and outcome..."
[parser-unknown-class] "SMALLPARTHEADING", text="DIVISION 1—TIER 1 DISTRIBUTION OF WATERS"
[parser-unknown-class] "Sub-division", text="SUBDIVISION A—APPLICATION OF DIVISION 1"
[parser-unknown-class] "Numberedheading", text="87. Application of Division 1"
[parser-unknown-class] "subpara", text="(a) the provisions of Divisions 2 and 3 of this Part; and"
[parser-unknown-class] "subpara", text="(b) the provisions of Subdivision F of this Division."
[parser-unknown-class] "Sub-division", text="SUBDIVISION B—STATE ENTITLEMENTS TO WATER"
[parser-unknown-class] "Numberedheading", text="88. South Australia’s Monthly Entitlement"
[parser-unknown-class] "subpara", text="(a) the following monthly quantities of River Murray water ‑"
[parser-unknown-class] "Default", text="July........................50 500 megalitres"
[parser-unknown-class] "Default", text="August......................66 000 megalitres"
[parser-unknown-class] "Default", text="September....................77 000 megalitres"
[parser-unknown-class] "Default", text="October.....................112 500 megalitres"
[parser-unknown-class] "Default", text="November...................122 000 megalitres"
[parser-unknown-class] "Default", text="December...................159 000 megalitres"
[parser-unknown-class] "Default", text="January.....................159 000 megalitres"
[parser-unknown-class] "Default", text="February....................136 000 megalitres"
[parser-unknown-class] "Default", text="March......................128 000 megalitres"
[parser-unknown-class] "Default", text="April........................77 000 megalitres"
[parser-unknown-class] "Default", text="May........................35 000 megalitres"
[parser-unknown-class] "Default", text="June........................32 000 megalitres"
[parser-unknown-class] "Default", text="except as provided in clause 128; and"
[parser-unknown-class] "subpara", text="(b) 58,000 megalitres per month for dilution and losses, unless the Ministerial Council determine..."
[parser-unknown-class] "subpara", text="(c) such additional quantities for dilution as the Ministerial Council determines from time to time."
[parser-unknown-class] "Numberedheading", text="88A Use of allowance for dilution and losses"
[parser-unknown-class] "subhead", text="(1) This clause applies if the Authority, under subparagraph 102 (c) (i), determines that the wat..."
[parser-unknown-class] "subpara", text="(a) the volume mentioned in paragraph 88 (b); and"
[parser-unknown-class] "subpara", text="(b) the volume determined under subclause 102A (2) that is attributable to South Australia."
[parser-unknown-class] "subhead", text="(2) Despite paragraph 88 (b), South Australia may use, for purposes other than meeting dilution a..."
[parser-unknown-class] "subpara", text="(a) up to 2% of the volume South Australia is entitled to receive in a year under paragraph 88 (b..."
[parser-unknown-class] "subpara", text="(b) another percentage determined by the Ministerial Council."
[parser-unknown-class] "Numberedheading", text="89. Measurement of South Australia’s Entitlement"
[parser-unknown-class] "subhead", text="(1) Each month South Australia is deemed to receive the sum of the water flowing in that month in:"
[parser-unknown-class] "subpara", text="(a) the River Murray between the confluences of the Rufus and Lindsay Rivers with the River Murra..."
[parser-unknown-class] "subpara", text="(b) the Lindsay River near its confluence with the River Murray."
[parser-unknown-class] "subhead", text="(2) The Authority must determine the flows referred to in sub‑clause (1) in such manner as it see..."
[parser-unknown-class] "Numberedheading", text="90 Variation of South Australia’s Entitlement"
[parser-unknown-class] "subpara", text="(a) under clause 88, without increasing the total of those quantities for that sequence; or"
[parser-unknown-class] "subpara", text="(b) in order to store or deliver deferred water to South Australia."
[parser-unknown-class] "Numberedheading", text="91. South Australia’s Storage Right"
[parser-unknown-class] "subhead", text="(1) South Australia may store any part of its entitlement under clause 88 (as adjusted for inters..."
[parser-unknown-class] "subhead", text="(2) South Australia may store any part of its entitlement under clause 88 (as adjusted for inters..."
[parser-unknown-class] "subhead", text="(2A) In calculating monthly quantities under paragraph 88 (a), any part of South Australia’s enti..."
[parser-unknown-class] "subhead", text="(3) During the period before a Schedule is made under Subdivision F of Division 1 of this Part, t..."
[parser-unknown-class] "Numberedheading", text="92. Use of Lake Victoria"
[parser-unknown-class] "subpara", text="(a) the quantities which South Australia is entitled to receive in that month under clause 88 or 90;"
[parser-unknown-class] "subpara", text="(b) any quantities which, in the opinion of the Authority, ought to be and can be impounded in La..."
[parser-unknown-class] "subpara", text="(c) any quantities required for use by New South Wales and Victoria, downstream of the junction o..."
[parser-unknown-class] "Default", text="South Australia may receive that excess in addition to the quantity of water which it is entitled..."
[parser-unknown-class] "Numberedheading", text="93. Surplus Flow to South Australia"
[parser-unknown-class] "Numberedheading", text="94. Entitlements of New South Wales and Victoria"
[parser-unknown-class] "subhead", text="(1) Except as otherwise expressly provided in Subdivision D of this Division and subject to South..."
[parser-unknown-class] "subpara", text="(a) all the water in tributaries of the upper River Murray downstream of Doctors Point within its..."
[parser-unknown-class] "subpara", text="(b) half the natural flow at Doctors Point;"
[parser-unknown-class] "subpara", text="(c) half the water entering the Menindee Lakes from the Darling River, subject to the prior entit..."
[parser-unknown-class] "subpara", text="(d) subject to paragraph (1)(c), an amount of water from the upper River Murray equivalent to any..."
[parser-unknown-class] "subpara", text="(e) half the volume of water calculated in accordance with clause 8 of Schedule F."
[parser-unknown-class] "subhead", text="(2) Entitlements under sub‑clause (1) shall not be affected by the declaration of a period of spe..."
[parser-unknown-class] "Numberedheading", text="95. New South Wales’ Entitlement to Water from Menindee Lakes"
[parser-unknown-class] "subhead", text="(1) Whenever water in the Menindee Lakes Storage falls below 480 000 megalitres, New South Wales ..."
[parser-unknown-class] "subhead", text="(2) Whenever sub‑clause (1) does not apply, New South Wales may:"
[parser-unknown-class] "subpara", text="(a) divert from ‑"
[parser-unknown-class] "subsubpara", text="(i) the Menindee Lakes Storage; or"
[parser-unknown-class] "subsubpara", text="(ii) the Darling River below the Menindee Lakes Storage; or"
[parser-unknown-class] "subsubpara", text="(iii) the River Murray, below its junction with the Darling River; or"
[parser-unknown-class] "subpara", text="(b) release from the Cawndilla outlet regulator,"
[parser-unknown-class] "subhead", text="a total of up to 100,000 megalitres in any 12 month period commencing on 1 April."
[parser-unknown-class] "subhead", text="(3) Whenever the Ministerial Council determines that:"
[parser-unknown-class] "subpara", text="(a) releases from the Menindee Lakes Storage exceed the water required for storage in Lake Victor..."
[parser-unknown-class] "subpara", text="(b) water in the Menindee Lakes Storage exceeds 1 680 000 megalitres and the amount of the excess..."
[parser-unknown-class] "subhead", text="any of that water used by New South Wales or released to provide for the retention of floodwaters..."
[parser-unknown-class] "Numberedheading", text="96. New South Wales’ and Victoria’s Supply to South Australia"
[parser-unknown-class] "Numberedheading", text="97 Limitations on use by New South Wales and Victoria"
[parser-unknown-class] "subpara", text="(a) deferred water stored under Schedule G, except as provided in that Schedule; or"
[parser-unknown-class] "subpara", text="(b) water from the upper River Murray to an extent which may result in the total volume of water ..."
[parser-unknown-class] "Sub-division", text="SUBDIVISION C—CONTROL BY AUTHORITY"
[parser-unknown-class] "Numberedheading", text="98. Authority’s Role in Operation of Storages"
[parser-unknown-class] "subhead", text="(1) The Authority may give directions for the release of water from upper River Murray storages a..."
[parser-unknown-class] "subhead", text="(2) The Authority may give directions under sub‑clause (1) in the form of standing procedures, wh..."
[parser-unknown-class] "subhead", text="(3) In giving directions under this clause the Authority must have regard to ‑"
[parser-unknown-class] "subpara", text="(i) maintaining supply to South Australia of the quantities of water which that State is entitled..."
[parser-unknown-class] "subpara", text="(ii) facilitating the exercise by South Australia of its right under clause 91, including the del..."
[parser-unknown-class] "subpara", text="(iii) maintaining a minimum reserve of water as provided for in clause 103; and"
[parser-unknown-class] "subpara", text="(iv) facilitating the exercise by New South Wales and Victoria of their respective rights to use ..."
[parser-unknown-class] "subhead", text="(4) In giving directions under this clause the Authority may also have regard to ‑"
[parser-unknown-class] "subpara", text="(i) the improvement or maintenance of water quality in the River Murray (including the upper Rive..."
[parser-unknown-class] "subpara", text="(ii) other water management and environmental objectives consistent with this Agreement."
[parser-unknown-class] "Numberedheading", text="99. Limitation on Menindee Lakes Operation"
[parser-unknown-class] "subhead", text="(1) The Authority must not direct that water be released from Menindee Lakes Storage after its vo..."
[parser-unknown-class] "subhead", text="(2) Subject to sub‑clause (1), the Committee may, by majority vote, require the Authority to dire..."
[parser-unknown-class] "Numberedheading", text="100. Procedures for Dartmouth Dam Operation"
[parser-unknown-class] "Numberedheading", text="101. Water Estimated to be Under the Control of the Authority"
[parser-unknown-class] "subpara", text="(a) water stored in the Hume and Dartmouth Reservoirs above their minimum operating levels;"
[parser-unknown-class] "subpara", text="(b) water stored in Lake Victoria above its minimum operating level;"
[parser-unknown-class] "subpara", text="(c) water available for release from the Menindee Lakes Storage at the direction of the Authority..."
[parser-unknown-class] "subpara", text="(d) the estimated natural flow of the River Murray at Doctors Point before the end of the followi..."
[parser-unknown-class] "subpara", text="(e) water calculated in accordance with clause 9 of Schedule F;"
[parser-unknown-class] "subpara", text="(f) the difference between the estimated amount of water in transit in the upper River Murray and..."
[parser-unknown-class] "Numberedheading", text="102. Available Water"
[parser-unknown-class] "subpara", text="(a) determine the minimum amount of water estimated to be under the control of the Authority;"
[parser-unknown-class] "subpara", text="(b) determine the allowance to be made until the end of the following May for ‑"
[parser-unknown-class] "subsubpara", text="(i) losses by evaporation and other means in the upper River Murray; and"
[parser-unknown-class] "subsubpara", text="(ii) the entitlements of South Australia under paragraphs 88(b) and 88(c);"
[parser-unknown-class] "subpara", text="(ba) determine the allowance to be made for water deferred under clause 91;"
[parser-unknown-class] "subpara", text="(c) having regard to its determinations under paragraphs (a), (b) and (ba), determine the water a..."
[parser-unknown-class] "subsubpara", text="(i) for distribution to New South Wales, Victoria and South Australia (including water to meet cr..."
[parser-unknown-class] "subsubpara", text="(ii) for holding in reserve at the end of the following May."
[parser-unknown-class] "Numberedheading", text="102A Critical Human Water Needs"
[parser-unknown-class] "subhead", text="(1) Each year the Authority must, before the end of the following May, determine an initial requi..."
[parser-unknown-class] "subhead", text="(2) For subclause (1), the initial requirement for distribution among New South Wales, Victoria a..."
[parser-unknown-class] "subpara", text="(a) before the Basin Plan takes effect—351 000 megalitres; and"
[parser-unknown-class] "subpara", text="(b) after the Basin Plan takes effect—the sum of the amounts determined for New South Wales, Vict..."
[parser-unknown-class] "Numberedheading", text="102B Setting aside water for Critical Human Water Needs"
[parser-unknown-class] "subhead", text="(1) By 31 May in each year, New South Wales, Victoria and South Australia must each tell the Auth..."
[parser-unknown-class] "subhead", text="(2) Within 21 days after receiving information from a State under subclause (1), or a longer time..."
[parser-unknown-class] "subhead", text="(3) If the Authority is not satisfied that the information given by a State is correct, it must t..."
[parser-unknown-class] "subhead", text="(4) If the State and the Authority fail to agree whether any, and if so what, correction is requi..."
[parser-unknown-class] "Numberedheading", text="102C Need for advances"
[parser-unknown-class] "subhead", text="(1) From time to time during each year the Authority must, after allowing for the volume of curre..."
[parser-unknown-class] "subhead", text="(2) If the Authority determines that a State does not have sufficient water available for subclau..."
[parser-unknown-class] "subpara", text="(a) its estimate of the shortfall; and"
[parser-unknown-class] "subpara", text="(b) which State or States are appropriate to advance water towards meeting the shortfall; and"
[parser-unknown-class] "subpara", text="(c) the volume of the advance required from the State or States for the purpose."
[parser-unknown-class] "subhead", text="(3) The Committee may determine whether an advance is required from one or more of the States to ..."
[parser-unknown-class] "subhead", text="(4) If the Committee determines that an advance to a State is required under subclause (3), the A..."
[parser-unknown-class] "subpara", text="(a) increase the water available for distribution to that State by the volume of the advance dete..."
[parser-unknown-class] "subpara", text="(b) decrease the water available for distribution to the other States by the same volume."
[parser-unknown-class] "Numberedheading", text="102D Conveyance Reserve"
[parser-unknown-class] "subhead", text="(1) At intervals no greater than once every 2 months, the Authority must determine the conveyance..."
[parser-unknown-class] "subhead", text="(2) The conveyance reserve is the lesser of:"
[parser-unknown-class] "subpara", text="(a) the following:"
[parser-unknown-class] "subsubpara", text="(i) before the Basin Plan takes effect—225 000 megalitres; and"
[parser-unknown-class] "subsubpara", text="(ii) after the Basin Plan takes effect—the volume determined in accordance with the Basin Plan; and"
[parser-unknown-class] "subpara", text="(b) the volume for distribution determined under paragraph 102 (c)"
[parser-unknown-class] "Indent2", text="less"
[parser-unknown-class] "Indent2", text="the volume of critical human water needs determined under subclause 102A (1)"
[parser-unknown-class] "Indent2", text="plus the following:"
[parser-unknown-class] "subsubpara", text="(i) the Authority’s estimate of the minimum flow of water into the River Murray from the sources ..."
[parser-unknown-class] "subsubpara", text="(ii) the volume calculated under clause 8 of Schedule F;"
[parser-unknown-class] "subsubpara", text="(iii) any water stored by South Australia under subclause 91 (2)."
[parser-unknown-class] "subhead", text="(3) If the result of a calculation made under subclause (2) is less than zero, the conveyance res..."
[parser-unknown-class] "subhead", text="(4) The Authority must, from time to time, determine the contribution to be made by each of New S..."
[parser-unknown-class] "Numberedheading", text="103. Minimum Reserve"
[parser-unknown-class] "subhead", text="(1) From time to time the Authority must determine, in accordance with the formula set out in sub..."
[parser-unknown-class] "subhead", text="(2) Unless the Ministerial Council determines otherwise, the minimum reserve must be the lesser of:"
[parser-unknown-class] "subpara", text="(a) one third of the water available determined under paragraph 102 (c)"
[parser-unknown-class] "Indent2", text="less"
[parser-unknown-class] "Indent2", text="the sum of the monthly entitlements of South Australia under paragraph 88(a) up to the end of the..."
[parser-unknown-class] "Indent2", text="less"
[parser-unknown-class] "Indent2", text="one third of the conveyance reserve determined under clause 102D"
[parser-unknown-class] "Indent2", text="plus"
[parser-unknown-class] "Indent2", text="the sum of any imbalance of use during a period of special accounting calculated under clause 126..."
[parser-unknown-class] "subpara", text="(b) 835 000 megalitres."
[parser-unknown-class] "subhead", text="(3) If the minimum reserve determined under paragraph (2)(a) is less than zero, then the minimum ..."
[parser-unknown-class] "subhead", text="(4) Unless the Ministerial Council determines otherwise, the first 250,000 megalitres of any mini..."
[parser-unknown-class] "subhead", text="(5) When considering:"
[parser-unknown-class] "subpara", text="(a) whether to make a determination under either of sub‑clauses (2) or (4); and"
[parser-unknown-class] "subpara", text="(b) the substance of any determination under either of sub‑clauses (2) or (4),"
[parser-unknown-class] "subhead", text="the Ministerial Council:"
[parser-unknown-class] "subpara", text="(c) must have regard to the provisions of the Basin Plan, and in particular, to such of those pro..."
[parser-unknown-class] "subpara", text="(d) before the Basin Plan first takes effect, must take into account the requirements for conveya..."
[parser-unknown-class] "Numberedheading", text="104. Use of State Works to Convey Murray Water"
[parser-unknown-class] "Sub-division", text="SUBDIVISION D—WATER ACCOUNTING"
[parser-unknown-class] "Numberedheading", text="105. General"
[parser-unknown-class] "Numberedheading", text="106. Allocation of Water to New South Wales and Victoria"
[parser-unknown-class] "subhead", text="(1) In respect of any period:"
[parser-unknown-class] "subpara", text="(a) the natural flow of the River Murray at Doctors Point; and"
[parser-unknown-class] "subpara", text="(b) the volume of water calculated in accordance with clause 10 of Schedule F,"
[parser-unknown-class] "subhead", text="must be allocated between New South Wales and Victoria as provided in sub‑clause (2)."
[parser-unknown-class] "subhead", text="(2) The quantity of water estimated for any month in accordance with sub‑clause (1) shall be allo..."
[parser-unknown-class] "subpara", text="(a) for any of the months from May through to August inclusive, the whole quantity shall be alloc..."
[parser-unknown-class] "subpara", text="(b) for any of the months from September through to April inclusive ‑"
[parser-unknown-class] "subsubpara", text="(i) whenever Victoria is subject to a period of special accounting, the first 12,900 megalitres p..."
[parser-unknown-class] "subsubpara", text="(ii) at any other time, the first 16,700 megalitres per month (being equivalent to the ceding by ..."
[parser-unknown-class] "Indent3", text="shall be allocated to New South Wales, and the remainder shall be allocated half each to New Sout..."
[parser-unknown-class] "Numberedheading", text="107. Allocation of Water in Menindee Lake Storage"
[parser-unknown-class] "subhead", text="(1) Half the water entering the Menindee Lakes Storage from the Darling River is allocated to New..."
[parser-unknown-class] "subhead", text="(2) Of the water allocated to Victoria and stored in the Menindee Lakes Storage, Victoria must ce..."
[parser-unknown-class] "Numberedheading", text="108. Tributary Inflows"
[parser-unknown-class] "subhead", text="(1) The quantity of water which in any period enters the upper River Murray downstream of Doctors..."
[parser-unknown-class] "subhead", text="(2) The volume of water calculated in accordance with sub‑clause 11(1) of Schedule F is allocated..."
[parser-unknown-class] "subhead", text="(3) The volume of water calculated in accordance with sub‑clause 11(2) of Schedule F is allocated..."
[parser-unknown-class] "Numberedheading", text="109. Use by New South Wales and Victoria of Allocated Water"
[parser-unknown-class] "subpara", text="(a) diverted from the upper River Murray by an offtake under the jurisdiction of that State, unle..."
[parser-unknown-class] "subpara", text="(b) calculated under sub‑clause 12(1) of Schedule F, in the case of New South Wales; and"
[parser-unknown-class] "subpara", text="(c) calculated under sub‑clause 12(2) of Schedule F, in the case of Victoria."
[parser-unknown-class] "Numberedheading", text="110. Losses"
[parser-unknown-class] "subhead", text="(1) Subject to subclause (1A), any water that is lost by evaporation or other means from the uppe..."
[parser-unknown-class] "subhead", text="(1A) Any loss by evaporation, or by other means, of deferred water held in a major storage is tak..."
[parser-unknown-class] "subhead", text="(2) For subclause (1), unless otherwise determined by the Ministerial Council:"
[parser-unknown-class] "subpara", text="(a) losses attributable to evaporation from a major storage will be deemed to have been used in p..."
[parser-unknown-class] "subpara", text="(b) losses attributable to an unregulated flow in any part of the upper River Murray will be deem..."
[parser-unknown-class] "subpara", text="(c) all other losses will be deemed to have been used half each by New South Wales and Victoria."
[parser-unknown-class] "subhead", text="(3) For the purposes of this clause an “unregulated flow” means a flow which has not been planned..."
[parser-unknown-class] "Numberedheading", text="111 New South Wales’ and Victoria’s Supply to South Australia"
[parser-unknown-class] "subhead", text="(1) For the purposes of this Subdivision:"
[parser-unknown-class] "subpara", text="(a) any water supplied in any month to South Australia which it is entitled to receive in that mo..."
[parser-unknown-class] "subpara", text="(b) any water stored by South Australia under clause 91 of the Agreement is taken to be provided ..."
[parser-unknown-class] "subhead", text="(2) The Authority must make appropriate adjustments to the allocation of water to New South Wales..."
[parser-unknown-class] "Numberedheading", text="112. Commencement of Continuous Accounting of Carryover of Stored Water"
[parser-unknown-class] "Numberedheading", text="113. Reallocation of Water Between New South Wales and Victoria"
[parser-unknown-class] "subhead", text="(1) By agreement between New South Wales and Victoria, any quantity of water allocated to one of ..."
[parser-unknown-class] "subhead", text="(2) The Authority may at any time, with the consent of either New South Wales or Victoria, determ..."
[parser-unknown-class] "Numberedheading", text="114. Efficient Regulation of the River Murray"
[parser-unknown-class] "Numberedheading", text="115. Accounting Procedures"
[parser-unknown-class] "subpara", text="(a) to increase in any period by the quantity of water allocated to that State flowing into that ..."
[parser-unknown-class] "subpara", text="(b) to decrease in any period by any quantities of water ‑"
[parser-unknown-class] "subsubpara", text="(i) used by that State by way of diversion or loss from that part in that period; or"
[parser-unknown-class] "subsubpara", text="(ii) passed from that part in that period for ‑"
[parser-unknown-class] "Default", text="•   downstream use by that State,"
[parser-unknown-class] "Default", text="•   supply by that State to South Australia,"
[parser-unknown-class] "Default", text="•   conveyance to another part of the upper River Murray as water allocated to that State; or"
[parser-unknown-class] "subsubpara", text="(iii) released from that part in that period and determined under clause 122 to be a release of w..."
[parser-unknown-class] "subsubpara", text="(iv) spilled from that part in that period and deemed under clause 117 to be a spill of water all..."
[parser-unknown-class] "Numberedheading", text="116. Internal Spills"
[parser-unknown-class] "subhead", text="(1) In any major storage, water allocated either to New South Wales or Victoria must be re‑alloca..."
[parser-unknown-class] "subpara", text="(a) the target capacity of the storage; or"
[parser-unknown-class] "subpara", text="(b) the quantity of water stored when releases are being made for flood mitigation."
[parser-unknown-class] "subhead", text="(2) In Hume and Lake Victoria, “target capacity” means the capacity of the reservoir at the Full ..."
[parser-unknown-class] "subhead", text="(3) In Dartmouth “target capacity” means the lesser of:"
[parser-unknown-class] "subpara", text="(a) the capacity of the reservoir at the Full Supply Level; or"
[parser-unknown-class] "subpara", text="(b) the quantity of water stored when water is being released through the hydro‑electric power st..."
[parser-unknown-class] "subhead", text="(4) In Menindee Lakes “target capacity” means the greater of the capacity:"
[parser-unknown-class] "subpara", text="(a) at the Full Supply Level; or"
[parser-unknown-class] "subpara", text="(b) at such higher level as may be determined from time to time by the Ministerial Council."
[parser-unknown-class] "subhead", text="(5) When water in Dartmouth Reservoir is to be re‑allocated under sub‑clause (1) and there is cap..."
[parser-unknown-class] "Numberedheading", text="117. Accounting for Spill from Storages"
[parser-unknown-class] "Numberedheading", text="118. Accounting for Releases from Dartmouth Reservoir"
[parser-unknown-class] "subhead", text="(1) Whenever the storage level in Dartmouth Reservoir is above the level determined for the purpo..."
[parser-unknown-class] "subhead", text="(2) No release from Dartmouth Reservoir will be attributable to the allocation of water to New So..."
[parser-unknown-class] "subhead", text="(3) Releases from Dartmouth Reservoir other than those covered by sub‑clauses (1) and (2) will be..."
[parser-unknown-class] "Numberedheading", text="119. Accounting for Releases from Hume Reservoir"
[parser-unknown-class] "subhead", text="(1) Any release made from Hume Reservoir for the deliberate purpose of transferring water to Lake..."
[parser-unknown-class] "subhead", text="(2) Releases from Hume Reservoir other than those covered by sub‑clause (1) will be attributable ..."
[parser-unknown-class] "Numberedheading", text="120. Accounting for Releases from Menindee Lakes Storage"
[parser-unknown-class] "subhead", text="(1) For the purposes of this clause releases from Menindee Lakes Storage consist of:"
[parser-unknown-class] "subpara", text="(a) water required to maintain a flow throughout the main course of the Darling River downstream ..."
[parser-unknown-class] "subpara", text="(b) water released to satisfy use by New South Wales in the main course of the Darling River down..."
[parser-unknown-class] "subpara", text="(c) water released through the Lake Cawndilla Outlet Regulator;"
[parser-unknown-class] "subpara", text="(d) water released down the main course of the Darling River downstream of Menindee Lakes Storage..."
[parser-unknown-class] "subpara", text="(e) any other water released from the Menindee Lakes Storage which can be used either to supply S..."
[parser-unknown-class] "subhead", text="(2) Whenever New South Wales is using water pursuant to sub‑clause 95(1) all release from Meninde..."
[parser-unknown-class] "subhead", text="(3) Whenever sub‑clause 95(1) does not apply to the use of water by New South Wales from the Meni..."
[parser-unknown-class] "subpara", text="(a) releases under paragraph (1)(a) will be attributed equally to the allocations of water to New..."
[parser-unknown-class] "subpara", text="(b) releases under paragraph (1)(b) and (1)(c) will be attributed to the allocation of water to N..."
[parser-unknown-class] "subpara", text="(c) releases under paragraph (1)(d) and (1)(e) will be attributed to the respective allocations o..."
[parser-unknown-class] "subsubpara", text="(i) cause the water allocated either to New South Wales or to Victoria to fall below 240,000 mega..."
[parser-unknown-class] "subsubpara", text="(ii) cause water to be re‑allocated between the States under clause 116."
[parser-unknown-class] "Numberedheading", text="121. Reallocation of Water in Menindee Lakes Storage"
[parser-unknown-class] "Numberedheading", text="122. Accounting for Dilution Flows"
[parser-unknown-class] "subhead", text="(1) Whenever the Authority directs under clause 98 that the flow of water is to exceed the water ..."
[parser-unknown-class] "subhead", text="(2) For the purpose of this clause the “water order” is the flow of water at a particular point w..."
[parser-unknown-class] "subpara", text="(a) to meet diversions by New South Wales and Victoria, losses and dilution flows downstream of t..."
[parser-unknown-class] "subpara", text="(b) to meet South Australia’s entitlement; and"
[parser-unknown-class] "subpara", text="(c) to supply storages downstream of that point."
[parser-unknown-class] "Sub-division", text="SUBDIVISION E—PERIODS OF SPECIAL ACCOUNTING"
[parser-unknown-class] "Numberedheading", text="123. Declaration of Periods of Special Accounting"
[parser-unknown-class] "subhead", text="(1) Unless the Authority is satisfied that the reserve allocated to either New South Wales or Vic..."
[parser-unknown-class] "subhead", text="(2) A period of special accounting:"
[parser-unknown-class] "subpara", text="(a) may be declared at any time after the end of July in any year and before the end of May in th..."
[parser-unknown-class] "subpara", text="(b) unless the Ministerial Council decides otherwise, will be deemed to have commenced on 1 Augus..."
[parser-unknown-class] "subhead", text="(3) In calculating a reserve referred to in subclause (1), the Authority must disregard any defer..."
[parser-unknown-class] "Numberedheading", text="124. Variation of Navigation Depths During Restrictions"
[parser-unknown-class] "Numberedheading", text="125. Special Accounts to be Kept"
[parser-unknown-class] "subpara", text="(a) all water diverted from the upper River Murray by the State;"
[parser-unknown-class] "subpara", text="(b) the difference between ‑"
[parser-unknown-class] "subsubpara", text="(i) the sum of all water entering the Upper River Murray downstream of Doctors Point from ‑"
[parser-unknown-class] "Default", text="•   any tributary within that State other than the River Darling, and"
[parser-unknown-class] "Default", text="•   any artificial outfall from that State approved by the Ministerial Council for the purposes o..."
[parser-unknown-class] "subsubpara", text="(ii) any water allocated to that State which flows to South Australia in excess of South Australi..."
[parser-unknown-class] "Indent3", text="If (ii) exceeds (i), the account kept under this paragraph must be set at zero;"
[parser-unknown-class] "subpara", text="(c) all water allocated to that State which is supplied by it to meet South Australia’s entitleme..."
[parser-unknown-class] "Numberedheading", text="126. Imbalance in Use"
[parser-unknown-class] "Indent1", text="One‑third of the amount calculated under paragraph 125(a)"
[parser-unknown-class] "Indent1", text="less:"
[parser-unknown-class] "Indent1", text="One‑third of the amount calculated under paragraph 125(b)"
[parser-unknown-class] "Indent1", text="less:"
[parser-unknown-class] "Indent1", text="Two‑thirds of the amount calculated under paragraph 125(c)."
[parser-unknown-class] "Numberedheading", text="127. Limits on Imbalance in Use"
[parser-unknown-class] "subpara", text="(a) less than one‑third; and"
[parser-unknown-class] "subpara", text="(b) greater than minus two‑thirds,"
[parser-unknown-class] "Numberedheading", text="128. Restrictions on South Australia’s Entitlement"
[parser-unknown-class] "subhead", text="(1) Subject to subclause 102C (4), in a period of special accounting, instead of the amounts set ..."
[parser-unknown-class] "subpara", text="(a) the sum of the monthly quantities set out in paragraph 88(a); and"
[parser-unknown-class] "subpara", text="(b) one‑third of the available water determined under paragraph 102 (c)"
[parser-unknown-class] "Indent2", text="less"
[parser-unknown-class] "Indent2", text="one‑third of the conveyance reserve determined under subclause 102D(1)"
[parser-unknown-class] "Indent2", text="plus"
[parser-unknown-class] "Indent2", text="any imbalance in use calculated under clause 126."
[parser-unknown-class] "subhead", text="(2) South Australia may decide how to apportion any entitlement under sub‑clause 128(1) between e..."
[parser-unknown-class] "Numberedheading", text="129. Termination of Periods of Special Accounting"
[parser-unknown-class] "Sub-division", text="SUBDIVISION F—ACCOUNTING FOR SOUTH AUSTRALIA’S STORAGE RIGHT"
[parser-unknown-class] "Numberedheading", text="130 Accounting for South Australia’s Storage Rights"
[parser-unknown-class] "subhead", text="(1) South Australia’s storage rights are set out in Schedule G."
[parser-unknown-class] "subhead", text="(2) The Ministerial Council may, at any time, ask the Authority to prepare a draft amendment to S..."
[parser-unknown-class] "subhead", text="(3) The Authority may also prepare a draft amendment to Schedule G in accordance with that Schedu..."
[parser-unknown-class] "subhead", text="(4) The Authority must give any draft amendment to the Committee."
[parser-unknown-class] "subhead", text="(5) After considering the draft amendment, the Committee must submit to the Ministerial Council:"
[parser-unknown-class] "subpara", text="(a) the draft amendment; and"
[parser-unknown-class] "subpara", text="(b) the Committee’s advice about the draft amendment."
[parser-unknown-class] "subhead", text="(6) After receiving the draft amendment and the advice of the Committee, the Ministerial Council ..."
[parser-unknown-class] "subpara", text="(a) approve the draft amendment with or without alteration; or"
[parser-unknown-class] "subpara", text="(b) refer the draft amendment back to the Authority for further consideration."
[parser-unknown-class] "subhead", text="(7) When an amendment is approved by the Ministerial Council under paragraph (6) (a), the amendment:"
[parser-unknown-class] "subpara", text="(a) becomes part of the Agreement; and"
[parser-unknown-class] "subpara", text="(b) takes effect in accordance with subclause 5 (2)."
[parser-unknown-class] "subhead", text="(8) Schedule G, whether or not amended under this clause, must:"
[parser-unknown-class] "subpara", text="(a) set out rules for giving effect to and accounting for South Australia’s storage rights under ..."
[parser-unknown-class] "subpara", text="(b) define what constitutes an effect on water availability and storage access for clause 91."
[parser-unknown-class] "subhead", text="(9) Without limiting subclause (8), Schedule G, whether or not amended under this clause, must co..."
[parser-unknown-class] "subpara", text="(a) South Australia can exercise its storage rights to meet critical human water needs under subc..."
[parser-unknown-class] "subpara", text="(b) South Australia can exercise its storage rights for private carry‑over under subclause 91 (2)..."
[parser-unknown-class] "subpara", text="(c) if possible, water stored under clause 91 that is spilled from a storage, is re‑regulated for..."
[parser-unknown-class] "subpara", text="(d) if the Authority determines at any time that an effect mentioned in paragraph (8) (b) has occ..."
[parser-unknown-class] "subhead", text="(10) A rule mentioned in subclause (9) may have the effect of adding to, derogating from or other..."
[parser-unknown-class] "subhead", text="(11) The Authority must keep the separate accounts required to be kept by Schedule G."
[parser-unknown-class] "subhead", text="(12) The Authority:"
[parser-unknown-class] "subpara", text="(a) may prepare draft rules:"
[parser-unknown-class] "subsubpara", text="(i) to implement the provisions of clause 22 of Schedule G relating to the attribution of increme..."
[parser-unknown-class] "subsubpara", text="(ii) to account for transmission losses when flows are only partly contained within river channel..."
[parser-unknown-class] "subsubpara", text="(iii) otherwise to implement the provisions of Schedule G; and"
[parser-unknown-class] "subpara", text="(b) may prepare draft amendments to any rules approved by the Ministerial Council under subclause..."
[parser-unknown-class] "subpara", text="(c) must give any draft rules and draft amendments prepared under paragraph (a) or (b) to the Min..."
[parser-unknown-class] "subhead", text="(13) The Ministerial Council may:"
[parser-unknown-class] "subpara", text="(a) approve any draft rules or amendments prepared under subclause (12), with or without amendmen..."
[parser-unknown-class] "subpara", text="(b) refer the draft rules or amendments back to the Authority for further consideration."
[parser-unknown-class] "SMALLPARTHEADING", text="DIVISION 2—TIER 2 DISTRIBUTION OF WATERS TO ENSURE CRITICAL HUMAN WATER NEEDS"
[parser-unknown-class] "Numberedheading", text="131. Application of Division 2"
[parser-unknown-class] "subhead", text="(1) This Division applies:"
[parser-unknown-class] "subpara", text="(a) in the circumstances specified in the Basin Plan; and"
[parser-unknown-class] "subpara", text="(b) in a period before the Basin Plan first takes effect, if the Ministerial Council declares in ..."
[parser-unknown-class] "subpara", text="(c) from the time this Agreement comes into effect."
[parser-unknown-class] "subhead", text="(2) Once this Division has commenced application in accordance with sub‑clause (1), it will cease..."
[parser-unknown-class] "subpara", text="(a) once the conditions specified in the Basin Plan are satisfied; or"
[parser-unknown-class] "subpara", text="(b) in the period before the Basin Plan first takes effect, at a time declared by the Ministerial..."
[parser-unknown-class] "subhead", text="(3) The Ministerial Council may declare that this Division applies during a period before the Bas..."
[parser-unknown-class] "Numberedheading", text="132. Distribution of Waters Subject to Schedule and Determinations of Ministerial Council"
[parser-unknown-class] "subpara", text="(a) Division 1 of this Part; and"
[parser-unknown-class] "subpara", text="(b) Part XIV of this Agreement and Schedule F,"
[parser-unknown-class] "subpara", text="(c) the provisions of the Schedule made under clause 135, and any determination of the Ministeria..."
[parser-unknown-class] "subpara", text="(d) during the period before the Schedule is made under clause 135 and before the Basin Plan firs..."
[parser-unknown-class] "SMALLPARTHEADING", text="DIVISION 3—TIER 3 DISTRIBUTION OF WATERS IN EXTREME OR UNPRECEDENTED CIRCUMSTANCES"
[parser-unknown-class] "Numberedheading", text="133. Application of Division 3"
[parser-unknown-class] "subhead", text="(1) This Division applies:"
[parser-unknown-class] "subpara", text="(a) in the circumstances specified in the Basin Plan; and"
[parser-unknown-class] "subpara", text="(b) in a period before the Basin Plan first takes effect, if the Ministerial Council declares in ..."
[parser-unknown-class] "subhead", text="(2) Once this Division has commenced application in accordance with sub‑clause (1), it will cease..."
[parser-unknown-class] "subpara", text="(a) once the conditions specified in the Basin Plan are satisfied; or"
[parser-unknown-class] "subpara", text="(b) in the period before the Basin Plan first takes effect, at a time declared by the Ministerial..."
[parser-unknown-class] "subhead", text="(3) The Ministerial Council may declare that this Division applies during a period before the Bas..."
[parser-unknown-class] "subpara", text="(a) there are extreme and unprecedented low levels of water availability; or"
[parser-unknown-class] "subpara", text="(b) there is extreme and unprecedented poor water quality in the water available to meet critical..."
[parser-unknown-class] "subpara", text="(c) there is an extremely high risk that water will not be available to meet critical human water..."
[parser-unknown-class] "Numberedheading", text="134. Distribution of Waters Subject to Schedule and Determinations of Ministerial Council1"
[parser-unknown-class] "subhead", text="(1) While this Division applies, the provisions of Division 1 of this Part, and of Part XIV and S..."
[parser-unknown-class] "subpara", text="(a) the Schedule made under clause 135; and"
[parser-unknown-class] "subpara", text="(b) any determination of the Ministerial Council made in accordance with this clause."
[parser-unknown-class] "subhead", text="(2) For the purposes of this Division, the Ministerial Council may make determinations about the ..."
[parser-unknown-class] "subhead", text="(3) The Ministerial Council:"
[parser-unknown-class] "subpara", text="(a) may determine that any provision of—"
[parser-unknown-class] "subsubpara", text="(i) Division 1 of this Part; or"
[parser-unknown-class] "subsubpara", text="(ii) Part XIV or Schedule F of this Agreement; or"
[parser-unknown-class] "subsubpara", text="(iii) the Schedule made under clause 135,"
[parser-unknown-class] "Default", text="applies, or does not apply, or applies to a specified extent or in specified circumstances; or"
[parser-unknown-class] "subpara", text="(b) may make a determination about any matter the subject of a provision referred to in paragraph..."
[parser-unknown-class] "SMALLPARTHEADING", text="DIVISION 4—SCHEDULE FOR WATER SHARING"
[parser-unknown-class] "Numberedheading", text="135 Schedule for water sharing"
[parser-unknown-class] "subhead", text="(1) During any period when Division 2 or Division 3 of this Part applies, State water entitlement..."
[parser-unknown-class] "subhead", text="(2) The Ministerial Council may, at any time, request the Authority to prepare a draft amendment ..."
[parser-unknown-class] "subhead", text="(3) The Authority may also prepare a draft amendment to Schedule H in accordance with that Schedu..."
[parser-unknown-class] "subhead", text="(4) The Authority must give any draft amendment to the Committee."
[parser-unknown-class] "subhead", text="(5) After considering the draft amendment, the Committee must submit to the Ministerial Council:"
[parser-unknown-class] "subpara", text="(a) the draft amendment; and"
[parser-unknown-class] "subpara", text="(b) the Committee’s advice about the draft amendment."
[parser-unknown-class] "subhead", text="(6) After receiving the draft amendment and the advice of the Committee, the Ministerial Council ..."
[parser-unknown-class] "subpara", text="(a) approve the draft amendment with or without alteration; or"
[parser-unknown-class] "subpara", text="(b) refer the draft amendment back to the Authority for further consideration."
[parser-unknown-class] "subhead", text="(7) When an amendment is approved by the Ministerial Council under paragraph (6) (a), the amendment:"
[parser-unknown-class] "subpara", text="(a) becomes part of the Agreement; and"
[parser-unknown-class] "subpara", text="(b) takes effect in accordance with subclause 5 (2)."
[parser-unknown-class] "subhead", text="(8) Schedule H, whether or not amended under this clause, must set out the way in which State wat..."
[parser-unknown-class] "subhead", text="(9) Without limiting other provisions of this clause, Schedule H, whether or not amended under th..."
[parser-unknown-class] "subpara", text="(a) any provision of the following does not apply, or applies to a specified extent or in specifi..."
[parser-unknown-class] "subsubpara", text="(i) Division 1 of this Part;"
[parser-unknown-class] "subsubpara", text="(ii) Part XIV or Schedule F of this Agreement; or"
[parser-unknown-class] "subpara", text="(b) any provision mentioned in paragraph (a) may be determined by the Ministerial Council to appl..."
[parser-unknown-class] "subpara", text="(c) the Ministerial Council:"
[parser-unknown-class] "subsubpara", text="(i) must exercise a discretion provided in Division 1 of this Part in a specified way or at a spe..."
[parser-unknown-class] "subsubpara", text="(ii) may make a determination about any matter the subject of a provision of Division 1 of this P..."
[parser-unknown-class] "subhead", text="(10) Schedule H, whether or not amended under this clause, must be prepared on the basis that the..."
[parser-unknown-class] "subpara", text="(a) that critical human water needs are the highest priority water use for communities who are de..."
[parser-unknown-class] "subpara", text="(b) in particular that, to give effect to this priority, conveyance water required to meet critic..."
[parser-unknown-class] "subpara", text="(c) that each State Contracting Government will be responsible for meeting critical human water n..."
[parser-unknown-class] "subhead", text="(11) After the Basin Plan takes effect, any amendment to Schedule H must have regard to the provi..."
[parser-unknown-class] "subhead", text="(12) The Ministerial Council must review Schedule H:"
[parser-unknown-class] "subpara", text="(a) from time to time; and"
[parser-unknown-class] "subpara", text="(b) at least once for each period in which Division 3 of this Part applies."
[parser-unknown-class] "subhead", text="(13) The Authority must keep the separate accounts required to be kept by Schedule H."
[parser-unknown-class] "subhead", text="(14) The Authority:"
[parser-unknown-class] "subpara", text="(a) must prepare, and give to the Ministerial Council, draft rules to ensure that, subject to the..."
[parser-unknown-class] "subpara", text="(b) may prepare, and give to the Ministerial Council, draft rules:"
[parser-unknown-class] "subsubpara", text="(i) for the Authority to determine the worst‑case planning inflow sequence for Schedule H; and"
[parser-unknown-class] "subsubpara", text="(ii) for the Committee to determine the volume of water that will be made available by any propos..."
[parser-unknown-class] "subsubpara", text="(iii) otherwise to implement the provisions of Schedule H; and"
[parser-unknown-class] "subpara", text="(c) may prepare, and give to the Ministerial Council, draft amendments to any rules approved by t..."
[parser-unknown-class] "subhead", text="(15) The Ministerial Council may:"
[parser-unknown-class] "subpara", text="(a) approve any draft rules or amendments prepared under subclause (14), with or without amendmen..."
[parser-unknown-class] "subpara", text="(b) refer the draft rules or amendments back to the Authority for further consideration."
[parser-unknown-class] "PARTHEADING", text="PART XIII—MENINDEE LAKES STORAGE"
[parser-unknown-class] "Numberedheading", text="136. Maintenance of Menindee Lakes Storage"
[parser-unknown-class] "Numberedheading", text="137. Full Supply Levels"
[parser-unknown-class] "Default", text="Lake Wetherell ‑ Elevation 61.7 Australian Height Datum"
[parser-unknown-class] "Default", text="Lake Pamamaroo ‑ Elevation 60.4 Australian Height Datum"
[parser-unknown-class] "Default", text="Lake Menindee ‑ Elevation 59.8 Australian Height Datum"
[parser-unknown-class] "Default", text="Lake Cawndilla ‑ Elevation 59.8 Australian Height Datum"
[parser-unknown-class] "Numberedheading", text="138. Financial Contributions of Authority"
[parser-unknown-class] "subpara", text="(a) $320,000 in equal instalments at the end of each quarter; and"
[parser-unknown-class] "subpara", text="(b) three quarters of the costs of operating and maintaining the Menindee Lakes storage,"
[parser-unknown-class] "PARTHEADING", text="PART XIV—EFFECT OF SNOWY SCHEME"
[parser-unknown-class] "Numberedheading", text="139. Effect of Snowy Scheme"
[parser-unknown-class] "PARTHEADING", text="PART XV—MISCELLANEOUS"
[parser-unknown-class] "Numberedheading", text="140. Resolution of Disputes"
[parser-unknown-class] "subhead", text="(1) If the Committee fails to agree on any motion submitted by a Committee member within two mont..."
[parser-unknown-class] "subhead", text="(2) If the Ministerial Council fails to resolve the matter within six months, any member may refe..."
[parser-unknown-class] "subhead", text="(3) When a matter is referred to an arbitrator, any Contracting Government may give the other Con..."
[parser-unknown-class] "subhead", text="(4) If an arbitrator is not appointed within two months of notice being given, the Chief Justice ..."
[parser-unknown-class] "subhead", text="(5) The decision of any arbitrator appointed under this clause:"
[parser-unknown-class] "subpara", text="(a) is deemed to be the decision of the Committee; and"
[parser-unknown-class] "subpara", text="(b) binds the Committee, the Ministerial Council and the Contracting Governments."
[parser-unknown-class] "subhead", text="(6) This clause does not apply to a resolution:"
[parser-unknown-class] "subpara", text="(a) on a question of law; or"
[parser-unknown-class] "subpara", text="(b) which has been decided by a majority vote of the Committee pursuant to a provision of this Ag..."
[parser-unknown-class] "Numberedheading", text="141. Resolution of operational management and delivery inconsistencies"
[parser-unknown-class] "subhead", text="(1) If the Authority or the Committee is of the opinion that there are operational management and..."
[parser-unknown-class] "subhead", text="(2) If the Committee is unable to resolve a matter before it under this clause that is of strateg..."
[parser-unknown-class] "subhead", text="(3) A request made by the Committee under sub‑clause (2) must be accompanied by a statement that ..."
[parser-unknown-class] "Numberedheading", text="142. Proposals to Amend Agreement"
[parser-unknown-class] "subhead", text="(1) The Authority must review this Agreement:"
[parser-unknown-class] "subpara", text="(a) within twelve months of the Basin Plan first taking effect; and"
[parser-unknown-class] "subpara", text="(b) at any other time, as it thinks fit,"
[parser-unknown-class] "subhead", text="and may, as a result of such a review, recommend to the Ministerial Council any amendments it thi..."
[parser-unknown-class] "subhead", text="(2) The Authority must consult the Committee when carrying out a review under sub‑clause (1)."
[parser-unknown-class] "Numberedheading", text="143. Giving Information to the Authority"
[parser-unknown-class] "Numberedheading", text="144. Authorities to Observe Agreement"
[parser-unknown-class] "PARTHEADING", text="PART XVI—INDEMNITIES IN RESPECT OF COMMITTEE AND AUTHORITY"
[parser-unknown-class] "Numberedheading", text="145. Indemnity in Respect of Payments Made by Commonwealth"
[parser-unknown-class] "subhead", text="(1) Subject to sub‑clauses 37(2) and 38(2), any payment made by the Commonwealth of Australia in ..."
[parser-unknown-class] "subpara", text="(a) from any act or omission of the Authority in the bona fide execution of the powers vested in ..."
[parser-unknown-class] "subpara", text="(b) because of the operation of section 239F of the Water Act;"
[parser-unknown-class] "subpara", text="(c) because of the operation of either of sections 239J or 239K of the Water Act in respect of pr..."
[parser-unknown-class] "subpara", text="(d) because of an indemnity in either of items 7(1) or 7(3) of Schedule 3 to the Water Amendment ..."
[parser-unknown-class] "subhead", text="must be borne by the Contracting Governments in equal shares."
[parser-unknown-class] "subhead", text="(2) Sub‑clause (1) does not apply to a payment made by the Commonwealth of Australia under paragr..."
[parser-unknown-class] "subhead", text="(3) In this clause, the terms “President” and “Deputy President” have the same meanings as under ..."
[parser-unknown-class] "Default", text="Note—Section 174 of the Water Act provides that financial liabilities of the Authority are taken ..."
[parser-unknown-class] "Numberedheading", text="146. Indemnity in Respect of Payments Relating to Former Commissioners"
[parser-unknown-class] "subhead", text="(1) Any payment made by the Commonwealth of Australia in respect of:"
[parser-unknown-class] "subpara", text="(a) a liability arising because of the operation of either of sections 239J or 239K of the Water ..."
[parser-unknown-class] "subpara", text="(b) losses or costs incurred by it because of the indemnity in item 7(2) of Schedule 3 to the Wat..."
[parser-unknown-class] "subhead", text="must be borne by the Contracting Government which had appointed that Commissioner or Deputy Commi..."
[parser-unknown-class] "subhead", text="(2) In this clause, the terms “Commissioner” and “Deputy Commissioner” have the same meanings as ..."
[parser-unknown-class] "Numberedheading", text="147. Commonwealth to consult other Contracting Governments"
[parser-unknown-class] "subhead", text="(1) Upon receiving notice of a claim to which either of clauses 145 or 146 may apply, the Commonw..."
[parser-unknown-class] "subhead", text="(2) Before settling a claim to which sub‑clause (1) refers, the Commonwealth must obtain the agre..."
[parser-unknown-class] "Numberedheading", text="148. Liability for Acts of Committee Members"
[parser-unknown-class] "PARTHEADING", text="PART XVII—TRANSITIONAL PROVISIONS"
[parser-unknown-class] "SMALLPARTHEADING", text="DIVISION 1—TRANSITION TO THIS AGREEMENT"
[parser-unknown-class] "Numberedheading", text="149. Definitions"
[parser-unknown-class] "Numberedheading", text="150. Transitional provisions relating to coming into effect of this Agreement"
[parser-unknown-class] "subhead", text="(1) Acts or things consistent with this Agreement done by or on behalf of a Contracting Governmen..."
[parser-unknown-class] "subhead", text="(2) Without limiting the generality of sub‑clause (2):"
[parser-unknown-class] "subpara", text="(a) any estimates for the current financial year sent by the Commission to the Contracting Govern..."
[parser-unknown-class] "subpara", text="(b) any moneys paid by a Contracting Government to the Commission before the commencing day are d..."
[parser-unknown-class] "subpara", text="(c) any moneys spent by the Commission before the commencing day in accordance with estimates ref..."
[parser-unknown-class] "subpara", text="(d) if the commencing day falls between 31 March and 30 June in any year, any estimates sent by t..."
[parser-unknown-class] "subhead", text="(3) Money of a kind referred to in clause 83 paid by a Contracting Government to the Commission i..."
[parser-unknown-class] "subhead", text="(4) At the commencing day, the shares of the control of the transitional RMO assets will be retai..."
[parser-unknown-class] "Default", text="Commonwealth  20%"
[parser-unknown-class] "Default", text="South Australia  26.67%"
[parser-unknown-class] "Default", text="New South Wales  26.67%"
[parser-unknown-class] "Default", text="Victoria   26.67%"
[parser-unknown-class] "subhead", text="(5) The shares referred to in sub‑clause (4) may be altered by the asset agreement."
[parser-unknown-class] "SMALLPARTHEADING", text="DIVISION 2—AMENDMENTS MADE BY THE WATER AMENDMENT (MURRAY‑DARLING BASIN AGREEMENT) REGULATIONS 2017"
[parser-unknown-class] "Numberedheading", text="151. Definitions"
[parser-unknown-class] "subpara", text="(a) starts at the commencement of the amending regulations; and"
[parser-unknown-class] "subpara", text="(b) ends when the first work plan is approved by the Ministerial Council under clause 34A."
[parser-unknown-class] "Numberedheading", text="152. Transitional provisions relating to amendments made by the Water Amendment (Murray‑Darling B..."
[parser-unknown-class] "subhead", text="(1) Clauses 34, 34A and 35, as in force after the commencement of the amending regulations, apply..."
[parser-unknown-class] "subhead", text="(2) During the transition period, a reference in a provision of this Agreement (other than clause..."
[parser-unknown-class] "subhead", text="(3) During and after the transition period, a reference in subclause 52(2) or 56(2) to a work pla..."
[parser-unknown-class] "Default", text=""
[parser-unknown-class] "PARTHEADING", text="SCHEDULE A—WORKS"
[parser-unknown-class] "PARTHEADING", text=""
[parser-unknown-class] "Default", text="Description of Works"
[parser-unknown-class] "Default", text=""
[parser-unknown-class] "Default", text="Location"
[parser-unknown-class] "Default", text=""
[parser-unknown-class] "Default", text="Nominated Government"
[parser-unknown-class] "Default", text=""
[parser-unknown-class] "Default", text="DARTMOUTH DAM"
[parser-unknown-class] "Default", text="Capacity of approximately 4,000,000 megalitres."
[parser-unknown-class] "Default", text=""
[parser-unknown-class] "Default", text="Mitta Mitta River upstream of the town of Dartmouth, north‑eastern Victoria."
[parser-unknown-class] "Default", text=""
[parser-unknown-class] "Default", text="Victoria"
[parser-unknown-class] "Default", text=""
[parser-unknown-class] "Default", text="HUME DAM"
[parser-unknown-class] "Default", text="Capacity of approximately 3,038,000 megalitres."
[parser-unknown-class] "Default", text=""
[parser-unknown-class] "Default", text="River Murray upstream of the city of Albury, New South Wales."
[parser-unknown-class] "Default", text=""
[parser-unknown-class] "Default", text="New South Wales and Victoria, jointly"
[parser-unknown-class] "Default", text=""
[parser-unknown-class] "Default", text="LAKE VICTORIA WORKS"
[parser-unknown-class] "Default", text="Regulation reservoir with a storage capacity of approximately 700,000 megalitres."
[parser-unknown-class] "Default", text=""
[parser-unknown-class] "Default", text="Lake Victoria, New South Wales connected with main stream of River Murray by Rufus River and Fren..."
[parser-unknown-class] "Default", text=""
[parser-unknown-class] "Default", text="South Australia"
[parser-unknown-class] "Default", text=""
[parser-unknown-class] "Default", text="YARRAWONGA WEIR"
[parser-unknown-class] "Default", text="Storage of about 120,000 megalitres."
[parser-unknown-class] "Default", text=""
[parser-unknown-class] "Default", text="River Murray near the town of Yarrawonga, Victoria."
[parser-unknown-class] "Default", text=""
[parser-unknown-class] "Default", text="Victoria"
[parser-unknown-class] "Default", text=""
[parser-unknown-class] "Default", text="WEIR AND LOCKS"
[parser-unknown-class] "Default", text="Construction of thirteen weirs and locks in the course of the River Murray from its mouth to Echu..."
[parser-unknown-class] "Default", text=""
[parser-unknown-class] "Default", text="River distance from Murray mouth in kilometres."
[parser-unknown-class] "Default", text=""
[parser-unknown-class] "Default", text=""
[parser-unknown-class] "Default", text="No 1 Blanchetown"
[parser-unknown-class] "Default", text="274"
[parser-unknown-class] "Default", text="South Australia"
[parser-unknown-class] "Default", text="No 2 Waikerie"
[parser-unknown-class] "Default", text="362"
[parser-unknown-class] "Default", text="South Australia"
[parser-unknown-class] "Default", text="No 3 Overland Corner"
[parser-unknown-class] "Default", text="431"
[parser-unknown-class] "Default", text="South Australia"
[parser-unknown-class] "Default", text="No 4 Bookpurnong"
[parser-unknown-class] "Default", text="516"
[parser-unknown-class] "Default", text="South Australia"
[parser-unknown-class] "Default", text="No 5 Renmark"
[parser-unknown-class] "Default", text="562"
[parser-unknown-class] "Default", text="South Australia"
[parser-unknown-class] "Default", text="No 6 Murtho"
[parser-unknown-class] "Default", text="620"
[parser-unknown-class] "Default", text="South Australia"
[parser-unknown-class] "Default", text="No 7 Rufus River"
[parser-unknown-class] "Default", text="697"
[parser-unknown-class] "Default", text="South Australia"
[parser-unknown-class] "Default", text="No 8 Wangumma"
[parser-unknown-class] "Default", text="726"
[parser-unknown-class] "Default", text="South Australia"
[parser-unknown-class] "Default", text="No 9 Kulnine"
[parser-unknown-class] "Default", text="765"
[parser-unknown-class] "Default", text="South Australia"
[parser-unknown-class] "Default", text="No 10 Wentworth"
[parser-unknown-class] "Default", text="825"
[parser-unknown-class] "Default", text="New South Wales"
[parser-unknown-class] "Default", text="No 11 Mildura"
[parser-unknown-class] "Default", text="878"
[parser-unknown-class] "Default", text="Victoria"
[parser-unknown-class] "Default", text="No 15 Euston"
[parser-unknown-class] "Default", text="1,110"
[parser-unknown-class] "Default", text="New South Wales"
[parser-unknown-class] "Default", text="No 26 Torrumbarry"
[parser-unknown-class] "Default", text="1,368"
[parser-unknown-class] "Default", text="Victoria"
[parser-unknown-class] "Default", text="MURRAY MOUTH BARRAGES:"
[parser-unknown-class] "Default", text=""
[parser-unknown-class] "Default", text=""
[parser-unknown-class] "Default", text=""
[parser-unknown-class] "Default", text="Goolwa"
[parser-unknown-class] "Default", text="Goolwa Channel"
[parser-unknown-class] "Default", text="South Australia"
[parser-unknown-class] "Default", text="Mundoo"
[parser-unknown-class] "Default", text="Mundoo Channel"
[parser-unknown-class] "Default", text="South Australia"
[parser-unknown-class] "Default", text="Boundary"
[parser-unknown-class] "Default", text="Boundary Creek Channel"
[parser-unknown-class] "Default", text="South Australia"
[parser-unknown-class] "Default", text="Ewe Island"
[parser-unknown-class] "Default", text="Ewe Island Channel"
[parser-unknown-class] "Default", text="South Australia"
[parser-unknown-class] "Default", text="Tauwitchere"
[parser-unknown-class] "Default", text="Tauwitchere Island"
[parser-unknown-class] "Default", text="South Australia"
[parser-unknown-class] "PARTHEADING", text="SCHEDULE B—BASIN SALINITY MANAGEMENT"
[parser-unknown-class] "SMALLPARTHEADING", text="PART I—PRELIMINARY"
[parser-unknown-class] "Numberedheading", text="1. Purpose"
[parser-unknown-class] "subhead", text="(1) The purpose of this Schedule is to implement certain aspects of the Basin Salinity Management..."
[parser-unknown-class] "subpara", text="(a) by promoting works, measures and other action to reduce or limit the rate at which salinity i..."
[parser-unknown-class] "subpara", text="(b) by providing for the adoption of salinity targets;"
[parser-unknown-class] "Default", text="Note—Targets adopted under this Schedule also apply for some purposes under the Basin Plan."
[parser-unknown-class] "subpara", text="(c) by providing accountability arrangements for all actions (including environmental water recov..."
[parser-unknown-class] "subpara", text="(d) by providing for monitoring, assessing, auditing and reporting on matters set out in this Sch..."
[parser-unknown-class] "subhead", text="(2) The accountability arrangements mentioned in paragraph 1(1)(c) include maintaining Registers to:"
[parser-unknown-class] "subpara", text="(a) record salinity impacts; and"
[parser-unknown-class] "subpara", text="(b) allocate salinity credits and salinity debits to Contracting Governments."
[parser-unknown-class] "Numberedheading", text="2. Definitions"
[parser-unknown-class] "Default", text="Note—A number of expressions used in this Schedule are defined in clause 2 of the Agreement, incl..."
[parser-unknown-class] "subpara", text="(a) Authority;"
[parser-unknown-class] "subpara", text="(b) Basin Plan;"
[parser-unknown-class] "subpara", text="(c) Committee;"
[parser-unknown-class] "subpara", text="(d) Ministerial Council."
[parser-unknown-class] "subhead", text="(1) In this Schedule, unless the contrary intention appears:"
[parser-unknown-class] "subpara", text="(a) “Accountable Action” means an action that:"
[parser-unknown-class] "subsubpara", text="(i) is undertaken after a relevant Baseline Date; and"
[parser-unknown-class] "subsubpara", text="(ii) the Authority has decided will have a Significant Effect under paragraph 18(1)(b); and"
[parser-unknown-class] "subsubpara", text="(iii) the Authority has entered in a Register."
[parser-unknown-class] "subpara", text="“action” means:"
[parser-unknown-class] "subsubpara", text="(i) any work or measure; and"
[parser-unknown-class] "subsubpara", text="(ii) any alteration to, or cessation of, any work or measure,"
[parser-unknown-class] "Indent3", text="relevant to the purposes of this Schedule."
[parser-unknown-class] "subpara", text="“average salinity” means the average daily salinity of the River Murray calculated in accordance ..."
[parser-unknown-class] "subpara", text="“average salinity costs” means the average costs to users of water from the upper River Murray an..."
[parser-unknown-class] "subpara", text="“Baseline Conditions” means the conditions that contributed to the movement of salt through land ..."
[parser-unknown-class] "subpara", text="“Baseline Date” means:"
[parser-unknown-class] "subsubpara", text="(i) with respect to New South Wales, Victoria and South Australia—1 January 1988; and"
[parser-unknown-class] "subsubpara", text="(ii) with respect to Queensland and the Australian Capital Territory—1 January 2000;"
[parser-unknown-class] "subpara", text="“Basin Plan Water” means Commonwealth environmental water holdings or other held environmental wa..."
[parser-unknown-class] "Default", text="Note—For reductions in the long‑term average sustainable diversion limit, see section 75 of the A..."
[parser-unknown-class] "subpara", text="“Basin Salinity Management 2030” means the strategy of that name adopted by the Ministerial Counc..."
[parser-unknown-class] "subpara", text="“Basin Salinity Management Strategy” means:"
[parser-unknown-class] "subsubpara", text="(i) before the replacement of the former Agreement on 15 December 2008—Schedule C to that former ..."
[parser-unknown-class] "subsubpara", text="(ii) on and after the replacement of the former Agreement—Schedule B to the Agreement as in force..."
[parser-unknown-class] "subpara", text="“Basin Salinity Target” means the target referred to in clause 7;"
[parser-unknown-class] "subpara", text="“Benchmark Period” means the period from 1 May 1975 to 30 April 2000, or such other period as the..."
[parser-unknown-class] "subpara", text="“BSM procedures” has the meaning given by subclause 40A(1)."
[parser-unknown-class] "subpara", text="“BSMS works or measures” means works or measures entered on a Register maintained under the Basin..."
[parser-unknown-class] "subpara", text="“Collective Account” means information included in Register A under the heading Collective Account."
[parser-unknown-class] "subpara", text="“Commonwealth Account” means information included in Register A under the heading Commonwealth Ac..."
[parser-unknown-class] "subpara", text="“Delayed salinity impact” means a salinity impact which occurs after 1 January 2000, but which:"
[parser-unknown-class] "subsubpara", text="(i) in the case of New South Wales, Victoria or South Australia, is attributable to an action tak..."
[parser-unknown-class] "subsubpara", text="(ii) in the case of Queensland or the Australian Capital Territory, is attributable to an action ..."
[parser-unknown-class] "subpara", text="“End‑of‑Valley Target” means a target set out in Appendix 1 as amended from time to time by the M..."
[parser-unknown-class] "subpara", text="“End‑of‑Valley Target site” means a site specified in Appendix 1 for an End‑of‑Valley Target."
[parser-unknown-class] "subpara", text="“former Schedule” means Schedule C of the former Agreement;"
[parser-unknown-class] "subpara", text="“Joint Program” means the program of Joint works or measures referred to in sub‑clause 10(1);"
[parser-unknown-class] "subpara", text="“Joint work or measure” means either of the following:"
[parser-unknown-class] "subsubpara", text="(i) a work or measure authorised under clause 56 of the Agreement for the purposes of the Basin S..."
[parser-unknown-class] "subsubpara", text="(ii) a work or measure authorised under clause 56 of the Agreement for the purposes of this Sched..."
[parser-unknown-class] "subpara", text="“Proposal” means any proposal relevant to the subject‑matter of this Schedule, for any action."
[parser-unknown-class] "subpara", text="“protocol” means a protocol made under subclause 40(1)."
[parser-unknown-class] "subpara", text="“provisional entry” has the meaning given by subclause 20A(2)."
[parser-unknown-class] "subpara", text="“Register A” means the register referred to in sub‑clauses 15(1), (2) and (3);"
[parser-unknown-class] "subpara", text="“Register B” means the register referred to in sub‑clauses 15(1), (2) and (4);"
[parser-unknown-class] "subpara", text="“Review Plan” has the meaning given by subclause 32(1)."
[parser-unknown-class] "subpara", text="“Salinity and Drainage Strategy” means Schedule C to the former Agreement as in force immediately..."
[parser-unknown-class] "subpara", text="“salinity cost effect” means a change in average salinity costs resulting from an action, as calc..."
[parser-unknown-class] "subpara", text="“salinity credit” means the reduction in average salinity costs estimated by the Authority in acc..."
[parser-unknown-class] "subpara", text="“salinity debit” means an increase in average salinity costs estimated by the Authority in accord..."
[parser-unknown-class] "subpara", text="“salinity effect” means a change in the average salinity at Morgan resulting from any action, as ..."
[parser-unknown-class] "subpara", text="“salinity impact” means both the salinity effect and the salinity cost effect;"
[parser-unknown-class] "subpara", text="“S&DS works or measures” means works or measures entered on the Register maintained under the Sal..."
[parser-unknown-class] "subpara", text="“Significant Effect” has the meaning set out in sub‑clause 18(3);"
[parser-unknown-class] "subpara", text="“State Action” means any Accountable Action that is designated wholly or partly as a State Action..."
[parser-unknown-class] "subpara", text="“undertake”, in relation to:"
[parser-unknown-class] "subsubpara", text="(i) a work, includes investigating, designing, constructing, operating and maintaining that work;..."
[parser-unknown-class] "subsubpara", text="(ii) a measure, includes investigating, developing and implementing that measure;"
[parser-unknown-class] "subpara", text="“valley” means a valley or other geographic area specified in the first column of Appendix 1."
[parser-unknown-class] "subpara", text="(b) a reference to a Part, clause, sub‑clause, paragraph, or Appendix is a reference to a Part, c..."
[parser-unknown-class] "subhead", text="(2) When a Contracting Government informs the Authority of a Proposal under sub‑clause 17A(1), it..."
[parser-unknown-class] "subhead", text="(3) Expressions used in this Schedule and in:"
[parser-unknown-class] "subpara", text="(a) the Water Act; or"
[parser-unknown-class] "subpara", text="(b) the Agreement;"
[parser-unknown-class] "Numberedheading", text="3. Application to Queensland and Australian Capital Territory"
[parser-unknown-class] "subhead", text="(1) Subject to sub‑clause 3(2), the whole of this Schedule applies to Queensland and the Australi..."
[parser-unknown-class] "subhead", text="(2) If a provision of this Schedule states that it:"
[parser-unknown-class] "subpara", text="(a) does not apply to Queensland or the Australian Capital Territory; or"
[parser-unknown-class] "subpara", text="(b) applies to Queensland or the Australian Capital Territory only in part, or subject to specifi..."
[parser-unknown-class] "subhead", text="that provision takes effect according to its terms."
[parser-unknown-class] "subhead", text="(3) Unless otherwise indicated, a reference to a State Contracting Government includes a referenc..."
[parser-unknown-class] "subhead", text="(4) The Governments of the State of Queensland and the Australian Capital Territory will share eq..."
[parser-unknown-class] "subpara", text="(a) where the Ministerial Council determines otherwise, under sub‑clause 72(1) of the Agreement; or"
[parser-unknown-class] "subpara", text="(b) to the extent that this Schedule provides otherwise in clauses 13 and 48; or"
[parser-unknown-class] "subpara", text="(c) for such of those costs that are referred to in paragraphs (a), (f) and (j) of the definition..."
[parser-unknown-class] "subpara", text="(d) where the cost is attributable to a matter set out in sub‑clause 37(4) of the Agreement."
[parser-unknown-class] "SMALLPARTHEADING", text="PART II—ACCOUNTABILITY FOR SALINITY IMPACTS"
[parser-unknown-class] "Numberedheading", text="4. Accountability for Salinity Impacts"
[parser-unknown-class] "subhead", text="A Contracting Government must not, and must ensure that any public authority responsible to it do..."
[parser-unknown-class] "Numberedheading", text="5. Estimates of salinity and salt load under Baseline Conditions"
[parser-unknown-class] "subhead", text="(1) Estimates of salinity and salt loads under Baseline Conditions:"
[parser-unknown-class] "subpara", text="(a) at each End‑of‑Valley Target site; and"
[parser-unknown-class] "subpara", text="(b) at the Basin Salinity Target site at Morgan;"
[parser-unknown-class] "subhead", text="are set out in Appendix 1 for those sites."
[parser-unknown-class] "subhead", text="(5) A State Contracting Government or the Authority (as the case requires) may, from time to time..."
[parser-unknown-class] "subhead", text="(6) The Authority must appoint an appropriately qualified panel, which shall include at least one..."
[parser-unknown-class] "subhead", text="(7) On the advice of the Committee and after considering the advice of the panel, the Authority may:"
[parser-unknown-class] "subpara", text="(a) endorse a proposed amendment; or"
[parser-unknown-class] "subpara", text="(b) endorse that proposed amendment, subject to the relevant Government modifying it in any way a..."
[parser-unknown-class] "subpara", text="(c) refuse to endorse the proposed amendment."
[parser-unknown-class] "subhead", text="(7A) If the Authority endorses a proposed amendment to an estimate under paragraph 5(7)(a):"
[parser-unknown-class] "subpara", text="(a) the Authority must recommend to the Ministerial Council that Appendix 1 be amended in accorda..."
[parser-unknown-class] "subpara", text="(b) the relevant Government may, for the purposes of this Schedule, use the estimate from the day..."
[parser-unknown-class] "subhead", text="(8) Within 6 months after the Authority and the relevant Government agree on a modification under..."
[parser-unknown-class] "subpara", text="(a) modify the estimate in accordance with that agreement; and"
[parser-unknown-class] "subpara", text="(b) give the Authority a copy of the modified estimate."
[parser-unknown-class] "subhead", text="(9) If the Authority, under paragraph 5(7)(b), endorses a proposed amendment to an estimate subje..."
[parser-unknown-class] "subpara", text="(a) the relevant Government may, for the purposes of this Schedule, use the estimate originally p..."
[parser-unknown-class] "subsubpara", text="(i) modifies the estimate in accordance with that agreement; and"
[parser-unknown-class] "subsubpara", text="(ii) gives the Authority a copy of the modified estimate;"
[parser-unknown-class] "subpara", text="(b) as soon as practicable after receiving the modified estimate, the Authority must recommend to..."
[parser-unknown-class] "subpara", text="(c) the relevant Government may, for the purposes of this Schedule, use the modified estimate fro..."
[parser-unknown-class] "SMALLPARTHEADING", text="PART III—SALINITY TARGETS"
[parser-unknown-class] "Numberedheading", text="7. Basin Salinity Target"
[parser-unknown-class] "subhead", text="(1) The Basin Salinity Target is to maintain the average daily salinity at Morgan at a simulated ..."
[parser-unknown-class] "subhead", text="(2) Achievement of the Basin Salinity Target must be assessed by the Authority from time to time,..."
[parser-unknown-class] "Numberedheading", text="9. Amending End‑of‑Valley Targets"
[parser-unknown-class] "subhead", text="(2) The Authority, or the relevant State Contracting Government which nominated an End‑of‑Valley ..."
[parser-unknown-class] "subhead", text="(3) Where a State Contracting Government requests the Ministerial Council to amend an End‑of‑Vall..."
[parser-unknown-class] "subhead", text="(4) The Authority must recommend to the Ministerial Council whether or not the Ministerial Counci..."
[parser-unknown-class] "subhead", text="(5) In any recommendation made under sub‑clause 9(4), the Authority must set out the following:"
[parser-unknown-class] "subpara", text="(a) the Authority’s estimate of the likely effects of meeting the nominated target on:"
[parser-unknown-class] "subsubpara", text="(i) significant environmental, economic, social and other characteristics in the upper River Murr..."
[parser-unknown-class] "subsubpara", text="(ii) meeting the Basin Salinity Target;"
[parser-unknown-class] "subpara", text="(b) the Authority’s advice about whether the nominated target is contributing adequately to achie..."
[parser-unknown-class] "subpara", text="(d) any new information about any of those matters which has become available to the Authority, s..."
[parser-unknown-class] "subhead", text="(6) The Ministerial Council:"
[parser-unknown-class] "subpara", text="(a) may, after considering the matters set out in any recommendation made to it by the Authority,..."
[parser-unknown-class] "subpara", text="(b) must resolve to amend Appendix 1 to include any amended End‑of‑Valley Target."
[parser-unknown-class] "PARTHEADING", text="part iv—AUTHORISED works or measures"
[parser-unknown-class] "Numberedheading", text="10. Joint program"
[parser-unknown-class] "subhead", text="(1) Subject to Part VIII of the Agreement, the Contracting Governments must implement a Joint Pro..."
[parser-unknown-class] "subpara", text="(a) to ensure that salinity levels of the upper River Murray and the River Murray in South Austra..."
[parser-unknown-class] "subpara", text="(b) which is sufficient to have the cumulative effect of offsetting predicted future increases in..."
[parser-unknown-class] "subhead", text="(2) Subject to Part VIII of the Agreement, after 31 December 2014, the Ministerial Council must a..."
[parser-unknown-class] "subhead", text="(3) The Authority must enter any Joint work or measure undertaken under this clause on a Register..."
[parser-unknown-class] "Numberedheading", text="11. Attribution of salinity credits or salinity debits for Joint works or measures"
[parser-unknown-class] "subhead", text="(1) Subject to subclause 11(2) and clause 13, unless the Ministerial Council decides otherwise, a..."
[parser-unknown-class] "subpara", text="(a) Accountable Actions entered on Register A; and"
[parser-unknown-class] "subpara", text="(b) Delayed salinity impacts entered on Register B,"
[parser-unknown-class] "Default", text="Register A"
[parser-unknown-class] "Default", text="(a) New South Wales 16.39%"
[parser-unknown-class] "Default", text="(b) South Australia 16.39%"
[parser-unknown-class] "Default", text="(c) Victoria 16.39%"
[parser-unknown-class] "Default", text="Register B"
[parser-unknown-class] "Default", text="(a) New South Wales 8.61%"
[parser-unknown-class] "Default", text="(b) South Australia 8.61%"
[parser-unknown-class] "Default", text="(c) Victoria 8.61%"
[parser-unknown-class] "Default", text="(d) Commonwealth 25.00%"
[parser-unknown-class] "subhead", text="(2) Any salinity credits or salinity debits arising from any Joint work or measure undertaken und..."
[parser-unknown-class] "Numberedheading", text="12. Authorised works or measures"
[parser-unknown-class] "subhead", text="(1) The Ministerial Council must:"
[parser-unknown-class] "subpara", text="(a) set out in Appendix 2 a list of Joint works or measures and a list of S&DS works or measures;..."
[parser-unknown-class] "subpara", text="(b) amend Appendix 2 whenever a new Joint work or measure:"
[parser-unknown-class] "subsubpara", text="(i) is authorised; or"
[parser-unknown-class] "subsubpara", text="(ii) is designated in accordance with paragraph 24(2)(b)."
[parser-unknown-class] "subhead", text="(2) Any work or measure from time to time included in Appendix 2 must be taken:"
[parser-unknown-class] "subpara", text="(a) to have been authorised under clause 56 of the Agreement; and"
[parser-unknown-class] "subpara", text="(b) to have been declared effective under clause 64 of the Agreement."
[parser-unknown-class] "subhead", text="(4) The Authority may, in accordance with the asset management plan approved under clause 53 of t..."
[parser-unknown-class] "subhead", text="(5) The Ministerial Council may, upon the recommendation of the Committee:"
[parser-unknown-class] "subpara", text="(a) declare that any Joint works or measures must be treated as a State Action, in whole or in pa..."
[parser-unknown-class] "subpara", text="(b) amend Appendix 2 to the extent necessary to implement any declaration made under sub‑clause 1..."
[parser-unknown-class] "Numberedheading", text="13. Participation by Queensland and Australian Capital Territory"
[parser-unknown-class] "subhead", text="(1) Subject to sub‑clause 13(2), the Government of Queensland or the Australian Capital Territory..."
[parser-unknown-class] "subpara", text="(a) any Joint work or measure undertaken under the Joint Program; or"
[parser-unknown-class] "subpara", text="(b) any S&DS works or measures."
[parser-unknown-class] "subhead", text="(2) The Committee may determine whether, and if so what:"
[parser-unknown-class] "subpara", text="(a) costs; or"
[parser-unknown-class] "subpara", text="(b) salinity credits or salinity debits,"
[parser-unknown-class] "subhead", text="relating to a Joint work or measure undertaken after 1 January 2015 must be contributed by, or wi..."
[parser-unknown-class] "subpara", text="(c) consequential adjustment may be necessary to the formula set out in clause 11."
[parser-unknown-class] "Numberedheading", text="14. Co‑ordinating authorised works or measures"
[parser-unknown-class] "SMALLPARTHEADING", text="PART V—THE REGISTERS"
[parser-unknown-class] "Numberedheading", text="15. Registers A and B"
[parser-unknown-class] "subhead", text="(1) Register A and Register B established under the former Schedule are continued in existence in..."
[parser-unknown-class] "subhead", text="(2) The Authority must maintain Register A and Register B in accordance with this Schedule and an..."
[parser-unknown-class] "subhead", text="(3) The Authority must include the following matters on Register A:"
[parser-unknown-class] "subpara", text="(a) all S&DS works or measures; and"
[parser-unknown-class] "subpara", text="(b) except as provided in paragraph 15(4)(b), any action undertaken after a relevant Baseline Dat..."
[parser-unknown-class] "subhead", text="(4) Subject to any transfer under clause 23, the Authority must include the following matters on ..."
[parser-unknown-class] "subpara", text="(a) every Delayed salinity impact which the Authority considers may have a Significant Effect; and"
[parser-unknown-class] "subpara", text="(b) any action undertaken under the former Schedule or this Schedule, expressly for the purpose o..."
[parser-unknown-class] "Numberedheading", text="16. Obligations of State Contracting Governments"
[parser-unknown-class] "subhead", text="(1) A State Contracting Government must take whatever action may be necessary:"
[parser-unknown-class] "subpara", text="(a) to keep the total of any salinity credits in excess of, or equal to, the total of any salinit..."
[parser-unknown-class] "subpara", text="(b) to keep the cumulative total of all salinity credits in excess of, or equal to, the cumulativ..."
[parser-unknown-class] "subhead", text="(2) For the purpose of calculating the total of any salinity credits under sub‑clause 16(1), any ..."
[parser-unknown-class] "subhead", text="(3) Despite sub‑clause 16(2) and any provision in clause 20 or 22, for the purposes of any calcul..."
[parser-unknown-class] "subpara", text="(a) to postpone the attribution of any salinity debit which might otherwise be attributed to that..."
[parser-unknown-class] "subpara", text="(b) to allow any salinity credit which might otherwise be attributed to that Government in Regist..."
[parser-unknown-class] "subhead", text="(4) The Authority:"
[parser-unknown-class] "subpara", text="(a) must only make a decision under sub‑clause 16(3); and"
[parser-unknown-class] "subpara", text="(b) may attach any condition to such a decision,"
[parser-unknown-class] "subhead", text="in accordance with any relevant BSM procedures."
[parser-unknown-class] "Numberedheading", text="16A. Obligations of Contracting Governments jointly"
[parser-unknown-class] "subhead", text="The Contracting Governments jointly must ensure that:"
[parser-unknown-class] "subpara", text="(a) salinity credits are not transferred from the Commonwealth Account to the Collective Account ..."
[parser-unknown-class] "subpara", text="(b) the Collective Account has salinity credits equal to or greater than its salinity debits."
[parser-unknown-class] "Numberedheading", text="17. Operating Registers"
[parser-unknown-class] "subhead", text="(1) This clause provides a simplified outline of the operation of the Registers under this Part."
[parser-unknown-class] "subhead", text="(1A) A Contracting Government must, and the Committee may, inform the Authority of any Proposal w..."
[parser-unknown-class] "subhead", text="(2) The Authority must decide, in accordance with any relevant protocols made by the Authority un..."
[parser-unknown-class] "subpara", text="(a) is to be entered on either or both of Register A and Register B, or neither of them; and"
[parser-unknown-class] "subpara", text="(b) must be treated in whole or in part as either or both of a State Action and a Joint work or m..."
[parser-unknown-class] "subhead", text="(3) Subject to subclause 17(4), the Authority must:"
[parser-unknown-class] "subpara", text="(a) estimate the salinity impacts of an Accountable Action; and"
[parser-unknown-class] "subpara", text="(b) determine any salinity credits or salinity debits arising from that Accountable Action; and"
[parser-unknown-class] "subpara", text="(c) attribute those salinity credits or salinity debits in accordance with clause 21 or 21A."
[parser-unknown-class] "subhead", text="(4) If the Authority is unable to confidently estimate the salinity impacts of an Accountable Act..."
[parser-unknown-class] "subpara", text="(5) The Authority must, in accordance with clause 23, amend Register A or Register B to give effe..."
[parser-unknown-class] "subhead", text="(6) The Authority must re‑estimate the salinity impacts of each item on Register A and Register B..."
[parser-unknown-class] "subhead", text="(7) The Authority may, in accordance with clause 24, make amendments to Register A or Register B."
[parser-unknown-class] "Numberedheading", text="17A Informing the Authority of Proposals"
[parser-unknown-class] "subhead", text="(1) A Contracting Government must inform the Authority of any Proposal which the Government, acti..."
[parser-unknown-class] "subhead", text="(2) The Committee may inform the Authority of any Proposal if the Committee, acting reasonably, c..."
[parser-unknown-class] "subpara", text="(a) the Proposal is likely to have a Significant Effect; and"
[parser-unknown-class] "subpara", text="(b) any salinity credits or salinity debits arising from the Proposal will be attributable to the..."
[parser-unknown-class] "Numberedheading", text="18. Determining whether a Proposal or action has a Significant Effect"
[parser-unknown-class] "subhead", text="(1) If a Contracting Government informs the Authority under subclause 17A(1) of a Proposal, the A..."
[parser-unknown-class] "subpara", text="(a) assess that Proposal on the basis of information provided to the Authority by the Contracting..."
[parser-unknown-class] "subpara", text="(b) decide whether the Proposal, either on its own or cumulatively with similar past actions or p..."
[parser-unknown-class] "subhead", text="(1A) If the Committee informs the Authority of a Proposal under subclause 17A(2), the Authority m..."
[parser-unknown-class] "subpara", text="(a) assess the Proposal on the basis of information provided to the Authority by the Contracting ..."
[parser-unknown-class] "subpara", text="(b) decide whether the Proposal, either on its own or cumulatively with similar past actions or p..."
[parser-unknown-class] "subhead", text="(2) If the Authority becomes aware of an action undertaken within a State after the relevant Base..."
[parser-unknown-class] "subhead", text="(3) A Significant Effect is:"
[parser-unknown-class] "subpara", text="(a) a change in average daily salinity at Morgan which the Authority estimates will be at least 0..."
[parser-unknown-class] "subpara", text="(b) a salinity impact which the Authority estimates will be significant."
[parser-unknown-class] "subhead", text="(4) To make an estimate referred to in sub‑clause 18(3), the Authority must use any relevant meth..."
[parser-unknown-class] "Numberedheading", text="19. Assessing Salinity Impacts of Accountable Actions"
[parser-unknown-class] "subhead", text="(1) If the Authority decides that:"
[parser-unknown-class] "subpara", text="(a) a Proposal referred to in subclause 18(1) or (1A); or"
[parser-unknown-class] "subpara", text="(b) an action referred to in subclause 18(2);"
[parser-unknown-class] "subhead", text="has or may have a Significant Effect, the Authority:"
[parser-unknown-class] "subpara", text="(c) must declare the Proposal or action to be an Accountable Action; and"
[parser-unknown-class] "subpara", text="(d) if the Accountable Action is not the delivery of Basin Plan Water—must, as an interim measure..."
[parser-unknown-class] "subsubpara", text="(i) a Joint work or measure;"
[parser-unknown-class] "subsubpara", text="(ii) a State Action; and"
[parser-unknown-class] "subpara", text="(e) if the Proposal is the delivery of Basin Plan Water—must not so designate the Accountable Act..."
[parser-unknown-class] "subpara", text="(f) must either:"
[parser-unknown-class] "subsubpara", text="(i) estimate the salinity impacts of the Accountable Action, using a relevant method for assessin..."
[parser-unknown-class] "subsubpara", text="(ii) if the Authority is unable to confidently estimate the salinity impacts of the Accountable A..."
[parser-unknown-class] "subhead", text="(2) Subject to subclause 19(4), if the Authority declares a Proposal or action to be an Accountab..."
[parser-unknown-class] "subhead", text="(3) For the purposes of subclause 19(2), the relevant Contracting Government for an Accountable A..."
[parser-unknown-class] "subpara", text="(a) if the Accountable Action is wholly or partly a Joint work or measure—the Contracting Governm..."
[parser-unknown-class] "subpara", text="(b) if the Accountable Action is wholly or partly a State Action—the relevant State or States;"
[parser-unknown-class] "subpara", text="(c) if the Accountable Action is wholly or partly a State Action in respect of which salinity cre..."
[parser-unknown-class] "subhead", text="(4) If the Accountable Action is the delivery of Basin Plan Water, a Contracting Government that ..."
[parser-unknown-class] "Numberedheading", text="20. Estimating Salinity Credits and Salinity Debits"
[parser-unknown-class] "subhead", text="(1) Subject to subclause 20(2), after the Authority has estimated the salinity impacts of an acti..."
[parser-unknown-class] "subpara", text="(a) estimate the prospective salinity credits or salinity debits arising from that action; and"
[parser-unknown-class] "subpara", text="(b) designate, in accordance with any BSM procedures, that action to be in whole or in part eithe..."
[parser-unknown-class] "subsubpara", text="(i) a Joint work or measure;"
[parser-unknown-class] "subsubpara", text="(ii) a State Action; and"
[parser-unknown-class] "Default", text="Note—Paragraph 20(1)(b) does not empower the Authority to authorise a Joint work or measure or a ..."
[parser-unknown-class] "subpara", text="(c) determine whether the prospective salinity credits or salinity debits will be entered in Regi..."
[parser-unknown-class] "subpara", text="(d) enter the action in the relevant Register."
[parser-unknown-class] "subhead", text="(2) If the action is the delivery of Basin Plan Water, the Authority:"
[parser-unknown-class] "subpara", text="(a) must estimate the prospective salinity credits arising from that action; and"
[parser-unknown-class] "subpara", text="(b) must not designate the action to be in whole or in part either or both of the following:"
[parser-unknown-class] "subsubpara", text="(i) a Joint work or measure;"
[parser-unknown-class] "subsubpara", text="(ii) a State Action; and"
[parser-unknown-class] "subpara", text="(c) must enter the action in Register A."
[parser-unknown-class] "subhead", text="(3) Subject to clause 20A, the Authority must make an estimate referred to in paragraph 20(1)(a) ..."
[parser-unknown-class] "Numberedheading", text="20A. Provisional entries in Registers"
[parser-unknown-class] "subhead", text="(1) This clause applies if the Authority is unable to confidently estimate the salinity impacts o..."
[parser-unknown-class] "subhead", text="(2) The Authority may, in accordance with any reasonable method for assessing salinity effects, m..."
[parser-unknown-class] "subhead", text="(3) If the Authority makes a provisional entry in a Register in accordance with subclause 20A(2),..."
[parser-unknown-class] "subpara", text="(a) estimate the salinity credits or salinity debits of the Accountable Action or Delayed salinit..."
[parser-unknown-class] "subpara", text="(b) amend the relevant Register accordingly."
[parser-unknown-class] "subhead", text="(4) Each relevant Contracting Government must give to the Authority all relevant information to a..."
[parser-unknown-class] "Numberedheading", text="21. Attributing Salinity Credits or Salinity Debits"
[parser-unknown-class] "subhead", text="(1) Subject to subclause 21(2) and clause 21A, the Authority must, in accordance with any BSM pro..."
[parser-unknown-class] "subpara", text="(a) arising from a Joint work or measure, in accordance with clause 11; or"
[parser-unknown-class] "subpara", text="(b) arising from a State Action, to the State Contracting Government which undertakes that action..."
[parser-unknown-class] "subpara", text="(c) arising from the delivery of Basin Plan Water, to the Commonwealth Account."
[parser-unknown-class] "subhead", text="(2) Despite paragraph 21(1)(b), where:"
[parser-unknown-class] "subpara", text="(a) there is an agreement referred to in clause 23, the Authority must, in accordance with any BS..."
[parser-unknown-class] "subpara", text="(b) two or more Contracting Governments together undertake the relevant State Action, the Authori..."
[parser-unknown-class] "Numberedheading", text="21A. Attributing certain salinity credits or salinity debits to the Collective Account"
[parser-unknown-class] "subhead", text="(1) The Authority must, in accordance with any BSM procedures, attribute salinity credits and sal..."
[parser-unknown-class] "subpara", text="(a) any BSM procedures; or"
[parser-unknown-class] "subpara", text="(b) the Committee."
[parser-unknown-class] "subhead", text="(2) For the purposes of subclause 21A(1), an Accountable Action does not include the delivery of ..."
[parser-unknown-class] "subhead", text="(3) If subclause 21A(1) applies, the Committee must determine which Contracting Government is to ..."
[parser-unknown-class] "subpara", text="(a) providing all relevant information about the Accountable Action to the Authority for the purp..."
[parser-unknown-class] "subpara", text="(b) monitoring and reviewing the Accountable Action for the purposes of clauses 27, 28 and 33."
[parser-unknown-class] "Numberedheading", text="21B. Establishing and maintaining a record of the proportions in which salinity credits and salin..."
[parser-unknown-class] "subhead", text="The Authority must, in accordance with any BSM procedures, establish and maintain a record of the..."
[parser-unknown-class] "subpara", text="(a) the Salinity and Drainage Strategy;"
[parser-unknown-class] "subpara", text="(b) the Basin Salinity Management Strategy;"
[parser-unknown-class] "subpara", text="(c) this Schedule as in force on and after the commencement of the Water Amendment (Murray‑Darlin..."
[parser-unknown-class] "Numberedheading", text="22. When Salinity Credits and Salinity Debits must be entered on a Register"
[parser-unknown-class] "subhead", text="(1) Subject to sub‑clause 16(3), when the Authority has estimated that a salinity credit will ari..."
[parser-unknown-class] "subpara", text="(a) the Authority declares that Accountable Action to be effective under clause 64 of the Agreeme..."
[parser-unknown-class] "subpara", text="(b) if the Accountable Action is to be undertaken in stages, the Authority declares a stage to be..."
[parser-unknown-class] "subhead", text="the Authority must:"
[parser-unknown-class] "subpara", text="(c) attribute salinity credits arising from the Accountable Action in accordance with clause 21 o..."
[parser-unknown-class] "subpara", text="(d) enter the salinity credits on the relevant Register,"
[parser-unknown-class] "subhead", text="in accordance with any relevant BSM procedures."
[parser-unknown-class] "subhead", text="(2) Subject to sub‑clause 16(3), when the Authority has estimated that salinity debits will arise..."
[parser-unknown-class] "subpara", text="(a) commences to undertake the Accountable Action; or"
[parser-unknown-class] "subpara", text="(b) if the Accountable Action is to be undertaken in stages, commences to undertake any stage,"
[parser-unknown-class] "subhead", text="the Authority must:"
[parser-unknown-class] "subpara", text="(c) attribute the prospective salinity debits arising from the Accountable Action or stage in acc..."
[parser-unknown-class] "subpara", text="(d) enter the salinity debits on the relevant Register,"
[parser-unknown-class] "subhead", text="in accordance with any relevant BSM procedures."
[parser-unknown-class] "subhead", text="(3) Despite sub‑clauses 22(1) and 22(2), if an Accountable Action is a State Action that is not r..."
[parser-unknown-class] "subpara", text="(a) attribute any salinity credits arising from that State Action at the time when the Authority ..."
[parser-unknown-class] "subpara", text="(b) enter the salinity credits on the relevant Register."
[parser-unknown-class] "Numberedheading", text="23. Trading and transfers of salinity credits and salinity debits"
[parser-unknown-class] "subhead", text="(1) A Contracting Government may agree to assign any or all of the salinity credits or salinity d..."
[parser-unknown-class] "subhead", text="(2) When the parties to an agreement referred to in sub‑clause 23(1) inform the Authority in writ..."
[parser-unknown-class] "subpara", text="(a) attribute salinity credits or salinity debits in accordance with the agreement; and"
[parser-unknown-class] "subpara", text="(b) amend Register A accordingly."
[parser-unknown-class] "subhead", text="(2A) Unless the Committee directs otherwise, a Contracting Government may, if any BSM procedures ..."
[parser-unknown-class] "subhead", text="(2B) The Authority must, if required by any BSM procedures, transfer any salinity credits attribu..."
[parser-unknown-class] "subhead", text="(2C) The Authority must, at the request of a State Contracting Government, and in accordance with..."
[parser-unknown-class] "subpara", text="(a) transfer a State Contracting Government’s share of salinity credits in the Collective Account..."
[parser-unknown-class] "subpara", text="(b) amend Register A accordingly."
[parser-unknown-class] "subhead", text="(3) A Contracting Government, with the prior written approval of the Committee, may agree to assi..."
[parser-unknown-class] "subhead", text="(4) The Authority must:"
[parser-unknown-class] "subpara", text="(a) attribute salinity credits and salinity debits in accordance with any agreement approved by t..."
[parser-unknown-class] "subpara", text="(b) amend Register B accordingly."
[parser-unknown-class] "subhead", text="(5) The Authority may, in accordance with BSM procedures, give effect to any written request by a..."
[parser-unknown-class] "subpara", text="(a) in Register A, to Register B; or"
[parser-unknown-class] "subpara", text="(b) in Register B, to Register A."
[parser-unknown-class] "Numberedheading", text="24. Re‑estimating salinity impacts and amendment of Register entries"
[parser-unknown-class] "subhead", text="(1) The Authority:"
[parser-unknown-class] "subpara", text="(a) must re‑estimate the salinity impacts of an Accountable Action or a Delayed salinity impact f..."
[parser-unknown-class] "subpara", text="(aa) may, at any other time, re‑estimate the salinity impacts of an Accountable Action or Delayed..."
[parser-unknown-class] "subpara", text="(b) if the re‑estimated salinity impacts differ from the Authority’s most recent previous estimat..."
[parser-unknown-class] "subsubpara", text="(i) alter the calculation and attribution of either or both of the salinity credits and salinity ..."
[parser-unknown-class] "subsubpara", text="(ii) make any consequential amendment to a Register,"
[parser-unknown-class] "subpara", text="to reflect the re‑estimated salinity impacts."
[parser-unknown-class] "subhead", text="(1A) If the Authority considers that an estimate of the salinity cost effect on which a salinity ..."
[parser-unknown-class] "subpara", text="(a) may, in accordance with the advice of the Committee, remove the salinity credit or salinity d..."
[parser-unknown-class] "subpara", text="(b) must, as soon as practicable, use its best efforts to make a reliable estimate and make a con..."
[parser-unknown-class] "subhead", text="(2) The Authority may, on the advice of the Committee:"
[parser-unknown-class] "subpara", text="(a) designate a Joint work or measure to be a State Action; or"
[parser-unknown-class] "subpara", text="(b) designate a State Action to be a Joint work or measure; or"
[parser-unknown-class] "subpara", text="(c) remove an Accountable Action from a Register; or"
[parser-unknown-class] "subpara", text="(d) determine that an Accountable Action must, in future, be treated as more than one Accountable..."
[parser-unknown-class] "subhead", text="(3) Whenever the Authority takes any action referred to in sub‑clause 24(1) or 24(2) it must:"
[parser-unknown-class] "subpara", text="(a) review the calculation and attribution of salinity credits or salinity debits arising from th..."
[parser-unknown-class] "subpara", text="(b) make any consequential amendment to a Register,"
[parser-unknown-class] "subhead", text="in accordance with any relevant BSM procedures."
[parser-unknown-class] "SMALLPARTHEADING", text="PART VI—MONITORING"
[parser-unknown-class] "Numberedheading", text="25. Monitoring obligations"
[parser-unknown-class] "subhead", text="(1) The Authority and each State Contracting Government must carry out such monitoring as it is r..."
[parser-unknown-class] "subpara", text="(a) to fulfil its respective reporting obligations under Part VII; and"
[parser-unknown-class] "subpara", text="(b) by this Part,"
[parser-unknown-class] "subhead", text="in accordance with any relevant BSM procedures."
[parser-unknown-class] "subhead", text="(2) A State Contracting Government must give the Authority the results of monitoring carried out ..."
[parser-unknown-class] "subpara", text="(a) since it last gave such results to the Authority, at any time reasonably requested by the Aut..."
[parser-unknown-class] "subpara", text="(b) during a financial year, by 30 November of the following financial year."
[parser-unknown-class] "Numberedheading", text="26. Monitoring at End‑of‑Valley Target sites"
[parser-unknown-class] "subhead", text="A State Contracting Government must, in accordance with any BSM procedures, undertake continuous ..."
[parser-unknown-class] "Numberedheading", text="27. Monitoring programs in relation to Accountable Actions and Delayed salinity impacts"
[parser-unknown-class] "subhead", text="(1) A State Contracting Government nominated under sub‑clause 56(5) of the Agreement, in respect ..."
[parser-unknown-class] "subhead", text="(2) A State Contracting Government must, within 3 months after a State Action undertaken by the G..."
[parser-unknown-class] "subpara", text="(a) to monitor the salinity impacts of that State Action; and"
[parser-unknown-class] "subpara", text="(b) to monitor for Delayed salinity impacts in that State."
[parser-unknown-class] "subhead", text="(2A) A State Contracting Government must give to the Authority a proposed program to monitor the ..."
[parser-unknown-class] "subhead", text="(2B) If salinity credits or salinity debits arising from an Accountable Action are attributed to ..."
[parser-unknown-class] "subhead", text="(3) The Authority may, in accordance with any BSM procedures:"
[parser-unknown-class] "subpara", text="(a) accept a program given to it under sub‑clause 27(1), 27(2) or 27(2A); or"
[parser-unknown-class] "subpara", text="(b) accept that program with any amendment made by the Authority; or"
[parser-unknown-class] "subpara", text="(c) decline to accept the program, setting out its reasons."
[parser-unknown-class] "subhead", text="(4) The Authority may, from time to time, give directions to a Constructing Authority under parag..."
[parser-unknown-class] "subhead", text="(5) The Committee may make BSM procedures to ensure that any Accountable Action or Delayed salini..."
[parser-unknown-class] "Numberedheading", text="28. Monitoring Accountable Actions and monitoring for Delayed salinity impacts"
[parser-unknown-class] "subhead", text="(1) A Contracting Government nominated under sub‑clause 56(5) of the Agreement in respect of a Jo..."
[parser-unknown-class] "subhead", text="(2) A State Contracting Government must, in accordance with a program accepted by the Authority u..."
[parser-unknown-class] "subpara", text="(a) monitor the salinity impacts of a State Action in the State; and"
[parser-unknown-class] "subpara", text="(b) monitor for Delayed salinity impacts in that State."
[parser-unknown-class] "subhead", text="(3) A Contracting Government mentioned in subclause 27(2B) must, in accordance with a program acc..."
[parser-unknown-class] "subhead", text="(4) A Contracting Government nominated under subclause 56(5) of the Agreement in respect of an S&..."
[parser-unknown-class] "SMALLPARTHEADING", text="PART VII—REPORTING, AUDIT AND REVIEW"
[parser-unknown-class] "Numberedheading", text="29. Reports by State Contracting Governments"
[parser-unknown-class] "subhead", text="(1) A State Contracting Government must, in accordance with any BSM procedures, prepare:"
[parser-unknown-class] "subpara", text="(a) a status report for the financial year commencing on 1 July 2017 and every second financial y..."
[parser-unknown-class] "subpara", text="(b) a comprehensive report for the financial year commencing on 1 July 2018 and every second fina..."
[parser-unknown-class] "subhead", text="(2) A State Contracting Government must give the report to the Authority as soon as practicable a..."
[parser-unknown-class] "Numberedheading", text="30. Annual report by Commonwealth Government"
[parser-unknown-class] "subhead", text="(1) The Commonwealth Government must, after the end of each financial year, prepare a report in r..."
[parser-unknown-class] "subhead", text="(2) The Commonwealth Government must give the report to the Authority as soon as practicable afte..."
[parser-unknown-class] "Numberedheading", text="31. Reports by the Authority"
[parser-unknown-class] "subhead", text="(1) The Authority must, in accordance with this clause and any BSM procedures, prepare the follow..."
[parser-unknown-class] "subpara", text="(a) for the financial year commencing on 1 July 2017 and every second financial year:"
[parser-unknown-class] "subsubpara", text="(i) a status report; and"
[parser-unknown-class] "subsubpara", text="(ii) a summary report;"
[parser-unknown-class] "subpara", text="(b) for the financial year commencing on 1 July 2018 and every second financial year—a comprehens..."
[parser-unknown-class] "subhead", text="(2) The Authority must give the status report to the Committee as soon as practicable after the e..."
[parser-unknown-class] "subhead", text="(3) When the Authority gives the status report to the Committee, the Authority must also give to ..."
[parser-unknown-class] "subpara", text="(a) a copy of each State Contracting Government’s report prepared under paragraph 29(1)(a) for th..."
[parser-unknown-class] "subpara", text="(b) a copy of the Commonwealth Government’s annual report prepared under subclause 30(1) for that..."
[parser-unknown-class] "subhead", text="(4) The Authority must give the comprehensive report to the Ministerial Council as soon as practi..."
[parser-unknown-class] "subhead", text="(5) A comprehensive report must, for the financial year to which it relates, include the following:"
[parser-unknown-class] "subpara", text="(a) a summary of each State Contracting Government’s report prepared under paragraph 29(1)(b) for..."
[parser-unknown-class] "subpara", text="(b) a summary of the Commonwealth Government’s annual report prepared under subclause 30(1) for t..."
[parser-unknown-class] "subpara", text="(c) the executive summary and recommendations of the audit report prepared in relation to the fin..."
[parser-unknown-class] "subhead", text="(6) The Authority must give each summary report to the Ministerial Council as soon as practicable..."
[parser-unknown-class] "subhead", text="(7) A summary report must include a summary of the information included in the reports prepared u..."
[parser-unknown-class] "subhead", text="(8) The Authority must publish each status report, comprehensive report and summary report prepar..."
[parser-unknown-class] "Numberedheading", text="32. Review Plan"
[parser-unknown-class] "subhead", text="(1) The Authority must prepare and approve a plan (the Review Plan) in accordance with this claus..."
[parser-unknown-class] "subhead", text="(2) The Review Plan must be:"
[parser-unknown-class] "subpara", text="(a) prepared on the basis of information and advice provided to the Authority by the Contracting ..."
[parser-unknown-class] "subpara", text="(b) approved by the Authority on the advice of the Committee."
[parser-unknown-class] "subhead", text="(3) The Review Plan must provide for the review of the following matters:"
[parser-unknown-class] "subpara", text="(a) Register entries (including provisional entries);"
[parser-unknown-class] "subpara", text="(b) models or assessment methods associated with Register entries;"
[parser-unknown-class] "subpara", text="(c) End‑of‑Valley Targets, including, for each valley, a review of associated models and baseline..."
[parser-unknown-class] "subpara", text="(d) any other model used or approved by the Authority under clause 38 to estimate salinity impacts."
[parser-unknown-class] "subhead", text="(4) Unless otherwise determined by the Committee, the matters to be reviewed under subclause 32(3..."
[parser-unknown-class] "subpara", text="(a) for Register entries (including provisional entries):"
[parser-unknown-class] "subsubpara", text="(i) for Joint works or measures and S&DS works or measures—by the Authority; and"
[parser-unknown-class] "subsubpara", text="(ii) for State Actions—by the relevant State Contracting Government or, if the action is shared b..."
[parser-unknown-class] "subsubpara", text="(iii) for salinity credits or salinity debits that are attributed to the Collective Account—as de..."
[parser-unknown-class] "subsubpara", text="(iv) for delivery of Basin Plan Water—by the Authority; and"
[parser-unknown-class] "subsubpara", text="(v) for Delayed salinity impacts—by the relevant State Contracting Government;"
[parser-unknown-class] "subpara", text="(b) for models or assessment methods associated with register entries—by the Authority or the Con..."
[parser-unknown-class] "subpara", text="(c) for End‑of‑Valley Targets—by the State Contracting Government responsible for the relevant va..."
[parser-unknown-class] "subpara", text="(d) for any other model used or approved by the Authority—by the Authority."
[parser-unknown-class] "subhead", text="(5) Each matter specified in the Review Plan must be reviewed at least once during the 10 year pe..."
[parser-unknown-class] "subhead", text="(6) The Authority must review the Review Plan on an annual basis and may, in accordance with any ..."
[parser-unknown-class] "subhead", text="(7) The Authority or a Contracting Government may, but is not required to, review a model underpi..."
[parser-unknown-class] "Numberedheading", text="33. Review of matters in Review Plan by Contracting Governments and Authority"
[parser-unknown-class] "subhead", text="(1) Each Contracting Government and the Authority must review, and report on, matters for which t..."
[parser-unknown-class] "subhead", text="(2) A report arising from a review of matters under paragraph 32(4)(a) must include the Authority..."
[parser-unknown-class] "subhead", text="(3) A report arising from a review of matters under paragraph 32(4)(c) in relation to End‑of‑Vall..."
[parser-unknown-class] "Numberedheading", text="34. Audit and assessment"
[parser-unknown-class] "subhead", text="(1) The Authority must appoint independent auditors for the purpose of carrying out an audit and ..."
[parser-unknown-class] "subhead", text="(2) A person who is appointed as one of the independent auditors referred to in sub‑clause 34(1):"
[parser-unknown-class] "subpara", text="(a) is appointed for such period and on such terms as are set out in that person’s instrument of ..."
[parser-unknown-class] "subpara", text="(b) may resign by written notice addressed to the Authority; and"
[parser-unknown-class] "subpara", text="(c) may only be removed from office during the period of that person’s appointment by the Committ..."
[parser-unknown-class] "subhead", text="(2A) An audit and assessment is to commence by November after the end of the financial year menti..."
[parser-unknown-class] "subhead", text="(3) The independent auditors must together carry out the following:"
[parser-unknown-class] "subpara", text="(a) an audit under this clause of the following:"
[parser-unknown-class] "subsubpara", text="(i) the report of each review conducted in the preceding 2 financial years by each Contracting Go..."
[parser-unknown-class] "subsubpara", text="(ii) Register A and Register B;"
[parser-unknown-class] "subpara", text="(b) an assessment of the following:"
[parser-unknown-class] "subsubpara", text="(i) the implementation of the Basin Salinity Management 2030;"
[parser-unknown-class] "subsubpara", text="(ii) the implementation of the Review Plan, including the appropriateness of review periods."
[parser-unknown-class] "subhead", text="(3A) The Authority may, at any time, in consultation with the Contracting Governments, amend the ..."
[parser-unknown-class] "subhead", text="(4) The independent auditors must, in each audit, reach a view by consensus about:"
[parser-unknown-class] "subpara", text="(a) the performance of each Contracting Government and of the Authority in implementing the provi..."
[parser-unknown-class] "subpara", text="(b) whether the Authority has fairly and accurately recorded the salinity impacts of each action ..."
[parser-unknown-class] "subhead", text="(5) The independent auditors must prepare a report setting out:"
[parser-unknown-class] "subpara", text="(a) the findings of each audit and assessment; and"
[parser-unknown-class] "subpara", text="(b) any recommendations made by the independent auditors arising from that audit or assessment."
[parser-unknown-class] "subhead", text="(6) Without limiting sub‑clause 34(5), a report:"
[parser-unknown-class] "subpara", text="(a) must set out the view reached on each of the matters referred to in sub‑clause 34(4); and"
[parser-unknown-class] "subpara", text="(b) may recommend to the Authority that the salinity impacts entered in Register A or Register B ..."
[parser-unknown-class] "subpara", text="(c) may set out a finding that the total salinity credits are not equal to, or do not exceed, the..."
[parser-unknown-class] "Numberedheading", text="35. Review of Schedule"
[parser-unknown-class] "subhead", text="(1) The Authority must prepare and give to the Ministerial Council a report on the operation of t..."
[parser-unknown-class] "subpara", text="(a) at such times as the Committee directs;"
[parser-unknown-class] "subpara", text="(b) at any time the Authority considers appropriate."
[parser-unknown-class] "subhead", text="(2) Without limiting the contents of any report prepared under sub‑clause 35(1), the Authority ma..."
[parser-unknown-class] "subpara", text="(a) a summary of:"
[parser-unknown-class] "subsubpara", text="(i) the Delayed salinity impacts; and"
[parser-unknown-class] "subsubpara", text="(ii) the salinity impacts of every Accountable Action undertaken before the date of the report,"
[parser-unknown-class] "subpara", text="within the Murray‑Darling Basin, based on the reports prepared under clause 33 since the last rep..."
[parser-unknown-class] "subpara", text="(b) a description of any additions to, or alterations of, the Joint Program proposed to ensure th..."
[parser-unknown-class] "subhead", text="(3) A report prepared under sub‑clause 35(1) may conclude that a Contracting Government has not c..."
[parser-unknown-class] "Numberedheading", text="35A. Review of the Basin Salinity Management 2030"
[parser-unknown-class] "subhead", text="(1) The Authority must:"
[parser-unknown-class] "subpara", text="(a) by 31 December 2025—prepare, in consultation with Contracting Governments, a plan to review t..."
[parser-unknown-class] "subpara", text="(b) by 31 December 2026—commence a review of the Basin Salinity Management 2030 in accordance wit..."
[parser-unknown-class] "subhead", text="(2) The review must include a review of the following matters:"
[parser-unknown-class] "subpara", text="(a) matters required by any BSM procedures;"
[parser-unknown-class] "subpara", text="(b) matters mentioned in the Basin Salinity Management 2030 as matters to be considered in the re..."
[parser-unknown-class] "subpara", text="(c) the operation of this Schedule."
[parser-unknown-class] "SMALLPARTHEADING", text="PART VIII—MODELS"
[parser-unknown-class] "Numberedheading", text="36. Models to be developed by the Authority"
[parser-unknown-class] "subhead", text="(1) Using the Benchmark Period, the Authority must develop and maintain one or more models to sim..."
[parser-unknown-class] "subpara", text="(a) the salinity, salt load and flow, each on a daily basis; and"
[parser-unknown-class] "subpara", text="(b) the economic effects on water users of the simulated salinity, salt load and flow,"
[parser-unknown-class] "subhead", text="in the Upper River Murray and the River Murray in South Australia."
[parser-unknown-class] "subhead", text="(2) Any model or models developed under subclause 36(1) must be capable of estimating, or support..."
[parser-unknown-class] "subpara", text="(a) any salinity impacts of Accountable Actions;"
[parser-unknown-class] "subpara", text="(b) any Delayed salinity impacts;"
[parser-unknown-class] "subhead", text="at Morgan and such other relevant locations as the Authority may determine, for each of the years..."
[parser-unknown-class] "subhead", text="(3) A Contracting Government must give the Authority information about the matters referred to in..."
[parser-unknown-class] "subhead", text="(4) The Authority may, from time to time, alter a model developed under sub‑clause 36(1)."
[parser-unknown-class] "Numberedheading", text="37. Models developed by State Contracting Governments"
[parser-unknown-class] "subhead", text="(1) Each State Contracting Government must develop and maintain:"
[parser-unknown-class] "subpara", text="(a) subject to subclause (3), one or more models to simulate, under Baseline Conditions, the dail..."
[parser-unknown-class] "subpara", text="(b) one or more groundwater models to simulate, under Baseline Conditions, salt water accessions ..."
[parser-unknown-class] "subhead", text="(2) Any model or models developed under subclause 37(1) must be capable of estimating or, in the ..."
[parser-unknown-class] "subpara", text="(a) any salinity impacts of Accountable Actions;"
[parser-unknown-class] "subpara", text="(b) any Delayed salinity impacts;"
[parser-unknown-class] "subhead", text="for each Valley and each End‑of‑Valley Target site specified in Appendix 1 for each of the years ..."
[parser-unknown-class] "subhead", text="(3) A State Contracting Government is not required to develop and maintain a model for the purpos..."
[parser-unknown-class] "subhead", text="(4) A State Contracting Government may, from time to time, alter a model developed under subclaus..."
[parser-unknown-class] "Numberedheading", text="38. Assessment and Approval of Certain Models"
[parser-unknown-class] "subhead", text="(1) A model, or any alteration to that model, developed to help the Authority or a State Contract..."
[parser-unknown-class] "subhead", text="(2) The Authority must assess any model, or any alteration to a model, made by a State Contractin..."
[parser-unknown-class] "subhead", text="(3) The Authority must appoint an appropriately qualified panel to assess any model, or alteratio..."
[parser-unknown-class] "subhead", text="(4) An assessment of any alteration to a model must include any matter required by any BSM proced..."
[parser-unknown-class] "subhead", text="(5) After completing the assessment of a model or alteration under subclause 38(2) or considering..."
[parser-unknown-class] "subpara", text="(a) approve the model or alteration; or"
[parser-unknown-class] "subpara", text="(b) approve that model or alteration, subject to:"
[parser-unknown-class] "subsubpara", text="(i) in the case of a model or alteration prepared by a Government, the relevant Government modify..."
[parser-unknown-class] "subsubpara", text="(ii) in the case of a model prepared by the Authority, the Authority modifying the model or alter..."
[parser-unknown-class] "subpara", text="(c) decline to approve the model or alteration ,setting out its reasons."
[parser-unknown-class] "subhead", text="(6) Within 6 months (or such longer period agreed by the Committee) after the Authority approves ..."
[parser-unknown-class] "subpara", text="(a) the relevant Government or the Authority must modify the model, or alteration to a model, as ..."
[parser-unknown-class] "subpara", text="(b) in the case of a State Contracting Government, give a copy of the modified model, or alterati..."
[parser-unknown-class] "subhead", text="(7) A model in the form initially assessed under this clause may be used temporarily for the purp..."
[parser-unknown-class] "subpara", text="(a) made by the Authority or the relevant Government; and"
[parser-unknown-class] "subpara", text="(b) approved by the Authority."
[parser-unknown-class] "subhead", text="(8) When an alteration to a model:"
[parser-unknown-class] "subpara", text="(a) is approved under paragraph 38(5)(a); or"
[parser-unknown-class] "subpara", text="(b) modified under sub‑clause 38(6),"
[parser-unknown-class] "subhead", text="the relevant model is altered accordingly."
[parser-unknown-class] "PARTHEADING", text="PART IX—PROTOCOLS AND BSM PROCEDURES"
[parser-unknown-class] "Numberedheading", text="40. Authority’s power to make protocols"
[parser-unknown-class] "subhead", text="(1) The Authority may, in consultation with the Committee, from time to time make, amend or revok..."
[parser-unknown-class] "subhead", text="(2) The Authority must notify each Contracting Government:"
[parser-unknown-class] "subpara", text="(a) whenever it is considering making, amending or revoking a protocol; and"
[parser-unknown-class] "subpara", text="(b) of the subject matter of the proposed protocol or amendment."
[parser-unknown-class] "subhead", text="(3) A Contracting Government may nominate a person with relevant expertise and experience to give..."
[parser-unknown-class] "subhead", text="(4) The Authority must consider any advice given by any person nominated under sub‑clause 40(3), ..."
[parser-unknown-class] "subhead", text="(5) Protocols made under this clause must not be inconsistent with any provision of the Agreement..."
[parser-unknown-class] "subhead", text="(6) The Authority may not delegate any power conferred on it by sub‑clause 40(1)."
[parser-unknown-class] "Numberedheading", text="40A. BSM procedures"
[parser-unknown-class] "subhead", text="(1) The Committee may, from time to time, make, amend or revoke such procedures (BSM procedures) ..."
[parser-unknown-class] "subhead", text="(2) BSM procedures must not be inconsistent with any provision of the Agreement (including its Sc..."
[parser-unknown-class] "subhead", text="(3) The Authority must publish BSM procedures on its website."
[parser-unknown-class] "Numberedheading", text="41. Matters that may be dealt with in BSM procedures"
[parser-unknown-class] "subpara", text="(a) about assessing Proposals;"
[parser-unknown-class] "subpara", text="(b) about the nature and form of information which a State Contracting Government must give to th..."
[parser-unknown-class] "subpara", text="(c) establishing a common method to be used to estimate the salinity impacts of both any Proposal..."
[parser-unknown-class] "subpara", text="(d) establishing a method, using Baseline Conditions, to estimate Delayed salinity impacts;"
[parser-unknown-class] "subpara", text="(e) establishing a method to determine any salinity credits or salinity debits arising from a sal..."
[parser-unknown-class] "subpara", text="(f) for administering Register A and Register B, including:"
[parser-unknown-class] "subsubpara", text="(i) deciding whether an Accountable Action should be entered on Register A or Register B;"
[parser-unknown-class] "subsubpara", text="(ii) how to estimate the salinity impact of an action;"
[parser-unknown-class] "subsubpara", text="(iii) how any salinity credits or salinity debits are to be apportioned between, and attributed t..."
[parser-unknown-class] "subsubpara", text="(iv) about the purpose and operation of the Collective Account, and the attribution of salinity c..."
[parser-unknown-class] "subsubpara", text="(v) about the attribution or transfer of salinity credits to or from the Commonwealth Account;"
[parser-unknown-class] "subsubpara", text="(vi) about a Contracting Government accessing its share of salinity credits attributed to the Col..."
[parser-unknown-class] "subsubpara", text="(vii) about provisional entries (including rules about the use of provisional entries);"
[parser-unknown-class] "subpara", text="(g) about monitoring:"
[parser-unknown-class] "subsubpara", text="(i) the salinity impacts of an Accountable Action;"
[parser-unknown-class] "subsubpara", text="(ii) Delayed salinity impacts;"
[parser-unknown-class] "subsubpara", text="(iii) at End‑of‑Valley Target sites;"
[parser-unknown-class] "subpara", text="(ga) about the form and content of reports under clauses 29, 30 and 31;"
[parser-unknown-class] "subpara", text="(gb) about the form and content of the Review Plan (including any operational review undertaken a..."
[parser-unknown-class] "subpara", text="(gc) about the conduct of a review, and the content of a review report, under clause 33;"
[parser-unknown-class] "subpara", text="(gd) about matters to be included in a review under clause 35 or 35A;"
[parser-unknown-class] "subpara", text="(h) about developing and assessing models referred to in Part VIII and using those models;"
[parser-unknown-class] "subpara", text="(k) about making sure that reporting obligations and the nature and content of reports prepared u..."
[parser-unknown-class] "SMALLPARTHEADING", text="PART X—DEFAULT"
[parser-unknown-class] "Numberedheading", text="42. Relationship with Part XI of the Agreement"
[parser-unknown-class] "Numberedheading", text="43. Default by a State Contracting Government"
[parser-unknown-class] "subhead", text="(1) The Authority must determine that a State Contracting Government is in default for the purpos..."
[parser-unknown-class] "subpara", text="(a) decides; or"
[parser-unknown-class] "subpara", text="(b) receives a report of an audit under sub‑clause 34(5) which finds,"
[parser-unknown-class] "subhead", text="that the total salinity credits do not exceed, or are not equal to, the total salinity debits att..."
[parser-unknown-class] "subhead", text="(1A) The Authority must not make a determination under subclause 43(1) unless, before making the ..."
[parser-unknown-class] "subpara", text="(a) made an assessment of risk to achieving the Basin Salinity Target; and"
[parser-unknown-class] "subpara", text="(b) consulted Contracting Governments."
[parser-unknown-class] "subhead", text="(2) If the Authority determines that a State Contracting Government is in default, the Authority ..."
[parser-unknown-class] "subpara", text="(a) forthwith declare that the State is in default of its obligations under this Schedule; and"
[parser-unknown-class] "subpara", text="(b) report the matter to the next meeting of the Ministerial Council."
[parser-unknown-class] "Numberedheading", text="44. Exception Reports"
[parser-unknown-class] "subhead", text="(1) The Authority may determine:"
[parser-unknown-class] "subpara", text="(a) that the combined total of all salinity credits does not exceed the combined total of all sal..."
[parser-unknown-class] "subpara", text="(c) that a Contracting Government has not complied with one or more of its obligations under this..."
[parser-unknown-class] "subhead", text="(2) If the Authority makes a determination under sub‑clause 44(1) it must report that fact to the..."
[parser-unknown-class] "subhead", text="(3) The Authority may revoke a determination made under sub‑clause 44 (1) if it is satisfied that..."
[parser-unknown-class] "Numberedheading", text="45. Proposal for remedial action"
[parser-unknown-class] "subhead", text="(1) The Authority must:"
[parser-unknown-class] "subpara", text="(a) upon making a determination under sub‑clause 43(1) or 44(1), consult with the relevant Contra..."
[parser-unknown-class] "subpara", text="(b) include in the relevant report to the Ministerial Council, the Authority’s proposal for remed..."
[parser-unknown-class] "subhead", text="(2) The Authority must not act under subclause 45(1) unless it has first consulted the Committee."
[parser-unknown-class] "Numberedheading", text="46. Action by a Contracting Government"
[parser-unknown-class] "subpara", text="(a) give a report to the next meeting of the Ministerial Council, setting out:"
[parser-unknown-class] "subsubpara", text="(i) an explanation of the circumstances leading to the Authority’s determination; and"
[parser-unknown-class] "subsubpara", text="(ii) what action the Government has taken, or proposes to take, to remedy that situation; and"
[parser-unknown-class] "subsubpara", text="(iii) if the circumstances leading to the Authority’s determination were a situation referred to ..."
[parser-unknown-class] "subpara", text="(b) report annually thereafter to the Ministerial Council on the action it has taken, or proposes..."
[parser-unknown-class] "subsubpara", text="(i) in the case of a determination made under sub‑clause 43(1), the Authority is satisfied that t..."
[parser-unknown-class] "subsubpara", text="(ii) in the case of a determination made under sub‑clause 44(1), the Authority revokes that deter..."
[parser-unknown-class] "SMALLPARTHEADING", text="PART XI—FINANCE"
[parser-unknown-class] "Numberedheading", text="47. State Actions"
[parser-unknown-class] "subhead", text="(1) Subject to subclauses 47(2) and (3), the cost of undertaking and monitoring a State Action mu..."
[parser-unknown-class] "subpara", text="(a) be met by the Contracting Government which undertakes it; or"
[parser-unknown-class] "subpara", text="(b) if the State Action is undertaken by more than one Contracting Government, be met by them in ..."
[parser-unknown-class] "subhead", text="(2) Where a Contracting Government agrees to assign to another Contracting Government any salinit..."
[parser-unknown-class] "subhead", text="(3) The costs of undertaking, monitoring and reviewing State Actions whose salinity credits and s..."
[parser-unknown-class] "Numberedheading", text="48. Joint works or measures and S&DS works or measures"
[parser-unknown-class] "subhead", text="(1) Subject to subclause 48(2), the provisions of clause 72 of the Agreement apply to every Joint..."
[parser-unknown-class] "subhead", text="(2) The share of the cost of any Joint work or measure or any S&DS work or measure attributable t..."
[parser-unknown-class] "PARTHEADING", text="Part XII—TRANSITIONAL PROVISIONS"
[parser-unknown-class] "SMALLPARTHEADING", text="DIVISION 1—AMENDMENTS MADE BY THE WATER AMENDMENT (MURRAY—DARLING BASIN AGREEMENT—BASIN SALINITY ..."
[parser-unknown-class] "Numberedheading", text="50. Application of Division"
[parser-unknown-class] "subhead", text="This Division applies in relation to amendments of this Schedule made by Schedule 1 to the amendi..."
[parser-unknown-class] "Numberedheading", text="51. Definitions"
[parser-unknown-class] "Numberedheading", text="52. Things started but not finished before commencement day"
[parser-unknown-class] "subhead", text="(1) This clause applies if:"
[parser-unknown-class] "subpara", text="(a) before the commencement day a Contracting Government, the Committee, the Authority or an audi..."
[parser-unknown-class] "subpara", text="(b) immediately before that day the Contracting Government, Committee, Authority or auditor had n..."
[parser-unknown-class] "subhead", text="(2) The Contracting Government, Committee, Authority or auditor, as the case requires, must, on a..."
[parser-unknown-class] "Numberedheading", text="53. Things done in anticipation of new Schedule B"
[parser-unknown-class] "subhead", text="Acts or things consistent with new Schedule B done by or on behalf of a Contracting Government, t..."
[parser-unknown-class] "Numberedheading", text="54. Things done by, or in relation to, the Committee or Authority"
[parser-unknown-class] "subhead", text="If, before the commencement day, a thing was done by, or in relation to, the Committee or the Aut..."
[parser-unknown-class] "Numberedheading", text="55. Things done under old Schedule B for particular purpose"
[parser-unknown-class] "subhead", text="(1) If:"
[parser-unknown-class] "subhead", text="the thing has effect for the purposes of new Schedule B as if it had been done under new Schedule B."
[parser-unknown-class] "subhead", text="(2) Without limiting subclause 55(1), a reference in that subclause to a thing being done include..."
[parser-unknown-class] "Numberedheading", text="56. Amendments have no effect on previous operation of old Schedule B"
[parser-unknown-class] "subhead", text="The amendment of a provision (the affected provision) of this Schedule by Schedule 1 to the amend..."
[parser-unknown-class] "Numberedheading", text="57. Saving of protocols"
[parser-unknown-class] "subhead", text="Protocols made by the Authority under clause 40 of old Schedule B and in force immediately before..."
[parser-unknown-class] "Numberedheading", text="58. Provisional entries"
[parser-unknown-class] "subhead", text="An entry made by the Authority in Register A or Register B before the commencement day purporting..."
[parser-unknown-class] "PARTHEADING", text="SCHEDULE B—APPENDIX 2—AUTHORISED WORKS OR MEASURES"
[parser-unknown-class] "PARTHEADING", text="SCHEDULE C—APPLICATION OF AGREEMENT TO QUEENSLAND"
[parser-unknown-class] "Default", text="Plan for the purposes of clause 40 of the Agreement"
[parser-unknown-class] "Default", text="SCHEDULE D—TRANSFERRING WATER ENTITLEMENTS AND ALLOCATIONS"
[parser-unknown-class] "SMALLPARTHEADING", text="PART I—PRELIMINARY"
[parser-unknown-class] "Numberedheading", text="1. Purposes"
[parser-unknown-class] "subhead", text="The purposes of this Schedule are, consistently with the laws of each State, the Agreement, the N..."
[parser-unknown-class] "subpara", text="(a) to contribute to an efficient and effective water market by coordinating transfers of water e..."
[parser-unknown-class] "subpara", text="(b) to set out principles for adjustments of intervalley and State transfer accounts; and"
[parser-unknown-class] "subpara", text="(c) to set out principles to be applied by the Authority, State Contracting Governments and licen..."
[parser-unknown-class] "subpara", text="(d) to set out administrative and coordination arrangements, involving the Authority, State Contr..."
[parser-unknown-class] "subpara", text="(e) to allow Protocols to be made under this Schedule to supplement its provisions; and"
[parser-unknown-class] "subpara", text="(f) to require a State Contracting Government to notify the Authority of any intervalley transfer..."
[parser-unknown-class] "Numberedheading", text="2. Application"
[parser-unknown-class] "subpara", text="(a) the upper River Murray and the River Murray in South Australia; and"
[parser-unknown-class] "subpara", text="(b) regulated reaches of the Goulburn, Broken, Campaspe, Loddon and Murrumbidgee river systems; and"
[parser-unknown-class] "subpara", text="(c) such other sources from time to time specified in Appendix 1,"
[parser-unknown-class] "subhead", text="for the purposes of exchange rate trade or tagged trade (or both), as the Ministerial Council may..."
[parser-unknown-class] "Numberedheading", text="3. Definitions and interpretation"
[parser-unknown-class] "subhead", text="(1) In this Schedule and any protocols made under it, save where inconsistent with the context:"
[parser-unknown-class] "subpara", text="(a) “allocation” means the volume of water allocated for use under an entitlement in any water ye..."
[parser-unknown-class] "Indent3", text="“cap on diversions” has the same meaning as in Schedule E;"
[parser-unknown-class] "Indent3", text="“convert”, in relation to an entitlement, means to convert an entitlement of one type, with lower..."
[parser-unknown-class] "Indent3", text="“conversion factor” means a factor determined for the purpose of clause 12;"
[parser-unknown-class] "Indent3", text="“designated river valley” has the meaning set out in Schedule E;"
[parser-unknown-class] "Indent3", text="“entitlement” means:"
[parser-unknown-class] "subsubpara", text="(i) an entitlement to a particular share of water within the upper River Murray, the River Murray..."
[parser-unknown-class] "subsubpara", text="(ii) any other entitlement to divert water or to receive water diverted by another from those sou..."
[parser-unknown-class] "Indent3", text="but does not include a State entitlement;"
[parser-unknown-class] "Indent3", text="“environmental entitlement” means an entitlement to use water for environmental purposes;"
[parser-unknown-class] "Indent3", text="“exchange rate” means a rate determined for the purposes of clause 12;"
[parser-unknown-class] "Indent3", text="“former Schedule” means Schedule E of the former Agreement;"
[parser-unknown-class] "Indent3", text="“interstate transfer” means a transfer of an entitlement or allocation made between States in acc..."
[parser-unknown-class] "Indent3", text="“intervalley transfer” means a transfer of an entitlement or allocation made out of a valley:"
[parser-unknown-class] "subsubpara", text="(i) into another valley; or"
[parser-unknown-class] "subsubpara", text="(ii) into the River Murray, or vice versa;"
[parser-unknown-class] "Indent3", text="“licensing authority” means the authority within a State with power to make a final decision whet..."
[parser-unknown-class] "Indent3", text="“relevant water authority” in relation to an entitlement or allocation within an irrigation distr..."
[parser-unknown-class] "Indent3", text="“State of destination” means the State into which a transfer of an entitlement or allocation is, ..."
[parser-unknown-class] "Indent3", text="“State of origin” means the State out of which a transfer of an entitlement or allocation is, or ..."
[parser-unknown-class] "Indent3", text="“transfer”, in relation to an allocation, includes:"
[parser-unknown-class] "subsubpara", text="(i) the transfer of an allocation already made in a State of origin to a State of destination, in..."
[parser-unknown-class] "subsubpara", text="(ii) the transfer of an allocation within a State, according to the laws of that State;"
[parser-unknown-class] "Indent3", text="“transfer”, in relation to an entitlement, includes:"
[parser-unknown-class] "subsubpara", text="(i) the transfer of an entitlement, by either exchange rate trade or tagged trade, between States..."
[parser-unknown-class] "subsubpara", text="(ii) the transfer of an entitlement within a State, according to the laws of that State;"
[parser-unknown-class] "Indent3", text="“Transfer Register” means the register referred to in clause 16;"
[parser-unknown-class] "Indent3", text="“valley” means a river valley defined in a protocol made under paragraph 6(1)(b);"
[parser-unknown-class] "Indent3", text="“valley account” has the meaning set out in sub‑clause 11(3);"
[parser-unknown-class] "Indent3", text="“year” means the 12 months beginning on 1 July;"
[parser-unknown-class] "subpara", text="(b) a reference to a clause, sub‑clause, paragraph or Appendix is a reference to a clause, sub‑cl..."
[parser-unknown-class] "subpara", text="(c) a reference to the cap on diversions for a designated river valley is to the long‑term divers..."
[parser-unknown-class] "subpara", text="(d) a reference to “exchange rate trade” is to an arrangement under which an entitlement in a Sta..."
[parser-unknown-class] "subpara", text="(e) a reference to “tagged trade” is to an arrangement under which every allocation made under an..."
[parser-unknown-class] "subhead", text="(2) For the purposes of this Schedule, the Ministerial Council may determine the geographic exten..."
[parser-unknown-class] "SMALLPARTHEADING", text="PART II—GENERAL PRINCIPLES"
[parser-unknown-class] "Numberedheading", text="4. Power to alter entitlements and allocations to which Schedule applies"
[parser-unknown-class] "Numberedheading", text="5. Suspension of Schedule"
[parser-unknown-class] "subhead", text="(1) Subject to sub‑clause 19(10), a State Contracting Government may, from time to time, after co..."
[parser-unknown-class] "subpara", text="(a) the use or management of water comprised in entitlements or allocations transferred under thi..."
[parser-unknown-class] "subpara", text="(b) any other State has made inadequate progress towards pricing water to recover full costs, in ..."
[parser-unknown-class] "subpara", text="(c) the policies or practices applying within any other State do not achieve the objectives of th..."
[parser-unknown-class] "subhead", text="(2) The Ministerial Council may, from time to time, having regard to the National Water Initiativ..."
[parser-unknown-class] "Numberedheading", text="6. Power to make protocols"
[parser-unknown-class] "subhead", text="(1) The Authority may, in consultation with the Committee, from time to time make protocols:"
[parser-unknown-class] "subpara", text="(a) to implement the provisions for adjusting the cap on diversions set out in Appendix 3;"
[parser-unknown-class] "subpara", text="(b) about calculating salinity debits and credits for the purposes of clause 10;"
[parser-unknown-class] "subpara", text="(c) defining valleys for the purposes of this Schedule and about maintaining, crediting, debiting..."
[parser-unknown-class] "subpara", text="(d) determining one or more conversion factors and exchange rates; about applying and using any c..."
[parser-unknown-class] "subpara", text="(e) about any matter referred to in clause 13 (Restrictions on Transfers);"
[parser-unknown-class] "subpara", text="(f) about any matter referred to in clause 15 (Procedures and Principles for Transfers);"
[parser-unknown-class] "subpara", text="(g) about any matter referred to in clause 17 (Monitoring and Reporting);"
[parser-unknown-class] "subpara", text="(h) to implement either or both of exchange rate trade and tagged trade; and"
[parser-unknown-class] "subpara", text="(i) implementing any resolution of the Ministerial Council about transferring environmental entit..."
[parser-unknown-class] "subhead", text="(2) The Authority must notify each Contracting Government:"
[parser-unknown-class] "subpara", text="(a) whenever it is considering making, amending, reviewing or revoking a protocol; and"
[parser-unknown-class] "subpara", text="(b) of the subject matter of any proposed protocol, amendment, review or revocation."
[parser-unknown-class] "subhead", text="(3) A Contracting Government may nominate a person with relevant expertise and experience to give..."
[parser-unknown-class] "subhead", text="(4) The Authority must consider any advice given by a person nominated under sub‑clause 6(3), bef..."
[parser-unknown-class] "subhead", text="(5) A protocol made under this clause:"
[parser-unknown-class] "subpara", text="(a) must, subject to clause 2, indicate whether it applies to exchange rate trade, tagged trade o..."
[parser-unknown-class] "subpara", text="(b) must not be inconsistent with any provision of the Agreement (including its Schedules) and is..."
[parser-unknown-class] "subhead", text="(6) The Authority may:"
[parser-unknown-class] "subpara", text="(a) amend, review or revoke any protocol made under sub‑clause 6(1); and"
[parser-unknown-class] "subpara", text="(b) review any such protocol at the request of a Contracting Government."
[parser-unknown-class] "subhead", text="(7) The Authority may not delegate any power conferred on it by sub‑clauses 6(1) and (6)."
[parser-unknown-class] "SMALLPARTHEADING", text="PART III—MATTERS RELATING TO ADMINISTRATION OF THE AGREEMENT"
[parser-unknown-class] "Numberedheading", text="7. Adjustment of delivery of State entitlements"
[parser-unknown-class] "Numberedheading", text="8. Adjustment of cap on diversions"
[parser-unknown-class] "subhead", text="(1) Subject to paragraph 16(7)(a), the Authority must, from time to time, adjust the cap on diver..."
[parser-unknown-class] "subhead", text="(2) For the purpose of making any calculation under clause 12 of Schedule E, the relevant annual ..."
[parser-unknown-class] "Numberedheading", text="10. Accounting for salinity impacts"
[parser-unknown-class] "subhead", text="(1) An entitlement or allocation can only be transferred under this Schedule if the proposed tran..."
[parser-unknown-class] "subhead", text="(2) Consistently with the law of the relevant State, a licensing authority within that State must..."
[parser-unknown-class] "subhead", text="(3) The Authority must attribute salinity credits and debits arising from the dilution effects of..."
[parser-unknown-class] "subhead", text="(4) The Authority must attribute salinity credits and debits arising from changes to salt accessi..."
[parser-unknown-class] "SMALLPARTHEADING", text="PART IV—OPERATIONAL PRINCIPLES AND ADMINISTRATION"
[parser-unknown-class] "Numberedheading", text="11. Delivery of water and valley accounts"
[parser-unknown-class] "subhead", text="(1) The Authority must ensure that water made available in each valley reflects the transfers of ..."
[parser-unknown-class] "subhead", text="(2) The valley accounts maintained under sub‑clause 11(2) of the former Schedule immediately prio..."
[parser-unknown-class] "subhead", text="(3) For the purpose of this clause, the Authority must maintain a valley account referred to in s..."
[parser-unknown-class] "subpara", text="(a) for each tributary in respect of which there are entitlements or allocations which may be tra..."
[parser-unknown-class] "subpara", text="(b) in accordance with any protocol made under paragraph 6(1)(c)."
[parser-unknown-class] "subhead", text="(4) The Authority may:"
[parser-unknown-class] "subpara", text="(a) in accordance with any protocol made under paragraph 6(1)(c), direct that water standing to t..."
[parser-unknown-class] "subpara", text="(b) amend or cancel any such direction at any time."
[parser-unknown-class] "subhead", text="(5) A State Contracting Government must implement any direction given under paragraph 11(4)(a) in..."
[parser-unknown-class] "subhead", text="(6) With the consent of the State Contracting Government to whom a direction is given under sub‑c..."
[parser-unknown-class] "Numberedheading", text="12. Conversion factors and exchange rates"
[parser-unknown-class] "subhead", text="(1) Subject to sub‑clause 12(2), the Authority may, by a protocol made under paragraph 6(1)(d), d..."
[parser-unknown-class] "subpara", text="(a) conversion factors to be applied when converting an entitlement of one type into an entitleme..."
[parser-unknown-class] "subpara", text="(b) exchange rates to be applied under this Schedule:"
[parser-unknown-class] "subsubpara", text="(i) to any transfer of an entitlement by exchange rate trade; and"
[parser-unknown-class] "subsubpara", text="(ii) to any transfer of an entitlement by tagged trade or to any transfer of an allocation,"
[parser-unknown-class] "Indent2", text="and must publish any such conversion factors and exchange rates in such manner as it thinks fit."
[parser-unknown-class] "subhead", text="(2) An exchange rate referred to in subparagraph 12(1)(b)(ii) must only be made to take into acco..."
[parser-unknown-class] "subhead", text="(3) A conversion factor and an exchange rate determined or altered by the Authority operates pros..."
[parser-unknown-class] "subpara", text="(a) a previous entry made in any valley account; or"
[parser-unknown-class] "subpara", text="(b) any previous adjustment made to State entitlements or the cap on diversions,"
[parser-unknown-class] "subhead", text="under this Schedule."
[parser-unknown-class] "subhead", text="(4) A protocol referred to in sub‑clause 12(1):"
[parser-unknown-class] "subpara", text="(a) must specify how any conversion factor or exchange rate is to be applied; and"
[parser-unknown-class] "subpara", text="(b) may establish one or more zones within which an exchange rate will not be applied to specifie..."
[parser-unknown-class] "subpara", text="(d) may provide for taking account of:"
[parser-unknown-class] "subsubpara", text="(i) any losses which may occur during transmission of an entitlement; and"
[parser-unknown-class] "subsubpara", text="(v) any other matter which the Authority considers appropriate."
[parser-unknown-class] "subhead", text="(5) Each State Contracting Government must ensure that any licensing authority within the State a..."
[parser-unknown-class] "Numberedheading", text="13. Restrictions on transfers"
[parser-unknown-class] "subhead", text="(1) Subject to sub‑clause 13(4), a protocol made under paragraph 6(1)(e) may prohibit, restrict o..."
[parser-unknown-class] "subhead", text="(2) Without limiting sub‑clause 13(1), a protocol:"
[parser-unknown-class] "subpara", text="(a) must, subject to other provisions of this clause, facilitate the transfer of entitlements or ..."
[parser-unknown-class] "subpara", text="(b) must be consistent with any principles relating to markets in, and trading of, water entitlem..."
[parser-unknown-class] "subpara", text="(c) must not hinder the ability of the Authority to regulate and manage the flow of water within ..."
[parser-unknown-class] "subpara", text="(d) must not purport to affect or interfere with State responsibilities for managing water resour..."
[parser-unknown-class] "subhead", text="(3) Until the Ministerial Council resolves otherwise an entitlement must not be transferred into ..."
[parser-unknown-class] "subhead", text="(4) A State Contracting Government may, consistently with the law of that State, from time to tim..."
[parser-unknown-class] "subhead", text="(5) Each State Contracting Government must, consistently with the law of that State, take such ac..."
[parser-unknown-class] "Numberedheading", text="15. Procedures and principles for transfers"
[parser-unknown-class] "subhead", text="(1) The Authority may, by a protocol made under paragraph 6(1)(f), specify processes and principl..."
[parser-unknown-class] "subhead", text="(2) Each State Contracting Government must, consistently with the law of that State, take such ac..."
[parser-unknown-class] "subhead", text="(3) Without limiting sub‑clause 15(1), a protocol made under paragraph 6(1)(f) may:"
[parser-unknown-class] "subpara", text="(a) apply to:"
[parser-unknown-class] "subsubpara", text="(i) interstate transfers;"
[parser-unknown-class] "subsubpara", text="(ii) intervalley transfers;"
[parser-unknown-class] "subsubpara", text="(iii) transfers made across the Barmah Choke; and"
[parser-unknown-class] "subpara", text="(b) specify procedures, which are consistent with State law, for:"
[parser-unknown-class] "subsubpara", text="(i) ensuring, where appropriate, that an entitlement in a State of origin is cancelled or extingu..."
[parser-unknown-class] "subsubpara", text="(ii) processing applications to transfer entitlements and allocations;"
[parser-unknown-class] "subsubpara", text="(iii) confirming the ability of the Authority to deliver water pursuant to any proposed transfer;"
[parser-unknown-class] "subsubpara", text="(iv) notifying the Authority when a transfer has occurred; and"
[parser-unknown-class] "subpara", text="(c) subject to clause 16, require the keeping of registers and accounts of transfers."
[parser-unknown-class] "Numberedheading", text="16. Transfer Register"
[parser-unknown-class] "subhead", text="(1) In this clause:"
[parser-unknown-class] "Indent2", text="“base valley” means a valley referred to in sub‑clause 3(2) of Schedule E."
[parser-unknown-class] "subhead", text="(2) The transfer register kept under clause 16 of the former Schedule immediately prior to commen..."
[parser-unknown-class] "subhead", text="(3) The Authority must maintain the register referred to in sub‑clause (2) so that it sets out th..."
[parser-unknown-class] "subpara", text="(a) The following information about the place of origin:"
[parser-unknown-class] "subsubpara", text="(i) The volume in megalitres and type of any entitlement converted into an entitlement of another..."
[parser-unknown-class] "subsubpara", text="(ii) The volume in megalitres of any entitlement created by such conversion, after applying the r..."
[parser-unknown-class] "subsubpara", text="(iii) The volume in megalitres of any allocation or entitlement transferred."
[parser-unknown-class] "subsubpara", text="(iv) The identifying number of the allocation or entitlement transferred."
[parser-unknown-class] "subsubpara", text="(v) The type of entitlement to which the transfer relates."
[parser-unknown-class] "subsubpara", text="(vi) The base valley from which the transfer was made."
[parser-unknown-class] "subsubpara", text="(vii) The designated river valley from which the transfer was made."
[parser-unknown-class] "subsubpara", text="(viii) The date on which either:"
[parser-unknown-class] "Default", text="• the entitlement transferred was cancelled, extinguished or suspended at the place of origin; or"
[parser-unknown-class] "Default", text="• any allocation under an entitlement is permanently made available in the State of destination; or"
[parser-unknown-class] "Default", text="• the transfer of the allocation was authorised,"
[parser-unknown-class] "Default", text="as a result of the transfer, as the case requires."
[parser-unknown-class] "subpara", text="(b) The following information about the place of destination:"
[parser-unknown-class] "subsubpara", text="(i) The exchange rate applied to any transfer."
[parser-unknown-class] "subsubpara", text="(ii) The volume in megalitres of the allocation or entitlement transferred, after applying the re..."
[parser-unknown-class] "subsubpara", text="(iii) The type of entitlement into which the allocation or entitlement transferred has been conve..."
[parser-unknown-class] "subsubpara", text="(iv) The base valley into which the transfer was made."
[parser-unknown-class] "subsubpara", text="(v) The designated river valley into which the transfer was made."
[parser-unknown-class] "subsubpara", text="(vi) The date upon which either:"
[parser-unknown-class] "Default", text="• any new entitlement was created at the place of destination; or"
[parser-unknown-class] "Default", text="• the use of the transferred allocation was authorised,"
[parser-unknown-class] "Indent4", text="as a result of the transfer, as the case requires."
[parser-unknown-class] "subsubpara", text="(vii) The identifying number of any new entitlement."
[parser-unknown-class] "subsubpara", text="(viii) If the transfer was made between States, an identifying interstate transfer number, alloca..."
[parser-unknown-class] "subpara", text="(c) The effective date of the transfer, being the later of the dates referred to in sub‑paragraph..."
[parser-unknown-class] "subhead", text="(4) Pursuant to the obligations set out in paragraph 13(1)(c) of Schedule E, each State Contracti..."
[parser-unknown-class] "subhead", text="(5) The Authority must arrange for an independent auditor to undertake an audit in accordance wit..."
[parser-unknown-class] "subpara", text="(a) the Authority is not satisfied that any volumetric errors in the monthly reconciliation proce..."
[parser-unknown-class] "subpara", text="(b) the Committee determines that the Authority is to arrange for the audit to be undertaken."
[parser-unknown-class] "subhead", text="(5A) The Authority must arrange for the auditor to examine whether there is any discrepancy between:"
[parser-unknown-class] "subpara", text="(a) information provided by each State Contracting Government under sub‑clause 16(4); and"
[parser-unknown-class] "subpara", text="(b) information provided under clause 8 of Appendix 3 to this Schedule; and"
[parser-unknown-class] "subpara", text="(c) information set out in the Transfer Register."
[parser-unknown-class] "subhead", text="(5B) The Authority must arrange for the auditor to make recommendations to the Ministerial Counci..."
[parser-unknown-class] "subhead", text="(6) After considering any recommendation made by an independent auditor under sub‑clause 16(5B), ..."
[parser-unknown-class] "subhead", text="(7) The Authority must recalculate any adjustment to the cap on diversions or any annual diversio..."
[parser-unknown-class] "Numberedheading", text="17. Monitoring and reporting"
[parser-unknown-class] "subpara", text="(a) the total volume of transfers of entitlements and allocations into and out of each State; and"
[parser-unknown-class] "subpara", text="(b) the exchange rates applied to interstate transfers referred to in paragraph 17(a); and"
[parser-unknown-class] "subpara", text="(c) any adjustment to the delivery of a State’s entitlement made under clause 7; and"
[parser-unknown-class] "subpara", text="(e) any adjustment to the cap on diversions for a designated river valley made under clause 8."
[parser-unknown-class] "Numberedheading", text="18. Review of interstate transfers"
[parser-unknown-class] "subhead", text="(1) The Authority must prepare and give to the Ministerial Council and the Basin Community Commit..."
[parser-unknown-class] "subpara", text="(a) as soon as practicable after the end of 2 years after the water trading rules (within the mea..."
[parser-unknown-class] "subpara", text="(b) at any other time that the Committee determines from time to time."
[parser-unknown-class] "subhead", text="(2) The report must address:"
[parser-unknown-class] "subpara", text="(a) the operation of this Schedule; and"
[parser-unknown-class] "subpara", text="(b) the markets for interstate transfers of entitlements and allocations; and"
[parser-unknown-class] "subpara", text="(c) any other matter that the Committee directs; and"
[parser-unknown-class] "subpara", text="(d) any other matter that the Authority considers appropriate."
[parser-unknown-class] "Numberedheading", text="19. Dispute resolution"
[parser-unknown-class] "subhead", text="(1) This clause applies to any dispute arising under this Schedule between:"
[parser-unknown-class] "subpara", text="(a) one or more of the State Contracting Governments; and"
[parser-unknown-class] "subpara", text="(b) one or more State Contracting Government and the Authority,"
[parser-unknown-class] "subpara", text="(c) each of whom is a party for the purpose of this clause."
[parser-unknown-class] "subhead", text="(2) A dispute arises at the time when one party notifies the other party or parties in writing th..."
[parser-unknown-class] "subhead", text="(3) If a dispute arises, the parties must seek, in good faith, to resolve the dispute expeditious..."
[parser-unknown-class] "subhead", text="(4) If a dispute is not resolved within 60 days, a party to the dispute may give written notice t..."
[parser-unknown-class] "subpara", text="(a) comprising at least two members agreed between the parties; or"
[parser-unknown-class] "subpara", text="(b) if they cannot agree, comprising an equal number of members appointed by each party to the di..."
[parser-unknown-class] "subhead", text="(5) A dispute panel must meet within 7 days after it is appointed, or within such other period ag..."
[parser-unknown-class] "subhead", text="(6) A unanimous decision of the dispute panel is binding upon the parties."
[parser-unknown-class] "subhead", text="(7) If the dispute panel does not reach a unanimous decision:"
[parser-unknown-class] "subpara", text="(a) any dispute to which the Authority is a party must be referred to the Ministerial Council for..."
[parser-unknown-class] "subpara", text="(b) any dispute between State Contracting Governments may be referred by a party to an arbitrator..."
[parser-unknown-class] "subhead", text="(8) Each party must meet its own costs in relation to any dispute."
[parser-unknown-class] "subhead", text="(9) Each party must contribute equally to the cost of any dispute panel or arbitrator, unless the..."
[parser-unknown-class] "subhead", text="(10) Each State Contracting Government undertakes to try to resolve any difference between it and..."
[parser-unknown-class] "PARTHEADING", text="SCHEDULE D—APPENDIX 1—Entitlements and Allocations"
[parser-unknown-class] "Default", text="(see clause 4)"
[parser-unknown-class] "Default", text="LEGISLATION"
[parser-unknown-class] "Default", text="CATEGORY"
[parser-unknown-class] "Default", text="SOURCE"
[parser-unknown-class] "Default", text="Water Management Act 2000 (NSW)"
[parser-unknown-class] "Default", text="High Security Access Licence"
[parser-unknown-class] "Default", text="Murrumbidgee Regulated and Murray Valley Regulated"
[parser-unknown-class] "Default", text="General Security Access Licence"
[parser-unknown-class] "Default", text="Conveyance Access Licence"
[parser-unknown-class] "Default", text="Local Water Utility Access Licence"
[parser-unknown-class] "Default", text="Allocation under any type of water access licence"
[parser-unknown-class] "Default", text="Water Act 1989 (Vic)"
[parser-unknown-class] "Default", text="Water licence granted under section 51"
[parser-unknown-class] "Default", text="River Murray and Goulburn, Broken, Campaspe and Loddon river systems"
[parser-unknown-class] "Default", text="Irrigation water right"
[parser-unknown-class] "Default", text="Bulk entitlement"
[parser-unknown-class] "Default", text="Sales allocation"
[parser-unknown-class] "Default", text="Water (Resource Management) Act 2005 (Vic)"
[parser-unknown-class] "Default", text="High‑reliability water share"
[parser-unknown-class] "Default", text="Lower reliability water share"
[parser-unknown-class] "Default", text="Allocation under a water share"
[parser-unknown-class] "Default", text="Allocation under an environmental entitlement"
[parser-unknown-class] "Default", text="Natural Resources Management Act 2004 (SA)"
[parser-unknown-class] "Default", text="Water access entitlement under a water licence"
[parser-unknown-class] "Default", text="River Murray Prescribed Watercourse"
[parser-unknown-class] "Default", text="Water allocation"
[parser-unknown-class] "Default", text="Water Resources Act 2007 (ACT)"
[parser-unknown-class] "Default", text="Water access entitlement"
[parser-unknown-class] "Default", text="Murrumbidgee and tributaries within the ACT"
[parser-unknown-class] "Default", text="Corresponding water access entitlement"
[parser-unknown-class] "PARTHEADING", text="SCHEDULE D—APPENDIX 2—Adjusting Delivery of State Entitlements under Part XII of the Agreement"
[parser-unknown-class] "Default", text="(see clause 7)"
[parser-unknown-class] "SMALLPARTHEADING", text="PART I—RULES WHICH APPLY AT ALL TIMES"
[parser-unknown-class] "Numberedheading", text="1. Interstate transfers of entitlements"
[parser-unknown-class] "subhead", text="(1) Subject to sub‑clause 1(2), the Authority must adjust the delivery of a State entitlement as ..."
[parser-unknown-class] "subpara", text="(a) in the case of exchange rate trade, by the volume of the allocations which would have been ma..."
[parser-unknown-class] "subpara", text="(b) in the case of tagged trade, by the volume of water used by the transferee in each year."
[parser-unknown-class] "subhead", text="(2) For the purpose of calculating the volume referred to in paragraph 1(1), for exchange rate tr..."
[parser-unknown-class] "subhead", text="(3) An adjustment made under sub‑clause 1(1), must be calculated from the effective date of the r..."
[parser-unknown-class] "subhead", text="(4) The Authority must alter its procedures for delivering State entitlements to reflect any adju..."
[parser-unknown-class] "subpara", text="(a) water deliveries to South Australia; and"
[parser-unknown-class] "subpara", text="(b) the volume provided to South Australia by the State out of which the transfer was made,"
[parser-unknown-class] "subpara", text="(a) water deliveries to South Australia; and"
[parser-unknown-class] "subpara", text="(b) the volume provided to South Australia by the State into which the transfer was made."
[parser-unknown-class] "subpara", text="(a) decrease the volume which may be delivered to New South Wales; and"
[parser-unknown-class] "subpara", text="(b) increase the volume which may be delivered to Victoria."
[parser-unknown-class] "subpara", text="(a) decrease the volume which may be delivered to Victoria; and"
[parser-unknown-class] "subpara", text="(b) increase the volume which may be delivered to New South Wales."
[parser-unknown-class] "Numberedheading", text="2. Interstate transfers of allocations"
[parser-unknown-class] "subhead", text="(1) The Authority must adjust a State entitlement as a result of each interstate transfer of an a..."
[parser-unknown-class] "subpara", text="(a) by the adjusted volume of that transfer; and"
[parser-unknown-class] "subpara", text="(b) in accordance with Rules 5—8 set out below."
[parser-unknown-class] "subhead", text="(2) The Authority must alter its procedures for delivering State entitlements to reflect any adju..."
[parser-unknown-class] "subpara", text="(a) water deliveries to South Australia; and"
[parser-unknown-class] "subpara", text="(b) the volume provided to South Australia by the State out of which the transfer was made."
[parser-unknown-class] "subpara", text="(a) water deliveries to South Australia; and"
[parser-unknown-class] "subpara", text="(b) the volume provided to South Australia by the State into which the transfer was made."
[parser-unknown-class] "subpara", text="(a) decrease the volume which may be delivered to New South Wales; and"
[parser-unknown-class] "subpara", text="(b) increase the volume which may be delivered to Victoria."
[parser-unknown-class] "subpara", text="(a) decrease the volume which may be delivered to Victoria; and"
[parser-unknown-class] "subpara", text="(b) increase the volume which may be delivered to New South Wales."
[parser-unknown-class] "SMALLPARTHEADING", text="PART II—RULES WHICH ONLY APPLY IN PERIODS WHEN THERE IS SPECIAL ACCOUNTING"
[parser-unknown-class] "Numberedheading", text="3. Accounting under clause 125 of the Agreement"
[parser-unknown-class] "subpara", text="(a) under paragraph 125(a) of the Agreement, in accordance with Rules 9 and 10 set out below; and"
[parser-unknown-class] "subpara", text="(b) under paragraph 125(b) of the Agreement, in accordance with Rules 11 and 12 set out below."
[parser-unknown-class] "subpara", text="(a) increase the account by the sum of adjustments made in that month for New South Wales under r..."
[parser-unknown-class] "subpara", text="(b) decrease the account by the sum of adjustments made in that month for New South Wales under r..."
[parser-unknown-class] "subpara", text="(a) increase the account by the sum of adjustments made in that month for Victoria under rules 1,..."
[parser-unknown-class] "subpara", text="(b) decrease the account by the sum of adjustments made in that month for Victoria under rules 2,..."
[parser-unknown-class] "subpara", text="(a) increase the account by the sum of adjustments made in that month for New South Wales under r..."
[parser-unknown-class] "subpara", text="(b) decrease the account by the sum of adjustments made in that month for New South Wales under r..."
[parser-unknown-class] "subpara", text="(a) increase the account by the sum of adjustments made in that month for Victoria under rules 2 ..."
[parser-unknown-class] "subpara", text="(b) decrease the account by the sum of adjustments made in that month for Victoria under rules 1 ..."
[parser-unknown-class] "PARTHEADING", text="SCHEDULE D—APPENDIX 3—Adjusting Cap on Diversions"
[parser-unknown-class] "Default", text="(see clause 8)"
[parser-unknown-class] "Numberedheading", text="1. Definitions"
[parser-unknown-class] "SMALLPARTHEADING", text="PART I—ADJUSTING FOR TRANSFERRED ALLOCATIONS"
[parser-unknown-class] "Numberedheading", text="2. Adjusting cap for transferred allocations"
[parser-unknown-class] "SMALLPARTHEADING", text="PART II—ADJUSTING FOR ENTITLEMENTS TRANSFERRED BY TAGGED TRADE"
[parser-unknown-class] "Numberedheading", text="3. Cap adjustment for tagged trade"
[parser-unknown-class] "subpara", text="(a) increased by the volume of water diverted in that designated river valley in that year, which..."
[parser-unknown-class] "subpara", text="(b) reduced by the volume of water attributable to entitlements tagged to that designated river v..."
[parser-unknown-class] "SMALLPARTHEADING", text="PART III—ADJUSTING FOR ENTITLEMENTS TRANSFERRED BETWEEN 1 JULY 1994 AND THE EFFECTIVE DATE, USING..."
[parser-unknown-class] "Numberedheading", text="4. Interim register"
[parser-unknown-class] "Numberedheading", text="5. Adjusting annual diversion targets"
[parser-unknown-class] "subpara", text="(a) multiplying the cumulative volume of every entitlement of a particular type transferred into ..."
[parser-unknown-class] "subpara", text="(b) multiplying the cumulative volume of every entitlement of a particular type transferred out o..."
[parser-unknown-class] "subpara", text="(c) subtracting the product of (b) from the product of (a)."
[parser-unknown-class] "SMALLPARTHEADING", text="PART IV—ADJUSTING FOR ENTITLEMENTS TRANSFERRED OR CONVERTED AFTER THE EFFECTIVE DATE, USING EXCHA..."
[parser-unknown-class] "Numberedheading", text="6. Object of Part"
[parser-unknown-class] "subpara", text="(a) the proportion of the cap associated with each unit of a particular type of entitlement remai..."
[parser-unknown-class] "subpara", text="(b) the annual diversion target for each State and designated river valley referred to in sub‑cla..."
[parser-unknown-class] "Numberedheading", text="7. Operation of Part"
[parser-unknown-class] "Numberedheading", text="8. Calculating increases in cap required"
[parser-unknown-class] "subpara", text="(a) The volume of each type of entitlement into which former entitlements were transferred or con..."
[parser-unknown-class] "subpara", text="(b) The net increase in each type of entitlement, by subtracting the volume of that type of entit..."
[parser-unknown-class] "subpara", text="(c) The net increase in the cap required for each type of entitlement , by multiplying the result..."
[parser-unknown-class] "Numberedheading", text="9. Adjusting annual diversion targets"
[parser-unknown-class] "subhead", text="(1) The Authority must, in each year, alter each long‑term diversion cap to reflect the results o..."
[parser-unknown-class] "subhead", text="(2) The Authority must adjust each annual diversion target by following any protocol made by the ..."
[parser-unknown-class] "Default", text="Stage 1"
[parser-unknown-class] "Indent2", text="Adjust annual diversion targets, as far as possible by allocating to the cap required in a design..."
[parser-unknown-class] "Default", text="Stage 2"
[parser-unknown-class] "Indent2", text="Pool any cap surpluses and deficits calculated under Stage 1 in relation to each designated river..."
[parser-unknown-class] "Indent2", text="Where lower reliability entitlements have been converted to higher reliability entitlements withi..."
[parser-unknown-class] "subpara", text="(a) a shortfall within a designated river valley caused by such conversions cannot be reduced by ..."
[parser-unknown-class] "subpara", text="(b) the volume pooled with respect to a designated river valley cannot exceed the sum of the defi..."
[parser-unknown-class] "Default", text="Stage 3"
[parser-unknown-class] "subpara", text="(a) Calculate any cap surplus resulting from Stage 2 for each designated river valley."
[parser-unknown-class] "subpara", text="(b) Then allocate any of that cap surplus that is attributable to interstate transfers into or fr..."
[parser-unknown-class] "subpara", text="(c) reducing the annual diversion target for that designated river valley by the portion of the s..."
[parser-unknown-class] "Indent2", text="The allocation referred to in paragraph (b) must only apply in the year in which it is made and w..."
[parser-unknown-class] "Default", text="Stage 4"
[parser-unknown-class] "Indent2", text="Calculate the adjustment to each annual diversion target for each designated river valley by dete..."
[parser-unknown-class] "Default", text=""
[parser-unknown-class] "PARTHEADING", text="SCHEDULE E—CAP ON DIVERSIONS"
[parser-unknown-class] "Numberedheading", text="1. Purposes"
[parser-unknown-class] "subpara", text="(a) to establish long‑term caps on the volume of surface water used for consumptive purposes in r..."
[parser-unknown-class] "subpara", text="(b) to set out action to be taken by the Ministerial Council, the Authority and State Contracting..."
[parser-unknown-class] "subpara", text="(c) to prescribe arrangements for monitoring and reporting upon action taken by State Contracting..."
[parser-unknown-class] "Numberedheading", text="2. Definitions"
[parser-unknown-class] "subhead", text="(1) In this Schedule, except where inconsistent with the context:"
[parser-unknown-class] "Indent2", text="“baseline conditions” means:"
[parser-unknown-class] "subpara", text="(a) in the case of New South Wales and Victoria, means the level of water resource development fo..."
[parser-unknown-class] "subsubpara", text="(i) the infrastructure supplying water; and"
[parser-unknown-class] "subsubpara", text="(ii) the rules for allocating water and for operating water management systems applying; and"
[parser-unknown-class] "subsubpara", text="(iii) the operating efficiency of water management systems; and"
[parser-unknown-class] "subsubpara", text="(iv) existing entitlements to take and use water and the extent to which those entitlements were ..."
[parser-unknown-class] "subsubpara", text="(v) the trend in the level of demand for water within and from the Murray‑Darling Basin"
[parser-unknown-class] "Indent2", text="at that date; and"
[parser-unknown-class] "subpara", text="(b) in the case of Queensland, means the conditions set out for each river valley in the Resource..."
[parser-unknown-class] "Indent2", text="“Cap Register” means the Register referred to in sub‑clauses 13(7) and 13(8)."
[parser-unknown-class] "Indent2", text="“designated river valley” means a river valley or water supply system referred to in, or designat..."
[parser-unknown-class] "Indent2", text="“diversions”, with respect to a river valley, means the volume of surface water used for consumpt..."
[parser-unknown-class] "Indent2", text="“Diversion Formula Register” means the Register referred to in paragraph 4(1)(b)."
[parser-unknown-class] "Indent2", text="“former Schedule” means Schedule F of the former Agreement."
[parser-unknown-class] "Indent2", text="“historical data” means data relevant to the period from 1 July 1983 to 30 June 1994, or such oth..."
[parser-unknown-class] "Indent2", text="“river valley” means a river valley within the Murray‑Darling Basin referred to in sub‑clause 3(2)."
[parser-unknown-class] "Indent2", text="“water year” in relation to a river valley or a water supply system means the relevant 12 month p..."
[parser-unknown-class] "subhead", text="(2) In this Schedule:"
[parser-unknown-class] "subpara", text="(a) a reference to the “Government of a State” includes a reference to the Government of the Aust..."
[parser-unknown-class] "subpara", text="(b) a reference to a “State Contracting Government” includes a reference to the Government of the..."
[parser-unknown-class] "subpara", text="(c) a reference to “State” includes the Australian Capital Territory."
[parser-unknown-class] "Numberedheading", text="3. River Valleys and Designated River Valleys"
[parser-unknown-class] "subhead", text="(1) Subject to sub‑clause 3(3), the river valleys or water supply systems listed in Appendix 1 ar..."
[parser-unknown-class] "subhead", text="(2) Subject to sub‑clause 3(3), the river valleys listed in Appendix 2 are “river valleys” for th..."
[parser-unknown-class] "subhead", text="(3) The Ministerial Council may, from time to time:"
[parser-unknown-class] "subpara", text="(a) amend the description of:"
[parser-unknown-class] "subsubpara", text="(i) any designated river valley described in Appendix 1; or"
[parser-unknown-class] "subsubpara", text="(ii) any river valley in Appendix 2;"
[parser-unknown-class] "subpara", text="(b) designate, for the purposes of this Schedule, any river valley or water supply system not ref..."
[parser-unknown-class] "subpara", text="(c) add any river valley to those set out in Appendix 2."
[parser-unknown-class] "Numberedheading", text="4. Diversion Formula Register"
[parser-unknown-class] "subhead", text="(1) The Authority must:"
[parser-unknown-class] "subpara", text="(a) determine a formula for calculating diversions within each river valley for the purposes of t..."
[parser-unknown-class] "subpara", text="(b) maintain a Diversion Formula Register which records each formula determined under paragraph (..."
[parser-unknown-class] "subhead", text="(2) The Authority or States, as may be appropriate, must use the formula entered in the Diversion..."
[parser-unknown-class] "subpara", text="(a) developing or approving any analytical model under clause 11;"
[parser-unknown-class] "subpara", text="(b) making any calculation under clause 12;"
[parser-unknown-class] "subpara", text="(c) preparing any report required under clause 13; and"
[parser-unknown-class] "subpara", text="(d) maintaining the Cap Register."
[parser-unknown-class] "subhead", text="(3) The Authority may from time to time amend:"
[parser-unknown-class] "subpara", text="(a) any formula determined under paragraph 4(1)(a); and"
[parser-unknown-class] "subpara", text="(b) any entry in the Diversion Formula Register."
[parser-unknown-class] "Numberedheading", text="5. Long‑term diversion cap for New South Wales"
[parser-unknown-class] "subhead", text="(1) The Government of New South Wales must ensure that diversions within each designated river va..."
[parser-unknown-class] "subhead", text="(2) In calculating baseline conditions for the Border Rivers, allowance must be made for such ann..."
[parser-unknown-class] "Numberedheading", text="6. Long‑term diversion cap for Victoria"
[parser-unknown-class] "subhead", text="(1) The Government of Victoria must ensure that diversions within each designated river valley in..."
[parser-unknown-class] "subhead", text="(2) In calculating baseline conditions for either or both of the Goulburn/Broken/Loddon water sup..."
[parser-unknown-class] "Numberedheading", text="7. Long‑term diversion cap for South Australia"
[parser-unknown-class] "subhead", text="(1) The Government of South Australia must ensure that diversions from the River Murray within So..."
[parser-unknown-class] "subpara", text="(a) for water supply purposes delivered to Metropolitan Adelaide and associated country areas thr..."
[parser-unknown-class] "subpara", text="(b) for Lower Murray Swamps irrigation do not exceed 94.2 GL per year;"
[parser-unknown-class] "subpara", text="(c) for water supply purposes for Country Towns do not exceed 50 GL per year; and"
[parser-unknown-class] "subpara", text="(d) for all other purposes do not exceed a long‑term average annual diversion of 449.9 GL."
[parser-unknown-class] "subhead", text="(2) The Government of South Australia must ensure that:"
[parser-unknown-class] "subpara", text="(a) no part of any entitlement created in South Australia with respect to the diversion referred ..."
[parser-unknown-class] "subpara", text="(b) at least 22.2 GL of the diversion referred to in paragraph 7(1)(b) is reserved for environmen..."
[parser-unknown-class] "subhead", text="unless the Ministerial Council determines otherwise."
[parser-unknown-class] "subhead", text="(3) If the Government of South Australia supplies any of the diversions referred to in paragraph ..."
[parser-unknown-class] "subpara", text="(a) record the volume of water so delivered for that purpose in that year; and"
[parser-unknown-class] "subpara", text="(b) account for that volume against the long‑term average annual diversion referred to in paragra..."
[parser-unknown-class] "Numberedheading", text="8. Long‑term diversion cap for Queensland"
[parser-unknown-class] "Numberedheading", text="9. Long‑term diversion cap for the Australian Capital Territory"
[parser-unknown-class] "subhead", text="(1) The Government of the Australian Capital Territory must ensure that diversions from the desig..."
[parser-unknown-class] "subhead", text="(2) The long‑term diversion cap referred to in sub‑clause (1) is to be annually adjusted:"
[parser-unknown-class] "subpara", text="(a) for the prevailing climate during the water year by reference to the model developed under su..."
[parser-unknown-class] "subpara", text="(b) to account for growth in population, in accordance with the following formula:"
[parser-unknown-class] "Indent3", text="0.75"
[parser-unknown-class] "Indent4", text="multiplied by:"
[parser-unknown-class] "Indent3", text="2006/07 per capita consumption of the population of Canberra and Queanbeyan"
[parser-unknown-class] "Indent4", text="multiplied by:"
[parser-unknown-class] "Indent3", text="the difference between the population of Canberra and Queanbeyan in 2006/07 and the population of..."
[parser-unknown-class] "subhead", text="(3) The Government of the Australian Capital Territory must ensure that no water or water entitle..."
[parser-unknown-class] "subhead", text="(4) If demand for water for industrial uses or uses by the Commonwealth grows beyond the level of..."
[parser-unknown-class] "subhead", text="(5) The Authority must, for the purposes of maintaining the Cap Register referred to in sub‑claus..."
[parser-unknown-class] "Numberedheading", text="10. Power of Authority to alter long‑term diversion caps"
[parser-unknown-class] "subhead", text="(1) Subject to sub‑clause 10(2) the Ministerial Council may, on the recommendation of the Committ..."
[parser-unknown-class] "subhead", text="(2) The Authority, from time to time:"
[parser-unknown-class] "subpara", text="(a) must alter a long‑term diversion cap to reflect the result of transferring water entitlements..."
[parser-unknown-class] "subpara", text="(b) may only alter a long‑term diversion cap to account for environmental water under Cap in acco..."
[parser-unknown-class] "Numberedheading", text="11. Developing Analytical Models"
[parser-unknown-class] "subhead", text="(1) The Authority must develop analytical models for determining the annual diversion targets for..."
[parser-unknown-class] "subhead", text="(2) Subject to sub‑clause 11(1), the Governments of New South Wales, Victoria, Queensland and the..."
[parser-unknown-class] "subhead", text="(3) The Government of South Australia must develop analytical models for determining the annual d..."
[parser-unknown-class] "subhead", text="(4) An analytical model developed under this clause:"
[parser-unknown-class] "subpara", text="(a) must simulate the long‑term diversion cap in the relevant designated river valley; and"
[parser-unknown-class] "subpara", text="(b) must be tested against relevant historical data to determine the accuracy of the model in est..."
[parser-unknown-class] "subpara", text="(c) must be approved by the Authority before it is used to determine an annual diversion target u..."
[parser-unknown-class] "subpara", text="(d) may, from time to time, be modified in such ways as the Authority may approve; and"
[parser-unknown-class] "subpara", text="(e) must be used to determine the average annual diversion under the conditions of the relevant l..."
[parser-unknown-class] "subsubpara", text="(i) the period between the start of the 1891 water year and the end of the 1997 water year; or"
[parser-unknown-class] "subsubpara", text="(ii) such other period as may be approved by the Authority."
[parser-unknown-class] "subhead", text="(5) The Authority may only approve an analytical model or a modification to an analytical model i..."
[parser-unknown-class] "Numberedheading", text="12. Calculation of annual diversion targets"
[parser-unknown-class] "subhead", text="(1) Within two months after the end of the relevant water year and using the analytical models de..."
[parser-unknown-class] "subpara", text="(a) the Authority must calculate the annual diversion targets for New South Wales and Victoria fo..."
[parser-unknown-class] "subpara", text="(b) subject to paragraph (a), the Governments of New South Wales, Victoria, South Australia, Quee..."
[parser-unknown-class] "subhead", text="(2) The Authority must promptly inform the Governments of New South Wales and Victoria of the res..."
[parser-unknown-class] "subhead", text="(3) The Government of New South Wales, Victoria, South Australia, Queensland and the Australian C..."
[parser-unknown-class] "Numberedheading", text="13. Monitoring and Reporting"
[parser-unknown-class] "subhead", text="(1) Each State Contracting Government must, for each water year and in relation to each river val..."
[parser-unknown-class] "subpara", text="(a) diversions made within and to; and"
[parser-unknown-class] "subpara", text="(b) water entitlements, announced allocations of water and declarations which permit the use of u..."
[parser-unknown-class] "subpara", text="(c) trading of water entitlements within, to or from,"
[parser-unknown-class] "subhead", text="the territory of that State in that water year."
[parser-unknown-class] "subhead", text="(2) Each State Contracting Government must, for each water year and in relation to each designate..."
[parser-unknown-class] "subpara", text="(a) the compliance by that State with each relevant annual diversion target calculated under this..."
[parser-unknown-class] "subpara", text="(b) such actions which the State proposes to take to ensure that it does not exceed the annual di..."
[parser-unknown-class] "subhead", text="(3) For the purpose of sub‑clauses 13(1) and (2) the expression “river valley within its territor..."
[parser-unknown-class] "subhead", text="(4) A report under sub‑clause 13(1) or (2) must be given to the Authority within four months afte..."
[parser-unknown-class] "subhead", text="(5) On the basis of the calculations referred to in sub‑clause 12(1) and reports given to it unde..."
[parser-unknown-class] "subpara", text="(a) must, in relation to each State Contracting Government, produce a water audit monitoring repo..."
[parser-unknown-class] "subpara", text="(b) may publish any such report, or a summary thereof, in such manner as it may determine."
[parser-unknown-class] "subhead", text="(6) A water audit monitoring report under sub‑clause 13(4) must be produced by 31 December follow..."
[parser-unknown-class] "subhead", text="(7) The Register maintained under sub‑clause 13(7) of the former Schedule is continued in existen..."
[parser-unknown-class] "subhead", text="(8) The Authority must maintain the Cap Register referred to in sub‑clause 13(7) so that it records:"
[parser-unknown-class] "subpara", text="(a) for each designated river valley; and"
[parser-unknown-class] "subpara", text="(b) for each State,"
[parser-unknown-class] "subhead", text="the cumulative difference between actual annual diversions and the annual diversion targets calcu..."
[parser-unknown-class] "subhead", text="(9) The Cap Register must:"
[parser-unknown-class] "subpara", text="(a) for New South Wales, Victoria and South Australia, include information for every water year c..."
[parser-unknown-class] "subpara", text="(b) for Queensland, include information about each designated river valley in every water year co..."
[parser-unknown-class] "subpara", text="(c) for the Australian Capital Territory, include information about its designated river valley i..."
[parser-unknown-class] "subpara", text="(d) if cumulative actual diversions for any designated river valley or for any State are less tha..."
[parser-unknown-class] "subpara", text="(e) if cumulative actual diversions for any designated river valley or for any State are greater ..."
[parser-unknown-class] "subhead", text="(10) The Authority must include a report on the operation of this Schedule in any report made to ..."
[parser-unknown-class] "Numberedheading", text="14. Appointment of Independent Audit Group"
[parser-unknown-class] "subhead", text="(1) The Authority must appoint an Independent Audit Group for the purposes of this Schedule."
[parser-unknown-class] "subhead", text="(2) A person who was appointed to the Independent Audit Group under the former Schedule is taken ..."
[parser-unknown-class] "Numberedheading", text="15. Annual audit by the Independent Audit Group"
[parser-unknown-class] "subhead", text="(1) The Independent Audit Group must, until 31 December 2009, annually audit the performance of e..."
[parser-unknown-class] "subhead", text="(2) The Authority may direct the Independent Audit Group to audit the performance of any State Co..."
[parser-unknown-class] "subhead", text="(3) The Independent Audit Group must report to the Authority on any audit conducted under this cl..."
[parser-unknown-class] "Numberedheading", text="16. Power to require a special audit of a designated river valley"
[parser-unknown-class] "subpara", text="(a) the diversion for water supply to Metropolitan Adelaide and associated country areas over the..."
[parser-unknown-class] "subpara", text="(b) the diversion in the Warrego, Paroo, Moonie or Nebine designated river valley has exceeded th..."
[parser-unknown-class] "subpara", text="(c) the cumulative debit recorded in the Cap Register exceeds 20 % of the average annual diversio..."
[parser-unknown-class] "Numberedheading", text="17. Special audit by Independent Audit Group"
[parser-unknown-class] "subhead", text="(1) In conducting a special audit under clause 16, the Independent Audit Group must consider:"
[parser-unknown-class] "subpara", text="(a) data on diversions and annual diversion targets recorded on the Cap Register; and"
[parser-unknown-class] "subpara", text="(b) data submitted by the relevant State Contracting Government, including, for example, data abo..."
[parser-unknown-class] "subpara", text="(c) the impact that policies implemented by the State Contracting Government may have on the expe..."
[parser-unknown-class] "subpara", text="(d) whether the diversion for all years on the Cap Register exceeds the diversion expected under ..."
[parser-unknown-class] "subpara", text="(e) any other matter which the Independent Audit Group considers relevant."
[parser-unknown-class] "subhead", text="(2) The Independent Audit Group must:"
[parser-unknown-class] "subpara", text="(a) determine whether the long‑term diversion cap has been exceeded in the designated river valle..."
[parser-unknown-class] "subpara", text="(b) report to the Authority on the special audit and advise the Authority of its determination wi..."
[parser-unknown-class] "Numberedheading", text="18. Declaration that diversion cap has been exceeded"
[parser-unknown-class] "subpara", text="(a) forthwith declare that the State has exceeded the Murray‑Darling Basin diversion cap; and"
[parser-unknown-class] "subpara", text="(b) report the matter to the next meeting of the Ministerial Council."
[parser-unknown-class] "Numberedheading", text="19. Advice to Ministerial Council on remedial actions"
[parser-unknown-class] "subhead", text="(1) The Government of a State referred to in paragraph 18(a) must report to the next Ministerial ..."
[parser-unknown-class] "subpara", text="(a) the reasons why diversions exceeded the Murray‑Darling Basin diversion cap; and"
[parser-unknown-class] "subpara", text="(b) action taken, or proposed to be taken by it to ensure that cumulative diversions recorded in ..."
[parser-unknown-class] "subpara", text="(c) the period within the relevant model referred to in clause 11 predicts that the cumulative di..."
[parser-unknown-class] "subhead", text="(2) The Government of a State that has been required to report to the Ministerial Council under s..."
[parser-unknown-class] "subhead", text="(3) When the Authority is satisfied that a State in respect of which a declaration has been made ..."
[parser-unknown-class] "subpara", text="(a) revoke the declaration; and"
[parser-unknown-class] "subpara", text="(b) report that fact to the next meeting of the Ministerial Council."
[parser-unknown-class] "PARTHEADING", text="SCHEDULE E—APPENDIX 1—Designated River Valleys"
[parser-unknown-class] "Numberedheading", text="1. New South Wales"
[parser-unknown-class] "Numberedheading", text="2. Queensland"
[parser-unknown-class] "Numberedheading", text="3. Victoria"
[parser-unknown-class] "Numberedheading", text="4. South Australia"
[parser-unknown-class] "Numberedheading", text="5. Australian Capital Territory"
[parser-unknown-class] "PARTHEADING", text="SCHEDULE E—APPENDIX 2—River Valleys"
[parser-unknown-class] "Numberedheading", text="1. New South Wales"
[parser-unknown-class] "Numberedheading", text="2. Queensland"
[parser-unknown-class] "Numberedheading", text="3. Victoria"
[parser-unknown-class] "Numberedheading", text="4. South Australia"
[parser-unknown-class] "Numberedheading", text="5. Australian Capital Territory"
[parser-unknown-class] "PARTHEADING", text="SCHEDULE F—EFFECT OF THE SNOWY SCHEME"
[parser-unknown-class] "SMALLPARTHEADING", text="PART I—PRELIMINARY"
[parser-unknown-class] "Numberedheading", text="1. Purpose"
[parser-unknown-class] "Numberedheading", text="2. Definitions"
[parser-unknown-class] "subhead", text="(1) “Baseline Conditions” means:"
[parser-unknown-class] "subpara", text="(a) the infrastructure supplying water;"
[parser-unknown-class] "subpara", text="(b) the rules for allocating water and for water management systems applying;"
[parser-unknown-class] "subpara", text="(c) the operating efficiency of water management systems; and"
[parser-unknown-class] "subpara", text="(d) existing entitlements to take and use water and the extent to which those entitlements were u..."
[parser-unknown-class] "subhead", text="within the Murray‑Darling Basin as at the Corporatisation Date;"
[parser-unknown-class] "subhead", text="(2) “Corporatisation Date” means the date on which the Snowy Mountains Hydro‑electric Power Act 1..."
[parser-unknown-class] "subhead", text="(3) “Environmental Entitlement” means:"
[parser-unknown-class] "subpara", text="(a) a category of environmental water referred to in section 8 of the Water Management Act 2000 (..."
[parser-unknown-class] "subpara", text="(b) a bulk entitlement granted under the Water Act 1989 (Vic) that includes conditions relating t..."
[parser-unknown-class] "subhead", text="in both cases comprising a volume of water derived from either or both of Water Savings and Water..."
[parser-unknown-class] "subhead", text="(4) “Goulburn River System” means the Broken, Goulburn, Campaspe and Loddon Rivers and the water ..."
[parser-unknown-class] "subhead", text="(5) “Licensee” means the licensee under the Snowy Water Licence;"
[parser-unknown-class] "subhead", text="(6) “Long Term Diversion Cap” means the long term diversion cap for the State of New South Wales ..."
[parser-unknown-class] "subhead", text="(7) “Lower Darling River System” means the Darling River and its anabranch system from the upstre..."
[parser-unknown-class] "subhead", text="(8) “Month” means calendar month and “Monthly” means each calendar month;"
[parser-unknown-class] "subhead", text="(9) “Mowamba Borrowings Account” means the water account to be maintained by the Licensee under t..."
[parser-unknown-class] "subhead", text="(10) “Murrumbidgee River System” means the Murrumbidgee River and the water supply systems suppli..."
[parser-unknown-class] "subhead", text="(11) “Relaxation Volume” has the same meaning as in the Snowy Water Licence as at the Corporatisa..."
[parser-unknown-class] "subhead", text="(12) “Reliability” with respect to a supply of water means the statistical probability of being a..."
[parser-unknown-class] "subhead", text="(13) “Required Annual Release” has the same meaning as in the Snowy Water Licence taken as a whol..."
[parser-unknown-class] "subhead", text="(14) “Required Annual Release Shortfall” means, in any Water Year, the volume by which the Requir..."
[parser-unknown-class] "subhead", text="(15) “River Murray Above Target Releases” means, in any Water Year, water that is released from t..."
[parser-unknown-class] "subhead", text="(16) “River Murray Annual Allocation” with respect to each Water Year means the annual allocation..."
[parser-unknown-class] "subhead", text="(17) “River Murray Apportioned Entitlement” means the volume of water from the Environmental Enti..."
[parser-unknown-class] "subhead", text="(18) “River Murray Increased Flows” means releases of water from major storages made by the Autho..."
[parser-unknown-class] "subhead", text="(19) “River Murray Increased Flows Accounts” means the water accounts to be maintained by the Aut..."
[parser-unknown-class] "subhead", text="(20) “River Murray Increased Flows in Authority Storages Account” means the water account to be m..."
[parser-unknown-class] "subhead", text="(21) “River Murray System” means the aggregate of:"
[parser-unknown-class] "subpara", text="(a) the River Murray;"
[parser-unknown-class] "subpara", text="(b) all tributaries entering the River Murray upstream of Doctors Point;"
[parser-unknown-class] "subpara", text="(c) the Ovens River; and"
[parser-unknown-class] "subpara", text="(d) the Lower Darling River System;"
[parser-unknown-class] "subhead", text="(22) “Seasonal Availability” with respect to the water to which an entitlement refers means:"
[parser-unknown-class] "subpara", text="(a) for that part of the entitlement whose availability is determined by reference to seasonal al..."
[parser-unknown-class] "subpara", text="(b) for that part of the entitlement whose availability is determined by reference to the entitle..."
[parser-unknown-class] "subhead", text="(23) “Snowy Montane Rivers External Increased Flows” means releases of water made by the Licensee..."
[parser-unknown-class] "subpara", text="(a) the Murray 1 Power Station in the case of the Snowy‑Murray Development; or"
[parser-unknown-class] "subpara", text="(b) Jounama Pondage in the case of the Snowy‑Tumut Development,"
[parser-unknown-class] "subhead", text="if it were not released for environmental purposes;"
[parser-unknown-class] "subhead", text="(24) “Snowy‑Murray Development” means the component of the Snowy Scheme comprising works that reg..."
[parser-unknown-class] "subhead", text="(25) “Snowy‑Murray Development Annual Allocation” means the annual allocation for any Water Year ..."
[parser-unknown-class] "subhead", text="(26) “Snowy‑Murray Development Designated Entitlement” means that part of the Environmental Entit..."
[parser-unknown-class] "subhead", text="(27) “Snowy‑Murray Development (River Murray) Environmental Entitlements” means both:"
[parser-unknown-class] "subpara", text="(a) a category of environmental water referred to in section 8 of the Water Management Act 2000 (..."
[parser-unknown-class] "subpara", text="(b) a bulk entitlement granted under the Water Act 1989 (Vic) that includes conditions relating t..."
[parser-unknown-class] "subhead", text="in both cases comprising a volume of water derived from either or both of Water Savings and Water..."
[parser-unknown-class] "subhead", text="(28) “Snowy Notional Spill” means:"
[parser-unknown-class] "subpara", text="(a) in the case of the Snowy‑Murray Development: the calculated active volume of water belonging ..."
[parser-unknown-class] "subpara", text="(b) in the case of Snowy‑Tumut Development: the calculated active volume of water belonging to th..."
[parser-unknown-class] "subhead", text="(29) “Snowy River” means the Snowy River downstream of Jindabyne Dam;"
[parser-unknown-class] "subhead", text="(30) “Snowy River Annual Allocation” means the annual allocation from the Snowy River Apportioned..."
[parser-unknown-class] "subhead", text="(31) “Snowy River Apportioned Entitlement” means the volume of water from the Environmental Entit..."
[parser-unknown-class] "subhead", text="(32) “Snowy Scheme” means the dams, tunnels, power stations, aqueducts and other structures that ..."
[parser-unknown-class] "subhead", text="(33) “Snowy‑Tumut Development” means the component of the Snowy Scheme comprising works that regu..."
[parser-unknown-class] "subhead", text="(34) “Snowy‑Tumut Development Annual Allocation” with respect to each Water Year means the annual..."
[parser-unknown-class] "subhead", text="(35) “Snowy‑Tumut Development Designated Entitlement” means that part of the Environmental Entitl..."
[parser-unknown-class] "subhead", text="(36) “Snowy Water Licence” means the licence issued under Part 5 of the Snowy Hydro Corporatisati..."
[parser-unknown-class] "subhead", text="(37) “Strategy” means the strategy for retaining and releasing River Murray Increased Flows refer..."
[parser-unknown-class] "subhead", text="(38) “Translation Factors” means the translation factors used to convert Water Savings and Water ..."
[parser-unknown-class] "subhead", text="(39) “Upper Snowy River” means the Snowy River upstream of Jindabyne Dam (including the Mowamba R..."
[parser-unknown-class] "subhead", text="(40) “Water Entitlement” means:"
[parser-unknown-class] "subpara", text="(a) an access licence granted under the Water Management Act 2000 (NSW); and"
[parser-unknown-class] "subpara", text="(b) a water right, licence to take and use water or bulk entitlement under the Water Act 1989 (Vi..."
[parser-unknown-class] "subhead", text="in either case purchased for the purpose of achieving either or both of:"
[parser-unknown-class] "subpara", text="(c) environmental flows from the Snowy Scheme; and"
[parser-unknown-class] "subpara", text="(d) River Murray Increased Flows;"
[parser-unknown-class] "subhead", text="(41) “Water Market” means, with respect to a Water Entitlement, the market from which the relevan..."
[parser-unknown-class] "subhead", text="(42) “Water Savings” means the volume of water saved through one or more projects that saves water:"
[parser-unknown-class] "subpara", text="(a) by reducing transmission losses, evaporation or system inefficiencies; or"
[parser-unknown-class] "subpara", text="(b) by achieving either or both of water management and environmental improvements,"
[parser-unknown-class] "subpara", text="(c) for diversions from the River Murray System and either or both of Murrumbidgee River System a..."
[parser-unknown-class] "subpara", text="(d) environmental flows from the Snowy Scheme; and"
[parser-unknown-class] "subpara", text="(e) River Murray Increased Flows;"
[parser-unknown-class] "subhead", text="(43) “Water Year” means the period of 12 Months commencing on 1 May in each year."
[parser-unknown-class] "SMALLPARTHEADING", text="PART II—CALCULATING WATER VOLUMES"
[parser-unknown-class] "Numberedheading", text="3. The Snowy Scheme And The River Murray"
[parser-unknown-class] "subhead", text="(1) In this Agreement, “Water Available to the Snowy‑Murray Development” means:"
[parser-unknown-class] "Indent2", text="Water of the Upper Snowy River regulated by the Snowy Scheme"
[parser-unknown-class] "Indent2", text="PLUS water of the Geehi River and Bogong Creek regulated by the Snowy Scheme"
[parser-unknown-class] "Indent2", text="PLUS any Snowy Notional Spill from the Snowy‑Tumut Development to the Snowy‑Murray Development"
[parser-unknown-class] "Indent2", text="PLUS the transfer from the Snowy‑Tumut Development to the Snowy‑Murray Development of the Snowy‑T..."
[parser-unknown-class] "Indent2", text="PLUS 4·5 GL per Water Year transferred from the Snowy‑Tumut Development to the Snowy‑Murray Devel..."
[parser-unknown-class] "Indent2", text="PLUS half of the balance of the Mowamba Borrowing Account"
[parser-unknown-class] "Indent2", text="MINUS Snowy Notional Spill from the Snowy‑Murray Development to the Snowy‑Tumut Development."
[parser-unknown-class] "subhead", text="(2) In this Agreement, “Net Snowy‑Murray Development Diversions to the River Murray” means the vo..."
[parser-unknown-class] "Indent2", text="Water Available to the Snowy‑Murray Development released by the Snowy Scheme to the catchment of ..."
[parser-unknown-class] "Indent2", text="MINUS the water of the Tooma River regulated by the Snowy Scheme"
[parser-unknown-class] "Indent2", text="MINUS the natural flows of the Geehi River and Bogong Creek regulated by the Snowy Scheme."
[parser-unknown-class] "subhead", text="(3) In this Agreement, “Murray to Murrumbidgee Inter‑Valley Transfer” means the volume of Water A..."
[parser-unknown-class] "Numberedheading", text="4. The Snowy Scheme And The Murrumbidgee River"
[parser-unknown-class] "subhead", text="(1) In this Agreement, “Water Available to the Snowy‑Tumut Development” means:"
[parser-unknown-class] "Indent2", text="Water of the Eucumbene River, the Tooma River, the Upper Murrumbidgee River and the Upper Tumut R..."
[parser-unknown-class] "Indent2", text="PLUS any Snowy Notional Spill from the Snowy‑Murray Development to the Snowy‑Tumut Development"
[parser-unknown-class] "Indent2", text="MINUS half of the balance of the Mowamba Borrowings Account"
[parser-unknown-class] "Indent2", text="MINUS any Snowy Notional Spill from the Snowy‑Tumut Development to the Snowy‑Murray Development"
[parser-unknown-class] "Indent2", text="MINUS the transfer from the Snowy‑Tumut Development to the Snowy‑Murray Development of the Snowy‑..."
[parser-unknown-class] "Indent2", text="MINUS 4·5 GL per Water Year transferred from the Snowy‑Tumut Development to the Snowy‑Murray Deve..."
[parser-unknown-class] "subhead", text="(2) In this Agreement, “Murrumbidgee to Murray Inter‑Valley Transfer” means the volume of Water A..."
[parser-unknown-class] "Numberedheading", text="5. Excess Snowy River Releases"
[parser-unknown-class] "Indent2", text="The regulated releases made to the Snowy River in the relevant Water Year, measured immediately b..."
[parser-unknown-class] "Indent2", text="MINUS 9 GL"
[parser-unknown-class] "Indent2", text="MINUS the Snowy River Annual Allocation in the relevant Water Year"
[parser-unknown-class] "Indent2", text="MINUS the change in the balance of the Mowamba Borrowings Account during the relevant Water Year."
[parser-unknown-class] "Numberedheading", text="6. Snowy River Release Shortfalls"
[parser-unknown-class] "Indent2", text="The Snowy River Annual Allocation in the relevant Water Year"
[parser-unknown-class] "Indent2", text="PLUS 9 GL"
[parser-unknown-class] "Indent2", text="PLUS the change in the balance of the Mowamba Borrowings Account from the commencement to the end..."
[parser-unknown-class] "Indent2", text="MINUS the regulated releases made to the Snowy River in the relevant Water Year, measured immedia..."
[parser-unknown-class] "Numberedheading", text="7. Accounting For Water Releases"
[parser-unknown-class] "subhead", text="(1) water releases as at Murray 1 Power Station; and"
[parser-unknown-class] "subhead", text="(2) any water that would have passed through the Murray 1 Power Station but does not:"
[parser-unknown-class] "subpara", text="(a) for operational reasons; or"
[parser-unknown-class] "subpara", text="(b) because it is released from the Snowy Scheme as Snowy Montane Rivers External Increased Flows,"
[parser-unknown-class] "subhead", text="and that flows into the catchment of the River Murray upstream of Hume Dam."
[parser-unknown-class] "Numberedheading", text="7A. Calculating Required Annual Release"
[parser-unknown-class] "subhead", text="(1) Subject to clause 7A and 7B of this Schedule, the Required Annual Release, and the Dry Inflow..."
[parser-unknown-class] "subhead", text="(2) Subject to sub‑clause 7A(3), the Required Annual Release for any Water Year, calculated in ac..."
[parser-unknown-class] "subhead", text="(3) The Required Annual Release for any Water Year must not be reduced under sub‑clause 7A(2) by ..."
[parser-unknown-class] "Numberedheading", text="7B. Calculating Dry Inflow Sequence Volume"
[parser-unknown-class] "subhead", text="(1) For the purpose of calculating the Dry Inflow Sequence Volume referred to in clause 7A in any..."
[parser-unknown-class] "subpara", text="(a) the estimated inflows for the remainder of that Water Year must be taken to be the same as th..."
[parser-unknown-class] "subpara", text="(b) the estimated losses for the remainder of that Water Year must be calculated by reference to:"
[parser-unknown-class] "subsubpara", text="(i) the maximum previously recorded evaporation rates for the same period; and"
[parser-unknown-class] "subsubpara", text="(ii) the expected Below Target storage volumes for that period;"
[parser-unknown-class] "subpara", text="(c) the volume required to supply the Jindabyne Base Passing Flows from 1 May 2006 must be added;"
[parser-unknown-class] "subpara", text="(d) the volume of losses attributable to storing Above Target Water from 1 May 2006 must be subtr..."
[parser-unknown-class] "subpara", text="(e) the volume of the Mowamba Borrowings Account must be added (not subtracted)."
[parser-unknown-class] "subhead", text="(2) The Dry Inflow Sequence Volume calculated at the beginning of any month may be lower than the..."
[parser-unknown-class] "SMALLPARTHEADING", text="PART III—WATER ACCOUNTING"
[parser-unknown-class] "Numberedheading", text="8. Entitlements Of New South Wales And Victoria To Use Water"
[parser-unknown-class] "Indent2", text="The Net Snowy‑Murray Development Diversions to the River Murray"
[parser-unknown-class] "Indent2", text="PLUS Murray to Murrumbidgee Inter‑Valley Transfers"
[parser-unknown-class] "Indent2", text="PLUS the Required Annual Release Shortfall"
[parser-unknown-class] "Indent2", text="PLUS the Snowy‑Murray Development Annual Allocation"
[parser-unknown-class] "Indent2", text="PLUS Excess Snowy River Releases in excess of the volume of the Snowy River Release Shortfall in ..."
[parser-unknown-class] "Indent2", text="MINUS at the discretion of the Authority, Murrumbidgee to Murray Inter‑Valley Transfers"
[parser-unknown-class] "Indent2", text="MINUS the Required Annual Release Shortfall from the previous Water Year"
[parser-unknown-class] "Indent2", text="MINUS River Murray Above Target Releases allocated to the River Murray Increased Flows received b..."
[parser-unknown-class] "Numberedheading", text="9. Water Estimated To Be Under The Control Of The Authority"
[parser-unknown-class] "Indent2", text="The Net Snowy‑Murray Development Diversions to the River Murray"
[parser-unknown-class] "Indent2", text="PLUS Murray to Murrumbidgee Inter‑Valley Transfers"
[parser-unknown-class] "Indent2", text="PLUS the Required Annual Release Shortfall"
[parser-unknown-class] "Indent2", text="PLUS the Snowy‑Murray Development Annual Allocation"
[parser-unknown-class] "Indent2", text="PLUS Excess Snowy River Releases in excess of the volume of the Snowy River Release Shortfall in ..."
[parser-unknown-class] "Indent2", text="MINUS at the discretion of the Authority, Murrumbidgee to Murray Inter‑Valley Transfers"
[parser-unknown-class] "Indent2", text="MINUS the Required Annual Release Shortfall from the previous Water Year"
[parser-unknown-class] "Indent2", text="MINUS River Murray Above Target Releases allocated to the River Murray Increased Flows received b..."
[parser-unknown-class] "Numberedheading", text="10. Allocation of Water to New South Wales and Victoria"
[parser-unknown-class] "Indent2", text="The Net Snowy‑Murray Development Diversions to the River Murray"
[parser-unknown-class] "Indent2", text="PLUS Murray to Murrumbidgee Inter‑Valley Transfers"
[parser-unknown-class] "Indent2", text="PLUS the Required Annual Release Shortfall"
[parser-unknown-class] "Indent2", text="PLUS the Snowy‑Murray Development Annual Allocation"
[parser-unknown-class] "Indent2", text="PLUS Excess Snowy River Releases in excess of the volume of the Snowy River Release Shortfall in ..."
[parser-unknown-class] "Indent2", text="MINUS at the discretion of the Authority, Murrumbidgee to Murray Inter‑Valley Transfers"
[parser-unknown-class] "Indent2", text="MINUS the Required Annual Release Shortfall from the previous Water Year"
[parser-unknown-class] "Indent2", text="MINUS River Murray Above Target Releases allocated to the River Murray Increased Flows received b..."
[parser-unknown-class] "Numberedheading", text="11. Tributary Inflows"
[parser-unknown-class] "subhead", text="(1) The volume of water referred to in sub‑clause 108(2) of the Agreement is calculated as follows:"
[parser-unknown-class] "Indent2", text="The component of the Required Annual Release Shortfall from the previous Water Year allocated to ..."
[parser-unknown-class] "Indent2", text="PLUS half of the River Murray Above Target Releases allocated to the River Murray Increased Flows..."
[parser-unknown-class] "Indent2", text="PLUS half of the Excess Snowy River Release up to the volume of half of the Snowy River Release S..."
[parser-unknown-class] "Indent2", text="PLUS at the discretion of the Authority, Murrumbidgee to Murray Inter‑Valley Transfers"
[parser-unknown-class] "subhead", text="(2) The volume of water referred to in sub‑clause 108(3) of the Agreement is calculated as follows:"
[parser-unknown-class] "Indent2", text="The component of the Required Annual Release Shortfall from the previous Water Year allocated to ..."
[parser-unknown-class] "Indent2", text="PLUS half of the River Murray Above Target Releases allocated to the River Murray Increased Flows..."
[parser-unknown-class] "Indent2", text="PLUS half of the Snowy River Release Shortfall, unless Victoria has previously advised the Author..."
[parser-unknown-class] "Numberedheading", text="12. Use By New South Wales And Victoria Of Allocated Water"
[parser-unknown-class] "subhead", text="(1) The quantity of water referred to in paragraph 109(b) of the Agreement is calculated as follows:"
[parser-unknown-class] "Indent2", text="Murray to Murrumbidgee Inter‑Valley Transfers"
[parser-unknown-class] "Indent2", text="PLUS Excess Snowy River Releases in excess of the volume of the Snowy River Release Shortfall in ..."
[parser-unknown-class] "Indent2", text="PLUS the Snowy‑Murray Development Annual Allocation sourced from New South Wales"
[parser-unknown-class] "Indent2", text="PLUS the component of the Required Annual Release Shortfall allocated to New South Wales under su..."
[parser-unknown-class] "Indent2", text="PLUS unless otherwise agreed with Victoria, half of the Snowy River Release Shortfall."
[parser-unknown-class] "subhead", text="(2) The quantity of water referred to in paragraph 109(c) of the Agreement is calculated as follows:"
[parser-unknown-class] "Indent2", text="The Snowy‑Murray Development Annual Allocation sourced from Victoria"
[parser-unknown-class] "Indent2", text="PLUS the component of the Required Annual Release Shortfall allocated to Victoria under sub‑claus..."
[parser-unknown-class] "Indent2", text="PLUS half of the Excess Snowy River Release up to the volume of half of the Snowy River Release S..."
[parser-unknown-class] "Numberedheading", text="13. Required Annual Release Shortfalls"
[parser-unknown-class] "subhead", text="(1) If at the end of a Water Year there is a Required Annual Release Shortfall, the Required Annu..."
[parser-unknown-class] "Default", text="TABLE ONE: WATER ACCOUNTING AND REQUIRED ANNUAL RELEASE SHORTFALLS"
[parser-unknown-class] "Default", text=""
[parser-unknown-class] "Default", text="TYPE OF WATER YEAR"
[parser-unknown-class] "Default", text="ARRANGEMENT WITH RESPECT TO REQUIRED ANNUAL RELEASE SHORTFALL"
[parser-unknown-class] "Default", text="WATER ACCOUNTING OUTCOMES"
[parser-unknown-class] "Default", text="Water Year during which a period of special accounting is not in effect"
[parser-unknown-class] "Default", text=""
[parser-unknown-class] "Default", text=""
[parser-unknown-class] "Default", text=""
[parser-unknown-class] "Default", text=""
[parser-unknown-class] "Default", text="Water Year during which a period of special accounting is in effect"
[parser-unknown-class] "Default", text=""
[parser-unknown-class] "Default", text=""
[parser-unknown-class] "Default", text=""
[parser-unknown-class] "subhead", text="(2) The volume of any Required Annual Release Shortfall from the previous Water Year must be allo..."
[parser-unknown-class] "Numberedheading", text="14. Other Water Accounting Provisions"
[parser-unknown-class] "subhead", text="(1) Where under this Schedule the Authority is required to adjust accounts in connection with the..."
[parser-unknown-class] "subhead", text="(2) Where under this Schedule the Authority is required to adjust accounts in connection with int..."
[parser-unknown-class] "subhead", text="(3) Each release of River Murray Increased Flows must be allocated half to New South Wales and ha..."
[parser-unknown-class] "SMALLPARTHEADING", text="PART IV—SNOWY‑MURRAY DEVELOPMENT (RIVER MURRAY) ENVIRONMENTAL ENTITLEMENTS"
[parser-unknown-class] "Numberedheading", text="15. Translation Factors"
[parser-unknown-class] "subhead", text="(1) New South Wales and Victoria must each transfer Water Savings and Water Entitlements to its r..."
[parser-unknown-class] "subhead", text="(2) New South Wales, Victoria and the Authority must ensure that:"
[parser-unknown-class] "subpara", text="(a) the Translation Factors are determined in a manner consistent with the principles used to det..."
[parser-unknown-class] "subpara", text="(b) the use of Translation Factors to transfer Water Savings and Water Entitlements to a Snowy‑Mu..."
[parser-unknown-class] "subsubpara", text="(i) the level of Reliability of entitlements to water diverted from the River Murray System, the ..."
[parser-unknown-class] "subsubpara", text="(ii) the environmental benefits related to the quantity and timing of water flows for environment..."
[parser-unknown-class] "subsubpara", text="(iii) the Seasonal Availability of the entitlement to be received during that Water Year by South..."
[parser-unknown-class] "subsubpara", text="(iv) water quality in the River Murray in South Australia."
[parser-unknown-class] "Numberedheading", text="16. Apportionment Of Environmental Entitlements"
[parser-unknown-class] "subhead", text="(1) the Snowy River Apportioned Entitlement; and"
[parser-unknown-class] "subhead", text="(2) the River Murray Apportioned Entitlement."
[parser-unknown-class] "Numberedheading", text="17. Valley Accounts"
[parser-unknown-class] "subhead", text="(1) New South Wales or Victoria transfers either or both of Water Savings and Water Entitlements ..."
[parser-unknown-class] "subhead", text="(2) the source of that water is from a valley for which the Authority maintains a valley account,"
[parser-unknown-class] "Numberedheading", text="18. Long Term Diversion Caps"
[parser-unknown-class] "subhead", text="(1) Prior to New South Wales or Victoria transferring either or both of Water Savings and Water E..."
[parser-unknown-class] "subhead", text="(2) If New South Wales or Victoria transfers either or both of Water Savings and Water Entitlemen..."
[parser-unknown-class] "subhead", text="(3) If the Committee is satisfied with the appropriateness of a calculation advised under sub‑cla..."
[parser-unknown-class] "subhead", text="(4) If the Committee is not satisfied with the appropriateness of a calculation advised under sub..."
[parser-unknown-class] "subhead", text="(5) If a majority of the Committee members is satisfied with the appropriateness of a calculation..."
[parser-unknown-class] "subhead", text="(6) Despite clause 10 of Schedule E, the Ministerial Council must amend a Long Term Diversion Cap..."
[parser-unknown-class] "SMALLPARTHEADING", text="PART V—RIVER MURRAY INCREASED FLOWS"
[parser-unknown-class] "Numberedheading", text="19. Obligation Of Authority To Make River Murray Increased Flows"
[parser-unknown-class] "Numberedheading", text="20. Environmental Objectives And Strategy For River Murray Increased Flows"
[parser-unknown-class] "subhead", text="(1) The document entitled “The Living Murray Environmental Watering Plan 2006‑2007” approved by t..."
[parser-unknown-class] "subhead", text="(2) Subject to sub‑clauses (3) and (4), the Ministerial Council may from time to time by resoluti..."
[parser-unknown-class] "subhead", text="(3) Any amended Strategy:"
[parser-unknown-class] "subpara", text="(a) must include a provision to the effect that River Murray Increased Flows have first priority ..."
[parser-unknown-class] "subpara", text="(b) may provide that water credited to the River Murray Increased Flows in Authority Storages Acc..."
[parser-unknown-class] "subpara", text="(c) unless the Ministerial Council otherwise determines, must not have a significant adverse impa..."
[parser-unknown-class] "subpara", text="(d) must include the environmental objectives for the River Murray Increased Flows and integrate ..."
[parser-unknown-class] "subpara", text="(e) must include adaptive management principles to allow the ability to optimise environmental be..."
[parser-unknown-class] "subpara", text="(f) must prescribe appropriate environmental reporting and monitoring conditions."
[parser-unknown-class] "subhead", text="(4) The Ministerial Council must determine any amended environmental objectives and Strategy in a..."
[parser-unknown-class] "subpara", text="(a) Natural diversity of habitats and biota within the river channel, riparian zone and the flood..."
[parser-unknown-class] "subpara", text="(b) Natural linkages between the river and the floodplain should be maintained or enhanced."
[parser-unknown-class] "subpara", text="(c) Natural metabolic functioning of aquatic ecosystems should be maintained or enhanced."
[parser-unknown-class] "subpara", text="(d) Elements of the natural flow regime, in particular, seasonality should be retained or enhance..."
[parser-unknown-class] "subpara", text="(e) Consistent and constant flow and water level regimes should be avoided where practical, as th..."
[parser-unknown-class] "subpara", text="(f) The general principles of ecosystem services should be recognised."
[parser-unknown-class] "subpara", text="(g) Environmental benefit should be optimised."
[parser-unknown-class] "subhead", text="(5) As soon as practicable after the end of each Water Year, the Authority must report to the Con..."
[parser-unknown-class] "Numberedheading", text="21. Authority To Maintain River Murray Increased Flows Accounts"
[parser-unknown-class] "subhead", text="(1) The continuous water accounts for the River Murray Increased Flows known as:"
[parser-unknown-class] "subpara", text="(a) the Initial River Murray Increased Flows Account; and"
[parser-unknown-class] "subpara", text="(b) the River Murray Increased Flows in Authority Storages Account,"
[parser-unknown-class] "subhead", text="maintained under sub‑clause 21(1) of Schedule G of the former Agreement immediately prior to comm..."
[parser-unknown-class] "subhead", text="(2) The Authority must maintain the continuous water accounts of the River Murray Increased Flows..."
[parser-unknown-class] "subhead", text="(3) The Authority must:"
[parser-unknown-class] "subpara", text="(a) credit the Initial River Murray Increased Flows Account with the River Murray Annual Allocati..."
[parser-unknown-class] "subpara", text="(b) transfer from the Initial River Murray Increased Flows Account to the River Murray Increased ..."
[parser-unknown-class] "subpara", text="(c) record in the River Murray Increased Flows in Authority Storages Account the transfer of wate..."
[parser-unknown-class] "subpara", text="(d) record in the River Murray Increased Flows in Authority Storages Account the release of River..."
[parser-unknown-class] "subhead", text="(4) The River Murray Increased Flows Accounts must be independently audited unless the Authority ..."
[parser-unknown-class] "subhead", text="(5) As soon as practicable after the completion of each audit, the Authority must send a copy of ..."
[parser-unknown-class] "Numberedheading", text="22. Binding Effect of Strategy"
[parser-unknown-class] "subhead", text="(1) allocate River Murray Above Target Releases to the River Murray Increased Flows Accounts; and"
[parser-unknown-class] "subhead", text="(2) manage the water in and releases of water from the River Murray Increased Flows in Authority ..."
[parser-unknown-class] "Indent1", text="in accordance with the Strategy."
[parser-unknown-class] "SMALLPARTHEADING", text="PART VI—NOTIFICATION AND CONSULTATION PROVISIONS"
[parser-unknown-class] "Numberedheading", text="23. Authority To Be Informed Of New Proposals"
[parser-unknown-class] "subhead", text="(1) to achieve Water Savings or to purchase Water Entitlements for the purpose of transferring th..."
[parser-unknown-class] "subhead", text="(2) to modify the reliability of a supply of water pursuant to an Environmental Entitlement,"
[parser-unknown-class] "Numberedheading", text="24. Snowy Scheme Annual Water Operating Plan"
[parser-unknown-class] "subhead", text="(1) The parties acknowledge that as a result of provisions in the Snowy Water Licence and a deed ..."
[parser-unknown-class] "subhead", text="(2) The Commonwealth, New South Wales and Victoria must:"
[parser-unknown-class] "subpara", text="(a) ensure the direct participation by the Authority in each consultation referred to in sub‑clau..."
[parser-unknown-class] "subpara", text="(b) consult with the Authority before varying existing consultation arrangements."
[parser-unknown-class] "Numberedheading", text="25. Notifications Required"
[parser-unknown-class] "subhead", text="(1) Each Contracting Government must, at the time specified by the Authority, notify the Authorit..."
[parser-unknown-class] "subhead", text="(2) The Authority must, at any time specified by New South Wales, notify New South Wales of such ..."
[parser-unknown-class] "SMALLPARTHEADING", text="PART VII—ANALYTICAL MODELS"
[parser-unknown-class] "Numberedheading", text="26. Developing Analytical Models"
[parser-unknown-class] "subhead", text="(1) The Authority must develop an analytical model for determining, in the case of the River Murr..."
[parser-unknown-class] "subpara", text="(a) storage volumes; and"
[parser-unknown-class] "subpara", text="(b) total diversions,"
[parser-unknown-class] "subhead", text="that would have occurred under Baseline Conditions."
[parser-unknown-class] "subhead", text="(2) New South Wales must develop an analytical model for determining, in the case of the Murrumbi..."
[parser-unknown-class] "subpara", text="(a) storage volumes; and"
[parser-unknown-class] "subpara", text="(b) total diversions,"
[parser-unknown-class] "subhead", text="that would have occurred under Baseline Conditions."
[parser-unknown-class] "subhead", text="(3) An analytical model developed under this clause:"
[parser-unknown-class] "subpara", text="(a) must be the best model available to the Authority or New South Wales, from time to time, for ..."
[parser-unknown-class] "subpara", text="(b) must be tested against relevant historical data to determine the accuracy of the model."
[parser-unknown-class] "subhead", text="(4) New South Wales may at its own cost engage an independent auditor to evaluate whether the mod..."
[parser-unknown-class] "subpara", text="(a) the best available to the Authority; and"
[parser-unknown-class] "subpara", text="(b) accurate."
[parser-unknown-class] "SMALLPARTHEADING", text="PART VIII—OTHER PROVISIONS"
[parser-unknown-class] "Numberedheading", text="27. Inter‑Valley Water Transfers"
[parser-unknown-class] "subhead", text="(1) To facilitate water transfers, the Authority may request New South Wales to release:"
[parser-unknown-class] "subpara", text="(a) Water Available to the Snowy‑Murray Development to each or both of the Tumut River catchment ..."
[parser-unknown-class] "subpara", text="(b) Water Available to the Snowy‑Tumut Development to the River Murray catchment upstream of Hume..."
[parser-unknown-class] "subhead", text="(2) If New South Wales agrees with the request made under sub‑clause 27(1) of this Schedule, any ..."
[parser-unknown-class] "PARTHEADING", text="SCHEDULE G Accounting for south Australia’s storage rights"
[parser-unknown-class] "SMALLPARTHEADING", text="PART 1 – PRELIMINARY"
[parser-unknown-class] "Numberedheading", text="1. Purposes of Schedule G"
[parser-unknown-class] "subpara", text="(a) to set out rules for giving effect to, and accounting for, South Australia’s storage rights u..."
[parser-unknown-class] "subpara", text="(b) to define what constitutes an effect on water availability and an effect on storage access fo..."
[parser-unknown-class] "Numberedheading", text="2. Definitions and Interpretation"
[parser-unknown-class] "subhead", text="(1) In this Schedule except where inconsistent with the context:"
[parser-unknown-class] "subpara", text="(a) any part of South Australia’s entitlement under clause 88 of the Agreement that South Austral..."
[parser-unknown-class] "subpara", text="(b) any allocations South Australia may have acquired for use in South Australia from within an u..."
[parser-unknown-class] "subpara", text="(a) the lesser of:"
[parser-unknown-class] "subsubpara", text="(i) the target capacity of the major storage as set out in clause 116 of the Agreement; and"
[parser-unknown-class] "subsubpara", text="(ii) if the Authority thinks there is a risk that water may have to be released from that major s..."
[parser-unknown-class] "subpara", text="(b) the volume in storage and attributed to the upper States at that time."
[parser-unknown-class] "subhead", text="(2) Expressions used in this Schedule and in the Water Act 2007 (Commonwealth) or the Agreement t..."
[parser-unknown-class] "subhead", text="(3) Clause 3 of the Agreement applies to this Schedule as if a reference to the Agreement in the ..."
[parser-unknown-class] "subhead", text="(4) For clause 91 and paragraph 130 (6) (b) of the Agreement, storing water after the time when a..."
[parser-unknown-class] "subpara", text="(a) will have an effect on water availability for an upper State if continuing to store the part ..."
[parser-unknown-class] "subpara", text="(b) will have an effect on storage access by an upper State if delivering part of South Australia..."
[parser-unknown-class] "subsubpara", text="(i) river channels to carry the necessary flow; or"
[parser-unknown-class] "subsubpara", text="(ii) a major storage to release sufficient water;"
[parser-unknown-class] "Indent3", text="affect the ability to deliver the State water entitlements of both States simultaneously."
[parser-unknown-class] "subhead", text="(5) The Authority must determine when an effect mentioned in paragraph (4) (a) or (4) (b) has occ..."
[parser-unknown-class] "subhead", text="(6) Whenever the Authority is required to form an opinion for this Schedule, it must do so reason..."
[parser-unknown-class] "Numberedheading", text="3. Commencement"
[parser-unknown-class] "Numberedheading", text="4. Application"
[parser-unknown-class] "subpara", text="(a) only applies to water to be used by South Australia to meet either critical human water needs..."
[parser-unknown-class] "subpara", text="(b) does not entitle South Australia to store any water on behalf of an upper State; and"
[parser-unknown-class] "subpara", text="(c) applies during any period of water sharing under Division 1, 2 or 3 of Part XII of the Agreem..."
[parser-unknown-class] "subpara", text="(d) does not affect the ability of South Australia to store water under provisions of the Agreeme..."
[parser-unknown-class] "SMALLPARTHEADING", text="PART 2 – STORING DEFERRED WATER"
[parser-unknown-class] "Numberedheading", text="5. Establishing initial volumes"
[parser-unknown-class] "subhead", text="(1) The volume of deferred water held in each major storage at the date the Schedule takes effect..."
[parser-unknown-class] "subhead", text="(2) The Authority must enter the volumes mentioned in subclause (1) in the accounts established u..."
[parser-unknown-class] "Numberedheading", text="6. Permissible volume of deferred water"
[parser-unknown-class] "Numberedheading", text="7. Planning for storage and delivery of deferred water"
[parser-unknown-class] "subhead", text="(1) By the first day of every month, the Committee member for South Australia must give to the Au..."
[parser-unknown-class] "subpara", text="(a) minimum inflow conditions; or"
[parser-unknown-class] "subpara", text="(b) other inflow conditions specified in the draft Plan."
[parser-unknown-class] "subhead", text="(2) A draft Plan must:"
[parser-unknown-class] "subpara", text="(a) nominate how much of the deferred water held in storage at the commencement of the Plan is fo..."
[parser-unknown-class] "subpara", text="(b) for each month of the Plan, provide for the delivery of deferred water for the purpose of mee..."
[parser-unknown-class] "subpara", text="(c) for each month of the Plan, nominate one or more preferred major storages in which water set ..."
[parser-unknown-class] "subpara", text="(d) for each month of the Plan, nominate one or more preferred major storages from which deferred..."
[parser-unknown-class] "subpara", text="(e) for each month of the Plan, nominate any preferred transfers and substitutions of deferred wa..."
[parser-unknown-class] "subpara", text="(f) not provide for deferred water to be delivered in the same month as that water became deferre..."
[parser-unknown-class] "subhead", text="(3) The Authority must provide assistance and advice to the Committee member for South Australia ..."
[parser-unknown-class] "subhead", text="(4) When considering whether or not to approve a draft Plan, the Authority must comply with claus..."
[parser-unknown-class] "subhead", text="(5) Subject to subclauses (4), (6) and (7), the Authority must, within 14 days after receiving a ..."
[parser-unknown-class] "subpara", text="(a) approve the draft Plan, subject to any conditions it specifies; or"
[parser-unknown-class] "subpara", text="(b) refer the draft Plan back to the Committee member for South Australia for further considerati..."
[parser-unknown-class] "subpara", text="(c) not approve the draft Plan."
[parser-unknown-class] "subhead", text="(6) The Authority must approve a draft Plan unless:"
[parser-unknown-class] "subpara", text="(a) in the opinion of the Authority, the implementation of the Plan would have an effect on eithe..."
[parser-unknown-class] "subsubpara", text="(i) water availability for an upper State; and"
[parser-unknown-class] "subsubpara", text="(ii) for deferred water stored for the purpose of meeting private carry‑over by South Australia—s..."
[parser-unknown-class] "subpara", text="(b) subclause (7) applies."
[parser-unknown-class] "subhead", text="(7) The Authority may refer a draft Plan back to the Committee member for South Australia, or ref..."
[parser-unknown-class] "subhead", text="(8) The Authority must give written reasons to the Committee member for South Australia and each ..."
[parser-unknown-class] "subhead", text="(9) The Committee member for South Australia may at any time:"
[parser-unknown-class] "subpara", text="(a) resubmit to the Authority and each upper State a draft Plan mentions in paragraph (5) (b) or ..."
[parser-unknown-class] "subpara", text="(b) propose to the Authority in writing a departure from arrangements from time to time mentioned..."
[parser-unknown-class] "subhead", text="(10) The Committee member for South Australia must give each upper State a copy of anything resub..."
[parser-unknown-class] "subhead", text="(11) Subclauses (2), (3), (4), (5), (6), (7) and (8) apply to any draft Plan, Plan or departure m..."
[parser-unknown-class] "subhead", text="(12) A draft Plan approved by the Authority under paragraph 7 (5) (a) takes effect as the Plan."
[parser-unknown-class] "subhead", text="(13) If a departure from a Plan is approved by the Authority under subclause 7 (11), the Plan is ..."
[parser-unknown-class] "Numberedheading", text="8. Resolving disputes about Plans"
[parser-unknown-class] "subhead", text="(1) If the Authority does not approve a draft Plan or a departure from a Plan under clause 7, the..."
[parser-unknown-class] "subhead", text="(2) Subclauses 33 (5) to 33 (8) of the Agreement apply to any matter referred to the Committee un..."
[parser-unknown-class] "Numberedheading", text="9. When deferred water is stored"
[parser-unknown-class] "subhead", text="(1) The Committee member for South Australia may request the Authority in writing to reduce the q..."
[parser-unknown-class] "subhead", text="(2) If a request made under subclause (1) is not in accordance with the Plan approved under claus..."
[parser-unknown-class] "subhead", text="(3) If a request made under subclause (1) is either:"
[parser-unknown-class] "subpara", text="(a) in accordance with the Plan; or"
[parser-unknown-class] "subpara", text="(b) approved as a departure from the Plan;"
[parser-unknown-class] "subhead", text="the volume mentioned in subclause (1) becomes deferred water for this Schedule at the time when t..."
[parser-unknown-class] "Numberedheading", text="10. Where deferred water may be stored"
[parser-unknown-class] "subhead", text="(1) South Australia may store deferred water within the unused capacity of one or more major stor..."
[parser-unknown-class] "subhead", text="(2) Subject to subclauses (3) and (4), any deferred water stored after the date this Schedule com..."
[parser-unknown-class] "subhead", text="(3) If the source of any deferred water stored after the date this Schedule comes into effect is ..."
[parser-unknown-class] "subhead", text="(4) Subclauses (2) and (3) apply whether the deferred water is either:"
[parser-unknown-class] "subpara", text="(a) part of South Australia’s entitlement under clause 88 of the Agreement, that is stored under ..."
[parser-unknown-class] "subpara", text="(b) allocations acquired for use in South Australia from within an upper State."
[parser-unknown-class] "Numberedheading", text="11. Transferring deferred water downstream"
[parser-unknown-class] "subhead", text="(1) Subject to subclauses (5) and (6), the Authority must transfer deferred water from an upstrea..."
[parser-unknown-class] "subhead", text="(2) Despite subclause (1) but subject to subclauses (5) and (6), the Authority may transfer defer..."
[parser-unknown-class] "subhead", text="(3) Despite subclause (1) but subject to subclauses (5) and (6), the Authority must, with the pri..."
[parser-unknown-class] "subhead", text="(4) If the Committee member for South Australia fails to consent to a transfer proposed under sub..."
[parser-unknown-class] "subhead", text="(5) The Authority must not transfer deferred water under subclause (1), (2) or (3) if, in the opi..."
[parser-unknown-class] "subpara", text="(a) water availability for an upper State; and"
[parser-unknown-class] "subpara", text="(b) for deferred water stored for the purpose of meeting private carry‑over in South Australia—st..."
[parser-unknown-class] "subhead", text="(6) The Authority may decide not to transfer deferred water in accordance with subclause (1), (2)..."
[parser-unknown-class] "subhead", text="(7) The Authority must give  written reasons to the Committee member for South Australia and for ..."
[parser-unknown-class] "subhead", text="(8) Subject to subclause (9), the Authority must debit the account for the major storage with any..."
[parser-unknown-class] "subhead", text="(9) The Authority must credit the account for a downstream major storage with any deferred water ..."
[parser-unknown-class] "Numberedheading", text="12. Substituting deferred water upstream"
[parser-unknown-class] "subhead", text="(1) Unless the Plan, or an approved departure from the Plan, provides otherwise, whenever:"
[parser-unknown-class] "subpara", text="(a) the volume of deferred water held in a downstream storage exceeds the volume of deferred wate..."
[parser-unknown-class] "subpara", text="(b) the Authority, for the purpose of normal river operations, is required to transfer a volume o..."
[parser-unknown-class] "subpara", text="(c) in the Authority’s view, it would be practicable to use a volume of water held in the downstr..."
[parser-unknown-class] "subhead", text="the Authority must substitute the deferred water held in the downstream storage for water held in..."
[parser-unknown-class] "subhead", text="(2) For subclause (1), substituting deferred water held in a downstream storage for water held in..."
[parser-unknown-class] "subhead", text="(3) The Authority must progressively adjust the relevant accounts of the upper States and South A..."
[parser-unknown-class] "SMALLPARTHEADING", text="PART 3 – DELIVERING DEFERRED WATER"
[parser-unknown-class] "Numberedheading", text="13. Deferred water delivered at South Australia’s request"
[parser-unknown-class] "subhead", text="(1) Subject to subclause (2), except for deferred water that spills from a major storage, the Aut..."
[parser-unknown-class] "subhead", text="(2) Despite subclause (1), the Authority may deliver deferred water to South Australia at any tim..."
[parser-unknown-class] "subhead", text="(3) The Authority may only decide not to deliver deferred water in accordance with subclause (1) ..."
[parser-unknown-class] "subhead", text="(4) The Authority must give written reasons to the Committee member for South Australia and for e..."
[parser-unknown-class] "Numberedheading", text="14. Power to cancel delivery"
[parser-unknown-class] "subhead", text="(1) The Committee member for South Australia may cancel a delivery of deferred water under subcla..."
[parser-unknown-class] "subhead", text="(2) If the Authority receives a cancellation under subclause (1) after giving directions to relea..."
[parser-unknown-class] "subpara", text="(a) store in a downstream major storage any deferred water released for delivery to South Austral..."
[parser-unknown-class] "subpara", text="(b) if, in the Authority’s opinion it is not possible to comply with paragraph (a), debit that de..."
[parser-unknown-class] "Numberedheading", text="15. Deferred water not part of South Australia’s entitlement"
[parser-unknown-class] "Numberedheading", text="16. South Australia’s exclusive right to use deferred water"
[parser-unknown-class] "Numberedheading", text="17. Spills and pre‑releases"
[parser-unknown-class] "subhead", text="(1) If:"
[parser-unknown-class] "subpara", text="(a) water spills from a major storage in which deferred water is stored; or"
[parser-unknown-class] "subpara", text="(b) water is pre‑released from a major storage, in which deferred water is stored, for flood miti..."
[parser-unknown-class] "subhead", text="the water must be taken to be deferred water, until a volume equivalent to the volume of deferred..."
[parser-unknown-class] "subhead", text="(2) In measuring the volume of water spilled or pre‑released under subclause (1), deferred water ..."
[parser-unknown-class] "subhead", text="(3) The Authority must, whenever possible, re‑regulate any water taken to be deferred water under..."
[parser-unknown-class] "subhead", text="(4) If the Authority is unable to re‑regulate spilled or pre‑released deferred water in accordanc..."
[parser-unknown-class] "subhead", text="(5) If there is deferred water in Dartmouth Reservoir and water is transferred from Dartmouth Res..."
[parser-unknown-class] "subpara", text="(a) the deferred water is taken to be transferred first and becomes deferred water in Hume Reserv..."
[parser-unknown-class] "subpara", text="(b) deferred water for the purpose of meeting private carry‑over is taken to be transferred befor..."
[parser-unknown-class] "Numberedheading", text="18. Limitations on channels and storages"
[parser-unknown-class] "subpara", text="(a) of river channels to carry that flow; or"
[parser-unknown-class] "subpara", text="(b) a major storage to release sufficient water to meet the commitments of any State to supply al..."
[parser-unknown-class] "Numberedheading", text="19. Reallocation of deferred water"
[parser-unknown-class] "subhead", text="(1) Despite Part 2 and this Part, but subject to subclause (2), the Authority may reallocate volu..."
[parser-unknown-class] "subpara", text="(a) facilitate the delivery of deferred water to South Australia; or"
[parser-unknown-class] "subpara", text="(b) assist in re‑regulating any deferred water that may have spilled from a major storage; or"
[parser-unknown-class] "subpara", text="(c) operate the River Murray System efficiently."
[parser-unknown-class] "subhead", text="(2) In reallocating deferred water under subclause (1), the Authority must not:"
[parser-unknown-class] "subpara", text="(a) reduce the total volume of deferred water then held in all major storages and entered in the ..."
[parser-unknown-class] "subpara", text="(b) affect either or both of:"
[parser-unknown-class] "subsubpara", text="(i) water availability for an upper State; or"
[parser-unknown-class] "subsubpara", text="(ii) for deferred water stored for the purpose of meeting private carry‑over in South Australia—s..."
[parser-unknown-class] "subpara", text="(c) increase the risk that deferred water might spill from a major storage."
[parser-unknown-class] "SMALLPARTHEADING", text="PART 4 – ACCOUNTING FOR DEFERRED WATER"
[parser-unknown-class] "Numberedheading", text="20. Establishing and maintaining accounts"
[parser-unknown-class] "subhead", text="(1) The Authority must, in accordance with the requirements of this Part, establish and maintain:"
[parser-unknown-class] "subpara", text="(a) a separate account for deferred water held in each major storage showing the respective volum..."
[parser-unknown-class] "subsubpara", text="(i) critical human water needs; and"
[parser-unknown-class] "subsubpara", text="(ii) private carry‑over; and"
[parser-unknown-class] "subpara", text="(b) an account showing the total deferred water held at any time; and"
[parser-unknown-class] "subpara", text="(c) an account that maintains a record of deferred water that is stored, spilled, in transit, deb..."
[parser-unknown-class] "subhead", text="(2) The Authority must give a copy of each account mentioned in subclause (1) to each Committee m..."
[parser-unknown-class] "subhead", text="(3) If the Authority makes a determination under subclause 2 (5) about the occurrence of an effec..."
[parser-unknown-class] "subpara", text="(a) notify each Committee member in writing of that effect and of any adjustment to the accounts ..."
[parser-unknown-class] "subpara", text="(b) make any adjustment to the accounts determined by the Committee."
[parser-unknown-class] "Numberedheading", text="21. Accounting for internal spills"
[parser-unknown-class] "Numberedheading", text="22. Attribution of evaporative losses"
[parser-unknown-class] "subhead", text="(1) The Authority must calculate and attribute to South Australia any incremental evaporative los..."
[parser-unknown-class] "subhead", text="(2) For subclause (1), the Authority must:"
[parser-unknown-class] "subpara", text="(a) calculate the volume of the total net evaporative loss from all major storages; and"
[parser-unknown-class] "subpara", text="(b) estimate the volume of the total net evaporative loss that would have occurred from all major..."
[parser-unknown-class] "subpara", text="(c) subtract the volume estimated under paragraph (b) from the volume calculated under paragraph ..."
[parser-unknown-class] "Numberedheading", text="23. Accounting for deferred water in Menindee Lakes Storage"
[parser-unknown-class] "subhead", text="(1) Subclauses (2) and (3) apply whenever New South Wales becomes entitled to use water in Menind..."
[parser-unknown-class] "subhead", text="(2) New South Wales may use for any purpose deferred water stored by South Australia in the Menin..."
[parser-unknown-class] "subhead", text="(3) The Authority must alter the existing volume in the account for deferred water stored for the..."
[parser-unknown-class] "subhead", text="(4) As soon as New South Wales is no longer able to use water under subclause 95 (1) of the Agree..."
[parser-unknown-class] "subhead", text="(5) Whenever New South Wales becomes entitled to use water under subclause 95 (1) of the Agreemen..."
[parser-unknown-class] "subpara", text="(a) attribute any credit for deferred water then stored in the Menindee Lakes Storage for the pur..."
[parser-unknown-class] "subpara", text="(b) reduce the relevant entry in the account for the Menindee Lakes Storage to zero; and"
[parser-unknown-class] "subpara", text="(c) adjust the accounts maintained for New South Wales under Subdivisions D and E of Division 1 o..."
[parser-unknown-class] "subhead", text="(6) At the conclusion of any period mentioned in subclause 95 (1) of the Agreement South Australi..."
[parser-unknown-class] "subhead", text="(7) Any volume of deferred water stored in any major storage must be excluded from any calculatio..."
[parser-unknown-class] "Numberedheading", text="24. Adjustments of accounts between major storages other than Menindee Lakes Storage"
[parser-unknown-class] "subhead", text="(1) Subclause (2) applies whenever the Authority estimates that, unless the account established u..."
[parser-unknown-class] "subhead", text="(2) The Authority must, whenever possible:"
[parser-unknown-class] "subpara", text="(a) credit the account for deferred water stored in a major storage (the upstream storage) upstre..."
[parser-unknown-class] "subpara", text="(b) reduce the balance of the account for deferred water stored in the downstream storage to the ..."
[parser-unknown-class] "subhead", text="(3) Whenever the Authority estimates that, unless the  account established under subclause 20 (1)..."
[parser-unknown-class] "subpara", text="(a) credit the account for deferred water stored in Hume Reservoir with a volume equivalent to th..."
[parser-unknown-class] "subpara", text="(b) reduce the balance of the account for deferred water stored in Dartmouth Reservoir by the sam..."
[parser-unknown-class] "Numberedheading", text="25. Accounting for transmission losses during regulated flows"
[parser-unknown-class] "subhead", text="(1) Subclause (2) applies whenever flows from major storages are regulated and wholly contained w..."
[parser-unknown-class] "subhead", text="(2) The Authority must not reduce the volume of deferred water credited to an account by any amou..."
[parser-unknown-class] "subpara", text="(a) delivering deferred water from a major storage to South Australia; or"
[parser-unknown-class] "subpara", text="(b) transferring deferred water to a downstream major storage."
[parser-unknown-class] "Numberedheading", text="26. Accounting for transmission losses during other periods"
[parser-unknown-class] "subhead", text="(1) Subclause (2) applies during any period when:"
[parser-unknown-class] "subpara", text="(a) water spilling from a major storage is taken to be deferred water under clause 17; and"
[parser-unknown-class] "subpara", text="(b) the flow of water is only partly contained within river channels."
[parser-unknown-class] "subhead", text="(2) The Authority must estimate and attribute transmission losses resulting from the flow of wate..."
[parser-unknown-class] "Numberedheading", text="27. Adjusting accounts for normal river operations"
[parser-unknown-class] "subhead", text="(1) The Authority may, from time to time, adjust an account as a consequence of normal river oper..."
[parser-unknown-class] "subhead", text="(2) Without limiting subclause (1), the Authority may adjust an account:"
[parser-unknown-class] "subpara", text="(a) to incorporate recent hydrographic data; or"
[parser-unknown-class] "subpara", text="(b) to reflect alterations in the Authority’s assumptions about water losses or diversions."
[parser-unknown-class] "subhead", text="(3) The Authority must notify each Committee member in writing whenever it adjusts an account und..."
[parser-unknown-class] "Numberedheading", text="28. Reconciling accounts with Agreement requirements"
[parser-unknown-class] "subhead", text="(1) As soon as practicable after the end of each year, the Committee member for South Australia m..."
[parser-unknown-class] "subhead", text="(2) As soon as practicable after the end of each year, and after taking into account any adjustme..."
[parser-unknown-class] "subpara", text="(a) examine each account in order to determine:"
[parser-unknown-class] "subsubpara", text="(i) the extent to which South Australia was able to store deferred water in accordance with the P..."
[parser-unknown-class] "subsubpara", text="(ii) the extent to which South Australia received deliveries of deferred water in accordance with..."
[parser-unknown-class] "subsubpara", text="(iii) whether, in the year, storing deferred water under this Schedule has had an effect on eithe..."
[parser-unknown-class] "subsubpara", text="(A) water availability for an upper State; and"
[parser-unknown-class] "subsubpara", text="(B) for deferred water stored for the purpose of meeting private carry‑over in South Australia—st..."
[parser-unknown-class] "subpara", text="(b) report its findings to the Committee."
[parser-unknown-class] "subhead", text="(3) Any difference or dispute arising about information given under subclause (1) or findings men..."
[parser-unknown-class] "Numberedheading", text="29. Independent review of operation of Schedule"
[parser-unknown-class] "subhead", text="(1) Each year the following matters must be examined and the findings reported to the Committee:"
[parser-unknown-class] "subpara", text="(a) the extent to which South Australia was able to store deferred water in accordance with the P..."
[parser-unknown-class] "subpara", text="(b) the extent to which South Australia received deliveries of deferred water in accordance with ..."
[parser-unknown-class] "subpara", text="(c) whether, in that previous year, storing deferred water under this Schedule had an effect on e..."
[parser-unknown-class] "subsubpara", text="(i) water availability for an upper State; and"
[parser-unknown-class] "subsubpara", text="(ii) for deferred water stored for the purpose of meeting private carry‑over in South Australia—s..."
[parser-unknown-class] "subhead", text="(2) An examination under subclause (1) must be made by:"
[parser-unknown-class] "subpara", text="(a) the Independent River Operations Review Group appointed under the Objectives and Outcomes doc..."
[parser-unknown-class] "subpara", text="(b) if that Group has not been appointed—an independent reviewer approved by the Committee and en..."
[parser-unknown-class] "SMALLPARTHEADING", text="PART 5 – AMENDMENT OF SCHEDULE AND RULES"
[parser-unknown-class] "Numberedheading", text="30. Committee may request review"
[parser-unknown-class] "Numberedheading", text="31. Amendment of Schedule"
[parser-unknown-class] "subpara", text="(a) has had an effect, in the previous year, on either or both of the extent to which South Austr..."
[parser-unknown-class] "subsubpara", text="(i) was able to store deferred water; or"
[parser-unknown-class] "subsubpara", text="(ii) received deliveries of deferred water; or"
[parser-unknown-class] "subpara", text="(b) has had, or is likely to have, either or both of an effect on:"
[parser-unknown-class] "subsubpara", text="(i) water availability for an upper State; or"
[parser-unknown-class] "subsubpara", text="(ii) for deferred water stored for the purpose of meeting private carry‑over in South Australia—s..."
[parser-unknown-class] "SMALLPARTHEADING", text="PART 6 – APPORTIONMENT OF COSTS"
[parser-unknown-class] "Numberedheading", text="32. Costs of administering Schedule"
[parser-unknown-class] "PARTHEADING", text="SCHEDULE H Water Sharing during tiers 2 and 3"
[parser-unknown-class] "SMALLPARTHEADING", text="PART 1 – PRELIMINARY"
[parser-unknown-class] "Numberedheading", text="1. Purposes"
[parser-unknown-class] "subpara", text="(a) to set out the way in which State water entitlements will be determined, delivered and accoun..."
[parser-unknown-class] "subpara", text="(b) to provide for South Australia’s storage rights under subclause 91 (1) of the Agreement;"
[parser-unknown-class] "Numberedheading", text="2. Definitions and Interpretation"
[parser-unknown-class] "subhead", text="(1) In this Schedule except where inconsistent with the context:"
[parser-unknown-class] "subhead", text="(2) Expressions used in this Schedule and in the Water Act 2007 (Commonwealth) or the Agreement t..."
[parser-unknown-class] "subhead", text="(3) Clause 3 of the Agreement applies to this Schedule as if a reference to the Agreement in the ..."
[parser-unknown-class] "Numberedheading", text="3. Commencement of Schedule"
[parser-unknown-class] "Numberedheading", text="4. Application"
[parser-unknown-class] "subhead", text="(1) Parts 1, 4 and 5 apply from the date on which this Schedule takes effect."
[parser-unknown-class] "subhead", text="(2) Part 2 applies when Tier 2 distribution of waters under the Agreement applies."
[parser-unknown-class] "subhead", text="(3) Part 3 applies when Tier 3 distribution of waters under the Agreement applies."
[parser-unknown-class] "SMALLPARTHEADING", text="PART 2 – TIER 2 PROVISIONS"
[parser-unknown-class] "Numberedheading", text="5. Application of Tier 1 provisions"
[parser-unknown-class] "subhead", text="(1) The provisions of Tier 1 distribution of waters under the Agreement continue to apply while t..."
[parser-unknown-class] "subhead", text="(2) The provisions of clause 139 of the Agreement and of Schedule F continue to apply while this ..."
[parser-unknown-class] "Numberedheading", text="6. Inability to contribute to Conveyance Reserve"
[parser-unknown-class] "subhead", text="(1) If, at any time after 1 September in any year, the Authority considers that insufficient wate..."
[parser-unknown-class] "subpara", text="(a) its estimate of the volume of any shortfall in that State’s contribution; and"
[parser-unknown-class] "subpara", text="(b) whether it considers that there is sufficient water in the River Murray System to meet the co..."
[parser-unknown-class] "subhead", text="(2) In considering whether there may or may not be sufficient water under subclause (1), the Auth..."
[parser-unknown-class] "subpara", text="(a) the volume of water then in storage in the River Murray System; and"
[parser-unknown-class] "subpara", text="(b) the volume of water required to be delivered from the Snowy Scheme to the River Murray System..."
[parser-unknown-class] "subpara", text="(c) any relevant rules approved under subclause 135 (15) of the Agreement; and"
[parser-unknown-class] "subpara", text="(d) the Authority’s estimate of inflows to the River Murray System before the end of that year; and"
[parser-unknown-class] "subpara", text="(e) any previously proposed remedial action taken, or to be taken by the State under clause 10."
[parser-unknown-class] "Numberedheading", text="7. Advances to meet contributions to Conveyance Reserve"
[parser-unknown-class] "subhead", text="(1) If the Authority tells the Committee that there is sufficient water available in the River Mu..."
[parser-unknown-class] "subhead", text="(2) If the Committee determines that an advance to a State is required under subclause (1), the A..."
[parser-unknown-class] "subpara", text="(a) increase the water available for distribution to the State by the volume of the advance deter..."
[parser-unknown-class] "subpara", text="(b) decrease the water available for distribution to the other States by the same volume;"
[parser-unknown-class] "subhead", text="without increasing the total volume of water available for distribution."
[parser-unknown-class] "Numberedheading", text="8. Insufficient water to meet Conveyance Reserve"
[parser-unknown-class] "subhead", text="(1) If, at any time after 1 September in any year, the Authority considers that insufficient wate..."
[parser-unknown-class] "subhead", text="(2) In considering whether there may or may not be sufficient water under subclause (1), the Auth..."
[parser-unknown-class] "subhead", text="(3) On receiving advice from the Authority under subclause (1), the Committee must promptly prepa..."
[parser-unknown-class] "subpara", text="(a) to ensure that adequate water is available both to meet and to deliver current critical human..."
[parser-unknown-class] "subpara", text="(b) to establish a reserve to reduce the risk that there will not be sufficient water to deliver ..."
[parser-unknown-class] "Numberedheading", text="9. Insufficient current conveyance water"
[parser-unknown-class] "subhead", text="(1) If, at any time, the Authority considers that there may be insufficient water set aside to me..."
[parser-unknown-class] "subhead", text="(2) In considering whether there may or may not be sufficient water under subclause (1), the Auth..."
[parser-unknown-class] "subhead", text="(3) If the Committee considers that there is insufficient water available to meet current conveya..."
[parser-unknown-class] "Numberedheading", text="10. Taking remedial action"
[parser-unknown-class] "subhead", text="(1) The Committee must, within 1 month after making a declaration under subclause 9 (3) and after..."
[parser-unknown-class] "subpara", text="(a) the Committee’s proposal for:"
[parser-unknown-class] "subsubpara", text="(i) any remedial action required to ensure that current conveyance water will be available; and"
[parser-unknown-class] "subsubpara", text="(ii) the respective responsibilities of each Contracting Government and the Authority in implemen..."
[parser-unknown-class] "subpara", text="(b) when the Committee expects that the water attributable to any remedial action mentioned in su..."
[parser-unknown-class] "subhead", text="(2) At the request of the Committee, the Authority may, subject to clause 50 of the Agreement, as..."
[parser-unknown-class] "subhead", text="(3) The Committee may, from time to time, adopt policies to be observed by the Committee, the Aut..."
[parser-unknown-class] "subhead", text="(4) In determining what remedial action to propose to ensure that the water mentioned in subparag..."
[parser-unknown-class] "subpara", text="(a) may have regard to:"
[parser-unknown-class] "subsubpara", text="(i) the Basin Plan; and"
[parser-unknown-class] "subsubpara", text="(ii) any policies adopted by the Committee in relation to remedial action; and"
[parser-unknown-class] "subsubpara", text="(iii) any information given by the Authority; and"
[parser-unknown-class] "subpara", text="(b) must consider what additional remedial action may be necessary and available while either Par..."
[parser-unknown-class] "subhead", text="(5) Unless the Committee determines otherwise, any proposal made under subclause (1) must set out:"
[parser-unknown-class] "subpara", text="(a) how the water attributable to any remedial action mentioned in subparagraph (1) (a) (i) will ..."
[parser-unknown-class] "subpara", text="(b) either the circumstances in which, or the date by which, the proposed remedial action will ce..."
[parser-unknown-class] "subhead", text="(6) Before taking a remedial action proposed under subclause (1), the Committee must determine wh..."
[parser-unknown-class] "subhead", text="(7) If the Committee determines that a proposed remedial action requires approval under the Agree..."
[parser-unknown-class] "subpara", text="(a) before it has been approved; and"
[parser-unknown-class] "subpara", text="(b) otherwise than in accordance with any conditions attached to that approval."
[parser-unknown-class] "subhead", text="(8) Unless the Committee decides otherwise, any remedial action proposed under subclause (1) must..."
[parser-unknown-class] "subhead", text="(9) After a declaration under subclause 9 (3) is made, the Committee must report to the Ministeri..."
[parser-unknown-class] "subpara", text="(a) at least once in every 4 months; and"
[parser-unknown-class] "subpara", text="(b) at each meeting of the Ministerial Council;"
[parser-unknown-class] "subhead", text="on what remedial action has been taken or is proposed in accordance with this clause, to ensure t..."
[parser-unknown-class] "subhead", text="(10) The Committee must continue to report until the Committee revokes a declaration made under s..."
[parser-unknown-class] "subhead", text="(11) When the Committee is satisfied that current conveyance water will be available in the curre..."
[parser-unknown-class] "subpara", text="(a) revoke the declaration made under subclause 9 (3); and"
[parser-unknown-class] "subpara", text="(b) report that fact to the next meeting of the Ministerial Council."
[parser-unknown-class] "Numberedheading", text="11. Adjusting accounts relating to stored water"
[parser-unknown-class] "subhead", text="(1) Subject to subclause (2) and despite any other provision of the Agreement, the Authority may ..."
[parser-unknown-class] "subhead", text="(2) Subclause (1) does not apply to a State if the alteration would alter the total volume of water:"
[parser-unknown-class] "subpara", text="(a) held in major storages by that State; or"
[parser-unknown-class] "subpara", text="(b) entered to the credit of that State in the water accounts;"
[parser-unknown-class] "subhead", text="(3) Whenever the Authority alters a water account in accordance with subclause (1), it must immed..."
[parser-unknown-class] "SMALLPARTHEADING", text="PART 3 – TIER 3 PROVISIONS"
[parser-unknown-class] "Numberedheading", text="12. Application of Tier 1 and Tier 2 provisions"
[parser-unknown-class] "subpara", text="(a) the provisions of Tier 1 distribution of waters under the Agreement and of Part 2 continue to..."
[parser-unknown-class] "subpara", text="(b) the provisions of clause 139 of the Agreement and of Schedule F continue to apply while this ..."
[parser-unknown-class] "Numberedheading", text="13. Obligations of the Committee"
[parser-unknown-class] "subhead", text="(1) While this Part applies, the Committee must meet at least once in every 2 months:"
[parser-unknown-class] "subpara", text="(a) to consider possible actions which might be taken by the Ministerial Council, the Authority, ..."
[parser-unknown-class] "subpara", text="(b) to recommend any such actions to the Ministerial Council as it considers appropriate; and"
[parser-unknown-class] "subpara", text="(c) to monitor and to prepare a report to the Ministerial Council on the implementation of any ac..."
[parser-unknown-class] "subpara", text="(d) to recommend to the Ministerial Council such amendments to, or additional, actions as it cons..."
[parser-unknown-class] "subhead", text="(2) The Authority may make suggestions to the Committee about any matter mentioned in subclause (1)."
[parser-unknown-class] "subhead", text="(3) The Committee must take into account any suggestions made by the Authority under subclause (2..."
[parser-unknown-class] "subhead", text="(4) Without limiting subclause (1) or (2), in discharging their functions under those subclauses,..."
[parser-unknown-class] "Numberedheading", text="14. Obligations of the Ministerial Council"
[parser-unknown-class] "subpara", text="(a) to consider any recommendations or reports made by the Committee; and"
[parser-unknown-class] "subpara", text="(b) to take such consequential action as it considers appropriate in the circumstances."
[parser-unknown-class] "SMALLPARTHEADING", text="PART 4 – ACCOUNTING FOR WATER UNDER THIS SCHEDULE"
[parser-unknown-class] "Numberedheading", text="15. Establishing and maintaining accounts"
[parser-unknown-class] "subhead", text="(1) Whenever Part 2 or Part 3 applies, the Authority must establish and maintain separate account..."
[parser-unknown-class] "subpara", text="(a) the storage and use of water for the purpose of meeting current critical human water needs; and"
[parser-unknown-class] "subpara", text="(b) water set aside for current conveyance water; and"
[parser-unknown-class] "subpara", text="(c) the storage and use of water for the purpose of meeting private carry‑over; and"
[parser-unknown-class] "subpara", text="(d) water set aside for the conveyance reserve."
[parser-unknown-class] "subhead", text="(2) The Authority must apply any relevant rules adopted under subclause 135 (14) of the Agreement..."
[parser-unknown-class] "subhead", text="(3) The Authority must give to each Committee member a copy of each account mentioned in subclaus..."
[parser-unknown-class] "Numberedheading", text="16. Reporting"
[parser-unknown-class] "subhead", text="(1) Whenever Part 2 or Part 3 applies, within 14 days after the end of each month each State must..."
[parser-unknown-class] "subhead", text="(2) If the Authority considers it necessary or appropriate to verify the contents of any report g..."
[parser-unknown-class] "subhead", text="(3) If an independent auditor advises the Authority that a report was inaccurate in any way, the ..."
[parser-unknown-class] "subhead", text="(4) If the Authority is unable to resolve the matter under subclause (3) within 14 days after rai..."
[parser-unknown-class] "subhead", text="(5) After considering any matter referred to it under subclause (4), the Committee may determine ..."
[parser-unknown-class] "SMALLPARTHEADING", text="PART 5 – REVIEW OF SCHEDULE"
[parser-unknown-class] "Numberedheading", text="17. Review of Schedule"
[parser-diag] processed 12789 <p> elements
[parser-diag] last section was added at element index: 11046
[parser-diag] state phase at end: ENDNOTES
[parser-diag] hierarchy stack depth at end: 3
[parser-diag] insideSchedule at end: true
[parse] sections: 655
[parse] compilation: date=2025-07-01 no=34
[parse] by level:
         part         23
         section      470
         division     76
         subdivision  41
         schedule     7
         schedule_part 8
         schedule_clause 30
[db] inserted new legislation row: 605c1b6c-3969-4831-a0b3-a980dd6a72c2
[db] inserting 655 sections (pass 1)
[db] inserted 655 sections
[db] linking parent FKs (pass 2)
[db] linked 625 parent references

[done] ingested Water Act 2007
       legislation_id: 605c1b6c-3969-4831-a0b3-a980dd6a72c2
       sections: 655
       compilation: 2025-07-01
