[fetch] document_1: https://www.legislation.gov.au/C2004A04702/2024-10-14/2024-10-14/text/original/epub/OEBPS/document_1/document_1.html
[fetch] document_1: 1,131,250 bytes
[fetch] document_2: https://www.legislation.gov.au/C2004A04702/2024-10-14/2024-10-14/text/original/epub/OEBPS/document_2/document_2.html
[fetch] document_2 not found — stopping. Fetched 1 document(s).
[fetch] combined 1 document(s), 1,131,250 source bytes → 1,126,573 combined bytes
[citation] Chemical Weapons (Prohibition) Act 1994 (Cth)
[parse] starting
[parser-diag] total <p> elements found: 3902
[parser-unknown-class] "aasha2", text="1. Each State Party to this Convention undertakes never under any circumstances:"
[parser-unknown-class] "aasha", text="(a) to develop, produce, otherwise acquire, stockpile or retain chemical weapons, or transfer, di..."
[parser-unknown-class] "aasha", text="(b) to use chemical weapons;"
[parser-unknown-class] "aasha", text="(c) to engage in any military preparations to use chemical weapons;"
[parser-unknown-class] "aasha", text="(d) to assist, encourage or induce, in any way, anyone to engage in any activity prohibited to a ..."
[parser-unknown-class] "aasha2", text="2. Each State Party undertakes to destroy chemical weapons it owns or possesses, or that are loca..."
[parser-unknown-class] "aasha2", text="3. Each State Party undertakes to destroy all chemical weapons it abandoned on the territory of a..."
[parser-unknown-class] "aasha2", text="4. Each State Party undertakes to destroy any chemical weapons production facilities it owns or p..."
[parser-unknown-class] "aasha2", text="5. Each State Party undertakes not to use riot control agents as a method of warfare."
[parser-unknown-class] "aasha2", text="For the purposes of this Convention:"
[parser-unknown-class] "aasha2", text="1. “Chemical Weapons” means the following, together or separately:"
[parser-unknown-class] "aasha", text="(a) toxic chemicals and their precursors, except where intended for purposes not prohibited under..."
[parser-unknown-class] "aasha", text="(b) munitions and devices, specifically designed to cause death or other harm through the toxic p..."
[parser-unknown-class] "aasha", text="(c) any equipment specifically designed for use directly in connection with the employment of mun..."
[parser-unknown-class] "aasha2", text="2. “Toxic Chemical” means:"
[parser-unknown-class] "aasha2", text="Any chemical which through its chemical action on life processes can cause death, temporary incap..."
[parser-unknown-class] "aasha2", text="(For the purpose of implementing this Convention, toxic chemicals which have been identified for ..."
[parser-unknown-class] "aasha2", text="3. “Precursor” means:"
[parser-unknown-class] "aasha2", text="Any chemical reactant which takes part at any stage in the production by whatever method of a tox..."
[parser-unknown-class] "aasha2", text="(For the purpose of implementing this Convention, precursors which have been identified for the a..."
[parser-unknown-class] "aasha2", text="4. “Key Component of Binary or Multicomponent Chemical Systems” (hereinafter referred to as “key ..."
[parser-unknown-class] "aasha2", text="The precursor which plays the most important role in determining the toxic properties of the fina..."
[parser-unknown-class] "aasha2", text="5. “Old Chemical Weapons” means:"
[parser-unknown-class] "aasha", text="(a) chemical weapons which were produced before 1925; or"
[parser-unknown-class] "aasha", text="(b) chemical weapons produced in the period between 1925 and 1946 that have deteriorated to such ..."
[parser-unknown-class] "aasha2", text="6. “Abandoned Chemical Weapons” means:"
[parser-unknown-class] "aasha2", text="Chemical weapons, including old chemical weapons, abandoned by a State after 1 January 1925 on th..."
[parser-unknown-class] "aasha2", text="7. “Riot Control Agent” means:"
[parser-unknown-class] "aasha2", text="Any chemical not listed in a Schedule, which can produce rapidly in humans sensory irritation or ..."
[parser-unknown-class] "aasha2", text="8. “Chemical Weapons Production Facility”:"
[parser-unknown-class] "aasha", text="(a) means any equipment, as well as any building housing such equipment, that was designed, const..."
[parser-unknown-class] "aasha3", text="(i) as part of the stage in the production of chemicals (“final technological stage”) where the m..."
[parser-unknown-class] "aasha4", text="(1) any chemical listed in Schedule 1 in the Annex on Chemicals; or"
[parser-unknown-class] "aasha4", text="(2) any other chemical that has no use, above 1 tonne per year on the territory of a State Party ..."
[parser-unknown-class] "ActNotesa", text="or"
[parser-unknown-class] "aasha3", text="(ii) for filling chemical weapons, including, inter alia, the filling of chemicals listed in Sche..."
[parser-unknown-class] "aasha", text="(b) does not mean:"
[parser-unknown-class] "aasha3", text="(iii) the single small‑scale facility for production of chemicals listed in Schedule 1 for purpos..."
[parser-unknown-class] "aasha2", text="9. “Purposes Not Prohibited Under this Convention” means:"
[parser-unknown-class] "aasha", text="(a) industrial, agricultural, research, medical, pharmaceutical or other peaceful purposes;"
[parser-unknown-class] "aasha", text="(b) protective purposes, namely those purposes directly related to protection against toxic chemi..."
[parser-unknown-class] "aasha", text="(c) military purposes not connected with the use of chemical weapons and not dependent on the use..."
[parser-unknown-class] "aasha", text="(d) law enforcement including domestic riot control purposes."
[parser-unknown-class] "aasha2", text="10. “Production Capacity” means:"
[parser-unknown-class] "aasha2", text="The annual quantitative potential for manufacturing a specific chemical based on the technologica..."
[parser-unknown-class] "aasha2", text="11. “Organization” means the Organization for the Prohibition of Chemical Weapons established pur..."
[parser-unknown-class] "aasha2", text="12. For the purposes of Article VI:"
[parser-unknown-class] "aasha", text="(a) “production” of a chemical means its formation through chemical reaction;"
[parser-unknown-class] "aasha", text="(b) “processing” of a chemical means a physical process, such as formulation, extraction and puri..."
[parser-unknown-class] "aasha", text="(c) “consumption” of a chemical means its conversion into another chemical via a chemical reaction."
[parser-unknown-class] "aasha2", text="1. Each State Party shall submit to the Organization, not later than 30 days after this Conventio..."
[parser-unknown-class] "aasha", text="(a) With respect to chemical weapons:"
[parser-unknown-class] "aasha3", text="(i) declare whether it owns or possesses any chemical weapons, or whether there are any chemical ..."
[parser-unknown-class] "aasha3", text="(ii) specify the precise location, aggregate quantity and detailed inventory of chemical weapons ..."
[parser-unknown-class] "aasha3", text="(iii) report any chemical weapons on its territory that are owned and possessed by another State ..."
[parser-unknown-class] "aasha3", text="(iv) declare whether it has transferred or received, directly or indirectly, any chemical weapons..."
[parser-unknown-class] "aasha3", text="(v) provide its general plan for destruction of chemical weapons that it owns or possesses, or th..."
[parser-unknown-class] "aasha", text="(b) With respect to old chemical weapons and abandoned chemical weapons:"
[parser-unknown-class] "aasha3", text="(i) declare whether it has on its territory old chemical weapons and provide all available inform..."
[parser-unknown-class] "aasha3", text="(ii) declare whether there are abandoned chemical weapons on its territory and provide all availa..."
[parser-unknown-class] "aasha3", text="(iii) declare whether it has abandoned chemical weapons on the territory of other States and prov..."
[parser-unknown-class] "aasha", text="(c) With respect to chemical weapons production facilities:"
[parser-unknown-class] "aasha3", text="(i) declare whether it has or has had any chemical weapons production facility under its ownershi..."
[parser-unknown-class] "aasha3", text="(ii) specify any chemical weapons production facility it has or has had under its ownership or po..."
[parser-unknown-class] "aasha3", text="(iii) report any chemical weapons production facility on its territory that another State has or ..."
[parser-unknown-class] "aasha3", text="(iv) declare whether it has transferred or received, directly or indirectly, any equipment for th..."
[parser-unknown-class] "aasha3", text="(v) provide its general plan for destruction of any chemical weapons production facility it owns ..."
[parser-unknown-class] "aasha3", text="(vi) specify actions to be taken for closure of any chemical weapons production facility it owns ..."
[parser-unknown-class] "aasha3", text="(vii) provide its general plan for any temporary conversion of any chemical weapons production fa..."
[parser-unknown-class] "aasha", text="(d) With respect to other facilities:"
[parser-unknown-class] "aasha", text="specify the precise location, nature and general scope of activities of any facility or establish..."
[parser-unknown-class] "aasha", text="(e) With respect to riot control agents:"
[parser-unknown-class] "aasha", text="specify the chemical name, structural formula and Chemical Abstracts Service (CAS) registry numbe..."
[parser-unknown-class] "aasha2", text="2. The provisions of this Article and the relevant provisions of Part IV of the Verification Anne..."
[parser-unknown-class] "aasha2", text="1. The provisions of this Article and the detailed procedures for its implementation shall apply ..."
[parser-unknown-class] "aasha2", text="2. Detailed procedures for the implementation of this Article are set forth in the Verification A..."
[parser-unknown-class] "aasha2", text="3. All locations at which chemical weapons specified in paragraph 1 are stored or destroyed shall..."
[parser-unknown-class] "aasha2", text="4. Each State Party shall, immediately after the declaration under Article III, paragraph 1, has ..."
[parser-unknown-class] "aasha2", text="5. Each State Party shall provide access to any chemical weapons destruction facilities and their..."
[parser-unknown-class] "aasha2", text="6. Each State Party shall destroy all chemical weapons specified in paragraph 1 pursuant to the V..."
[parser-unknown-class] "aasha2", text="7. Each State Party shall:"
[parser-unknown-class] "aasha", text="(a) submit detailed plans for the destruction of chemical weapons specified in paragraph 1 not la..."
[parser-unknown-class] "aasha", text="(b) submit declarations annually regarding the implementation of its plans for destruction of che..."
[parser-unknown-class] "aasha", text="(c) certify, not later than 30 days after the destruction process has been completed, that all ch..."
[parser-unknown-class] "aasha2", text="8. If a State ratifies or accedes to this Convention after the 10 year period for destruction set..."
[parser-unknown-class] "aasha2", text="9. Any chemical weapons discovered by a State Party after the initial declaration of chemical wea..."
[parser-unknown-class] "aasha2", text="10. Each State Party, during transportation, sampling, storage and destruction of chemical weapon..."
[parser-unknown-class] "aasha2", text="11. Any State Party which has on its territory chemical weapons that are owned or possessed by an..."
[parser-unknown-class] "aasha2", text="12. Each State Party undertakes to cooperate with other States Parties that request information o..."
[parser-unknown-class] "aasha2", text="13. In carrying out verification activities pursuant to this Article and Part IV(A) of the Verifi..."
[parser-unknown-class] "aasha", text="(a) verification provisions of such an agreement are consistent with the verification provisions ..."
[parser-unknown-class] "aasha", text="(b) implementation of such an agreement provides for sufficient assurance of compliance with the ..."
[parser-unknown-class] "aasha", text="(c) parties to the bilateral or multilateral agreement keep the Organization fully informed about..."
[parser-unknown-class] "aasha2", text="14. If the Executive Council takes a decision pursuant to paragraph 13, the Organization shall ha..."
[parser-unknown-class] "aasha2", text="15. Nothing in paragraphs 13 and 14 shall affect the obligation of a State Party to provide decla..."
[parser-unknown-class] "aasha2", text="16. Each State Party shall meet the costs of destruction of chemical weapons it is obliged to des..."
[parser-unknown-class] "aasha2", text="17. The provisions of this Article and the relevant provisions of Part IV of the Verification Ann..."
[parser-unknown-class] "aasha2", text="1. The provisions of this Article and the detailed procedures for its implementation shall apply ..."
[parser-unknown-class] "aasha2", text="2. Detailed procedures for the implementation of this Article are set forth in the Verification A..."
[parser-unknown-class] "aasha2", text="3. All chemical weapons production facilities specified in paragraph 1 shall be subject to system..."
[parser-unknown-class] "aasha2", text="4. Each State Party shall cease immediately all activity at chemical weapons production facilitie..."
[parser-unknown-class] "aasha2", text="5. No State Party shall construct any new chemical weapons production facilities or modify any ex..."
[parser-unknown-class] "aasha2", text="6. Each State Party shall, immediately after the declaration under Article III, paragraph 1(c), h..."
[parser-unknown-class] "aasha2", text="7. Each State Party shall:"
[parser-unknown-class] "aasha", text="(a) close, not later than 90 days after this Convention enters into force for it, all chemical we..."
[parser-unknown-class] "aasha", text="(b) provide access to chemical weapons production facilities specified in paragraph 1, subsequent..."
[parser-unknown-class] "aasha2", text="8. Each State Party shall destroy all chemical weapons production facilities specified in paragra..."
[parser-unknown-class] "aasha2", text="9. Each State Party shall:"
[parser-unknown-class] "aasha", text="(a) submit detailed plans for destruction of chemical weapons production facilities specified in ..."
[parser-unknown-class] "aasha", text="(b) submit declarations annually regarding the implementation of its plans for the destruction of..."
[parser-unknown-class] "aasha", text="(c) certify, not later than 30 days after the destruction process has been completed, that all ch..."
[parser-unknown-class] "aasha2", text="10. If a State ratifies or accedes to this Convention after the 10‑year period for destruction se..."
[parser-unknown-class] "aasha2", text="11. Each State Party, during the destruction of chemical weapons production facilities, shall ass..."
[parser-unknown-class] "aasha2", text="12. Chemical weapons production facilities specified in paragraph 1 may be temporarily converted ..."
[parser-unknown-class] "aasha2", text="13. A State Party may request, in exceptional cases of compelling need, permission to use a chemi..."
[parser-unknown-class] "aasha2", text="14. The chemical weapons production facility shall be converted in such a manner that the convert..."
[parser-unknown-class] "aasha2", text="15. All converted facilities shall be subject to systematic verification through on‑site inspecti..."
[parser-unknown-class] "aasha2", text="16. In carrying out verification activities pursuant to this Article and Part V of the Verificati..."
[parser-unknown-class] "aasha2", text="To this end, the Executive Council shall decide to limit the verification to measures complementa..."
[parser-unknown-class] "aasha", text="(a) verification provisions of such an agreement are consistent with the verification provisions ..."
[parser-unknown-class] "aasha", text="(b) implementation of the agreement provides for sufficient assurance of compliance with the rele..."
[parser-unknown-class] "aasha", text="(c) Parties to the bilateral or multilateral agreement keep the Organization fully informed about..."
[parser-unknown-class] "aasha2", text="17. If the Executive Council takes a decision pursuant to paragraph 16, the Organization shall ha..."
[parser-unknown-class] "aasha2", text="18. Nothing in paragraphs 16 and 17 shall affect the obligation of a State Party to make declarat..."
[parser-unknown-class] "aasha2", text="19. Each State Party shall meet the costs of destruction of chemical weapons production facilitie..."
[parser-unknown-class] "aasha2", text="1. Each State Party has the right, subject to the provisions of this Convention, to develop, prod..."
[parser-unknown-class] "aasha2", text="2. Each State Party shall adopt the necessary measures to ensure that toxic chemicals and their p..."
[parser-unknown-class] "aasha2", text="3. Each State Party shall subject chemicals listed in Schedule 1 (hereinafter referred to as “Sch..."
[parser-unknown-class] "aasha2", text="4. Each State Party shall subject chemicals listed in Schedule 2 (hereinafter referred to as “Sch..."
[parser-unknown-class] "aasha2", text="5. Each State Party shall subject chemicals listed in Schedule 3 (hereinafter referred to as “Sch..."
[parser-unknown-class] "aasha2", text="6. Each State Party shall subject facilities specified in Part IX of the Verification Annex to da..."
[parser-unknown-class] "aasha2", text="7. Not later than 30 days after this Convention enters into force for it, each State Party shall ..."
[parser-unknown-class] "aasha2", text="8. Each State Party shall make annual declarations regarding the relevant chemicals and facilitie..."
[parser-unknown-class] "aasha2", text="9. For the purpose of on‑site verification, each State Party shall grant to the inspectors access..."
[parser-unknown-class] "aasha2", text="10. In conducting verification activities, the Technical Secretariat shall avoid undue intrusion ..."
[parser-unknown-class] "aasha2", text="11. The Provisions of this Article shall be implemented in a manner which avoids hampering the ec..."
[parser-unknown-class] "aasha5", text="General undertakings"
[parser-unknown-class] "aasha2", text="1. Each State Party shall, in accordance with its constitutional processes, adopt the necessary m..."
[parser-unknown-class] "aasha", text="(a) prohibit natural and legal persons anywhere on its territory or in any other place under its ..."
[parser-unknown-class] "aasha", text="(b) not permit in any place under its control any activity prohibited to a State Party under this..."
[parser-unknown-class] "aasha", text="(c) extend its penal legislation enacted under subparagraph (a) to any activity prohibited to a S..."
[parser-unknown-class] "aasha2", text="2. Each State Party shall cooperate with other States Parties and afford the appropriate form of ..."
[parser-unknown-class] "aasha2", text="3. Each State Party, during the implementation of its obligations under this Convention, shall as..."
[parser-unknown-class] "aasha5", text="Relations between the State Party and the Organization"
[parser-unknown-class] "aasha2", text="4. In order to fulfil its obligations under this Convention, each State Party shall designate or ..."
[parser-unknown-class] "aasha2", text="5. Each State Party shall inform the Organization of the legislative and administrative measures ..."
[parser-unknown-class] "aasha2", text="6. Each State Party shall treat as confidential and afford special handling to information and da..."
[parser-unknown-class] "aasha2", text="7. Each State Party undertakes to cooperate with the Organization in the exercise of all its func..."
[parser-unknown-class] "aasha2", text="1. The States Parties to this Convention hereby establish the Organization for the Prohibition of..."
[parser-unknown-class] "aasha2", text="2. All States Parties to this Convention shall be members of the Organization. A State Party shal..."
[parser-unknown-class] "aasha2", text="3. The seat of the Headquarters of the Organization shall be The Hague, Kingdom of the Netherlands."
[parser-unknown-class] "aasha2", text="4. There are hereby established as the organs of the Organization: the Conference of the States P..."
[parser-unknown-class] "aasha2", text="5. The Organization shall conduct its verification activities provided for under this Convention ..."
[parser-unknown-class] "aasha2", text="6. In undertaking its verification activities the Organization shall consider measures to make us..."
[parser-unknown-class] "aasha2", text="7. The costs of the Organization’s activities shall be paid by States Parties in accordance with ..."
[parser-unknown-class] "aasha2", text="8. A member of the Organization which is in arrears in the payment of its financial contribution ..."
[parser-unknown-class] "aasha5", text="Composition, procedures and decision‑making"
[parser-unknown-class] "aasha2", text="9. The Conference of the States Parties (hereinafter referred to as “the Conference”) shall be co..."
[parser-unknown-class] "aasha2", text="10. The first session of the Conference shall be convened by the depositary not later than 30 day..."
[parser-unknown-class] "aasha2", text="11. The Conference shall meet in regular sessions which shall be held annually unless it decides ..."
[parser-unknown-class] "aasha2", text="12. Special sessions of the Conference shall be convened:"
[parser-unknown-class] "aasha", text="(a) when decided by the Conference;"
[parser-unknown-class] "aasha", text="(b) when requested by the Executive Council;"
[parser-unknown-class] "aasha", text="(c) when requested by any member and supported by one third of the members; or"
[parser-unknown-class] "aasha", text="(d) in accordance with paragraph 22 to undertake reviews of the operation of this Convention."
[parser-unknown-class] "aasha5", text="Except in the case of subparagraph (d), the special session shall be convened not later than 30 d..."
[parser-unknown-class] "aasha2", text="13. The Conference shall also be convened in the form of an Amendment Conference in accordance wi..."
[parser-unknown-class] "aasha2", text="14. Sessions of the Conference shall take place at the seat of the Organization unless the Confer..."
[parser-unknown-class] "aasha2", text="15. The Conference shall adopt its rules of procedure. At the beginning of each regular session, ..."
[parser-unknown-class] "aasha2", text="16. A majority of the members of the Organization shall constitute a quorum for the Conference."
[parser-unknown-class] "aasha2", text="17. Each member of the Organization shall have one vote in the Conference."
[parser-unknown-class] "aasha2", text="18. The Conference shall take decisions on questions of procedure by a simple majority of the mem..."
[parser-unknown-class] "aasha5", text="Powers and functions"
[parser-unknown-class] "aasha2", text="19. The Conference shall be the principal organ of the Organization. It shall consider any questi..."
[parser-unknown-class] "aasha2", text="20. The Conference shall oversee the implementation of this Convention, and act in order to promo..."
[parser-unknown-class] "aasha2", text="21. The Conference shall:"
[parser-unknown-class] "aasha", text="(a) consider and adopt at its regular sessions the report, programme and budget of the Organizati..."
[parser-unknown-class] "aasha", text="(b) decide on the scale of financial contributions to be paid by States Parties in accordance wit..."
[parser-unknown-class] "aasha", text="(c) elect the members of the Executive Council;"
[parser-unknown-class] "aasha", text="(d) appoint the Director‑General of the Technical Secretariat (hereinafter referred to as “the Di..."
[parser-unknown-class] "aasha", text="(e) approve the rules of procedure of the Executive Council submitted by the latter;"
[parser-unknown-class] "aasha", text="(f) establish such subsidiary organs as it finds necessary for the exercise of its functions in a..."
[parser-unknown-class] "aasha", text="(g) foster international cooperation for peaceful purposes in the field of chemical activities;"
[parser-unknown-class] "aasha", text="(h) review scientific and technological developments that could affect the operation of this Conv..."
[parser-unknown-class] "aasha", text="(i) consider and approve at its first session any draft agreements, provisions and guidelines dev..."
[parser-unknown-class] "aasha", text="(j) establish at its first session the voluntary fund for assistance in accordance with Article X;"
[parser-unknown-class] "aasha", text="(k) take the necessary measures to ensure compliance with this Convention and to redress and reme..."
[parser-unknown-class] "aasha2", text="22. The Conference shall not later than one year after the expiry of the fifth and the tenth year..."
[parser-unknown-class] "aasha5", text="Composition, procedure and decision‑making"
[parser-unknown-class] "aasha2", text="23. The Executive Council shall consist of 41 members. Each State Party shall have the right, in ..."
[parser-unknown-class] "aasha", text="(a) nine States Parties from Africa to be designated by States Parties located in this region. As..."
[parser-unknown-class] "aasha", text="(b) nine States Parties from Asia to be designated by States Parties located in this region. As a..."
[parser-unknown-class] "aasha", text="(c) five States Parties from Eastern Europe to be designated by States Parties located in this re..."
[parser-unknown-class] "aasha", text="(d) seven States Parties from Latin America and the Caribbean to be designated by States Parties ..."
[parser-unknown-class] "aasha", text="(e) ten States Parties from among Western European and Other States to be designated by States Pa..."
[parser-unknown-class] "aasha", text="(f) one further State Party to be designated consecutively by States Parties located in the regio..."
[parser-unknown-class] "aasha2", text="24. For the first election of the Executive Council 20 members shall be elected for a term of one..."
[parser-unknown-class] "aasha2", text="25. After the full implementation of Articles IV and V the Conference may, upon the request of a ..."
[parser-unknown-class] "aasha2", text="26. The Executive Council shall elaborate its rules of procedure and submit them to the Conferenc..."
[parser-unknown-class] "aasha2", text="27. The Executive Council shall elect its Chairman from among its members."
[parser-unknown-class] "aasha2", text="28. The Executive Council shall meet for regular sessions. Between regular sessions it shall meet..."
[parser-unknown-class] "aasha2", text="29. Each member of the Executive Council shall have one vote. Unless otherwise specified in this ..."
[parser-unknown-class] "aasha5", text="Powers and functions"
[parser-unknown-class] "aasha2", text="30. The Executive Council shall be the executive organ of the Organization. It shall be responsib..."
[parser-unknown-class] "aasha2", text="31. The Executive Council shall promote the effective implementation of, and compliance with, thi..."
[parser-unknown-class] "aasha2", text="32. The Executive Council shall:"
[parser-unknown-class] "aasha", text="(a) consider and submit to the Conference the draft programme and budget of the Organization;"
[parser-unknown-class] "aasha", text="(b) consider and submit to the Conference the draft report of the Organization on the implementat..."
[parser-unknown-class] "aasha", text="(c) make arrangements for the sessions of the Conference including the preparation of the draft a..."
[parser-unknown-class] "aasha2", text="33. The Executive Council may request the convening of a special session of the Conference."
[parser-unknown-class] "aasha2", text="34. The Executive Council shall:"
[parser-unknown-class] "aasha", text="(a) conclude agreements or arrangements with States and international organizations on behalf of ..."
[parser-unknown-class] "aasha", text="(b) conclude agreements with States Parties on behalf of the Organization in connection with Arti..."
[parser-unknown-class] "aasha", text="(c) approve agreements or arrangements relating to the implementation of verification activities,..."
[parser-unknown-class] "aasha2", text="35. The Executive Council shall consider any issue or matter within its competence affecting this..."
[parser-unknown-class] "aasha2", text="36. In its consideration of doubts or concerns regarding compliance and cases of non‑compliance, ..."
[parser-unknown-class] "aasha", text="(a) inform all States Parties of the issue or matter;"
[parser-unknown-class] "aasha", text="(b) bring the issue or matter to the attention of the Conference;"
[parser-unknown-class] "aasha", text="(c) make recommendations to the Conference regarding measures to redress the situation and to ens..."
[parser-unknown-class] "aasha2", text="37. The Technical Secretariat shall assist the Conference and the Executive Council in the perfor..."
[parser-unknown-class] "aasha2", text="38. The Technical Secretariat shall:"
[parser-unknown-class] "aasha", text="(a) prepare and submit to the Executive Council the draft programme and budget of the Organization;"
[parser-unknown-class] "aasha", text="(b) prepare and submit to the Executive Council the draft report of the Organization on the imple..."
[parser-unknown-class] "aasha", text="(c) provide administrative and technical support to the Conference, the Executive Council and sub..."
[parser-unknown-class] "aasha", text="(d) address and receive communications on behalf of the Organization to and from States Parties o..."
[parser-unknown-class] "aasha", text="(e) provide technical assistance and technical evaluation to States Parties in the implementation..."
[parser-unknown-class] "aasha2", text="39. The Technical Secretariat shall:"
[parser-unknown-class] "aasha", text="(a) negotiate agreements or arrangements relating to the implementation of verification activitie..."
[parser-unknown-class] "aasha", text="(b) not later than 180 days after entry into force of this Convention, coordinate the establishme..."
[parser-unknown-class] "aasha", text="(c) administer the voluntary fund referred to in Article X, compile declarations made by the Stat..."
[parser-unknown-class] "aasha2", text="40. The Technical Secretariat shall inform the Executive Council of any problem that has arisen w..."
[parser-unknown-class] "aasha2", text="41. The Technical Secretariat shall comprise a Director‑General, who shall be its head and chief ..."
[parser-unknown-class] "aasha2", text="42. The Inspectorate shall be a unit of the Technical Secretariat and shall act under the supervi..."
[parser-unknown-class] "aasha2", text="43. The Director‑General shall be appointed by the Conference upon the recommendation of the Exec..."
[parser-unknown-class] "aasha2", text="44. The Director‑General shall be responsible to the Conference and the Executive Council for the..."
[parser-unknown-class] "aasha2", text="45. The Director‑General shall be responsible for the organization and functioning of the Scienti..."
[parser-unknown-class] "aasha2", text="46. In the performance of their duties, the Director‑General, the inspectors and the other member..."
[parser-unknown-class] "aasha2", text="47. Each State Party shall respect the exclusively international character of the responsibilitie..."
[parser-unknown-class] "aasha2", text="48. The Organization shall enjoy on the territory and in any other place under the jurisdiction o..."
[parser-unknown-class] "aasha2", text="49. Delegates of States Parties, together with their alternates and advisers, representatives app..."
[parser-unknown-class] "aasha2", text="50. The legal capacity, privileges, and immunities referred to in this Article shall be defined i..."
[parser-unknown-class] "aasha2", text="51. Notwithstanding paragraphs 48 and 49, the privileges and immunities enjoyed by the Director‑G..."
[parser-unknown-class] "aasha2", text="1. States Parties shall consult and cooperate, directly among themselves, or through the Organiza..."
[parser-unknown-class] "aasha2", text="2. Without prejudice to the right of any State Party to request a challenge inspection, States Pa..."
[parser-unknown-class] "aasha5", text="Procedure for requesting clarification"
[parser-unknown-class] "aasha2", text="3. A State Party shall have the right to request the Executive Council to assist in clarifying an..."
[parser-unknown-class] "aasha2", text="4. A State Party shall have the right to request the Executive Council to obtain clarification fr..."
[parser-unknown-class] "aasha", text="(a) the Executive Council shall forward the request for clarification to the State Party concerne..."
[parser-unknown-class] "aasha", text="(b) the requested State Party shall provide the clarification to the Executive Council as soon as..."
[parser-unknown-class] "aasha", text="(c) the Executive Council shall take note of the clarification and forward it to the requesting S..."
[parser-unknown-class] "aasha", text="(d) if the requesting State Party deems the clarification to be inadequate, it shall have the rig..."
[parser-unknown-class] "aasha", text="(e) for the purpose of obtaining further clarification requested under subparagraph (d), the Exec..."
[parser-unknown-class] "aasha", text="(f) if the requesting State Party considers the clarification obtained under subparagraphs (d) an..."
[parser-unknown-class] "aasha2", text="5. A State Party shall also have the right to request the Executive Council to clarify any situat..."
[parser-unknown-class] "aasha2", text="6. The Executive Council shall inform the States Parties about any request for clarification prov..."
[parser-unknown-class] "aasha2", text="7. If the doubt or concern of a State Party about a possible non‑compliance has not been resolved..."
[parser-unknown-class] "aasha5", text="Procedures for Challenge Inspections"
[parser-unknown-class] "aasha2", text="8. Each State Party has the right to request an on‑site challenge inspection of any facility or l..."
[parser-unknown-class] "aasha2", text="9. Each State Party is under the obligation to keep the inspection request within the scope of th..."
[parser-unknown-class] "aasha2", text="10. For the purpose of verifying compliance with the provisions of this Convention, each State Pa..."
[parser-unknown-class] "aasha2", text="11. Pursuant to a request for a challenge inspection of a facility or location, and in accordance..."
[parser-unknown-class] "aasha", text="(a) the right and the obligation to make every reasonable effort to demonstrate its compliance wi..."
[parser-unknown-class] "aasha", text="(b) the obligation to provide access within the requested site for the sole purpose of establishi..."
[parser-unknown-class] "aasha", text="(c) the right to take measures to protect sensitive installations, and to prevent disclosure of c..."
[parser-unknown-class] "aasha2", text="12. With regard to an observer, the following shall apply:"
[parser-unknown-class] "aasha", text="(a) The requesting State Party may, subject to the agreement of the inspected State Party, send a..."
[parser-unknown-class] "aasha", text="(b) The inspected State Party shall then grant access to the observer in accordance with the Veri..."
[parser-unknown-class] "aasha", text="(c) The inspected State Party shall, as a rule, accept the proposed observer, but if the inspecte..."
[parser-unknown-class] "aasha2", text="13. The requesting State Party shall present an inspection request for an on‑site challenge inspe..."
[parser-unknown-class] "aasha2", text="14. The Director‑General shall immediately ascertain that the inspection request meets the requir..."
[parser-unknown-class] "aasha2", text="15. The Director‑General shall transmit the inspection request to the inspected State Party not l..."
[parser-unknown-class] "aasha2", text="16. After having received the inspection request, the Executive Council shall take cognizance of ..."
[parser-unknown-class] "aasha2", text="17. The Executive Council may, not later than 12 hours after having received the inspection reque..."
[parser-unknown-class] "aasha2", text="18. The Director‑General shall issue an inspection mandate for the conduct of the challenge inspe..."
[parser-unknown-class] "aasha2", text="19. The challenge inspection shall be conducted in accordance with Part X or, in the case of alle..."
[parser-unknown-class] "aasha2", text="20. The inspected State Party shall assist the inspection team throughout the challenge inspectio..."
[parser-unknown-class] "aasha2", text="21. The final report shall contain the factual findings as well as an assessment by the inspectio..."
[parser-unknown-class] "aasha2", text="22. The Executive Council shall, in accordance with its powers and functions, review the final re..."
[parser-unknown-class] "aasha", text="(a) whether any non‑compliance has occurred;"
[parser-unknown-class] "aasha", text="(b) whether the request had been within the scope of this Convention; and"
[parser-unknown-class] "aasha", text="(c) whether the right to request a challenge inspection had been abused."
[parser-unknown-class] "aasha2", text="23. If the Executive Council reaches the conclusion, in keeping with its powers and functions, th..."
[parser-unknown-class] "aasha2", text="24. The requesting State Party and the inspected State Party shall have the right to participate ..."
[parser-unknown-class] "aasha2", text="25. If the Executive Council has made specific recommendations to the Conference, the Conference ..."
[parser-unknown-class] "aasha2", text="1. For the purposes of this Article, “Assistance” means the coordination and delivery to State Pa..."
[parser-unknown-class] "aasha2", text="2. Nothing in this Convention shall be interpreted as impeding the right of any State Party to co..."
[parser-unknown-class] "aasha2", text="3. Each State Party undertakes to facilitate, and shall have the right to participate in, the ful..."
[parser-unknown-class] "aasha2", text="4. For the purposes of increasing the transparency of national programmes related to protective p..."
[parser-unknown-class] "aasha2", text="5. The Technical Secretariat shall establish, not later than 180 days after entry into force of t..."
[parser-unknown-class] "aasha2", text="The Technical Secretariat shall also, within the resources available to it, and at the request of..."
[parser-unknown-class] "aasha2", text="6. Nothing in this Convention shall be interpreted as impeding the right of States Parties to req..."
[parser-unknown-class] "aasha2", text="7. Each State Party undertakes to provide assistance through the Organization and to this end to ..."
[parser-unknown-class] "aasha", text="(a) to contribute to the voluntary fund for assistance to be established by the Conference at its..."
[parser-unknown-class] "aasha", text="(b) to conclude, if possible not later than 180 days after this Convention enters into force for ..."
[parser-unknown-class] "aasha", text="(c) to declare, not later than 180 days after this Convention enters into force for it, the kind ..."
[parser-unknown-class] "aasha2", text="8. Each State Party has the right to request and, subject to the procedures set forth in paragrap..."
[parser-unknown-class] "aasha", text="(a) chemical weapons have been used against it;"
[parser-unknown-class] "aasha", text="(b) riot control agents have been used against it as a method of warfare; or"
[parser-unknown-class] "aasha", text="(c) it is threatened by actions or activities of any State that are prohibited for States Parties..."
[parser-unknown-class] "aasha2", text="9. The request, substantiated by relevant information, shall be submitted to the Director‑General..."
[parser-unknown-class] "aasha2", text="10. The Executive Council shall meet not later than 24 hours after receiving an investigation rep..."
[parser-unknown-class] "aasha2", text="11. If the information available from the ongoing investigation or other reliable sources would g..."
[parser-unknown-class] "aasha2", text="1. The provisions of this Convention shall be implemented in a manner which avoids hampering the ..."
[parser-unknown-class] "aasha2", text="2. Subject to the provisions of this Convention and without prejudice to the principles and appli..."
[parser-unknown-class] "aasha", text="(a) have the right, individually or collectively, to conduct research with, to develop, produce, ..."
[parser-unknown-class] "aasha", text="(b) undertake to facilitate, and have the right to participate in, the fullest possible exchange ..."
[parser-unknown-class] "aasha", text="(c) not maintain among themselves any restrictions, including those in any international agreemen..."
[parser-unknown-class] "aasha", text="(d) not use this Convention as grounds for applying any measures other than those provided for, o..."
[parser-unknown-class] "aasha", text="(e) undertake to review their existing national regulations in the field of trade in chemicals in..."
[parser-unknown-class] "aasha2", text="1. The Conference shall take the necessary measures, as set forth in paragraphs 2, 3 and 4, to en..."
[parser-unknown-class] "aasha2", text="2. In cases where a State Party has been requested by the Executive Council to take measures to r..."
[parser-unknown-class] "aasha2", text="3. In cases where serious damage to the object and purpose of this Convention may result from act..."
[parser-unknown-class] "aasha2", text="4. The Conference shall in cases of particular gravity, bring the issue, including relevant infor..."
[parser-unknown-class] "aasha2", text="1. Disputes that may arise concerning the application or the interpretation of this Convention sh..."
[parser-unknown-class] "aasha2", text="2. When a dispute arises between two or more States Parties, or between one or more States Partie..."
[parser-unknown-class] "aasha2", text="3. The Executive Council may contribute to the settlement of a dispute by whatever means it deems..."
[parser-unknown-class] "aasha2", text="4. The Conference shall consider questions related to disputes raised by States Parties or brough..."
[parser-unknown-class] "aasha2", text="5. The Conference and the Executive Council are separately empowered, subject to authorization fr..."
[parser-unknown-class] "aasha2", text="6. This Article is without prejudice to Article IX or to the provisions on measures to redress a ..."
[parser-unknown-class] "aasha2", text="1. Any State Party may propose amendments to this Convention. Any State Party may also propose ch..."
[parser-unknown-class] "aasha2", text="2. The text of a proposed amendment shall be submitted to the Director‑General for circulation to..."
[parser-unknown-class] "aasha2", text="3. Amendments shall enter into force for all States Parties 30 days after deposit of the instrume..."
[parser-unknown-class] "aasha", text="(a) when adopted by the Amendment Conference by a positive vote of a majority of all States Parti..."
[parser-unknown-class] "aasha", text="(b) ratified or accepted by all those States Parties casting a positive vote at the Amendment Con..."
[parser-unknown-class] "aasha2", text="4. In order to ensure the viability and the effectiveness of this Convention, provisions in the A..."
[parser-unknown-class] "aasha2", text="5. Proposed changes referred to in paragraph 4 shall be made in accordance with the following pro..."
[parser-unknown-class] "aasha", text="(a) the text of the proposed changes shall be transmitted together with the necessary information..."
[parser-unknown-class] "aasha", text="(b) not later than 60 days after its receipt, the Director‑General shall evaluate the proposal to..."
[parser-unknown-class] "aasha", text="(c) the Executive Council shall examine the proposal in the light of all information available to..."
[parser-unknown-class] "aasha", text="(d) if the Executive Council recommends to all States Parties that the proposal be adopted, it sh..."
[parser-unknown-class] "aasha", text="(e) if a recommendation of the Executive Council does not meet with the acceptance required under..."
[parser-unknown-class] "aasha", text="(f) the Director‑General shall notify all States Parties and the Depositary of any decision under..."
[parser-unknown-class] "aasha", text="(g) changes approved under this procedure shall enter into force for all States Parties 180 days ..."
[parser-unknown-class] "aasha2", text="1. This Convention shall be of unlimited duration."
[parser-unknown-class] "aasha2", text="2. Each State Party shall, in exercising its national sovereignty, have the right to withdraw fro..."
[parser-unknown-class] "aasha2", text="3. The withdrawal of a State Party from this Convention shall not in any way effect the duty of S..."
[parser-unknown-class] "aasha2", text="The Annexes form an integral part of this Convention. Any reference to this Convention includes t..."
[parser-unknown-class] "aasha2", text="This Convention shall be open for signature for all States before its entry into force."
[parser-unknown-class] "aasha2", text="This Convention shall be subject to ratification by States Signatories according to their respect..."
[parser-unknown-class] "aasha2", text="Any State which does not sign this Convention before its entry into force may accede to it at any..."
[parser-unknown-class] "aasha2", text="1. This Convention shall enter into force 180 days after the date of the deposit of the 65th inst..."
[parser-unknown-class] "aasha2", text="2. For States whose instruments of ratification or accession are deposited subsequent to the entr..."
[parser-unknown-class] "aasha2", text="The Articles of this Convention shall not be subject to reservations. The Annexes of this Convent..."
[parser-unknown-class] "aasha2", text="The Secretary‑General of the United Nations is hereby designated as the Depositary of this Conven..."
[parser-unknown-class] "aasha", text="(a) promptly inform all signatory and acceding States of the date of each signature, the date of ..."
[parser-unknown-class] "aasha", text="(b) transmit duly certified copies of this Convention to the Governments of all signatory and acc..."
[parser-unknown-class] "aasha", text="(c) register this Convention pursuant to Article 102 of the Charter of the United Nations."
[parser-unknown-class] "aasha2", text="Authentic texts"
[parser-unknown-class] "aasha2", text="This Convention, of which the Arabic, Chinese, English, French, Russian and Spanish texts are equ..."
[parser-unknown-class] "aasha2", text="IN WITNESS WHEREOF the undersigned, being duly authorized to that effect, have signed this Conven..."
[parser-unknown-class] "aasha2", text="DONE at Paris on 13 January 1993."
[parser-unknown-class] "aasha5", text="Guidelines for Schedule 1"
[parser-unknown-class] "aasha2", text="1. The following criteria shall be taken into account in considering whether a toxic chemical or ..."
[parser-unknown-class] "aasha", text="(a) it has been developed, produced, stockpiled or used as a chemical weapon as defined in Articl..."
[parser-unknown-class] "aasha", text="(b) it poses otherwise a high risk to the object and purpose of this Convention by virtue of its ..."
[parser-unknown-class] "aasha3", text="(i) it possesses a chemical structure closely related to that of other toxic chemicals listed in ..."
[parser-unknown-class] "aasha3", text="(ii) it possesses such lethal or incapacitating toxicity as well as other properties that would e..."
[parser-unknown-class] "aasha3", text="(iii) it may be used as a precursor in the final single technological stage of production of a to..."
[parser-unknown-class] "aasha", text="(c) it has little or no use for purposes not prohibited under this Convention."
[parser-unknown-class] "aasha5", text="Guidelines for Schedule 2"
[parser-unknown-class] "aasha2", text="2. The following criteria shall be taken into account in considering whether a toxic chemical not..."
[parser-unknown-class] "aasha", text="(a) it poses a significant risk to the object and purpose of this Convention because it possesses..."
[parser-unknown-class] "aasha", text="(b) it may be used as a precursor in one of the chemical reactions at the final stage of formatio..."
[parser-unknown-class] "aasha", text="(c) it poses a significant risk to the object and purpose of this Convention by virtue of its imp..."
[parser-unknown-class] "aasha", text="(d) it is not produced in large commercial quantities for purposes not prohibited under this Conv..."
[parser-unknown-class] "aasha5", text="Guidelines for Schedule 3"
[parser-unknown-class] "aasha2", text="3. The following criteria shall be taken into account in considering whether a toxic chemical or ..."
[parser-unknown-class] "aasha", text="(a) it has been produced, stockpiled or used as a chemical weapon;"
[parser-unknown-class] "aasha", text="(b) it poses otherwise a risk to the object and purpose of this Convention because it possesses s..."
[parser-unknown-class] "aasha", text="(c) it poses a risk to the object and purpose of this Convention by virtue of its importance in t..."
[parser-unknown-class] "aasha", text="(d) it may be produced in large commercial quantities for purposes not prohibited under this Conv..."
[parser-unknown-class] "aasha2", text="The following Schedules list toxic chemicals and their precursors. For the purpose of implementin..."
[parser-unknown-class] "aasha2", text="(Whenever reference is made to groups of dialkylated chemicals, followed by a list of alkyl group..."
[parser-unknown-class] "aasha2", text="1. “Approved Equipment” means the devices and instruments necessary for the performance of the in..."
[parser-unknown-class] "aasha2", text="2. “Building” as referred to in the definition of chemical weapons production facility in Article..."
[parser-unknown-class] "aasha", text="(a) “Specialized Building” means:"
[parser-unknown-class] "aasha3", text="(i) any building, including underground structures, containing specialized equipment in a product..."
[parser-unknown-class] "aasha3", text="(ii) any building, including underground structures, which has distinctive features which disting..."
[parser-unknown-class] "aasha", text="(b) “Standard Building” means any building, including underground structures, constructed to prev..."
[parser-unknown-class] "aasha2", text="3. “Challenge Inspection” means the inspection of any facility or location in the territory or in..."
[parser-unknown-class] "aasha2", text="4. “Discrete Organic Chemical” means any chemical belonging to the class of chemical compounds co..."
[parser-unknown-class] "aasha2", text="5. “Equipment” as referred to in the definition of chemical weapons production facility in Articl..."
[parser-unknown-class] "aasha", text="(a) “Specialized Equipment” means:"
[parser-unknown-class] "aasha3", text="(i) the main production train, including any reactor or equipment for product synthesis, separati..."
[parser-unknown-class] "aasha3", text="(ii) any chemical weapon filling machines;"
[parser-unknown-class] "aasha3", text="(iii) any other equipment specially designed, built or installed for the operation of the facilit..."
[parser-unknown-class] "aasha", text="(b) “Standard Equipment” means:"
[parser-unknown-class] "aasha3", text="(i) production equipment which is generally used in the chemical industry and is not included in ..."
[parser-unknown-class] "aasha3", text="(ii) other equipment commonly used in the chemical industry, such as: fire‑fighting equipment; gu..."
[parser-unknown-class] "aasha2", text="6. “Facility” in the context of Article VI means any of the industrial sites as defined below (“p..."
[parser-unknown-class] "aasha", text="(a) “Plant Site” (Works, Factory) means the local integration of one or more plants, with any int..."
[parser-unknown-class] "aasha3", text="(i) administration and other offices;"
[parser-unknown-class] "aasha3", text="(ii) repair and maintenance shops;"
[parser-unknown-class] "aasha3", text="(iii) medical centre;"
[parser-unknown-class] "aasha3", text="(iv) utilities;"
[parser-unknown-class] "aasha3", text="(v) central analytical laboratory;"
[parser-unknown-class] "aasha3", text="(vi) research and development laboratories;"
[parser-unknown-class] "aasha3", text="(vii) central effluent and waste treatment area; and"
[parser-unknown-class] "aasha3", text="(viii) warehouse storage."
[parser-unknown-class] "aasha", text="(b) “Plant” (Production facility, Workshop) means a relatively self‑contained area, structure or ..."
[parser-unknown-class] "aasha3", text="(i) small administrative section;"
[parser-unknown-class] "aasha3", text="(ii) storage/handling areas for feedstock and products;"
[parser-unknown-class] "aasha3", text="(iii) effluent/waste handling/treatment area;"
[parser-unknown-class] "aasha3", text="(iv) control/analytical laboratory;"
[parser-unknown-class] "aasha3", text="(v) first aid service/related medical section; and"
[parser-unknown-class] "aasha3", text="(vi) records associated with the movement into, around and from the site, of declared chemicals a..."
[parser-unknown-class] "aasha", text="(c) “Unit” (Production unit, Process unit) means the combination of those items of equipment, inc..."
[parser-unknown-class] "aasha2", text="7. “Facility Agreement” means an agreement or arrangement between a State Party and the Organizat..."
[parser-unknown-class] "aasha2", text="8. “Host State” means the State on whose territory lie facilities or areas of another State, Part..."
[parser-unknown-class] "aasha2", text="9. “In‑Country Escort” means individuals specified by the inspected State Party and, if appropria..."
[parser-unknown-class] "aasha2", text="10. “In‑Country Period” means the period from the arrival of the inspection team at a point of en..."
[parser-unknown-class] "aasha2", text="11. “Initial Inspection” means the first on‑site inspection of facilities to verify declarations ..."
[parser-unknown-class] "aasha2", text="12. “Inspected State Party” means the State Party on whose territory or in any other place under ..."
[parser-unknown-class] "aasha2", text="13. “Inspection Assistant” means an individual designated by the Technical Secretariat as set for..."
[parser-unknown-class] "aasha2", text="14. “Inspection Mandate” means the instructions issued by the Director‑General to the inspection ..."
[parser-unknown-class] "aasha2", text="15. “Inspection Manual” means the compilation of additional procedures for the conduct of inspect..."
[parser-unknown-class] "aasha2", text="16. “Inspection Site” means any facility or area at which an inspection is carried out and which ..."
[parser-unknown-class] "aasha2", text="17. “Inspection Team” means the group of inspectors and inspection assistants assigned by the Dir..."
[parser-unknown-class] "aasha2", text="18. “Inspector” means an individual designated by the Technical Secretariat according to the prec..."
[parser-unknown-class] "aasha2", text="19. “Model Agreement” means a document specifying the general form and content for an agreement c..."
[parser-unknown-class] "aasha2", text="20. “Observer” means a representative of a requesting State Party or a third State Party to obser..."
[parser-unknown-class] "aasha2", text="21. “Perimeter” in case of challenge inspection means the external boundary of the inspection sit..."
[parser-unknown-class] "aasha", text="(a) “Requested Perimeter” means the inspection site perimeter as specified in conformity with Par..."
[parser-unknown-class] "aasha", text="(b) “Alternative Perimeter” means the inspection site perimeter as specified, alternatively to th..."
[parser-unknown-class] "aasha", text="(c) “Final Perimeter” means the final inspection site perimeter as agreed in negotiations between..."
[parser-unknown-class] "aasha", text="(d) “Declared Perimeter” means the external boundary of the facility declared pursuant to Article..."
[parser-unknown-class] "aasha2", text="22. “Period of Inspection”, for the purposes of Article IX, means the period of time from provisi..."
[parser-unknown-class] "aasha2", text="23. “Period of Inspection”, for the purposes of Articles IV, V and VI, means the period of time f..."
[parser-unknown-class] "aasha2", text="24. “Point of Entry” / “Point of Exit” means a location designated for the in‑country arrival of ..."
[parser-unknown-class] "aasha2", text="25. “Requesting State Party” means a State Party which has requested a challenge inspection pursu..."
[parser-unknown-class] "aasha2", text="26. “Tonne” means metric ton, i.e. 1,000 kg."
[parser-unknown-class] "aasha2", text="1. Not later than 30 days after entry into force of this Convention the Technical Secretariat sha..."
[parser-unknown-class] "aasha2", text="2. Each State Party shall immediately acknowledge receipt of the list of inspectors and inspectio..."
[parser-unknown-class] "aasha2", text="In the case of non‑acceptance, the proposed inspector or inspection assistant shall not undertake..."
[parser-unknown-class] "aasha2", text="3. Verification activities under this Convention shall only be performed by designated inspectors..."
[parser-unknown-class] "aasha2", text="4. Subject to the provisions of paragraph 5, a State Party has the right at any time to object to..."
[parser-unknown-class] "aasha2", text="5. A State Party that has been notified of an inspection shall not seek to have removed from the ..."
[parser-unknown-class] "aasha2", text="6. The number of inspectors or inspection assistants accepted by and designated to a State Party ..."
[parser-unknown-class] "aasha2", text="7. If, in the opinion of the Director‑General, the non‑acceptance of proposed inspectors or inspe..."
[parser-unknown-class] "aasha2", text="8. Whenever amendments to the above‑mentioned lists of inspectors and inspection assistants are n..."
[parser-unknown-class] "aasha2", text="9. The members of the inspection team carrying out an inspection of a facility of a State Party l..."
[parser-unknown-class] "aasha2", text="10. Each State Party shall, not later than 30 days after acknowledgement of receipt of the list o..."
[parser-unknown-class] "aasha2", text="11. To exercise their functions effectively, inspectors and inspection assistants shall be accord..."
[parser-unknown-class] "aasha", text="(a) the members of the inspection team shall be accorded the inviolability enjoyed by diplomatic ..."
[parser-unknown-class] "aasha", text="(b) the living quarters and office premises occupied by the inspection team carrying out inspecti..."
[parser-unknown-class] "aasha", text="(c) the papers and correspondence, including records, of the inspection team shall enjoy the invi..."
[parser-unknown-class] "aasha", text="(d) samples and approved equipment carried by members of the inspection team shall be inviolable ..."
[parser-unknown-class] "aasha", text="(e) the members of the inspection team shall be accorded the immunities accorded to diplomatic ag..."
[parser-unknown-class] "aasha", text="(f) the members of the inspection team carrying out prescribed activities pursuant to this Conven..."
[parser-unknown-class] "aasha", text="(g) the members of the inspection team shall be permitted to bring into the territory of the insp..."
[parser-unknown-class] "aasha", text="(h) the members of the inspection team shall be accorded the same currency and exchange facilitie..."
[parser-unknown-class] "aasha", text="(i) the members of the inspection team shall not engage in any professional or commercial activit..."
[parser-unknown-class] "aasha2", text="12. When transiting the territory of non‑inspected States Parties, the members of the inspection ..."
[parser-unknown-class] "aasha2", text="13. Without prejudice to their privileges and immunities the members of the inspection team shall..."
[parser-unknown-class] "aasha2", text="14. The immunity from jurisdiction of members of the inspection team may be waived by the Directo..."
[parser-unknown-class] "aasha2", text="15. Observers shall be accorded the same privileges and immunities accorded to inspectors pursuan..."
[parser-unknown-class] "aasha5", text="Points of entry"
[parser-unknown-class] "aasha2", text="16. Each State Party shall designate the points of entry and shall supply the required informatio..."
[parser-unknown-class] "aasha2", text="17. Each State Party may change the points of entry by giving notice of such change to the Techni..."
[parser-unknown-class] "aasha2", text="18. If the Technical Secretariat considers that there are insufficient points of entry for the ti..."
[parser-unknown-class] "aasha2", text="19. In cases where facilities or areas of an inspected State Party are located on the territory o..."
[parser-unknown-class] "aasha2", text="20. In cases where facilities or areas of an inspected State Party are located on the territory o..."
[parser-unknown-class] "aasha2", text="21. In cases where the facilities or areas sought to be inspected are located on the territory of..."
[parser-unknown-class] "aasha5", text="Arrangements for use of non‑scheduled aircraft"
[parser-unknown-class] "aasha2", text="22. For inspections pursuant to Article IX and for other inspections where timely travel is not f..."
[parser-unknown-class] "aasha2", text="23. When a non‑scheduled aircraft is used, the Technical Secretariat shall provide the inspected ..."
[parser-unknown-class] "aasha2", text="24. Not less than three hours before the scheduled departure of the inspection team from the last..."
[parser-unknown-class] "aasha2", text="25. The inspected State Party shall provide parking, security protection, servicing and fuel as r..."
[parser-unknown-class] "aasha5", text="Administrative arrangements"
[parser-unknown-class] "aasha2", text="26. The inspected State Party shall provide or arrange for the amenities necessary for the inspec..."
[parser-unknown-class] "aasha5", text="Approved equipment"
[parser-unknown-class] "aasha2", text="27. Subject to paragraph 29, there shall be no restriction by the inspected State Party on the in..."
[parser-unknown-class] "aasha2", text="28. The equipment shall be in the custody of the Technical Secretariat and be designated, calibra..."
[parser-unknown-class] "aasha2", text="29. The inspected State Party shall have the right, without prejudice to the prescribed time‑fram..."
[parser-unknown-class] "aasha2", text="30. In cases where the inspection team finds it necessary to use equipment available on site not ..."
[parser-unknown-class] "aasha5", text="Notification"
[parser-unknown-class] "aasha2", text="31. The Director‑General shall notify the State Party before the planned arrival of the inspectio..."
[parser-unknown-class] "aasha2", text="32. Notifications made by the Director‑General shall include the following information:"
[parser-unknown-class] "aasha", text="(a) the type of inspection;"
[parser-unknown-class] "aasha", text="(b) the point of entry;"
[parser-unknown-class] "aasha", text="(c) the date and estimated time of arrival at the point of entry;"
[parser-unknown-class] "aasha", text="(d) the means of arrival at the point of entry;"
[parser-unknown-class] "aasha", text="(e) the site to be inspected;"
[parser-unknown-class] "aasha", text="(f) the names of inspectors and inspection assistants;"
[parser-unknown-class] "aasha", text="(g) if appropriate, aircraft clearance for special flights."
[parser-unknown-class] "aasha2", text="33. The inspected State Party shall acknowledge the receipt of a notification by the Technical Se..."
[parser-unknown-class] "aasha2", text="34. In the case of an inspection of a facility of a State Party located on the territory of anoth..."
[parser-unknown-class] "aasha5", text="Entry into the territory of the inspected State Party or Host State and transfer to the inspectio..."
[parser-unknown-class] "aasha2", text="35. The inspected State Party or Host State Party which has been notified of the arrival of an in..."
[parser-unknown-class] "aasha2", text="36. The inspected State Party or Host State Party shall, as necessary, assist the inspection team..."
[parser-unknown-class] "aasha5", text="Pre‑inspection briefing"
[parser-unknown-class] "aasha2", text="37. Upon arrival at the inspection site and before the commencement of the inspection, the inspec..."
[parser-unknown-class] "aasha5", text="General rules"
[parser-unknown-class] "aasha2", text="38. The members of the inspection team shall discharge their functions in accordance with the pro..."
[parser-unknown-class] "aasha2", text="39. The inspection team shall strictly observe the inspection mandate issued by the Director‑Gene..."
[parser-unknown-class] "aasha2", text="40. The activities of the inspection team shall be so arranged as to ensure the timely and effect..."
[parser-unknown-class] "aasha2", text="41. In the performance of their duties on the territory of an inspected State Party or Host State..."
[parser-unknown-class] "aasha2", text="42. Detailed procedures for the conduct of inspections shall be developed for inclusion in the in..."
[parser-unknown-class] "aasha5", text="Safety"
[parser-unknown-class] "aasha2", text="43. In carrying out their activities, inspectors and inspection assistants shall observe safety r..."
[parser-unknown-class] "aasha5", text="Communications"
[parser-unknown-class] "aasha2", text="44. Inspectors shall have the right throughout the in‑country period to communicate with the Head..."
[parser-unknown-class] "aasha5", text="Inspection team and inspected State Party rights"
[parser-unknown-class] "aasha2", text="45. The inspection team shall, in accordance with the relevant Articles and Annexes of this Conve..."
[parser-unknown-class] "aasha2", text="46. Inspectors shall have the right to interview any facility personnel in the presence of repres..."
[parser-unknown-class] "aasha2", text="47. Inspectors shall have the right to inspect documentation and records they deem relevant to th..."
[parser-unknown-class] "aasha2", text="48. Inspectors shall have the right to have photographs taken at their request by representatives..."
[parser-unknown-class] "aasha2", text="49. The representatives of the inspected State Party shall have the right to observe all verifica..."
[parser-unknown-class] "aasha2", text="50. The inspected State Party shall receive copies, at its request, of the information and data g..."
[parser-unknown-class] "aasha2", text="51. Inspectors shall have the right to request clarifications in connection with ambiguities that..."
[parser-unknown-class] "aasha5", text="Collection, handling and analysis of samples"
[parser-unknown-class] "aasha2", text="52. Representatives of the inspected State Party or of the inspected facility shall take samples ..."
[parser-unknown-class] "aasha2", text="53. Where possible, the analysis of samples shall be performed on‑site. The inspection team shall..."
[parser-unknown-class] "aasha2", text="54. The inspected State Party has the right to retain portions of all samples taken or take dupli..."
[parser-unknown-class] "aasha2", text="55. The inspection team shall, if it deems it necessary, transfer samples for analysis off‑site a..."
[parser-unknown-class] "aasha2", text="56. The Director‑General shall have the primary responsibility for the security, integrity and pr..."
[parser-unknown-class] "aasha", text="(a) establish a stringent regime governing the collection, handling, transport and analysis of sa..."
[parser-unknown-class] "aasha", text="(b) certify the laboratories designated to perform different types of analysis;"
[parser-unknown-class] "aasha", text="(c) oversee the standardization of equipment and procedures at these designated laboratories, mob..."
[parser-unknown-class] "aasha", text="(d) select from among the designated laboratories those which shall perform analytical or other f..."
[parser-unknown-class] "aasha2", text="57. When off‑site analysis is to be performed, samples shall be analysed in at least two designat..."
[parser-unknown-class] "aasha2", text="58. The Technical Secretariat shall compile the results of the laboratory analysis of samples rel..."
[parser-unknown-class] "aasha5", text="Extension of inspection duration"
[parser-unknown-class] "aasha2", text="59. Periods of inspection may be extended by agreement with the representative of the inspected S..."
[parser-unknown-class] "aasha5", text="Debriefing"
[parser-unknown-class] "aasha2", text="60. Upon completion of an inspection the inspection team shall meet with representatives of the i..."
[parser-unknown-class] "aasha2", text="61. Upon completion of the post‑inspection procedures, the inspection team shall leave, as soon a..."
[parser-unknown-class] "aasha2", text="62. Not later than 10 days after the inspection, the inspectors shall prepare a factual, final re..."
[parser-unknown-class] "aasha2", text="63. The final report shall immediately be submitted to the inspected State Party. Any written com..."
[parser-unknown-class] "aasha2", text="64. Should the report contain uncertainties, or should cooperation between the National Authority..."
[parser-unknown-class] "aasha2", text="65. If the uncertainties cannot be removed or the facts established are of a nature to suggest th..."
[parser-unknown-class] "aasha2", text="66. The provisions of this Part shall apply to all inspections conducted pursuant to this Convent..."
[parser-unknown-class] "aasha2", text="1. Each declared facility subject to on‑site inspection pursuant to Articles IV, V, and VI, parag..."
[parser-unknown-class] "aasha2", text="2. States Parties shall ensure that the verification of declarations and the initiation of the sy..."
[parser-unknown-class] "aasha2", text="3. Each State Party shall conclude a facility agreement with the Organization for each facility d..."
[parser-unknown-class] "aasha2", text="4. Facility agreements shall be completed not later than 180 days after this Convention enters in..."
[parser-unknown-class] "aasha2", text="5. In the case of a chemical weapons destruction facility that begins operations more than one ye..."
[parser-unknown-class] "aasha2", text="6. In the case of a chemical weapons destruction facility that is in operation when this Conventi..."
[parser-unknown-class] "aasha2", text="7. In the case of a facility, referred to in paragraph 6, that will cease operations not later th..."
[parser-unknown-class] "aasha2", text="8. Facility agreements shall be based on models for such agreements and provide for detailed arra..."
[parser-unknown-class] "aasha2", text="9. The Technical Secretariat may retain at each site a sealed container for photographs, plans an..."
[parser-unknown-class] "aasha2", text="10. Where applicable, the Technical Secretariat shall have the right to have continuous monitorin..."
[parser-unknown-class] "aasha2", text="11. The inspected State Party shall, in accordance with agreed procedures, have the right to insp..."
[parser-unknown-class] "aasha2", text="12. The inspected State Party shall provide the necessary preparation and support for the establi..."
[parser-unknown-class] "aasha2", text="13. In order to implement paragraphs 11 and 12, appropriate detailed procedures shall be consider..."
[parser-unknown-class] "aasha2", text="14. The inspected State Party shall immediately notify the Technical Secretariat if an event occu..."
[parser-unknown-class] "aasha2", text="15. The inspection team shall verify during each inspection that the monitoring system functions ..."
[parser-unknown-class] "aasha2", text="16. If the monitoring system indicates any anomaly, the Technical Secretariat shall immediately t..."
[parser-unknown-class] "aasha2", text="17. The inspected State Party shall, except as specified in paragraph 18, be notified of inspecti..."
[parser-unknown-class] "aasha2", text="18. The inspected State Party shall be notified of initial inspections not less than 72 hours in ..."
[parser-unknown-class] "aasha5", text="Chemical Weapons"
[parser-unknown-class] "aasha2", text="1. The declaration of chemical weapons by a State Party pursuant to Article III, paragraph 1(a)(i..."
[parser-unknown-class] "aasha", text="(a) the aggregate quantity of each chemical declared;"
[parser-unknown-class] "aasha", text="(b) the precise location of each chemical weapons storage facility, expressed by:"
[parser-unknown-class] "aasha3", text="(i) name;"
[parser-unknown-class] "aasha3", text="(ii) geographical coordinates; and"
[parser-unknown-class] "aasha3", text="(iii) a detailed site diagram, including a boundary map and the location of bunkers/storage areas..."
[parser-unknown-class] "aasha", text="(c) the detailed inventory for each chemical weapons storage facility including:"
[parser-unknown-class] "aasha3", text="(i) chemicals defined as chemical weapons in accordance with Article II;"
[parser-unknown-class] "aasha3", text="(ii) unfilled munitions, sub‑munitions, devices and equipment defined as chemical weapons;"
[parser-unknown-class] "aasha3", text="(iii) equipment specially designed for use directly in connection with the employment of munition..."
[parser-unknown-class] "aasha3", text="(iv) chemicals specifically designed for use directly in connection with the employment of muniti..."
[parser-unknown-class] "aasha2", text="2. For the declaration of chemicals referred to in paragraph 1(c)(i) the following shall apply:"
[parser-unknown-class] "aasha", text="(a) chemicals shall be declared in accordance with the Schedules specified in the Annex on Chemic..."
[parser-unknown-class] "aasha", text="(b) for a chemical not listed in the Schedules in the Annex on Chemicals the information required..."
[parser-unknown-class] "aasha", text="(c) chemicals shall be identified by chemical name in accordance with current International Union..."
[parser-unknown-class] "aasha", text="(d) in cases involving mixtures of two or more chemicals, each chemical shall be identified and t..."
[parser-unknown-class] "aasha", text="(e) binary chemical weapons shall be declared under the relevant end product within the framework..."
[parser-unknown-class] "aasha3", text="(i) the chemical name of the toxic end‑product;"
[parser-unknown-class] "aasha3", text="(ii) the chemical composition and quantity of each component;"
[parser-unknown-class] "aasha3", text="(iii) the actual weight ratio between the components;"
[parser-unknown-class] "aasha3", text="(iv) which component is considered the key component;"
[parser-unknown-class] "aasha3", text="(v) the projected quantity of the toxic end‑product calculated on a stoichiometric basis from the..."
[parser-unknown-class] "aasha", text="(f) for multicomponent chemical weapons, the declaration shall be analogous to that envisaged for..."
[parser-unknown-class] "aasha", text="(g) for each chemical the form of storage, i.e. munitions, sub‑munitions, devices, equipment or b..."
[parser-unknown-class] "aasha3", text="(i) type;"
[parser-unknown-class] "aasha3", text="(ii) size or calibre;"
[parser-unknown-class] "aasha3", text="(iii) number of items; and"
[parser-unknown-class] "aasha3", text="(iv) nominal weight of chemical fill per item."
[parser-unknown-class] "aasha", text="(h) for each chemical the total weight present at the storage facility shall be declared;"
[parser-unknown-class] "aasha", text="(i) in addition, for chemicals stored in bulk, the percentage purity shall be declared, if known."
[parser-unknown-class] "aasha2", text="3. For each type of unfilled munitions, sub‑munitions, devices or equipment, referred to in parag..."
[parser-unknown-class] "aasha", text="(a) the number of items;"
[parser-unknown-class] "aasha", text="(b) the nominal fill volume per item;"
[parser-unknown-class] "aasha", text="(c) the intended chemical fill."
[parser-unknown-class] "aasha5", text="Declarations of chemical weapons pursuant to Article III, paragraph 1(a)(iii)"
[parser-unknown-class] "aasha2", text="4. The declaration of chemical weapons pursuant to Article III, paragraph 1(a)(iii), shall contai..."
[parser-unknown-class] "aasha5", text="Declarations of past transfers and receipts"
[parser-unknown-class] "aasha2", text="5. A State Party that has transferred or received chemical weapons since 1 January 1946 shall dec..."
[parser-unknown-class] "aasha5", text="Submission of the general plan for destruction of chemical weapons"
[parser-unknown-class] "aasha2", text="6. The general plan for destruction of chemical weapons submitted pursuant to Article III, paragr..."
[parser-unknown-class] "aasha", text="(a) a general schedule for destruction, giving types and approximate quantities of chemical weapo..."
[parser-unknown-class] "aasha", text="(b) the number of chemical weapons destruction facilities existing or planned to be operated over..."
[parser-unknown-class] "aasha", text="(c) for each existing or planned chemical weapons destruction facility:"
[parser-unknown-class] "aasha3", text="(i) name and location; and"
[parser-unknown-class] "aasha3", text="(ii) the types and approximate quantities of chemical weapons, and the type (for example, nerve a..."
[parser-unknown-class] "aasha", text="(d) the plans and programmes for training personnel for the operation of destruction facilities;"
[parser-unknown-class] "aasha", text="(e) the national standards for safety and emissions that the destruction facilities must satisfy;"
[parser-unknown-class] "aasha", text="(f) information on the development of new methods for destruction of chemical weapons and on the ..."
[parser-unknown-class] "aasha", text="(g) the cost estimates for destroying the chemical weapons; and"
[parser-unknown-class] "aasha", text="(h) any issues which could adversely impact on the national destruction programme."
[parser-unknown-class] "aasha2", text="7. Not later than when submitting its declaration of chemical weapons, a State Party shall take s..."
[parser-unknown-class] "aasha2", text="8. A State Party shall ensure that chemical weapons at its storage facilities are configured to a..."
[parser-unknown-class] "aasha2", text="9. While a storage facility remains closed for any movement of chemical weapons out of the facili..."
[parser-unknown-class] "aasha2", text="10. Maintenance activities of chemical weapons shall not include:"
[parser-unknown-class] "aasha", text="(a) replacement of agent or of munition bodies;"
[parser-unknown-class] "aasha", text="(b) modification of the original characteristics of munitions, or parts or components thereof."
[parser-unknown-class] "aasha2", text="11. All maintenance activities shall be subject to monitoring by the Technical Secretariat."
[parser-unknown-class] "aasha5", text="Principles and methods for destruction of chemical weapons"
[parser-unknown-class] "aasha2", text="12. “Destruction of chemical weapons” means a process by which chemicals are converted in an esse..."
[parser-unknown-class] "aasha2", text="13. Each State Party shall determine how it shall destroy chemical weapons, except that the follo..."
[parser-unknown-class] "aasha2", text="14. Each State Party shall ensure that its chemical weapons destruction facilities are constructe..."
[parser-unknown-class] "aasha5", text="Order of destruction"
[parser-unknown-class] "aasha2", text="15. The order of destruction of chemical weapons is based on the obligations specified in Article..."
[parser-unknown-class] "aasha2", text="16. For the purpose of destruction, chemical weapons declared by each State Party shall be divide..."
[parser-unknown-class] "aasha2", text="17. A State Party shall start:"
[parser-unknown-class] "aasha", text="(a) the destruction of Category 1 chemical weapons not later than two years after this Convention..."
[parser-unknown-class] "aasha3", text="(i) Phase 1: Not later than two years after entry into force of this Convention, testing of its f..."
[parser-unknown-class] "aasha3", text="(ii) Phase 2: Not less than 20 per cent of the Category 1 chemical weapons shall be destroyed not..."
[parser-unknown-class] "aasha3", text="(iii) Phase 3: Not less than 45 per cent of the Category 1 chemical weapons shall be destroyed no..."
[parser-unknown-class] "aasha3", text="(iv) Phase 4: All Category 1 chemical weapons shall be destroyed not later than 10 years after th..."
[parser-unknown-class] "aasha", text="(b) the destruction of Category 2 chemical weapons not later than one year after this Convention ..."
[parser-unknown-class] "aasha", text="(c) the destruction of Category 3 chemical weapons not later than one year after this Convention ..."
[parser-unknown-class] "aasha2", text="18. For the destruction of binary chemical weapons the following shall apply:"
[parser-unknown-class] "aasha", text="(a) for the purposes of the order of destruction, a declared quantity (in tonnes) of the key comp..."
[parser-unknown-class] "aasha", text="(b) a requirement to destroy a given quantity of the key component shall entail a requirement to ..."
[parser-unknown-class] "aasha", text="(c) if more of the other component is declared than is needed, based on the actual weight ratio b..."
[parser-unknown-class] "aasha", text="(d) at the end of each subsequent operational year a State Party may retain an amount of the othe..."
[parser-unknown-class] "aasha2", text="19. For multicomponent chemical weapons the order of destruction shall be analogous to that envis..."
[parser-unknown-class] "aasha5", text="Modification of intermediate destruction deadlines"
[parser-unknown-class] "aasha2", text="20. The Executive Council shall review the general plans for destruction of chemical weapons, sub..."
[parser-unknown-class] "aasha2", text="21. If a State Party, due to exceptional circumstances beyond its control, believes that it canno..."
[parser-unknown-class] "aasha2", text="22. Each State Party shall take all necessary measures to ensure destruction of Category 1 chemic..."
[parser-unknown-class] "aasha2", text="23. If an extension is granted, the State Party shall still be under the obligation to meet the c..."
[parser-unknown-class] "aasha5", text="Extension of the deadline for completion of destruction"
[parser-unknown-class] "aasha2", text="24. If a State Party believes that it will be unable to ensure the destruction of all Category 1 ..."
[parser-unknown-class] "aasha2", text="25. The request shall contain:"
[parser-unknown-class] "aasha", text="(a) the duration of the porposed extension;"
[parser-unknown-class] "aasha", text="(b) a detailed explanation of the reasons for the proposed extension; and"
[parser-unknown-class] "aasha", text="(c) a detailed plan for destruction during the proposed extension and the remaining portion of th..."
[parser-unknown-class] "aasha2", text="26. A decision on the request shall be taken by the Conference at its next session, on the recomm..."
[parser-unknown-class] "aasha2", text="27. If an extension is granted, the State Party shall take appropriate measures to meet all subse..."
[parser-unknown-class] "aasha2", text="28. The State Party shall continue to submit detailed annual plans for destruction in accordance ..."
[parser-unknown-class] "aasha5", text="Detailed annual plans for destruction"
[parser-unknown-class] "aasha2", text="29. The detailed annual plans for destruction shall be submitted to the Technical Secretariat not..."
[parser-unknown-class] "aasha", text="(a) the quantity of each specific type of chemical weapon to be destroyed at each destruction fac..."
[parser-unknown-class] "aasha", text="(b) the detailed site diagram for each chemical weapons destruction facility and any changes to p..."
[parser-unknown-class] "aasha", text="(c) the detailed schedule of activities for each chemical weapons destruction facility for the up..."
[parser-unknown-class] "aasha2", text="30. A State Party shall provide, for each of its chemical weapons destruction facilities, detaile..."
[parser-unknown-class] "aasha2", text="31. The detailed facility information for each destruction facility shall include the following i..."
[parser-unknown-class] "aasha", text="(a) name, address and location;"
[parser-unknown-class] "aasha", text="(b) detailed, annotated facility drawings;"
[parser-unknown-class] "aasha", text="(c) facility design drawings, process drawings, and piping and instrumentation design drawings;"
[parser-unknown-class] "aasha", text="(d) detailed technical descriptions, including design drawings and instrument specifications, for..."
[parser-unknown-class] "aasha", text="(e) detailed technical descriptions of the destruction process, including material flow rates, te..."
[parser-unknown-class] "aasha", text="(f) design capacity for each specific type of chemical weapon;"
[parser-unknown-class] "aasha", text="(g) a detailed description of the products of destruction and the method of their ultimate disposal;"
[parser-unknown-class] "aasha", text="(h) a detailed technical description of measures to facilitate inspections in accordance with thi..."
[parser-unknown-class] "aasha", text="(i) a detailed description of any temporary holding area at the destruction facility that will be..."
[parser-unknown-class] "aasha", text="(j) a detailed description of the safety and medical measures in force at the facility;"
[parser-unknown-class] "aasha", text="(k) a detailed description of the living quarters and working premises for the inspectors; and"
[parser-unknown-class] "aasha", text="(l) Suggested measures for international verification."
[parser-unknown-class] "aasha2", text="32. A State Party shall provide, for each of its chemical weapons destruction facilities, the pla..."
[parser-unknown-class] "aasha2", text="33. A State Party shall promptly notify the Technical Secretariat of any developments that could ..."
[parser-unknown-class] "aasha2", text="34. Deadlines for submission of the information specified in paragraphs 30 to 32 shall be conside..."
[parser-unknown-class] "aasha2", text="35. After a review of the detailed facility information for each destruction facility, the Techni..."
[parser-unknown-class] "aasha5", text="Annual reports on destruction"
[parser-unknown-class] "aasha5", text="Verification of declarations of chemical weapons through on‑site inspection"
[parser-unknown-class] "aasha2", text="37. The purpose of the verification of declarations of chemical weapons shall be to confirm throu..."
[parser-unknown-class] "aasha2", text="38. The inspectors shall conduct this verification promptly after a declaration is submitted. The..."
[parser-unknown-class] "aasha2", text="39. The inspectors shall employ, as appropriate, agreed seals, markers or other inventory control..."
[parser-unknown-class] "aasha2", text="40. As the inventory progresses, inspectors shall install such agreed seals as may be necessary t..."
[parser-unknown-class] "aasha5", text="Systematic verification of storage facilities"
[parser-unknown-class] "aasha2", text="41. The purpose of the systematic verification of storage facilities shall be to ensure that no u..."
[parser-unknown-class] "aasha2", text="42. The systematic verification shall be initiated as soon as possible after the declaration of c..."
[parser-unknown-class] "aasha2", text="43. When all chemical weapons have been removed from the storage facility, the Technical Secretar..."
[parser-unknown-class] "aasha5", text="Inspections and visits"
[parser-unknown-class] "aasha2", text="44. The particular storage facility to be inspected shall be chosen by the Technical Secretariat ..."
[parser-unknown-class] "aasha2", text="45. The Technical Secretariat shall notify the inspected State Party of its decision to inspect o..."
[parser-unknown-class] "aasha2", text="46. The inspected State Party shall make any necessary preparations for the arrival of the inspec..."
[parser-unknown-class] "aasha2", text="47. The inspected State Party shall provide the inspection team upon its arrival at the chemical ..."
[parser-unknown-class] "aasha", text="(a) the number of storage buildings and storage locations;"
[parser-unknown-class] "aasha", text="(b) for each storage building and storage location, the type and the identification number or des..."
[parser-unknown-class] "aasha", text="(c) for each storage building and storage location at the facility, the number of items of each s..."
[parser-unknown-class] "aasha2", text="48. In carrying out an inventory, within the time available, inspectors shall have the right:"
[parser-unknown-class] "aasha", text="(a) To use any of the following inspection techniques:"
[parser-unknown-class] "aasha3", text="(i) inventory all the chemical weapons stored at the facility;"
[parser-unknown-class] "aasha3", text="(ii) inventory all the chemical weapons stored in specific buildings or locations at the facility..."
[parser-unknown-class] "aasha3", text="(iii) inventory all the chemical weapons of one or more specific types stored at the facility, as..."
[parser-unknown-class] "aasha", text="(b) To check all items inventoried against agreed records."
[parser-unknown-class] "aasha2", text="49. Inspectors shall, in accordance with facility agreements:"
[parser-unknown-class] "aasha", text="(a) have unimpeded access to all parts of the storage facilities including any munitions, devices..."
[parser-unknown-class] "aasha", text="(b) have the right, during the first and any subsequent inspection of each chemical weapons stora..."
[parser-unknown-class] "aasha5", text="Systematic verification of the destruction of chemical weapons"
[parser-unknown-class] "aasha2", text="50. The purpose of verification of destruction of chemical weapons shall be:"
[parser-unknown-class] "aasha", text="(a) to confirm the identity and quantity of the chemical weapons stocks to be destroyed; and"
[parser-unknown-class] "aasha", text="(b) to confirm that these stocks have been destroyed."
[parser-unknown-class] "aasha2", text="51. Chemical weapons destruction operations during the first 390 days after the entry into force ..."
[parser-unknown-class] "aasha2", text="52. The provisions of paragraphs 53 to 61 shall apply to chemical weapons destruction operations ..."
[parser-unknown-class] "aasha2", text="53. On the basis of this Convention and the detailed destruction facility information, and as the..."
[parser-unknown-class] "aasha2", text="54. The Technical Secretariat shall conduct an initial visit to each chemical weapons destruction..."
[parser-unknown-class] "aasha2", text="55. In the case of an existing facility where chemical weapons destruction operations have alread..."
[parser-unknown-class] "aasha2", text="56. The agreed detailed plans for verification, with an appropriate recommendation by the Technic..."
[parser-unknown-class] "aasha2", text="57. Each member of the Executive Council may consult with the Technical Secretariat on any issues..."
[parser-unknown-class] "aasha2", text="58. If there are any difficulties, the Executive Council shall enter into consultations with the ..."
[parser-unknown-class] "aasha2", text="59. The detailed facility agreements for chemical weapons destruction facilities shall specify, t..."
[parser-unknown-class] "aasha", text="(a) detailed on‑site inspection procedures; and"
[parser-unknown-class] "aasha", text="(b) provisions for verification through continuous monitoring with on‑site instruments and physic..."
[parser-unknown-class] "aasha2", text="60. Inspectors shall be granted access to each chemical weapons destruction facility not less tha..."
[parser-unknown-class] "aasha2", text="61. The inspected State Party shall notify, in writing, the inspection team leader at a chemical ..."
[parser-unknown-class] "aasha5", text="Chemical weapons storage facilities at chemical weapons destruction facilities"
[parser-unknown-class] "aasha2", text="62. The inspectors shall verify the arrival of the chemical weapons at the destruction facility a..."
[parser-unknown-class] "aasha2", text="63. As soon and as long as chemical weapons are stored at chemical weapons storage facilities loc..."
[parser-unknown-class] "aasha2", text="64. At the end of an active destruction phase, inspectors shall make an inventory of the chemical..."
[parser-unknown-class] "aasha5", text="Systematic on‑site verification measures at chemical weapons destruction facilities"
[parser-unknown-class] "aasha2", text="65. The inspectors shall be granted access to conduct their activities at the chemical weapons de..."
[parser-unknown-class] "aasha2", text="66. At each chemical weapons destruction facility, to provide assurance that no chemical weapons ..."
[parser-unknown-class] "aasha", text="(a) the receipt of chemical weapons at the facility;"
[parser-unknown-class] "aasha", text="(b) the temporary holding area for chemical weapons and the specific type and quantity of chemica..."
[parser-unknown-class] "aasha", text="(c) the specific type and quantity of chemical weapons being destroyed;"
[parser-unknown-class] "aasha", text="(d) the process of destruction;"
[parser-unknown-class] "aasha", text="(e) the end‑product of destruction;"
[parser-unknown-class] "aasha", text="(f) the mutilation of metal parts; and"
[parser-unknown-class] "aasha", text="(g) the integrity of the destruction process and of the facility as a whole."
[parser-unknown-class] "aasha2", text="67. Inspectors shall have the right to tag, for sampling, munitions, devices, or containers locat..."
[parser-unknown-class] "aasha2", text="68. To the extent that it meets inspection requirements, information from routine facility operat..."
[parser-unknown-class] "aasha2", text="69. After the completion of each period of destruction, the Technical Secretariat shall confirm t..."
[parser-unknown-class] "aasha2", text="70. Inspectors shall, in accordance with facility agreements:"
[parser-unknown-class] "aasha", text="(a) have unimpeded access to all parts of the chemical weapons destruction facilities and the che..."
[parser-unknown-class] "aasha", text="(b) monitor the systematic on‑site analysis of samples during the destruction process; and"
[parser-unknown-class] "aasha", text="(c) receive, if necessary, samples taken at their request from any devices, bulk containers and o..."
[parser-unknown-class] "aasha2", text="1. Old chemical weapons shall be destroyed as provided for in Section B."
[parser-unknown-class] "aasha2", text="2. Abandoned chemical weapons, including those which also meet the definition of Article II, para..."
[parser-unknown-class] "aasha2", text="3. A State Party which has on its territory old chemical weapons as defined in Article II, paragr..."
[parser-unknown-class] "aasha2", text="In the case of old chemical weapons as defined in Article II, paragraph 5(b), the State Party sha..."
[parser-unknown-class] "aasha2", text="4. A State Party which discovers old chemical weapons after this Convention enters into force for..."
[parser-unknown-class] "aasha2", text="5. The Technical Secretariat shall conduct an initial inspection, and any further inspections as ..."
[parser-unknown-class] "aasha2", text="6. A State Party shall treat old chemical weapons that have been confirmed by the Technical Secre..."
[parser-unknown-class] "aasha2", text="7. Subject to paragraphs 3 to 5, a State Party shall destroy old chemical weapons that have been ..."
[parser-unknown-class] "aasha2", text="8. A State Party on whose territory there are abandoned chemical weapons (hereinafter referred to..."
[parser-unknown-class] "aasha2", text="9. A State Party which discovers abandoned chemical weapons after this Convention enters into for..."
[parser-unknown-class] "aasha2", text="10. A State Party which has abandoned chemical weapons on the territory of another State Party (h..."
[parser-unknown-class] "aasha2", text="11. The Technical Secretariat shall conduct an initial inspection, and any further inspections as..."
[parser-unknown-class] "aasha2", text="12. The report of the Technical Secretariat shall be submitted to the Executive Council, the Terr..."
[parser-unknown-class] "aasha2", text="13. Pursuant to Article I, paragraph 3, the Territorial State Party shall have the right to reque..."
[parser-unknown-class] "aasha2", text="14. Consultations between the Territorial State Party and the Abandoning State Party with a view ..."
[parser-unknown-class] "aasha2", text="15. For the purpose of destroying abandoned chemical weapons, the Abandoning State Party shall pr..."
[parser-unknown-class] "aasha2", text="16. If the Abandoning State cannot be identified or is not a State Party, the Territorial State P..."
[parser-unknown-class] "aasha2", text="17. Subject to paragraphs 8 to 16, Article IV and Part IV(A) of this Annex shall also apply to th..."
[parser-unknown-class] "aasha2", text="18. States Parties may conclude between themselves agreements or arrangements concerning the dest..."
[parser-unknown-class] "aasha5", text="Declarations of chemical weapons production facilities"
[parser-unknown-class] "aasha2", text="1. The declaration of chemical weapons production facilities by a State Party pursuant to Article..."
[parser-unknown-class] "aasha", text="(a) the name of the facility, the names of the owners, and the names of the companies or enterpri..."
[parser-unknown-class] "aasha", text="(b) the precise location of the facility, including the address, location of the complex, locatio..."
[parser-unknown-class] "aasha", text="(c) a statement whether it is a facility for the manufacture of chemicals that are defined as che..."
[parser-unknown-class] "aasha", text="(d) the date when the construction of the facility was completed and the periods during which any..."
[parser-unknown-class] "aasha", text="(e) information on the chemicals defined as chemical weapons that were manufactured at the facili..."
[parser-unknown-class] "aasha3", text="(i) for chemicals defined as chemical weapons that were manufactured at the facility, such inform..."
[parser-unknown-class] "aasha3", text="(ii) for munitions, devices and containers that were filled at the facility, such information sha..."
[parser-unknown-class] "aasha", text="(f) the production capacity of the chemical weapons production facility:"
[parser-unknown-class] "aasha3", text="(i) for a facility where chemical weapons were manufactured, production capacity shall be express..."
[parser-unknown-class] "aasha3", text="(ii) for a facility where chemical weapons were filled, production capacity shall be expressed in..."
[parser-unknown-class] "aasha", text="(g) for each chemical weapons production facility that has not been destroyed, a description of t..."
[parser-unknown-class] "aasha3", text="(i) a site diagram;"
[parser-unknown-class] "aasha3", text="(ii) a process flow diagram of the facility; and"
[parser-unknown-class] "aasha3", text="(iii) an inventory of buildings at the facility, and specialized equipment at the facility and of..."
[parser-unknown-class] "aasha", text="(h) the present status of the facility, stating:"
[parser-unknown-class] "aasha3", text="(i) the date when chemical weapons were last produced at the facility;"
[parser-unknown-class] "aasha3", text="(ii) whether the facility has been destroyed, including the date and manner of its destruction; and"
[parser-unknown-class] "aasha3", text="(iii) whether the facility has been used or modified before entry into force of this Convention f..."
[parser-unknown-class] "aasha", text="(i) a specification of the measures that have been taken by the State Party for closure of, and a..."
[parser-unknown-class] "aasha", text="(j) a description of the normal pattern of activity for safety and security at the inactivated fa..."
[parser-unknown-class] "aasha", text="(k) a statement as to whether the facility will be converted for the destruction of chemical weap..."
[parser-unknown-class] "aasha5", text="Declarations of chemical weapons production facilities pursuant to Article III, paragraph 1(c)(iii)"
[parser-unknown-class] "aasha2", text="2. The declaration of chemical weapons production facilities pursuant to Article III, paragraph 1..."
[parser-unknown-class] "aasha5", text="Declarations of past transfers and receipts"
[parser-unknown-class] "aasha2", text="3. A State Party that has transferred or received chemical weapons production equipment since 1 J..."
[parser-unknown-class] "aasha2", text="4. Chemical weapons production equipment referred to in paragraph 3 means:"
[parser-unknown-class] "aasha", text="(a) specialized equipment;"
[parser-unknown-class] "aasha", text="(b) equipment for the production of equipment specifically designed for use directly in connectio..."
[parser-unknown-class] "aasha", text="(c) equipment designed or used exclusively for producing non‑chemical parts for chemical munitions."
[parser-unknown-class] "aasha2", text="5. The declaration concerning transfer and receipt of chemical weapons production equipment shall..."
[parser-unknown-class] "aasha", text="(a) who received/transferred the chemical weapons production equipment;"
[parser-unknown-class] "aasha", text="(b) the identity of such equipment;"
[parser-unknown-class] "aasha", text="(c) the date of transfer or receipt;"
[parser-unknown-class] "aasha", text="(d) whether the equipment was destroyed, if known; and"
[parser-unknown-class] "aasha", text="(e) current disposition, if known."
[parser-unknown-class] "aasha5", text="Submission of general plans for destruction"
[parser-unknown-class] "aasha2", text="6. For each chemical weapons production facility, a State Party shall supply the following inform..."
[parser-unknown-class] "aasha", text="(a) envisaged time‑frame for measures to be taken; and"
[parser-unknown-class] "aasha", text="(b) methods of destruction."
[parser-unknown-class] "aasha2", text="7. For each chemical weapons production facility that a State Party intends to convert temporaril..."
[parser-unknown-class] "aasha", text="(a) envisaged time‑frame for conversion into a destruction facility;"
[parser-unknown-class] "aasha", text="(b) envisaged time‑frame for utilizing the facility as a chemical weapons destruction facility;"
[parser-unknown-class] "aasha", text="(c) description of the new facility;"
[parser-unknown-class] "aasha", text="(d) method of destruction of special equipment;"
[parser-unknown-class] "aasha", text="(e) time‑frame for destruction of the converted facility after it has been utilized to destroy ch..."
[parser-unknown-class] "aasha", text="(f) method of destruction of the converted facility."
[parser-unknown-class] "aasha5", text="Submission of annual plans for destruction and annual reports on destruction"
[parser-unknown-class] "aasha2", text="8. The State Party shall submit an annual plan for destruction not less than 90 days before the b..."
[parser-unknown-class] "aasha", text="(a) capacity to be destroyed;"
[parser-unknown-class] "aasha", text="(b) name and location of the facilities where destruction will take place;"
[parser-unknown-class] "aasha", text="(c) list of buildings and equipment that will be destroyed at each facility; and"
[parser-unknown-class] "aasha", text="(d) planned method(s) of destruction."
[parser-unknown-class] "aasha2", text="9. A State Party shall submit an annual report on destruction not later than 90 days after the en..."
[parser-unknown-class] "aasha", text="(a) capacity destroyed;"
[parser-unknown-class] "aasha", text="(b) name and location of each facility where destruction took place;"
[parser-unknown-class] "aasha", text="(c) list of buildings and equipment that were destroyed at each facility;"
[parser-unknown-class] "aasha", text="(d) methods of destruction."
[parser-unknown-class] "aasha2", text="10. For a chemical weapons production facility declared pursuant to Article III, paragraph 1(c)(i..."
[parser-unknown-class] "aasha5", text="General principles for destruction of chemical weapons production facilities"
[parser-unknown-class] "aasha2", text="11. Each State Party shall decide on methods to be applied for the destruction of chemical weapon..."
[parser-unknown-class] "aasha5", text="Principles and methods for closure of a chemical weapons production facility"
[parser-unknown-class] "aasha2", text="12. The purpose of the closure of a chemical weapons production facility is to render it inactive."
[parser-unknown-class] "aasha2", text="13. Agreed measures for closure shall be taken by a State Party with due regard to the specific c..."
[parser-unknown-class] "aasha", text="(a) prohibition of occupation of the specialized buildings and standard buildings of the facility..."
[parser-unknown-class] "aasha", text="(b) disconnection of equipment directly related to the production of chemical weapons, including,..."
[parser-unknown-class] "aasha", text="(c) decommissioning of protective installations and equipment used exclusively for the safety of ..."
[parser-unknown-class] "aasha", text="(d) installation of blind flanges and other devices to prevent the addition of chemicals to, or t..."
[parser-unknown-class] "aasha", text="(e) interruption of rail, road and other access routes for heavy transport to the chemical weapon..."
[parser-unknown-class] "aasha2", text="14. While the chemical weapons production facility remains closed, a State Party may continue saf..."
[parser-unknown-class] "aasha5", text="Technical maintenance of chemical weapons production facilities prior to their destruction"
[parser-unknown-class] "aasha2", text="15. A State Party may carry out standard maintenance activities at chemical weapons production fa..."
[parser-unknown-class] "aasha2", text="16. All planned maintenance activities shall be specified in the general and detailed plans for d..."
[parser-unknown-class] "aasha", text="(a) replacement of any process equipment;"
[parser-unknown-class] "aasha", text="(b) modification of the characteristics of the chemical process equipment;"
[parser-unknown-class] "aasha", text="(c) production of chemicals of any type."
[parser-unknown-class] "aasha2", text="17. All maintenance activities shall be subject to monitoring by the Technical Secretariat."
[parser-unknown-class] "aasha5", text="Principles and methods for temporary conversion of chemical weapons production facilities into ch..."
[parser-unknown-class] "aasha2", text="18. Measures pertaining to the temporary conversion of chemical weapons production facilities int..."
[parser-unknown-class] "aasha2", text="19. Chemical weapons production facilities converted into chemical weapons destruction facilities..."
[parser-unknown-class] "aasha2", text="They shall be subject to an initial visit by inspectors, who shall confirm the correctness of the..."
[parser-unknown-class] "aasha2", text="20. A State Party that intends to carry out a conversion of chemical weapons production facilitie..."
[parser-unknown-class] "aasha2", text="21. Should a State Party have the need to convert to a chemical weapons destruction facility an a..."
[parser-unknown-class] "aasha2", text="22. A facility converted for the destruction of chemical weapons shall not be more fit for resumi..."
[parser-unknown-class] "aasha2", text="23. Converted chemical weapons production facilities shall be destroyed not later than 10 years a..."
[parser-unknown-class] "aasha2", text="24. Any measures for the conversion of any given chemical weapons production facility shall be fa..."
[parser-unknown-class] "aasha2", text="25. The set of measures carried out for the purpose of converting a chemical weapons production f..."
[parser-unknown-class] "aasha5", text="Principles and methods related to destruction of a chemical weapons production facility"
[parser-unknown-class] "aasha2", text="26. A State Party shall destroy equipment and buildings covered by the definition of a chemical w..."
[parser-unknown-class] "aasha", text="(a) all specialized equipment and standard equipment shall be physically destroyed;"
[parser-unknown-class] "aasha", text="(b) all specialized buildings and standard buildings shall be physically destroyed."
[parser-unknown-class] "aasha2", text="27. A State Party shall destroy facilities for producing unfilled chemical munitions and equipmen..."
[parser-unknown-class] "aasha", text="(a) facilities used exclusively for production of non‑chemical parts for chemical munitions or eq..."
[parser-unknown-class] "aasha", text="(b) all equipment designed or used exclusively for producing non‑chemical parts for chemical muni..."
[parser-unknown-class] "aasha", text="(c) all buildings and standard equipment used for such production activities shall be destroyed o..."
[parser-unknown-class] "aasha", text="(d) activities for purposes not prohibited under this Convention may continue while destruction o..."
[parser-unknown-class] "aasha5", text="Order of destruction"
[parser-unknown-class] "aasha2", text="28. The order of destruction of chemical weapons production facilities is based on the obligation..."
[parser-unknown-class] "aasha2", text="29. A State Party shall, for each destruction period, determine which chemical weapons production..."
[parser-unknown-class] "aasha2", text="30. The following provisions shall apply to chemical weapons production facilities that produce S..."
[parser-unknown-class] "aasha", text="(a) a State Party shall start the destruction of such facilities not later than one year after th..."
[parser-unknown-class] "aasha", text="(b) production capacity shall be used as the comparison factor for such facilities. It shall be e..."
[parser-unknown-class] "aasha", text="(c) appropriate agreed levels of production capacity shall be established for the end of the eigh..."
[parser-unknown-class] "aasha", text="(d) a requirement to destroy a given amount of capacity shall entail a requirement to destroy any..."
[parser-unknown-class] "aasha", text="(e) chemical weapons production facilities that have been converted temporarily for destruction o..."
[parser-unknown-class] "aasha2", text="31. A State Party shall start the destruction of chemical weapons production facilities not cover..."
[parser-unknown-class] "aasha5", text="Detailed plans for destruction"
[parser-unknown-class] "aasha2", text="32. Not less than 180 days before the destruction of a chemical weapons production facility start..."
[parser-unknown-class] "aasha", text="(a) timing of the presence of the inspectors at the facility to be destroyed; and"
[parser-unknown-class] "aasha", text="(b) procedures for verification of measures to be applied to each item on the declared inventory."
[parser-unknown-class] "aasha2", text="33. The detailed plans for destruction of each chemical weapons production facility shall contain:"
[parser-unknown-class] "aasha", text="(a) detailed time schedule of the destruction process;"
[parser-unknown-class] "aasha", text="(b) layout of the facility;"
[parser-unknown-class] "aasha", text="(c) process flow diagram;"
[parser-unknown-class] "aasha", text="(d) detailed inventory of equipment, buildings and other items to be destroyed;"
[parser-unknown-class] "aasha", text="(e) measures to be applied to each item on the inventory;"
[parser-unknown-class] "aasha", text="(f) proposed measures for verification;"
[parser-unknown-class] "aasha", text="(g) security/safety measures to be observed during the destruction of the facility; and"
[parser-unknown-class] "aasha", text="(h) working and living conditions to be provided for inspectors."
[parser-unknown-class] "aasha2", text="34. If a State Party intends to convert temporarily a chemical weapons production facility into a..."
[parser-unknown-class] "aasha", text="(a) specify the name, address, and location of the facility;"
[parser-unknown-class] "aasha", text="(b) provide a site diagram indicating all structures and areas that will be involved in the destr..."
[parser-unknown-class] "aasha", text="(c) specify the types of chemical weapons, and the type and quantity of chemical fill to be destr..."
[parser-unknown-class] "aasha", text="(d) specify the destruction method;"
[parser-unknown-class] "aasha", text="(e) provide a process flow diagram, indicating which portions of the production process and speci..."
[parser-unknown-class] "aasha", text="(f) specify the seals and inspection equipment potentially affected by the conversion, if applica..."
[parser-unknown-class] "aasha", text="(g) provide a schedule identifying: The time allocated to design, temporary conversion of the fac..."
[parser-unknown-class] "aasha2", text="35. In relation to the destruction of a facility that was temporarily converted for destruction o..."
[parser-unknown-class] "aasha5", text="Review of detailed plans"
[parser-unknown-class] "aasha2", text="36. On the basis of the detailed plan for destruction and proposed measures for verification subm..."
[parser-unknown-class] "aasha2", text="37. To ensure that the provisions of Article V and this Part are fulfilled, the combined plans fo..."
[parser-unknown-class] "aasha2", text="38. Each member of the Executive Council may consult with the Technical Secretariat on any issues..."
[parser-unknown-class] "aasha2", text="39. If there are any difficulties, the Executive Council shall enter into consultations with the ..."
[parser-unknown-class] "aasha2", text="40. If agreement is not reached with the Executive Council on aspects of verification, or if the ..."
[parser-unknown-class] "aasha2", text="41. Destruction and verification shall proceed according to the agreed plan. The verification sha..."
[parser-unknown-class] "aasha2", text="42. If required verification or destruction actions are not taken as planned, all States Parties ..."
[parser-unknown-class] "aasha5", text="Verification of declarations of chemical weapons production facilities through on‑site inspection"
[parser-unknown-class] "aasha2", text="43. The Technical Secretariat shall conduct an initial inspection of each chemical weapons produc..."
[parser-unknown-class] "aasha2", text="44. The purposes of the initial inspection shall be:"
[parser-unknown-class] "aasha", text="(a) to confirm that the production of chemical weapons has ceased and that the facility has been ..."
[parser-unknown-class] "aasha", text="(b) to permit the Technical Secretariat to familiarize itself with the measures that have been ta..."
[parser-unknown-class] "aasha", text="(c) to permit the inspectors to install temporary seals;"
[parser-unknown-class] "aasha", text="(d) to permit the inspectors to confirm the inventory of buildings and specialized equipment;"
[parser-unknown-class] "aasha", text="(e) to obtain information necessary for planning inspection activities at the facility, including..."
[parser-unknown-class] "aasha", text="(f) to conduct preliminary discussions regarding a detailed agreement on inspection procedures at..."
[parser-unknown-class] "aasha2", text="45. Inspectors shall employ, as appropriate, agreed seals, markers or other inventory control pro..."
[parser-unknown-class] "aasha2", text="46. Inspectors shall install such agreed devices as may be necessary to indicate if any resumptio..."
[parser-unknown-class] "aasha2", text="47. If, on the basis of the initial inspection, the Director‑General believes that additional mea..."
[parser-unknown-class] "aasha5", text="Systematic verification of chemical weapons production facilities and cessation of their activities"
[parser-unknown-class] "aasha2", text="48. The purpose of the systematic verification of a chemical weapons production facility shall be..."
[parser-unknown-class] "aasha2", text="49. The detailed facility agreement for each chemical weapons production facility shall specify:"
[parser-unknown-class] "aasha", text="(a) detailed on‑site inspection procedures, which may include:"
[parser-unknown-class] "aasha3", text="(i) visual examinations;"
[parser-unknown-class] "aasha3", text="(ii) checking and servicing of seals and other agreed devices; and"
[parser-unknown-class] "aasha3", text="(iii) obtaining and analysing samples;"
[parser-unknown-class] "aasha", text="(b) procedures for using tamper‑indicating seals and other agreed equipment to prevent the undete..."
[parser-unknown-class] "aasha3", text="(i) the type, placement, and arrangements for installation; and"
[parser-unknown-class] "aasha3", text="(ii) the maintenance of such seals and equipment; and"
[parser-unknown-class] "aasha", text="(c) other agreed measures."
[parser-unknown-class] "aasha2", text="50. The seals or other approved equipment provided for in a detailed agreement on inspection meas..."
[parser-unknown-class] "aasha2", text="51. During each calendar year, the Technical Secretariat shall be permitted to conduct up to four..."
[parser-unknown-class] "aasha2", text="52. The Director‑General shall notify the inspected State Party of his decision to inspect or vis..."
[parser-unknown-class] "aasha2", text="53. Inspectors shall, in accordance with the facility agreements, have unimpeded access to all pa..."
[parser-unknown-class] "aasha2", text="54. The guidelines for determining the frequency of systematic on‑site inspections shall be consi..."
[parser-unknown-class] "aasha5", text="Verification of destruction of chemical weapons production facilities"
[parser-unknown-class] "aasha2", text="55. The purpose of systematic verification of the destruction of chemical weapons production faci..."
[parser-unknown-class] "aasha2", text="56. When all items on the declared inventory have been destroyed, the Technical Secretariat shall..."
[parser-unknown-class] "aasha2", text="57. After this confirmation, the State Party shall make the declaration that the facility has bee..."
[parser-unknown-class] "aasha5", text="Verification of temporary conversion of a chemical weapons production facility into a chemical we..."
[parser-unknown-class] "aasha2", text="58. Not later than 90 days after receiving the initial notification of the intent to convert temp..."
[parser-unknown-class] "aasha2", text="59. Not later than 60 days after such a visit, the Technical Secretariat and the inspected State ..."
[parser-unknown-class] "aasha2", text="60. The inspected State Party shall not remove or convert any portion of the facility, or remove ..."
[parser-unknown-class] "aasha2", text="61. Once the facility begins operation as a chemical weapons destruction facility, it shall be su..."
[parser-unknown-class] "aasha2", text="62. During destruction operations the inspectors shall have access to all portions of the tempora..."
[parser-unknown-class] "aasha2", text="63. Before the commencement of work at the facility to convert it temporarily for chemical weapon..."
[parser-unknown-class] "aasha5", text="Procedures for requesting conversion"
[parser-unknown-class] "aasha2", text="64. A request to use a chemical weapons production facility for purposes not prohibited under thi..."
[parser-unknown-class] "aasha2", text="65. For a chemical weapons production facility that is being used for purposes not prohibited und..."
[parser-unknown-class] "aasha", text="(a) a detailed justification for the request;"
[parser-unknown-class] "aasha", text="(b) a general facility conversion plan that specifies:"
[parser-unknown-class] "aasha3", text="(i) the nature of the activity to be conducted at the facility;"
[parser-unknown-class] "aasha3", text="(ii) if the planned activity involves production, processing, or consumption of chemicals: the na..."
[parser-unknown-class] "aasha3", text="(iii) which buildings or structures are proposed to be used and what modifications are proposed, ..."
[parser-unknown-class] "aasha3", text="(iv) which buildings or structures have been destroyed or are proposed to be destroyed and the pl..."
[parser-unknown-class] "aasha3", text="(v) what equipment is to be used in the facility;"
[parser-unknown-class] "aasha3", text="(vi) what equipment has been removed and destroyed and what equipment is proposed to be removed a..."
[parser-unknown-class] "aasha3", text="(vii) the proposed schedule for conversion, if applicable; and"
[parser-unknown-class] "aasha3", text="(viii) the nature of the activity of each other facility operating at the site; and"
[parser-unknown-class] "aasha", text="(c) a detailed explanation of how measures set forth in subparagraph (b), as well as any other me..."
[parser-unknown-class] "aasha2", text="66. For a chemical weapons production facility that is not being used for purposes not prohibited..."
[parser-unknown-class] "aasha", text="(a) a detailed justification for the request, including its economic needs;"
[parser-unknown-class] "aasha", text="(b) a general facility conversion plan that specifies:"
[parser-unknown-class] "aasha3", text="(i) the nature of the activity planned to be conducted at the facility;"
[parser-unknown-class] "aasha3", text="(ii) if the planned activity involves production, processing, or consumption of chemicals: the na..."
[parser-unknown-class] "aasha3", text="(iii) which buildings or structures are proposed to be retained and what modifications are propos..."
[parser-unknown-class] "aasha3", text="(iv) which buildings or structures have been destroyed or are proposed to be destroyed and the pl..."
[parser-unknown-class] "aasha3", text="(v) what equipment is proposed for use in the facility;"
[parser-unknown-class] "aasha3", text="(vi) what equipment is proposed to be removed and destroyed and the plans for its destruction;"
[parser-unknown-class] "aasha3", text="(vii) the proposed schedule for conversion; and"
[parser-unknown-class] "aasha3", text="(viii) the nature of the activity of each other facility operating at the site; and"
[parser-unknown-class] "aasha", text="(c) a detailed explanation of how the measures set forth in subparagraph (b), as well as any othe..."
[parser-unknown-class] "aasha2", text="67. The State Party may propose in its request any other measures it deems appropriate to build c..."
[parser-unknown-class] "aasha5", text="Actions pending a decision"
[parser-unknown-class] "aasha2", text="68. Pending a decision of the Conference, a State Party may continue to use for purposes not proh..."
[parser-unknown-class] "aasha2", text="69. If the facility, for which the request was made, was not being used for purposes not prohibit..."
[parser-unknown-class] "aasha5", text="Conditions for conversion"
[parser-unknown-class] "aasha2", text="70. As a condition for conversion of a chemical weapons production facility for purposes not proh..."
[parser-unknown-class] "aasha2", text="71. A converted facility shall not be used:"
[parser-unknown-class] "aasha", text="(a) for any activity involving production, processing, or consumption of a Schedule 1 chemical or..."
[parser-unknown-class] "aasha", text="(b) for the production of any highly toxic chemical, including any highly toxic organophosphorus ..."
[parser-unknown-class] "aasha2", text="72. Conversion of a chemical weapons production facility shall be completed not later than six ye..."
[parser-unknown-class] "aasha5", text="Decisions by the Executive Council and the Conference"
[parser-unknown-class] "aasha2", text="73. Not later than 90 days after receipt of the request by the Director‑General, an initial inspe..."
[parser-unknown-class] "aasha2", text="74. If the facility has been used for purposes not prohibited under this Convention before this C..."
[parser-unknown-class] "aasha2", text="75. As soon as possible after receiving the report of the Director‑General, the Conference, upon ..."
[parser-unknown-class] "aasha2", text="76. If the request is approved, a facility agreement shall be completed not later than 90 days af..."
[parser-unknown-class] "aasha5", text="Detailed plans for conversion"
[parser-unknown-class] "aasha2", text="77. Not less than 180 days before conversion of a chemical weapons production facility is planned..."
[parser-unknown-class] "aasha", text="(a) timing of the presence of the inspectors at the facility to be converted; and"
[parser-unknown-class] "aasha", text="(b) procedures for verification of measures to be applied to each item on the declared inventory."
[parser-unknown-class] "aasha2", text="78. The detailed plan for conversion of each chemical weapons production facility shall contain:"
[parser-unknown-class] "aasha", text="(a) detailed time schedule of the conversion process;"
[parser-unknown-class] "aasha", text="(b) layout of the facility before and after conversion;"
[parser-unknown-class] "aasha", text="(c) process flow diagram of the facility before, and as appropriate, after the conversion;"
[parser-unknown-class] "aasha", text="(d) detailed inventory of equipment, buildings and structures and other items to be destroyed and..."
[parser-unknown-class] "aasha", text="(e) measures to be applied to each item on the inventory, if any;"
[parser-unknown-class] "aasha", text="(f) proposed measures for verification;"
[parser-unknown-class] "aasha", text="(g) security/safety measures to be observed during the conversion of the facility; and"
[parser-unknown-class] "aasha", text="(h) working and living conditions to be provided for inspectors."
[parser-unknown-class] "aasha5", text="Review of detailed plans"
[parser-unknown-class] "aasha2", text="79. On the basis of the detailed plan for conversion and proposed measures for verification submi..."
[parser-unknown-class] "aasha2", text="80. To ensure that the provisions of Article V and this Part are fulfilled, the combined plans fo..."
[parser-unknown-class] "aasha2", text="81. Each member of the Executive Council may consult with the Technical Secretariat on any issue ..."
[parser-unknown-class] "aasha2", text="82. If there are any difficulties, the Executive Council should enter into consultations with the..."
[parser-unknown-class] "aasha2", text="83. If agreement is not reached with the Executive Council on aspects of verification, or if the ..."
[parser-unknown-class] "aasha2", text="84. Conversion and verification shall proceed according to the agreed plan. The verification shal..."
[parser-unknown-class] "aasha2", text="85. For the 10 years after the Director‑General certifies that conversion is complete, the State ..."
[parser-unknown-class] "aasha2", text="86. Costs of verification of the converted facility shall be allocated in accordance with Article..."
[parser-unknown-class] "aasha2", text="1. A State Party shall not produce, acquire, retain or use Schedule 1 chemicals outside the terri..."
[parser-unknown-class] "aasha2", text="2. A State Party shall not produce, acquire, retain, transfer or use Schedule 1 chemicals unless:"
[parser-unknown-class] "aasha", text="(a) the chemicals are applied to research, medical, pharmaceutical or protective purposes; and"
[parser-unknown-class] "aasha", text="(b) the types and quantities of chemicals are strictly limited to those which can be justified fo..."
[parser-unknown-class] "aasha", text="(c) the aggregate amount of such chemicals at any given time for such purposes is equal to or les..."
[parser-unknown-class] "aasha", text="(d) the aggregate amount for such purposes acquired by a State Party in any year through producti..."
[parser-unknown-class] "aasha2", text="3. A State Party may transfer Schedule 1 chemicals outside its territory only to another State Pa..."
[parser-unknown-class] "aasha2", text="4. Chemicals transferred shall not be retransferred to a third State."
[parser-unknown-class] "aasha2", text="5. Not less than 30 days before any transfer to another State Party both States Parties shall not..."
[parser-unknown-class] "aasha2", text="6. Each State Party shall make a detailed annual declaration regarding transfers during the previ..."
[parser-unknown-class] "aasha", text="(a) the chemical name, structural formula and Chemical Abstracts Service registry number, if assi..."
[parser-unknown-class] "aasha", text="(b) the quantity acquired from other States or transferred to other States Parties. For each tran..."
[parser-unknown-class] "aasha5", text="General principles for production"
[parser-unknown-class] "aasha2", text="7. Each State Party, during production under paragraphs 8 to 12, shall assign the highest priorit..."
[parser-unknown-class] "aasha5", text="Single small‑scale facility"
[parser-unknown-class] "aasha2", text="8. Each State Party that produces Schedule 1 chemicals for research, medical, pharmaceutical or p..."
[parser-unknown-class] "aasha2", text="9. The production at a single small‑scale facility shall be carried out in reaction vessels in pr..."
[parser-unknown-class] "aasha5", text="Other facilities"
[parser-unknown-class] "aasha2", text="10. Production of Schedule 1 chemicals in aggregate quantities not exceeding 10 kg per year may b..."
[parser-unknown-class] "aasha2", text="11. Production of Schedule 1 chemicals in quantities of more than 100 g per year may be carried o..."
[parser-unknown-class] "aasha2", text="12. Synthesis of Schedule 1 chemicals for research, medical or pharmaceutical purposes, but not f..."
[parser-unknown-class] "aasha5", text="Single small‑scale facility"
[parser-unknown-class] "aasha2", text="13. Each State Party that plans to operate a single small‑scale facility shall provide the Techni..."
[parser-unknown-class] "aasha2", text="14. Each State Party shall give advance notification to the Technical Secretariat of planned chan..."
[parser-unknown-class] "aasha2", text="15. A State Party producing Schedule 1 chemicals at a single small‑scale facility shall make a de..."
[parser-unknown-class] "aasha", text="(a) identification of the facility;"
[parser-unknown-class] "aasha", text="(b) for each Schedule 1 chemical produced, acquired, consumed or stored at the facility, the foll..."
[parser-unknown-class] "aasha3", text="(i) the chemical name, structural formula and Chemical Abstracts Service registry number, if assi..."
[parser-unknown-class] "aasha3", text="(ii) the methods employed and quantity produced;"
[parser-unknown-class] "aasha3", text="(iii) the name and quantity of precursors listed in Schedules 1, 2, or 3 used for production of S..."
[parser-unknown-class] "aasha3", text="(iv) the quantity consumed at the facility and the purpose(s) of the consumption;"
[parser-unknown-class] "aasha3", text="(v) the quantity received from or shipped to other facilities in the State Party. For each shipme..."
[parser-unknown-class] "aasha3", text="(vi) the maximum quantity stored at any time during the year; and"
[parser-unknown-class] "aasha3", text="(vii) the quantity stored at the end of the year; and"
[parser-unknown-class] "aasha", text="(c) information on any changes at the facility during the year compared to previously submitted d..."
[parser-unknown-class] "aasha2", text="16. Each State Party producing Schedule 1 chemicals at a single small‑scale facility shall make a..."
[parser-unknown-class] "aasha", text="(a) identification of the facility;"
[parser-unknown-class] "aasha", text="(b) for each Schedule 1 chemical anticipated to be produced, consumed or stored at the facility, ..."
[parser-unknown-class] "aasha3", text="(i) the chemical name, structural formula and Chemical Abstracts Service registry number, if assi..."
[parser-unknown-class] "aasha3", text="(ii) the quantity anticipated to be produced and the purpose of the production; and"
[parser-unknown-class] "aasha", text="(c) information on any anticipated changes at the facility during the year compared to previously..."
[parser-unknown-class] "aasha5", text="Other facilities referred to in paragraphs 10 and 11"
[parser-unknown-class] "aasha2", text="17. For each facility, a State Party shall provide the Technical Secretariat with the name, locat..."
[parser-unknown-class] "aasha2", text="18. Each State Party shall give advance notification to the Technical Secretariat of planned chan..."
[parser-unknown-class] "aasha2", text="19. Each State Party shall, for each facility, make a detailed annual declaration regarding the a..."
[parser-unknown-class] "aasha", text="(a) identification of the facility;"
[parser-unknown-class] "aasha", text="(b) for each Schedule 1 chemical the following information:"
[parser-unknown-class] "aasha3", text="(i) the chemical name, structural formula and Chemical Abstracts Service registry number, if assi..."
[parser-unknown-class] "aasha3", text="(ii) the quantity produced and, in case of production for protective purposes, methods employed;"
[parser-unknown-class] "aasha3", text="(iii) the name and quantity of precursors listed in Schedules 1, 2, or 3, used for production of ..."
[parser-unknown-class] "aasha3", text="(iv) the quantity consumed at the facility and the purpose of the consumption;"
[parser-unknown-class] "aasha3", text="(v) the quantity transferred to other facilities within the State Party. For each transfer the qu..."
[parser-unknown-class] "aasha3", text="(vi) the maximum quantity stored at any time during the year; and"
[parser-unknown-class] "aasha3", text="(vii) the quantity stored at the end of the year; and"
[parser-unknown-class] "aasha", text="(c) information on any changes at the facility or its relevant parts during the year compared to ..."
[parser-unknown-class] "aasha2", text="20. Each State Party shall, for each facility, make a detailed annual declaration regarding the p..."
[parser-unknown-class] "aasha", text="(a) identification of the facility;"
[parser-unknown-class] "aasha", text="(b) for each Schedule 1 chemical the following information:"
[parser-unknown-class] "aasha3", text="(i) the chemical name, structural formula and Chemical Abstracts Service registry number, if assi..."
[parser-unknown-class] "aasha3", text="(ii) the quantity anticipated to be produced, the time periods when the production is anticipated..."
[parser-unknown-class] "aasha", text="(c) information on any anticipated changes at the facility or its relevant parts, during the year..."
[parser-unknown-class] "aasha5", text="Single small‑scale facility"
[parser-unknown-class] "aasha2", text="21. The aim of verification activities at the single small‑scale facility shall be to verify that..."
[parser-unknown-class] "aasha2", text="22. The facility shall be subject to systematic verification through on‑site inspection and monit..."
[parser-unknown-class] "aasha2", text="23. The number, intensity, duration, timing and mode of inspections for a particular facility sha..."
[parser-unknown-class] "aasha2", text="24. The purpose of the initial inspection shall be to verify information provided concerning the ..."
[parser-unknown-class] "aasha2", text="25. Not later than 180 days after this Convention enters into force for a State Party, it shall c..."
[parser-unknown-class] "aasha2", text="26. Each State Party planning to establish a single small‑scale facility after this Convention en..."
[parser-unknown-class] "aasha2", text="27. A model for agreements shall be considered and approved by the Conference pursuant to Article..."
[parser-unknown-class] "aasha2", text="Other facilities referred to in paragraphs 10 and 11"
[parser-unknown-class] "aasha2", text="28. The aim of verification activities at any facility referred to in paragraphs 10 and 11 shall ..."
[parser-unknown-class] "aasha", text="(a) the facility is not used to produce any Schedule 1 chemical, except for the declared chemicals;"
[parser-unknown-class] "aasha", text="(b) the quantities of Schedule 1 chemicals produced, processed or consumed are correctly declared..."
[parser-unknown-class] "aasha", text="(c) the Schedule 1 chemical is not diverted or used for other purposes."
[parser-unknown-class] "aasha2", text="29. The facility shall be subject to systematic verification through on‑site inspection and monit..."
[parser-unknown-class] "aasha2", text="30. The number, intensity, duration, timing and mode of inspections for a particular facility sha..."
[parser-unknown-class] "aasha2", text="31. Not later than 180 days after this Convention enters into force for a State Party, it shall c..."
[parser-unknown-class] "aasha2", text="32. Each State Party planning to establish such a facility after entry into force of this Convent..."
[parser-unknown-class] "aasha5", text="Declarations of aggregate national data"
[parser-unknown-class] "aasha2", text="1. The initial and annual declarations to be provided by each State Party pursuant to Article VI,..."
[parser-unknown-class] "aasha2", text="2. Each State Party shall submit:"
[parser-unknown-class] "aasha", text="(a) initial declarations pursuant to paragraph 1 not later than 30 days after this Convention ent..."
[parser-unknown-class] "aasha", text="(b) annual declarations not later than 90 days after the end of the previous calendar year."
[parser-unknown-class] "aasha5", text="Declarations of plant site producing, processing or consuming Schedule 2 chemicals"
[parser-unknown-class] "aasha2", text="3. Initial and annual declarations are required for all plant sites that comprise one or more pla..."
[parser-unknown-class] "aasha", text="(a) 1 kg of a chemical designated “*” in Schedule 2, part A;"
[parser-unknown-class] "aasha", text="(b) 100 kg of any other chemical listed in schedule 2, part A; or"
[parser-unknown-class] "aasha", text="(c) 1 tonne of a chemical listed in Schedule 2, part B."
[parser-unknown-class] "aasha2", text="4. Each State Party shall submit:"
[parser-unknown-class] "aasha", text="(a) initial declarations pursuant to paragraph 3 not later than 30 days after this Convention ent..."
[parser-unknown-class] "aasha", text="(b) annual declarations on past activities not later than 90 days after the end of the previous c..."
[parser-unknown-class] "aasha", text="(c) annual declarations on anticipated activities not later than 60 days before the beginning of ..."
[parser-unknown-class] "aasha2", text="5. Declarations pursuant to paragraph 3 are generally not required for mixtures containing a low ..."
[parser-unknown-class] "aasha2", text="6. Declarations of a plant site pursuant to paragraph 3 shall include:"
[parser-unknown-class] "aasha", text="(a) the name of the plant site and the name of the owner, company, or enterprise operating it;"
[parser-unknown-class] "aasha", text="(b) its precise location including the address; and"
[parser-unknown-class] "aasha", text="(c) the number of plants within the plant site which are declared pursuant to Part VIII of this A..."
[parser-unknown-class] "aasha2", text="7. Declarations of a plant site pursuant to paragraph 3 shall also include, for each plant which ..."
[parser-unknown-class] "aasha", text="(a) the name of the plant and the name of the owner, company, or enterprise operating it;"
[parser-unknown-class] "aasha", text="(b) its precise location within the plant site including the specific building or structure numbe..."
[parser-unknown-class] "aasha", text="(c) its main activities;"
[parser-unknown-class] "aasha", text="(d) whether the plant:"
[parser-unknown-class] "aasha3", text="(i) produces, processes, or consumes the declared Schedule 2 chemical(s);"
[parser-unknown-class] "aasha3", text="(ii) is dedicated to such activities or multi‑purpose; and"
[parser-unknown-class] "aasha3", text="(iii) performs other activities with regard to the declared Schedule 2 chemical(s), including a s..."
[parser-unknown-class] "aasha", text="(e) the production capacity of the plant for each declared Schedule 2 chemical."
[parser-unknown-class] "aasha2", text="8. Declarations of a plant site pursuant to paragraph 3 shall also include the following informat..."
[parser-unknown-class] "aasha", text="(a) the chemical name, common or trade name used by the facility, structural formula, and Chemica..."
[parser-unknown-class] "aasha", text="(b) in the case of the initial declaration: the total amount produced, processed, consumed, impor..."
[parser-unknown-class] "aasha", text="(c) in the case of the annual declaration on past activities: the total amount produced, processe..."
[parser-unknown-class] "aasha", text="(d) in the case of the annual declaration on anticipated activities: the total amount anticipated..."
[parser-unknown-class] "aasha", text="(e) the purpose for which the chemical was or will be produced, processed or consumed:"
[parser-unknown-class] "aasha3", text="(i) processing and consumption on site with a specification of the product types;"
[parser-unknown-class] "aasha3", text="(ii) sale or transfer within the territory or to any other place under the jurisdiction or contro..."
[parser-unknown-class] "aasha3", text="(iii) direct export, with a specification of the States involved; or"
[parser-unknown-class] "aasha3", text="(iv) other, including a specification of these other purposes."
[parser-unknown-class] "aasha5", text="Declarations on past production of Schedule 2 chemicals for chemical weapons purposes"
[parser-unknown-class] "aasha2", text="9. Each State Party shall, not later than 30 days after this Convention enters into force for it,..."
[parser-unknown-class] "aasha2", text="10. Declarations of a plant site pursuant to paragraph 9 shall include:"
[parser-unknown-class] "aasha", text="(a) the name of the plant site and the name of the owner, company, or enterprise operating it;"
[parser-unknown-class] "aasha", text="(b) its precise location including the address;"
[parser-unknown-class] "aasha", text="(c) for each plant which is located within the plant site, and which falls under the specificatio..."
[parser-unknown-class] "aasha", text="(d) for each Schedule 2 chemical produced for chemical weapons purposes:"
[parser-unknown-class] "aasha3", text="(i) the chemical name, common or trade name used by the plant site for chemical weapons productio..."
[parser-unknown-class] "aasha3", text="(ii) the dates when the chemical was produced and the quantity produced; and"
[parser-unknown-class] "aasha3", text="(iii) the location to which the chemical was delivered and the final product produced there, if k..."
[parser-unknown-class] "aasha5", text="Information to States Parties"
[parser-unknown-class] "aasha2", text="11. A list of plant sites declared under this Section together with the information provided unde..."
[parser-unknown-class] "aasha2", text="General"
[parser-unknown-class] "aasha2", text="12. Verification provided for in Article VI, paragraph 4, shall be carried out through on‑site in..."
[parser-unknown-class] "aasha", text="(a) 10 kg of a chemical designated “*” in Schedule 2, part A;"
[parser-unknown-class] "aasha", text="(b) 1 tonne of any other chemical listed in Schedule 2, part A; or"
[parser-unknown-class] "aasha", text="(c) 10 tonnes of a chemical listed in Schedule 2, part B."
[parser-unknown-class] "aasha2", text="13. The programme and budget of the Organization to be adopted by the Conference pursuant to Arti..."
[parser-unknown-class] "aasha2", text="14. The Technical Secretariat shall conduct initial inspections and subsequent inspections in acc..."
[parser-unknown-class] "aasha5", text="Inspection aims"
[parser-unknown-class] "aasha2", text="15. The general aim of inspections shall be to verify that activities are in accordance with obli..."
[parser-unknown-class] "aasha", text="(a) the absence of any Schedule 1 chemical, especially its production, except if in accordance wi..."
[parser-unknown-class] "aasha", text="(b) consistency with declarations of levels of production, processing or consumption of Schedule ..."
[parser-unknown-class] "aasha", text="(c) non‑diversion of Schedule 2 chemicals for activities prohibited under this Convention."
[parser-unknown-class] "aasha5", text="Initial inspections"
[parser-unknown-class] "aasha2", text="16. Each plant site to be inspected pursuant to paragraph 12 shall receive an initial inspection ..."
[parser-unknown-class] "aasha2", text="17. During the initial inspection, a draft facility agreement for the plant site shall be prepare..."
[parser-unknown-class] "aasha2", text="18. With regard to frequency and intensity of subsequent inspections, inspectors shall during the..."
[parser-unknown-class] "aasha", text="(a) the toxicity of the scheduled chemicals and of the end‑products produced with it, if any;"
[parser-unknown-class] "aasha", text="(b) the quantity of the scheduled chemicals typically stored at the inspected site;"
[parser-unknown-class] "aasha", text="(c) the quantity of feedstock chemicals for the scheduled chemicals typically stored at the inspe..."
[parser-unknown-class] "aasha", text="(d) the production capacity of the Schedule 2 plants; and"
[parser-unknown-class] "aasha", text="(e) the capability and convertibility for initiating production, storage and filling of toxic che..."
[parser-unknown-class] "aasha5", text="Inspections"
[parser-unknown-class] "aasha2", text="19. Having received the initial inspection, each plant site to be inspected pursuant to paragraph..."
[parser-unknown-class] "aasha2", text="20. In selecting particular plant sites for inspection and in deciding on the frequency and inten..."
[parser-unknown-class] "aasha2", text="21. The Technical Secretariat shall choose a particular plant site to be inspected in such a way ..."
[parser-unknown-class] "aasha2", text="22. No plant site shall receive more than two inspections per calendar year under the provisions ..."
[parser-unknown-class] "aasha5", text="Inspection procedures"
[parser-unknown-class] "aasha2", text="23. In addition to agreed guidelines, other relevant provisions of this Annex and the Confidentia..."
[parser-unknown-class] "aasha2", text="24. A facility agreement for the declared plant site shall be concluded not later than 90 days af..."
[parser-unknown-class] "aasha2", text="25. The focus of the inspection shall be the declared Schedule 2 plant(s) within the declared pla..."
[parser-unknown-class] "aasha2", text="26. Access to records shall be provided, as appropriate, to provide assurance that there has been..."
[parser-unknown-class] "aasha2", text="27. Sampling and analysis shall be undertaken to check for the absence of undeclared schedule che..."
[parser-unknown-class] "aasha2", text="28. Areas to be inspected may include:"
[parser-unknown-class] "aasha", text="(a) areas where feed chemicals (reactants) are delivered or stored;"
[parser-unknown-class] "aasha", text="(b) areas where manipulative processes are performed upon the reactants prior to addition to the ..."
[parser-unknown-class] "aasha", text="(c) feed lines as appropriate from the areas referred to in subparagraph (a) or subparagraph (b) ..."
[parser-unknown-class] "aasha", text="(d) the external aspect of the reaction vessels and ancillary equipment;"
[parser-unknown-class] "aasha", text="(e) lines from the reaction vessels leading to long‑ or short‑term storage or to equipment furthe..."
[parser-unknown-class] "aasha", text="(f) control equipment associated with any of the items under subparagraphs (a) to (e);"
[parser-unknown-class] "aasha", text="(g) equipment and areas for waste and effluent handling;"
[parser-unknown-class] "aasha", text="(h) equipment and areas for disposition of chemicals not up to specification."
[parser-unknown-class] "aasha2", text="29. The period of inspection shall not last more than 96 hours; however, extensions may be agreed..."
[parser-unknown-class] "aasha5", text="Notification of inspection"
[parser-unknown-class] "aasha2", text="30. A State Party shall be notified by the Technical Secretariat of the inspection not less than ..."
[parser-unknown-class] "aasha2", text="31. Schedule 2 chemicals shall only be transferred to or received from States Parties. This oblig..."
[parser-unknown-class] "aasha2", text="32. During this interim three‑year period, each State Party shall require an end‑use certificate,..."
[parser-unknown-class] "aasha", text="(a) that they will only be used for purposes not prohibited under this Convention;"
[parser-unknown-class] "aasha", text="(b) that they will not be re‑transferred;"
[parser-unknown-class] "aasha", text="(c) their types and quantities;"
[parser-unknown-class] "aasha", text="(d) their end‑use(s); and"
[parser-unknown-class] "aasha", text="(e) the name(s) and address(es) of the end‑user(s)."
[parser-unknown-class] "aasha5", text="Declarations of aggregate national data"
[parser-unknown-class] "aasha2", text="1. The initial and annual declarations to be provided by a State Party pursuant to Article VI, pa..."
[parser-unknown-class] "aasha2", text="2. Each State Party shall submit:"
[parser-unknown-class] "aasha", text="(a) initial declarations pursuant to paragraph 1 not later than 30 days after this Convention ent..."
[parser-unknown-class] "aasha", text="(b) annual declarations not later than 90 days after the end of the previous calendar year."
[parser-unknown-class] "aasha5", text="Declarations of plant sites producing Schedule 3 chemicals"
[parser-unknown-class] "aasha2", text="3. Initial and annual declarations are required for all plant sites that comprise one or more pla..."
[parser-unknown-class] "aasha2", text="4. Each State Party shall submit:"
[parser-unknown-class] "aasha", text="(a) initial declarations pursuant to paragraph 3 not later than 30 days after this Convention ent..."
[parser-unknown-class] "aasha", text="(b) annual declarations on past activities not later than 90 days after the end of the previous c..."
[parser-unknown-class] "aasha", text="(c) annual declarations on anticipated activities not later than 60 days before the beginning of ..."
[parser-unknown-class] "aasha2", text="5. Declarations pursuant to paragraph 3 are generally not required for mixtures containing a low ..."
[parser-unknown-class] "aasha2", text="6. Declarations of a plant site pursuant to paragraph 3 shall include:"
[parser-unknown-class] "aasha", text="(a) the name of the plant site and the name of the owner, company, or enterprise operating it;"
[parser-unknown-class] "aasha", text="(b) its precise location including the address; and"
[parser-unknown-class] "aasha", text="(c) the number of plants within the plant site which are declared pursuant to Part VII of this An..."
[parser-unknown-class] "aasha2", text="7. Declarations of a plant site pursuant to paragraph 3 shall also include, for each plant which ..."
[parser-unknown-class] "aasha", text="(a) the name of the plant and the name of the owner, company, or enterprise operating it;"
[parser-unknown-class] "aasha", text="(b) its precise location within the plant site, including the specific building or structure numb..."
[parser-unknown-class] "aasha", text="(c) its main activities."
[parser-unknown-class] "aasha2", text="8. Declarations of a plant site pursuant to paragraph 3 shall also include the following informat..."
[parser-unknown-class] "aasha", text="(a) the chemical name, common or trade name used by the facility, structural formula, and Chemica..."
[parser-unknown-class] "aasha", text="(b) the approximate amount of production of the chemical in the previous calendar year, or, in ca..."
[parser-unknown-class] "aasha", text="(c) the purposes for which the chemical was or will be produced."
[parser-unknown-class] "aasha5", text="Declarations on past production of Schedule 3 chemicals for chemical weapons purposes"
[parser-unknown-class] "aasha2", text="9. Each State Party shall, not later than 30 days after this Convention enters into force for it,..."
[parser-unknown-class] "aasha2", text="10. Declarations of a plant site pursuant to paragraph 9 shall include:"
[parser-unknown-class] "aasha", text="(a) the name of the plant site and the name of the owner, company, or enterprise operating it;"
[parser-unknown-class] "aasha", text="(b) its precise location including the address;"
[parser-unknown-class] "aasha", text="(c) for each plant which is located within the plant site, and which falls under the specificatio..."
[parser-unknown-class] "aasha", text="(d) for each Schedule 3 chemical produced for chemical weapons purposes:"
[parser-unknown-class] "aasha3", text="(i) the chemical name, common or trade name used by the plant site for chemical weapons productio..."
[parser-unknown-class] "aasha3", text="(ii) the dates when the chemical was produced and the quantity produced; and"
[parser-unknown-class] "aasha3", text="(iii) the location to which the chemical was delivered and the final product produced there, if k..."
[parser-unknown-class] "aasha5", text="Information to States Parties"
[parser-unknown-class] "aasha2", text="11. A list of plant sites declared under this Section together with the information provided unde..."
[parser-unknown-class] "aasha5", text="General"
[parser-unknown-class] "aasha2", text="12. Verification provided for in paragraph 5 of Article VI shall be carried out through on‑site i..."
[parser-unknown-class] "aasha2", text="13. The programme and budget of the Organization to be adopted by the Conference pursuant to Arti..."
[parser-unknown-class] "aasha2", text="14. Under this Section, the Technical Secretariat shall randomly select plant sites for inspectio..."
[parser-unknown-class] "aasha", text="(a) equitable geographical distribution of inspections; and"
[parser-unknown-class] "aasha", text="(b) the information on the declared plant sites available to the Technical Secretariat, related t..."
[parser-unknown-class] "aasha2", text="15. No plant site shall receive more than two inspections per year under the provisions of this S..."
[parser-unknown-class] "aasha2", text="16. In selecting plant sites for inspection under this Section, the Technical Secretariat shall o..."
[parser-unknown-class] "aasha5", text="Inspection aims"
[parser-unknown-class] "aasha2", text="17. At plant sites declared under Section A, the general aim of inspections shall be to verify th..."
[parser-unknown-class] "aasha5", text="Inspection procedures"
[parser-unknown-class] "aasha2", text="18. In addition to agreed guidelines, other relevant provisions of this Annex and the Confidentia..."
[parser-unknown-class] "aasha2", text="19. There shall be no facility agreement, unless requested by the inspected State Party."
[parser-unknown-class] "aasha2", text="20. The focus of the inspections shall be the declared Schedule 3 plant(s) within the declared pl..."
[parser-unknown-class] "aasha2", text="21. The inspection team may have access to records in situations in which the inspection team and..."
[parser-unknown-class] "aasha2", text="22. Sampling and on‑site analysis may be undertaken to check for the absence of undeclared schedu..."
[parser-unknown-class] "aasha2", text="23. Areas to be inspected may include:"
[parser-unknown-class] "aasha", text="(a) areas where feed chemicals (reactants) are delivered or stored;"
[parser-unknown-class] "aasha", text="(b) areas where manipulative processes are performed upon the reactants prior to addition to the ..."
[parser-unknown-class] "aasha", text="(c) feed lines as appropriate from the areas referred to in subparagraph (a) or subparagraph (b) ..."
[parser-unknown-class] "aasha", text="(d) the external aspect of the reaction vessels and ancillary equipment;"
[parser-unknown-class] "aasha", text="(e) lines from the reaction vessels leading to long‑ or short‑term storage or to equipment furthe..."
[parser-unknown-class] "aasha", text="(f) control equipment associated with any of the items under subparagraphs (a) to (e);"
[parser-unknown-class] "aasha", text="(g) equipment and areas for waste and effluent handling;"
[parser-unknown-class] "aasha", text="(h) equipment and areas for disposition of chemicals not up to specification."
[parser-unknown-class] "aasha2", text="24. The period of inspection shall not last more than 24 hours; however, extensions may be agreed..."
[parser-unknown-class] "aasha5", text="Notification of inspection"
[parser-unknown-class] "aasha2", text="25. A State Party shall be notified by the Technical Secretariat of the inspection not less than ..."
[parser-unknown-class] "aasha2", text="26. When transferring Schedule 3 chemicals to States not Party to this Convention, each State Par..."
[parser-unknown-class] "aasha", text="(a) that they will only be used for purposes not prohibited under this Convention;"
[parser-unknown-class] "aasha", text="(b) that they will not be re‑transferred;"
[parser-unknown-class] "aasha", text="(c) their types and quantities;"
[parser-unknown-class] "aasha", text="(d) their end‑use(s); and"
[parser-unknown-class] "aasha", text="(e) the name(s) and address(es) of the end‑user(s)."
[parser-unknown-class] "aasha2", text="27. Five years after entry into force of this Convention, the Conference shall consider the need ..."
[parser-unknown-class] "aasha5", text="List of other chemical production facilities"
[parser-unknown-class] "aasha2", text="1. The initial declaration to be provided by each State Party pursuant to Article VI, paragraph 7..."
[parser-unknown-class] "aasha", text="(a) produced by synthesis during the previous calendar year more than 200 tonnes of unscheduled d..."
[parser-unknown-class] "aasha", text="(b) comprise one or more plants which produced by synthesis during the previous calendar year mor..."
[parser-unknown-class] "aasha2", text="2. The list of other chemical production facilities to be submitted pursuant to paragraph 1 shall..."
[parser-unknown-class] "aasha2", text="3. Each State Party shall submit its list of other chemical production facilities pursuant to par..."
[parser-unknown-class] "aasha2", text="4. The list of other chemical production facilities to be submitted pursuant to paragraph 1 shall..."
[parser-unknown-class] "aasha", text="(a) The name of the plant site and the name of the owner, company, or enterprise operating it;"
[parser-unknown-class] "aasha", text="(b) The precise location of the plant site including its address;"
[parser-unknown-class] "aasha", text="(c) Its main activities; and"
[parser-unknown-class] "aasha", text="(d) The approximate number of plants producing the chemicals specified in paragraph 1 in the plan..."
[parser-unknown-class] "aasha2", text="5. With regard to plant sites listed pursuant to paragraph 1(a), the list shall also include info..."
[parser-unknown-class] "aasha2", text="6. With regard to plant sites listed pursuant to paragraph 1(b), the list shall also specify the ..."
[parser-unknown-class] "aasha5", text="Assistance by the Technical Secretariat"
[parser-unknown-class] "aasha2", text="7. If a State Party, for administrative reasons, deems it necessary to ask for assistance in comp..."
[parser-unknown-class] "aasha5", text="Information to States Parties"
[parser-unknown-class] "aasha2", text="8. The lists of other chemical production facilities submitted pursuant to paragraph 1, including..."
[parser-unknown-class] "aasha5", text="General"
[parser-unknown-class] "aasha2", text="9. Subject to the provisions of Section C, verification as provided for in Article VI, paragraph ..."
[parser-unknown-class] "aasha", text="(a) plant sites listed pursuant to paragraph 1(a); and"
[parser-unknown-class] "aasha", text="(b) plant sites listed pursuant to paragraph 1(b) that comprise one or more PSF‑plants which prod..."
[parser-unknown-class] "aasha2", text="10. The programme and budget of the Organization to be adopted by the Conference pursuant to Arti..."
[parser-unknown-class] "aasha2", text="11. Under this Section, the Technical Secretariat shall randomly select plant sites for inspectio..."
[parser-unknown-class] "aasha", text="(a) equitable geographical distribution of inspections;"
[parser-unknown-class] "aasha", text="(b) the information on the listed plant sites available to the Technical Secretariat, related to ..."
[parser-unknown-class] "aasha", text="(c) proposals by States Parties on a basis to be agreed upon in accordance with paragraph 25."
[parser-unknown-class] "aasha2", text="12. No plant site shall receive more than two inspections per year under the provisions of this S..."
[parser-unknown-class] "aasha2", text="13. In selecting plant sites for inspection under this Section, the Technical Secretariat shall o..."
[parser-unknown-class] "aasha5", text="Inspection aims"
[parser-unknown-class] "aasha2", text="14. At plant sites listed under Section A, the general aim of inspections shall be to verify that..."
[parser-unknown-class] "aasha5", text="Inspection procedures"
[parser-unknown-class] "aasha2", text="15. In addition to agreed guidelines, other relevant provisions of this Annex and the Confidentia..."
[parser-unknown-class] "aasha2", text="16. There shall be no facility agreement, unless requested by the inspected State Party."
[parser-unknown-class] "aasha2", text="17. The focus of inspection at a plant site selected for inspection shall be the plant(s) produci..."
[parser-unknown-class] "aasha2", text="18. The inspection team may have access to records in situations in which the inspection team and..."
[parser-unknown-class] "aasha2", text="19. Sampling and on‑site analysis may be undertaken to check for the absence of undeclared schedu..."
[parser-unknown-class] "aasha2", text="20. The period of inspection shall not last more than 24 hours; however, extensions may be agreed..."
[parser-unknown-class] "aasha5", text="Notification of Inspection"
[parser-unknown-class] "aasha2", text="21. A State Party shall be notified by the Technical Secretariat of the inspection not less than ..."
[parser-unknown-class] "aasha5", text="Implementation"
[parser-unknown-class] "aasha2", text="22. The implementation of Section B shall start at the beginning of the fourth year after entry i..."
[parser-unknown-class] "aasha2", text="23. The Director‑General shall, for the regular session of the Conference in the third year after..."
[parser-unknown-class] "aasha2", text="24. At its regular session in the third year after entry into force of this Convention, the Confe..."
[parser-unknown-class] "aasha2", text="25. At its regular session in the third year after entry into force of this Convention, the Confe..."
[parser-unknown-class] "aasha5", text="Review"
[parser-unknown-class] "aasha2", text="26. At the first special session of the Conference convened pursuant to Article VIII, paragraph 2..."
[parser-unknown-class] "aasha2", text="1. Challenge inspections pursuant to Article IX shall only be performed by inspectors and inspect..."
[parser-unknown-class] "aasha2", text="2. The Director‑General shall determine the size of the inspection team and select its members ta..."
[parser-unknown-class] "aasha2", text="3. Before submitting the inspection request for a challenge inspection, the State Party may seek ..."
[parser-unknown-class] "aasha5", text="Notification"
[parser-unknown-class] "aasha2", text="4. The inspection request for a challenge inspection to be submitted to the Executive Council and..."
[parser-unknown-class] "aasha", text="(a) the State Party to be inspected and, if applicable, the Host State;"
[parser-unknown-class] "aasha", text="(b) the point of entry to be used;"
[parser-unknown-class] "aasha", text="(c) the size and type of the inspection site;"
[parser-unknown-class] "aasha", text="(d) the concern regarding possible non‑compliance with this Convention including a specification ..."
[parser-unknown-class] "aasha", text="(e) the name of the observer of the requesting State Party."
[parser-unknown-class] "aasha5", text="The requesting State Party may submit any additional information it deems necessary."
[parser-unknown-class] "aasha2", text="5. The Director‑General shall within one hour acknowledge to the requesting State Party receipt o..."
[parser-unknown-class] "aasha2", text="6. The requesting State Party shall notify the Director‑General of the location of the inspection..."
[parser-unknown-class] "aasha2", text="7. The inspection site shall be designated by the requesting State Party as specifically as possi..."
[parser-unknown-class] "aasha2", text="8. The requested perimeter shall:"
[parser-unknown-class] "aasha", text="(a) run at least a 10 metre distance outside any buildings or other structures;"
[parser-unknown-class] "aasha", text="(b) not cut through existing security enclosures; and"
[parser-unknown-class] "aasha", text="(c) run at least a 10 metre distance outside any existing security enclosures that the requesting..."
[parser-unknown-class] "aasha2", text="9. If the requested perimeter does not conform with the specifications of paragraph 8, it shall b..."
[parser-unknown-class] "aasha2", text="10. The Director‑General shall, not less than 12 hours before the planned arrival of the inspecti..."
[parser-unknown-class] "aasha2", text="11. Contemporaneously with informing the Executive Council according to paragraph 10, the Directo..."
[parser-unknown-class] "aasha2", text="12. Upon arrival of the inspection team at the point of entry, the inspected State Party shall be..."
[parser-unknown-class] "aasha5", text="Entry into the territory of the inspected State Party or the Host State"
[parser-unknown-class] "aasha2", text="13. The Director‑General shall, in accordance with Article IX, paragraphs 13 to 18, dispatch an i..."
[parser-unknown-class] "aasha2", text="14. If the requested perimeter is acceptable to the inspected State Party, it shall be designated..."
[parser-unknown-class] "aasha2", text="15. For all declared facilities, the procedures in subparagraphs (a) and (b) shall apply. (For th..."
[parser-unknown-class] "aasha", text="(a) if the requested perimeter is contained within or conforms with the declared perimeter, the d..."
[parser-unknown-class] "aasha", text="(b) the inspected State Party shall transport the inspection team to the final perimeter as soon ..."
[parser-unknown-class] "aasha5", text="Alternative determination of final perimeter"
[parser-unknown-class] "aasha2", text="16. At the point of entry, if the inspected State Party cannot accept the requested perimeter, it..."
[parser-unknown-class] "aasha2", text="17. The alternative perimeter should be designated as specifically as possible in accordance with..."
[parser-unknown-class] "aasha", text="(a) an alternative perimeter that does not extend to an area significantly greater than that of t..."
[parser-unknown-class] "aasha", text="(b) an alternative perimeter that is a short, uniform distance from the requested perimeter;"
[parser-unknown-class] "aasha", text="(c) at least part of the requested perimeter is visible from the alternative perimeter."
[parser-unknown-class] "aasha2", text="18. If the alternative perimeter is acceptable to the inspection team, it shall become the final ..."
[parser-unknown-class] "aasha2", text="19. If a final perimeter is not agreed, the perimeter negotiations shall be concluded as early as..."
[parser-unknown-class] "aasha2", text="20. Once at the location, the inspected State Party shall provide the inspection team with prompt..."
[parser-unknown-class] "aasha2", text="21. If no agreement is reached within 72 hours after the arrival of the inspection team at the lo..."
[parser-unknown-class] "aasha5", text="Verification of location"
[parser-unknown-class] "aasha2", text="22. To help establish that the inspection site to which the inspection team has been transported ..."
[parser-unknown-class] "aasha5", text="Securing the site, exit monitoring"
[parser-unknown-class] "aasha2", text="23. Not later than 12 hours after the arrival of the inspection team at the point of entry, the i..."
[parser-unknown-class] "aasha2", text="24. This obligation may be met by collecting factual information in the form of traffic logs, pho..."
[parser-unknown-class] "aasha2", text="25. Upon the inspection team's arrival at the alternative perimeter or final perimeter, whichever..."
[parser-unknown-class] "aasha2", text="26. Such procedures shall include: the identification of vehicular exits, the making of traffic l..."
[parser-unknown-class] "aasha2", text="27. Additional procedures for exit monitoring activities as agreed upon by the inspection team an..."
[parser-unknown-class] "aasha", text="(a) use of sensors;"
[parser-unknown-class] "aasha", text="(b) random selective access;"
[parser-unknown-class] "aasha", text="(c) sample analysis."
[parser-unknown-class] "aasha2", text="28. All activities for securing the site and exit monitoring shall take place within a band aroun..."
[parser-unknown-class] "aasha2", text="29. The inspection team has the right to inspect on a managed access basis vehicular traffic exit..."
[parser-unknown-class] "aasha2", text="30. Personnel and vehicles entering and personnel and personal passenger vehicles exiting the sit..."
[parser-unknown-class] "aasha2", text="31. The application of the above procedures may continue for the duration of the inspection, but ..."
[parser-unknown-class] "aasha5", text="Pre‑inspection briefing and inspection plan"
[parser-unknown-class] "aasha2", text="32. To facilitate development of an inspection plan, the inspected State Party shall provide a sa..."
[parser-unknown-class] "aasha2", text="33. The pre‑inspection briefing shall be held in accordance with Part II, paragraph 37, of this A..."
[parser-unknown-class] "aasha2", text="34. After the pre‑inspection briefing, the inspection team shall prepare, on the basis of the inf..."
[parser-unknown-class] "aasha5", text="Perimeter activities"
[parser-unknown-class] "aasha2", text="35. Upon the inspection team's arrival at the final or alternative perimeter, whichever occurs fi..."
[parser-unknown-class] "aasha2", text="36. In conducting the perimeter activities, the inspection team shall have the right to:"
[parser-unknown-class] "aasha", text="(a) use monitoring instruments in accordance with Part II, paragraphs 27 to 30, of this Annex;"
[parser-unknown-class] "aasha", text="(b) take wipes, air, soil or effluent samples; and"
[parser-unknown-class] "aasha", text="(c) conduct any additional activities which may be agreed between the inspection team and the ins..."
[parser-unknown-class] "aasha2", text="37. The perimeter activities of the inspection team may be conducted within a band around the out..."
[parser-unknown-class] "aasha5", text="General rules"
[parser-unknown-class] "aasha2", text="38. The inspected State Party shall provide access within the requested perimeter as well as, if ..."
[parser-unknown-class] "aasha2", text="39. The inspected State Party shall provide access within the requested perimeter as soon as poss..."
[parser-unknown-class] "aasha2", text="40. Upon the request of the inspection team, the inspected State Party may provide aerial access ..."
[parser-unknown-class] "aasha2", text="41. In meeting the requirement to provide access as specified in paragraph 38, the inspected Stat..."
[parser-unknown-class] "aasha2", text="42. If the inspected State Party provides less than full access to places, activities, or informa..."
[parser-unknown-class] "aasha2", text="43. Upon arrival at the final perimeter of facilities declared pursuant to Articles IV, V and VI,..."
[parser-unknown-class] "aasha2", text="44. In carrying out the challenge inspection in accordance with the inspection request, the inspe..."
[parser-unknown-class] "aasha2", text="45. The inspection team shall be guided by the principle of conducting the challenge inspection i..."
[parser-unknown-class] "aasha5", text="Managed access"
[parser-unknown-class] "aasha2", text="46. The inspection team shall take into consideration suggested modifications of the inspection p..."
[parser-unknown-class] "aasha2", text="47. The inspected State Party shall designate the perimeter entry/exit points to be used for acce..."
[parser-unknown-class] "aasha2", text="48. In conformity with the relevant provisions in the Confidentiality Annex the inspected State P..."
[parser-unknown-class] "aasha", text="(a) removal of sensitive papers from office spaces;"
[parser-unknown-class] "aasha", text="(b) shrouding of sensitive displays, stores, and equipment;"
[parser-unknown-class] "aasha", text="(c) shrouding of sensitive pieces of equipment, such as computer or electronic systems;"
[parser-unknown-class] "aasha", text="(d) logging off of computer systems and turning off of data indicating devices;"
[parser-unknown-class] "aasha", text="(e) restriction of sample analysis to presence or absence of chemicals listed in Schedules 1, 2 a..."
[parser-unknown-class] "aasha", text="(f) using random selective access techniques whereby the inspectors are requested to select a giv..."
[parser-unknown-class] "aasha", text="(g) in exceptional cases, giving only individual inspectors access to certain parts of the inspec..."
[parser-unknown-class] "aasha2", text="49. The inspected State Party shall make every reasonable effort to demonstrate to the inspection..."
[parser-unknown-class] "aasha2", text="50. This may be accomplished by means of, inter alia, the partial removal of a shroud or environm..."
[parser-unknown-class] "aasha2", text="51. In the case of facilities declared pursuant to Articles IV, V and VI, the following shall apply:"
[parser-unknown-class] "aasha", text="(a) for facilities with facility agreements, access and activities within the final perimeter sha..."
[parser-unknown-class] "aasha", text="(b) for facilities without facility agreements, negotiation of access and activities shall be gov..."
[parser-unknown-class] "aasha", text="(c) access beyond that granted for inspections under Articles IV, V and VI shall be managed in ac..."
[parser-unknown-class] "aasha2", text="52. In the case of facilities declared pursuant to Article III, paragraph 1(d), the following sha..."
[parser-unknown-class] "aasha5", text="Observer"
[parser-unknown-class] "aasha2", text="53. In accordance with the provisions of Article IX, paragraph 12, on the participation of an obs..."
[parser-unknown-class] "aasha2", text="54. The observer shall have the right throughout the period of inspection to be in communication ..."
[parser-unknown-class] "aasha2", text="55. The observer shall have the right to arrive at the alternative or final perimeter of the insp..."
[parser-unknown-class] "aasha2", text="56. Throughout the in‑country period, the inspected State Party shall provide or arrange for the ..."
[parser-unknown-class] "aasha5", text="Duration of inspection"
[parser-unknown-class] "aasha2", text="57. The period of inspection shall not exceed 84 hours, unless extended by agreement with the ins..."
[parser-unknown-class] "aasha5", text="Departure"
[parser-unknown-class] "aasha2", text="58. Upon completion of the post‑inspection procedures at the inspection site, the inspection team..."
[parser-unknown-class] "aasha5", text="Reports"
[parser-unknown-class] "aasha2", text="59. The inspection report shall summarize in a general way the activities conducted by the inspec..."
[parser-unknown-class] "aasha2", text="60. The inspection team shall, not later than 72 hours after its return to its primary work locat..."
[parser-unknown-class] "aasha2", text="61. A draft final inspection report shall be made available to the inspected State Party not late..."
[parser-unknown-class] "aasha2", text="1. Investigations of alleged use of chemical weapons, or of alleged use of riot control agents as..."
[parser-unknown-class] "aasha2", text="2. The following additional provisions address specific procedures required in cases of alleged u..."
[parser-unknown-class] "aasha5", text="Request for an investigation"
[parser-unknown-class] "aasha2", text="3. The request for an investigation of an alleged use of chemical weapons to be submitted to the ..."
[parser-unknown-class] "aasha", text="(a) the State Party on whose territory use of chemical weapons is alleged to have taken place;"
[parser-unknown-class] "aasha", text="(b) the point of entry or other suggested safe routes of access;"
[parser-unknown-class] "aasha", text="(c) location and characteristics of the areas where chemical weapons are alleged to have been used;"
[parser-unknown-class] "aasha", text="(d) when chemical weapons are alleged to have been used;"
[parser-unknown-class] "aasha", text="(e) types of chemical weapons believed to have been used;"
[parser-unknown-class] "aasha", text="(f) extent of alleged use;"
[parser-unknown-class] "aasha", text="(g) characteristics of the possible toxic chemicals;"
[parser-unknown-class] "aasha", text="(h) effects on humans, animals and vegetation;"
[parser-unknown-class] "aasha", text="(i) request for specific assistance, if applicable."
[parser-unknown-class] "aasha2", text="4. The State Party which has requested an investigation may submit at any time any additional inf..."
[parser-unknown-class] "aasha5", text="Notification"
[parser-unknown-class] "aasha2", text="5. The Director‑General shall immediately acknowledge receipt to the requesting State Party of it..."
[parser-unknown-class] "aasha2", text="6. If applicable, the Director‑General shall notify the State Party on whose territory an investi..."
[parser-unknown-class] "aasha5", text="Assignment of inspection team"
[parser-unknown-class] "aasha2", text="7. The Director‑General shall prepare a list of qualified experts whose particular field of exper..."
[parser-unknown-class] "aasha2", text="8. The Director‑General shall select the leader and members of an inspection team from the inspec..."
[parser-unknown-class] "aasha2", text="9. When briefing the inspection team, the Director‑General shall include any additional informati..."
[parser-unknown-class] "aasha5", text="Dispatch of inspection team"
[parser-unknown-class] "aasha2", text="10. Immediately upon the receipt of a request for an investigation of alleged use of chemical wea..."
[parser-unknown-class] "aasha2", text="11. The Director‑General shall dispatch the team at the earliest opportunity, taking into account..."
[parser-unknown-class] "aasha2", text="12. If the inspection team has not been dispatched within 24 hours from the receipt of the reques..."
[parser-unknown-class] "aasha5", text="Briefings"
[parser-unknown-class] "aasha2", text="13. The inspection team shall have the right to be briefed by representatives of the inspected St..."
[parser-unknown-class] "aasha2", text="14. Before the commencement of the inspection the inspection team shall prepare an inspection pla..."
[parser-unknown-class] "aasha5", text="Access"
[parser-unknown-class] "aasha2", text="15. The inspection team shall have the right of access to any and all areas which could be affect..."
[parser-unknown-class] "aasha5", text="Sampling"
[parser-unknown-class] "aasha2", text="16. The inspection team shall have the right to collect samples of types, and in quantities it co..."
[parser-unknown-class] "aasha2", text="17. Samples of importance in the investigation of alleged use include toxic chemicals, munitions ..."
[parser-unknown-class] "aasha2", text="18. If duplicate samples cannot be taken and the analysis is performed at off‑site laboratories, ..."
[parser-unknown-class] "aasha5", text="Extension of inspection site"
[parser-unknown-class] "aasha2", text="19.  If the inspection team during an inspection deems it necessary to extend the investigation i..."
[parser-unknown-class] "aasha5", text="Extension of inspection duration"
[parser-unknown-class] "aasha2", text="20. If the inspection team deems that safe access to a specific area relevant to the investigatio..."
[parser-unknown-class] "aasha5", text="Interviews"
[parser-unknown-class] "aasha2", text="21. The inspection team shall have the right to interview and examine persons who may have been a..."
[parser-unknown-class] "aasha5", text="Procedures"
[parser-unknown-class] "aasha2", text="22. The inspection team shall, not later than 24 hours after its arrival on the territory of the ..."
[parser-unknown-class] "aasha2", text="23. The inspection team shall, not later than 72 hours after its return to its primary work locat..."
[parser-unknown-class] "aasha5", text="Contents"
[parser-unknown-class] "aasha2", text="24. The situation report shall indicate any urgent need for assistance and any other relevant inf..."
[parser-unknown-class] "aasha2", text="25. The final report shall summarize the factual findings of the inspection, particularly with re..."
[parser-unknown-class] "aasha", text="(a) the locations and time of sampling and on‑site analyses; and"
[parser-unknown-class] "aasha", text="(b) supporting evidence, such as the records of interviews, the results of medical examinations a..."
[parser-unknown-class] "aasha2", text="26. If the inspection team collects through, inter alia, identification of any impurities or othe..."
[parser-unknown-class] "aasha2", text="27. In the case of alleged use of chemical weapons involving a State not Party to this Convention..."
[parser-unknown-class] "aasha2", text="1. The obligation to protect confidential information shall pertain to the verification of both c..."
[parser-unknown-class] "aasha", text="(a) require only the minimum amount of information and data necessary for the timely and efficien..."
[parser-unknown-class] "aasha", text="(b) take the necessary measures to ensure that inspectors and other staff members of the Technica..."
[parser-unknown-class] "aasha", text="(c) develop agreements and regulations to implement the provisions of this Convention and shall s..."
[parser-unknown-class] "aasha2", text="2. The Director‑General shall have the primary responsibility for ensuring the protection of conf..."
[parser-unknown-class] "aasha", text="(a) information shall be considered confidential if:"
[parser-unknown-class] "aasha3", text="(i) it is so designated by the State Party from which the information was obtained and to which t..."
[parser-unknown-class] "aasha3", text="(ii) in the judgement of the Director‑General, its unauthorized disclosure could reasonably be ex..."
[parser-unknown-class] "aasha", text="(b) all data and documents obtained by the Technical Secretariat shall be evaluated by the approp..."
[parser-unknown-class] "aasha3", text="(i) the initial and annual reports and declarations provided by States Parties under Articles III..."
[parser-unknown-class] "aasha3", text="(ii) general reports on the results and effectiveness of verification activities; and"
[parser-unknown-class] "aasha3", text="(iii) information to be supplied to all States Parties in accordance with the provisions of this ..."
[parser-unknown-class] "aasha", text="(c) no information obtained by the Organization in connection with the implementation of this Con..."
[parser-unknown-class] "aasha3", text="(i) general information on the implementation of this Convention may be compiled and released pub..."
[parser-unknown-class] "aasha3", text="(ii) any information may be released with the express consent of the State Party to which the inf..."
[parser-unknown-class] "aasha3", text="(iii) information classified as confidential shall be released by the Organization only through p..."
[parser-unknown-class] "aasha", text="(d) the level of sensitivity of confidential data or documents shall be established, based on cri..."
[parser-unknown-class] "aasha", text="(e) confidential information shall be stored securely at the premises of the Organization. Some d..."
[parser-unknown-class] "aasha", text="(f) to the greatest extent consistent with the effective implementation of the verification provi..."
[parser-unknown-class] "aasha", text="(g) the amount of confidential information removed from a facility shall be kept to a minimum nec..."
[parser-unknown-class] "aasha", text="(h) access to confidential information shall be regulated in accordance with its classification. ..."
[parser-unknown-class] "aasha2", text="3. The Director‑General shall report annually to the Conference on the implementation of the regi..."
[parser-unknown-class] "aasha2", text="4. Each State Party shall treat information which it receives from the Organization in accordance..."
[parser-unknown-class] "aasha2", text="5. Conditions of staff employment shall be such as to ensure that access to and handling of confi..."
[parser-unknown-class] "aasha2", text="6. Each position in the Technical Secretariat shall be governed by a formal position description ..."
[parser-unknown-class] "aasha2", text="7. The Director‑General, the inspectors and the other members of the staff shall not disclose eve..."
[parser-unknown-class] "aasha2", text="8. In the discharge of their functions inspectors shall only request the information and data whi..."
[parser-unknown-class] "aasha2", text="9. The staff shall enter into individual secrecy agreements with the Technical Secretariat coveri..."
[parser-unknown-class] "aasha2", text="10. In order to avoid improper disclosures, inspectors and staff members shall be appropriately a..."
[parser-unknown-class] "aasha2", text="11. Not less than 30 days before an employee is given clearance for access to confidential inform..."
[parser-unknown-class] "aasha2", text="12. In evaluating the performance of inspectors and any other employees of the Technical Secretar..."
[parser-unknown-class] "aasha2", text="13. States Parties may take such measures as they deem necessary to protect confidentiality, prov..."
[parser-unknown-class] "aasha2", text="14. Inspection teams shall be guided by the principle of conducting on‑site inspections in the le..."
[parser-unknown-class] "aasha2", text="15. Inspection teams shall strictly abide by the provisions set forth in the relevant Articles an..."
[parser-unknown-class] "aasha2", text="16. In the elaboration of arrangements and facility agreements, due regard shall be paid to the r..."
[parser-unknown-class] "aasha2", text="17. The report to be prepared after each inspection shall only contain facts relevant to complian..."
[parser-unknown-class] "aasha2", text="18. The Director‑General shall establish necessary procedures to be followed in case of breaches ..."
[parser-unknown-class] "aasha2", text="19. The Director‑General shall oversee the implementation of individual secrecy agreements. The D..."
[parser-unknown-class] "aasha2", text="20. The Director‑General shall impose appropriate punitive and disciplinary measures on staff mem..."
[parser-unknown-class] "aasha2", text="21. States Parties shall, to the extent possible, cooperate and support the Director‑General in i..."
[parser-unknown-class] "aasha2", text="22. The Organization shall not be held liable for any breach of confidentiality committed by memb..."
[parser-unknown-class] "aasha2", text="23. For breaches involving both a State Party and the Organization, a “Commission for the settlem..."
[parser-diag] processed 3902 <p> elements
[parser-diag] last section was added at element index: 1249
[parser-diag] state phase at end: ENDNOTES
[parser-diag] hierarchy stack depth at end: 1
[parser-diag] insideSchedule at end: true
[parse] sections: 133
[parse] compilation: date=2024-10-14 no=15
[parse] by level:
         part         8
         section      111
         division     13
         schedule     1
[db] inserted new legislation row: 477f432f-0ce3-4d97-bdc6-a322e3bfe00f
[db] inserting 133 sections (pass 1)
[db] inserted 133 sections
[db] linking parent FKs (pass 2)
[db] linked 124 parent references

[done] ingested Chemical Weapons (Prohibition) Act 1994
       legislation_id: 477f432f-0ce3-4d97-bdc6-a322e3bfe00f
       sections: 133
       compilation: 2024-10-14
