[fetch] document_1: https://www.legislation.gov.au/C2014A00062/2016-03-05/2016-03-05/text/original/epub/OEBPS/document_1/document_1.html
[fetch] document_1: 1,709,239 bytes
[fetch] document_2: https://www.legislation.gov.au/C2014A00062/2016-03-05/2016-03-05/text/original/epub/OEBPS/document_2/document_2.html
[fetch] document_2 not found — stopping. Fetched 1 document(s).
[fetch] combined 1 document(s), 1,709,239 source bytes → 1,704,958 combined bytes
[citation] Public Governance, Performance and Accountability (Consequential and Transitional Provisions) Act 2014 (Cth)
[parse] starting
[parser-diag] total <p> elements found: 8148
[parser-unknown-class] "ActHead6", text="Schedule 1—Application provisions for and amendments of the PGPA Act"
[parser-unknown-class] "ActHead7", text="Part 1—Delayed application of certain provisions of Parts 2‑3 and 3‑2 of the PGPA Act"
[parser-unknown-class] "ItemHead", text="1  Corporate plans"
[parser-unknown-class] "ItemHead", text="2  Budget estimates"
[parser-unknown-class] "ItemHead", text="3  Annual performance statements"
[parser-unknown-class] "ItemHead", text="4  Annual financial statements"
[parser-unknown-class] "ItemHead", text="5  Audit of financial statements of subsidiaries"
[parser-unknown-class] "ItemHead", text="6  Annual reports"
[parser-unknown-class] "ItemHead", text="7  Australian Government financial reporting"
[parser-unknown-class] "ActHead7", text="Part 2—Other application provisions"
[parser-unknown-class] "ItemHead", text="8  Duties of officials—use of position"
[parser-unknown-class] "ItemHead", text="9  Duties of officials—use of information"
[parser-unknown-class] "ItemHead", text="10  Duties of officials—disclosure of interests"
[parser-unknown-class] "ItemHead", text="11  Termination of appointment"
[parser-unknown-class] "ItemHead", text="12  Banking"
[parser-unknown-class] "ItemHead", text="13  Waiver of amounts and modification of payment terms"
[parser-unknown-class] "ItemHead", text="14  Set‑off"
[parser-unknown-class] "ItemHead", text="15  Gifts of relevant property"
[parser-unknown-class] "ItemHead", text="16  Losses of relevant money or relevant property"
[parser-unknown-class] "ItemHead", text="17  Ministers to inform Parliament of certain events"
[parser-unknown-class] "ItemHead", text="18  Receipt of amounts by non‑corporate Commonwealth entities"
[parser-unknown-class] "ItemHead", text="19  Transfers of functions between non‑corporate Commonwealth entities"
[parser-unknown-class] "ItemHead", text="20  Payments between non‑corporate Commonwealth entities"
[parser-unknown-class] "ItemHead", text="21  Repayments by the Commonwealth"
[parser-unknown-class] "ItemHead", text="22  Special accounts"
[parser-unknown-class] "ItemHead", text="23  Recovery of debts"
[parser-unknown-class] "ActHead7", text="Part 3—Amendments"
[parser-unknown-class] "ActHead9", text="Public Governance, Performance and Accountability Act 2013"
[parser-unknown-class] "ItemHead", text="24  At the end of section 101"
[parser-unknown-class] "ActHead6", text="Schedule 2—Amendment of the Financial Management and Accountability Act 1997"
[parser-unknown-class] "ActHead7", text="Part 1—Amendments"
[parser-unknown-class] "ActHead9", text="Financial Management and Accountability Act 1997"
[parser-unknown-class] "ItemHead", text="1  Reader’s guide"
[parser-unknown-class] "ItemHead", text="2  Title"
[parser-unknown-class] "ItemHead", text="3  Section 1"
[parser-unknown-class] "ItemHead", text="4  After section 2"
[parser-unknown-class] "ItemHead", text="5  At the end of Part 1"
[parser-unknown-class] "ItemHead", text="6  Parts 2 and 3"
[parser-unknown-class] "ItemHead", text="7  Part 4 (heading)"
[parser-unknown-class] "ItemHead", text="8  Divisions 1 to 3A of Part 4"
[parser-unknown-class] "ItemHead", text="9  Division 3B of Part 4 (heading)"
[parser-unknown-class] "ItemHead", text="10  Section 32B (heading)"
[parser-unknown-class] "ItemHead", text="11  Subparagraph 32B(1)(a)(i)"
[parser-unknown-class] "ItemHead", text="12  Subsection 32B(1)"
[parser-unknown-class] "ItemHead", text="13  At the end of subsection 32B(1)"
[parser-unknown-class] "ItemHead", text="14  Subsection 32B(2)"
[parser-unknown-class] "ItemHead", text="15  Subsection 32B(2) (notes 1 and 2)"
[parser-unknown-class] "ItemHead", text="16  Subsection 32C(3)"
[parser-unknown-class] "ItemHead", text="17  Subsection 32C(3) (notes 1 and 2)"
[parser-unknown-class] "ItemHead", text="18  Sections 32D and 32E"
[parser-unknown-class] "ItemHead", text="19  Division 4 of Part 4"
[parser-unknown-class] "ItemHead", text="20  Part 5 (heading)"
[parser-unknown-class] "ItemHead", text="21  Sections 37 to 39A"
[parser-unknown-class] "ItemHead", text="22  Subsection 39B(3) (note)"
[parser-unknown-class] "ItemHead", text="23  Subsection 39B(4)"
[parser-unknown-class] "ItemHead", text="24  Subsection 39B(5) (definition of Commonwealth company)"
[parser-unknown-class] "ItemHead", text="25  At the end of Part 5"
[parser-unknown-class] "ItemHead", text="26  Parts 6 to 8"
[parser-unknown-class] "ItemHead", text="27  Part 9 (heading)"
[parser-unknown-class] "ItemHead", text="28  Sections 58 to 64"
[parser-unknown-class] "ItemHead", text="29  Subsection 65(1)"
[parser-unknown-class] "ItemHead", text="30  Subsection 65(2)"
[parser-unknown-class] "ActHead7", text="Part 2—Transitional and application provisions"
[parser-unknown-class] "ActHead8", text="Division 1—Transitional and application provisions"
[parser-unknown-class] "ItemHead", text="31  Allocation of certain persons to Departments of State, Departments of the Parliament and pres..."
[parser-unknown-class] "Subitem", text="(1) The following table provides that certain persons are taken to be officials of Commonwealth e..."
[parser-unknown-class] "Subitem", text="(2) A person ceases to be taken to be such an official when the person would have ceased to be co..."
[parser-unknown-class] "ItemHead", text="32  Prescribed Agencies"
[parser-unknown-class] "ItemHead", text="33  Notional payments and receipts by Agencies"
[parser-unknown-class] "ItemHead", text="34  Agreements with banks about receipt, transmission etc. of public money"
[parser-unknown-class] "Subitem", text="(1) An agreement made under section 8 of the FMA Act (which deals with agreements with banks abou..."
[parser-unknown-class] "Subitem", text="(2) An agreement made under section 8 of the FMA Act with the Reserve Bank of Australia in relati..."
[parser-unknown-class] "ItemHead", text="35  Public money must be promptly banked etc."
[parser-unknown-class] "ItemHead", text="36  Establishment of Special Accounts by Finance Minister"
[parser-unknown-class] "Subitem", text="(1) A determination made under subsection 20(1) of the FMA Act (which deals with the establishmen..."
[parser-unknown-class] "Subitem", text="(2) Subitem (1) does not apply to the following determinations:"
[parser-unknown-class] "ItemHead", text="37  Drawing rights"
[parser-unknown-class] "ItemHead", text="39  Repayments to the Commonwealth"
[parser-unknown-class] "ItemHead", text="40  Appropriations to take account of recoverable GST"
[parser-unknown-class] "ItemHead", text="41  Retaining prescribed receipts"
[parser-unknown-class] "ItemHead", text="42  Regulations made for the purposes of sections 32B and 39B"
[parser-unknown-class] "ItemHead", text="43  Delegations by Minister"
[parser-unknown-class] "Subitem", text="(1) A delegation by a Minister under subsection 32D(1) of the FMA Act that is in force immediatel..."
[parser-unknown-class] "Subitem", text="(2) A direction given by a Minister for the purposes of subsection 32D(2) of the FMA Act that is ..."
[parser-unknown-class] "ItemHead", text="44  Finance Minister may approve act of grace payments"
[parser-unknown-class] "Subitem", text="An authorisation given under section 33 of the FMA Act (which deals with the Finance Minister app..."
[parser-unknown-class] "ItemHead", text="45  Finance Minister may borrow for short periods"
[parser-unknown-class] "ItemHead", text="46  Investment of public money"
[parser-unknown-class] "ItemHead", text="47  Minister must inform Parliament of involvement in a company by the Commonwealth or a prescrib..."
[parser-unknown-class] "ItemHead", text="48  Gifts of public property"
[parser-unknown-class] "ItemHead", text="49  Promoting proper use of Commonwealth resources"
[parser-unknown-class] "ItemHead", text="50  Keeping responsible Minister and Finance Minister informed"
[parser-unknown-class] "ItemHead", text="51  Recovery of debts"
[parser-unknown-class] "ItemHead", text="52  Accounts and records"
[parser-unknown-class] "Subitem", text="Despite the repeal of section 48 of the FMA Act (which deals with accounts and records), that sec..."
[parser-unknown-class] "ItemHead", text="53  Continuing application of certain provisions"
[parser-unknown-class] "Subitem", text="Despite the repeal of the following provisions of the FMA Act, those provisions continue to apply..."
[parser-unknown-class] "ItemHead", text="54  Additional financial statements"
[parser-unknown-class] "ItemHead", text="55  Chief Executive may delegate powers"
[parser-unknown-class] "SubitemHead", text="Delegation of Chief Executive’s powers"
[parser-unknown-class] "Subitem", text="(1) A delegation, under section 53 of the FMA Act, by a Chief Executive of an Agency of his or he..."
[parser-unknown-class] "Subitem", text="(2) A direction given by a Chief Executive of an Agency for the purposes of a delegation referred..."
[parser-unknown-class] "SubitemHead", text="Subdelegation of Finance Minister’s powers by Chief Executive"
[parser-unknown-class] "Subitem", text="(3) A delegation, under section 53 of the FMA Act, by a Chief Executive of an Agency of the Finan..."
[parser-unknown-class] "Subitem", text="(4) A direction given by a Chief Executive of an Agency for the purposes of a delegation referred..."
[parser-unknown-class] "ItemHead", text="56  Requirement to publish monthly financial statements"
[parser-unknown-class] "ItemHead", text="57  Modified operation of Act and relevant regulations"
[parser-unknown-class] "ItemHead", text="58  Finance Minister may delegate powers"
[parser-unknown-class] "SubitemHead", text="Delegation of powers under section 32B or 32C of the FMA Act"
[parser-unknown-class] "Subitem", text="(1) A delegation, under section 62 of the FMA Act, by the Finance Minister of the Finance Ministe..."
[parser-unknown-class] "Subitem", text="(2) A direction given by the Finance Minister for the purposes of a delegation referred to in sub..."
[parser-unknown-class] "SubitemHead", text="Delegation of powers under section 39B of the FMA Act"
[parser-unknown-class] "Subitem", text="(3) A delegation, under section 62 of the FMA Act, by the Finance Minister of the Finance Ministe..."
[parser-unknown-class] "Subitem", text="(4) A direction given by the Finance Minister for the purposes of a delegation referred to in sub..."
[parser-unknown-class] "ItemHead", text="58A  Guidelines"
[parser-unknown-class] "ItemHead", text="59  Approvals of spending proposals"
[parser-unknown-class] "ActHead8", text="Division 2—Continuation of instruments"
[parser-unknown-class] "ItemHead", text="60  Continuation of instruments"
[parser-unknown-class] "Subitem", text="(1) This item applies if:"
[parser-unknown-class] "Subitem", text="(2) The regulations or other instrument are taken, after the commencement time, to continue in fo..."
[parser-unknown-class] "ActHead6", text="Schedule 3—Repeal of the Commonwealth Authorities and Companies Act 1997"
[parser-unknown-class] "ActHead7", text="Part 1—Repeal"
[parser-unknown-class] "ActHead9", text="Commonwealth Authorities and Companies Act 1997"
[parser-unknown-class] "ItemHead", text="1  The whole of the Act"
[parser-unknown-class] "ActHead7", text="Part 2—Transitional and application provisions"
[parser-unknown-class] "ItemHead", text="2  Continuing application of certain provisions"
[parser-unknown-class] "Subitem", text="(1) Despite the repeal of the provisions of the CAC Act referred to in subitem (1A), those provis..."
[parser-unknown-class] "Subitem", text="(1A) For subitem (1), the provisions of the CAC Act are as follows:"
[parser-unknown-class] "Subitem", text="(2) Despite the repeal of section 11 of the CAC Act (which deals with the contravention of annual..."
[parser-unknown-class] "ItemHead", text="3  Responsible Minister to be notified of significant events"
[parser-unknown-class] "ItemHead", text="4  Keeping responsible Minister and Finance Minister informed"
[parser-unknown-class] "ItemHead", text="5  Corporate plan for GBE"
[parser-unknown-class] "ItemHead", text="6  Banking and investment"
[parser-unknown-class] "Subitem", text="(1) Despite the repeal of subsections 18(2) and 19(2) of the CAC Act (which deal with banking and..."
[parser-unknown-class] "Subitem", text="(2) Surplus money that, immediately before the commencement time, is invested under section 18 or..."
[parser-unknown-class] "Subitem", text="(3) An approval that is in force immediately before the commencement time under paragraph 18(3)(d..."
[parser-unknown-class] "ItemHead", text="7  Accounting records"
[parser-unknown-class] "ItemHead", text="8  Use of position—civil obligations"
[parser-unknown-class] "ItemHead", text="9  Use of information—civil obligations"
[parser-unknown-class] "ItemHead", text="10  Disqualification order for contravention of civil penalty provision"
[parser-unknown-class] "ItemHead", text="11  Director may give other directors standing notice about an interest"
[parser-unknown-class] "ItemHead", text="12  Right of access to authority’s books"
[parser-unknown-class] "ItemHead", text="13  Indemnification and exemption of officer"
[parser-unknown-class] "ItemHead", text="14  Insurance for certain liabilities of officers"
[parser-unknown-class] "ItemHead", text="15  Cessation of sections 28 and 43 notifications"
[parser-unknown-class] "ItemHead", text="17  Continuation of instruments"
[parser-unknown-class] "Subitem", text="(1) This item applies if:"
[parser-unknown-class] "Subitem", text="(2) The regulations or other instrument are taken, after that time, to continue in force for the ..."
[parser-unknown-class] "ActHead6", text="Schedule 4—Auditor‑General Act 1997 and related amendments"
[parser-unknown-class] "ActHead7", text="Part 1—Amendments"
[parser-unknown-class] "ActHead9", text="Auditor‑General Act 1997"
[parser-unknown-class] "ItemHead", text="1  Readers guide (heading “Related legislation”)"
[parser-unknown-class] "ItemHead", text="2   Readers guide (paragraphs under the heading “Related legislation”)"
[parser-unknown-class] "ItemHead", text="3  Subsection 5(1)"
[parser-unknown-class] "ItemHead", text="4  Subsection 5(1)"
[parser-unknown-class] "ItemHead", text="5  Subsection 5(1) (definition of Agency)"
[parser-unknown-class] "ItemHead", text="6  Subsection 5(1) (definition of Chief Executive)"
[parser-unknown-class] "ItemHead", text="7  Subsection 5(1) (definition of Commonwealth authority)"
[parser-unknown-class] "ItemHead", text="8  Subsection 5(1) (definition of Commonwealth company)"
[parser-unknown-class] "ItemHead", text="9  Subsection 5(1)"
[parser-unknown-class] "ItemHead", text="10  Subsection 5(1)"
[parser-unknown-class] "ItemHead", text="11  Subsection 5(1) (definition of director)"
[parser-unknown-class] "ItemHead", text="12  Subsection 5(1) (definition of Finance Minister)"
[parser-unknown-class] "ItemHead", text="13  Subsection 5(1) (definition of FMA official)"
[parser-unknown-class] "ItemHead", text="14  Subsection 5(1) (definition of GBE or government business enterprise)"
[parser-unknown-class] "ItemHead", text="15  Subsection 5(1)"
[parser-unknown-class] "ItemHead", text="16  Subsection 5(1) (definition of officer)"
[parser-unknown-class] "ItemHead", text="17  Subsection 5(1)"
[parser-unknown-class] "ItemHead", text="18  Subsection 5(1) (definition of responsible Minister)"
[parser-unknown-class] "ItemHead", text="19  Subsection 5(1) (definition of senior manager)"
[parser-unknown-class] "ItemHead", text="20  Subsection 5(1) (definition of subsidiary)"
[parser-unknown-class] "ItemHead", text="21  Subsection 5(1) (definition of wholly owned Commonwealth company)"
[parser-unknown-class] "ItemHead", text="22  Subsection 5(2)"
[parser-unknown-class] "ItemHead", text="23  Division 1 of Part 4 (heading)"
[parser-unknown-class] "ItemHead", text="24  Sections 11, 12, 13 and 14"
[parser-unknown-class] "ItemHead", text="25  After Division 1 of Part 4"
[parser-unknown-class] "ItemHead", text="26  Sections 15, 16 and 17"
[parser-unknown-class] "ItemHead", text="27  Subsection 18(1)"
[parser-unknown-class] "ItemHead", text="28  Paragraphs 18(2)(d), (e) and (f)"
[parser-unknown-class] "ItemHead", text="29  Paragraph 18(2)(h)"
[parser-unknown-class] "ItemHead", text="30  Subsection 18(4) (definition of Commonwealth public sector)"
[parser-unknown-class] "ItemHead", text="31  Section 18A"
[parser-unknown-class] "ItemHead", text="32  Subsection 18B(4)"
[parser-unknown-class] "ItemHead", text="33  Paragraph 18B(6)(c)"
[parser-unknown-class] "ItemHead", text="34  Subsection 18B(7)"
[parser-unknown-class] "ItemHead", text="35  Section 19"
[parser-unknown-class] "ItemHead", text="36  Subsections 19A(1) and (2)"
[parser-unknown-class] "ItemHead", text="37  Paragraph 21(1)(a)"
[parser-unknown-class] "ItemHead", text="38  Paragraph 21(1)(c)"
[parser-unknown-class] "ItemHead", text="39  Paragraph 24(a)"
[parser-unknown-class] "ItemHead", text="40  Paragraph 24(c)"
[parser-unknown-class] "ItemHead", text="41  Section 28"
[parser-unknown-class] "ItemHead", text="42  Subsection 29(1)"
[parser-unknown-class] "ItemHead", text="43  Subsection 32(5) (definition of authorised official)"
[parser-unknown-class] "ItemHead", text="44  Paragraph 33(1)(a)"
[parser-unknown-class] "ItemHead", text="45  At the end of subsection 33(1)"
[parser-unknown-class] "ItemHead", text="46  Subsection 33(4) (definition of authorised official)"
[parser-unknown-class] "ItemHead", text="47  Section 44"
[parser-unknown-class] "ItemHead", text="48  Section 50"
[parser-unknown-class] "ItemHead", text="49  Section 54 (heading)"
[parser-unknown-class] "ItemHead", text="50  Subsection 54(1)"
[parser-unknown-class] "ItemHead", text="51  Subsection 54(3)"
[parser-unknown-class] "ItemHead", text="52  Subsection 54(4)"
[parser-unknown-class] "ItemHead", text="53  At the end of clause 6 of Schedule 1"
[parser-unknown-class] "ActHead9", text="Norfolk Island Act 1979"
[parser-unknown-class] "ItemHead", text="54  Subsection 48D(5)"
[parser-unknown-class] "ItemHead", text="55  Paragraph 48G(2)(f)"
[parser-unknown-class] "ActHead9", text="Public Accounts and Audit Committee Act 1951"
[parser-unknown-class] "ItemHead", text="56  After paragraph 8(1)(k)"
[parser-unknown-class] "ActHead7", text="Part 2—Application provisions"
[parser-unknown-class] "ItemHead", text="57  Annual financial statements audits"
[parser-unknown-class] "Subitem", text="(1) The amendments made by items 23, 24, 47 and 54 of this Schedule apply, subject to subitem (2)..."
[parser-unknown-class] "Subitem", text="(2) Section 14 of the Auditor‑General Act 1997 (as inserted by this Schedule) does not apply in r..."
[parser-unknown-class] "ItemHead", text="58  Annual performance statement audits"
[parser-unknown-class] "ItemHead", text="59  Performance audits and assurance reviews"
[parser-unknown-class] "Subitem", text="The amendments made by items 26 to 36 of this Schedule apply in relation to performance audits an..."
[parser-unknown-class] "ItemHead", text="60  Auditing standards"
[parser-unknown-class] "Subitem", text="The amendment of paragraph 24(c) of the Auditor‑General Act 1997 made by this Schedule applies in..."
[parser-unknown-class] "ItemHead", text="61  Annual reports"
[parser-unknown-class] "ItemHead", text="62  Delegations"
[parser-unknown-class] "ItemHead", text="63  Parliamentary appropriations"
[parser-unknown-class] "Subitem", text="Section 50 of the Auditor‑General Act 1997 as inserted by this Schedule applies in relation to ap..."
[parser-unknown-class] "ItemHead", text="64  Requirements to provide reports, documents or information"
[parser-unknown-class] "Subitem", text="The amendments of section 54 of the Auditor‑General Act 1997 made by this Schedule apply in relat..."
[parser-unknown-class] "ActHead6", text="Schedule 5—Corporate status of bodies"
[parser-unknown-class] "ActHead7", text="Part 1—Bodies ceasing to be bodies corporate"
[parser-unknown-class] "ActHead9", text="Australian Communications and Media Authority Act 2005"
[parser-unknown-class] "ItemHead", text="1  Division 3 of Part 2"
[parser-unknown-class] "ItemHead", text="2  Part 3 (heading)"
[parser-unknown-class] "ItemHead", text="3  Division 1 of Part 3"
[parser-unknown-class] "ItemHead", text="4  After section 62"
[parser-unknown-class] "ActHead9", text="Fisheries Administration Act 1991"
[parser-unknown-class] "ItemHead", text="5  Section 5"
[parser-unknown-class] "ItemHead", text="6  At the end of section 5"
[parser-unknown-class] "ItemHead", text="7  Subsection 8(1)"
[parser-unknown-class] "ItemHead", text="8  At the end of subsection 8(1)"
[parser-unknown-class] "ItemHead", text="9  Subsections 8(2) and (3)"
[parser-unknown-class] "ItemHead", text="10  Sections 10 and 10A"
[parser-unknown-class] "ItemHead", text="11  Subsection 92(1)"
[parser-unknown-class] "ItemHead", text="12  Section 94A"
[parser-unknown-class] "ItemHead", text="13  At the end of Division 9 of Part 2"
[parser-unknown-class] "ActHead9", text="Great Barrier Reef Marine Park Act 1975"
[parser-unknown-class] "ItemHead", text="14  Subsection 8(1)"
[parser-unknown-class] "ItemHead", text="15  Subsections 8(4) to (8)"
[parser-unknown-class] "ItemHead", text="16  Section 8A"
[parser-unknown-class] "ItemHead", text="17  Section 9"
[parser-unknown-class] "ItemHead", text="18  Subsections 47(1) and (2)"
[parser-unknown-class] "ItemHead", text="19  Division 3 of Part VII"
[parser-unknown-class] "ItemHead", text="20  Section 61B (heading)"
[parser-unknown-class] "ItemHead", text="21  Paragraph 61B(1)(b)"
[parser-unknown-class] "ItemHead", text="22  Subsection 61B(1)"
[parser-unknown-class] "ItemHead", text="23  Subsection 61B(1)"
[parser-unknown-class] "ItemHead", text="24  Paragraph 61B(1A)(b)"
[parser-unknown-class] "ItemHead", text="25  Subsection 61B(1A)"
[parser-unknown-class] "ItemHead", text="26  Subsection 61B(1A)"
[parser-unknown-class] "ItemHead", text="27  Subsection 61B(2)"
[parser-unknown-class] "ItemHead", text="28  Paragraphs 61B(3)(a) and (b)"
[parser-unknown-class] "ItemHead", text="29  Subsection 61B(4)"
[parser-unknown-class] "ItemHead", text="30  Subsection 61C(1)"
[parser-unknown-class] "ItemHead", text="31  Subsection 61C(2)"
[parser-unknown-class] "ItemHead", text="32  Subsections 61C(3) and (4)"
[parser-unknown-class] "ItemHead", text="33  After section 64A"
[parser-unknown-class] "ActHead9", text="National Environment Protection Council Act 1994"
[parser-unknown-class] "ItemHead", text="34  Subsection 6(1) (definition of Finance Minister)"
[parser-unknown-class] "ItemHead", text="35  Subsection 6(1) (definition of NEPC Service Corporation)"
[parser-unknown-class] "ItemHead", text="36  Subsection 6(1) (definition of Service Corporation)"
[parser-unknown-class] "ItemHead", text="37  Paragraph 13(h)"
[parser-unknown-class] "ItemHead", text="38  Part 5 (heading)"
[parser-unknown-class] "ItemHead", text="39  Division 1 of Part 5"
[parser-unknown-class] "ItemHead", text="40  Division 2 of Part 5 (heading)"
[parser-unknown-class] "ItemHead", text="41  Section 40"
[parser-unknown-class] "ItemHead", text="42  Subsection 41(1)"
[parser-unknown-class] "ItemHead", text="43  Subsection 42(3)"
[parser-unknown-class] "ItemHead", text="44  Subsection 42(4)"
[parser-unknown-class] "ItemHead", text="45  Division 3 of Part 5"
[parser-unknown-class] "ItemHead", text="46  Part 6"
[parser-unknown-class] "ItemHead", text="47  Transitional—transferring money of the NEPC Service Corporation to the special account"
[parser-unknown-class] "ItemHead", text="48  Section 60"
[parser-unknown-class] "ItemHead", text="49  Subsection 61(1)"
[parser-unknown-class] "ActHead9", text="Telecommunications Universal Service Management Agency Act 2012"
[parser-unknown-class] "ItemHead", text="50  Section 31 (note)"
[parser-unknown-class] "ItemHead", text="51  Sections 33 and 34"
[parser-unknown-class] "ItemHead", text="52  Division 2 of Part 3 (heading)"
[parser-unknown-class] "ItemHead", text="53  Subdivision A of Division 2 of Part 3"
[parser-unknown-class] "ItemHead", text="54  Subdivision B of Division 2 of Part 3 (heading)"
[parser-unknown-class] "ActHead7", text="Part 2—Transitional provisions for bodies ceasing to be bodies corporate"
[parser-unknown-class] "ActHead8", text="Division 1—Introduction"
[parser-unknown-class] "ItemHead", text="55  Definitions"
[parser-unknown-class] "ActHead8", text="Division 2—General transitional provisions"
[parser-unknown-class] "ItemHead", text="56  Assets and liabilities"
[parser-unknown-class] "Subitem", text="(1) On the commencement day, the assets and liabilities of a decorporatised body cease to be asse..."
[parser-unknown-class] "Subitem", text="(2) The Commonwealth becomes the successor in law in relation to those assets and liabilities."
[parser-unknown-class] "Subitem", text="(3) If an instrument in force immediately before the commencement day:"
[parser-unknown-class] "Subitem", text="(4) Subitem (3) does not apply to an instrument that is part of, or associated with a register re..."
[parser-unknown-class] "Subitem", text="(5) Subitem (3) does not, by implication, prevent the instrument from being varied or terminated ..."
[parser-unknown-class] "ItemHead", text="57  Legal proceedings"
[parser-unknown-class] "ItemHead", text="58  Certificates relating to vesting of assets"
[parser-unknown-class] "Subitem", text="(1) If land vests in the Commonwealth under this Part and the Minister, or the responsible Minist..."
[parser-unknown-class] "Subitem", text="(2) If an asset vests in the Commonwealth under this Part and the Minister, or the responsible Mi..."
[parser-unknown-class] "Subitem", text="(3) The responsible Minister, for land or another asset, is the Minister who is the responsible M..."
[parser-unknown-class] "Subitem", text="(4) A Minister may, by writing, delegate all or any of his or her powers under this item to:"
[parser-unknown-class] "Subitem", text="(5) A document that appears to be a certificate made under this item is taken, unless the contrar..."
[parser-unknown-class] "Subitem", text="(6) A certificate made under this item is not a legislative instrument."
[parser-unknown-class] "ItemHead", text="59  Employees"
[parser-unknown-class] "Subitem", text="(1) If a person was an employee of a decorporatised body immediately before the commencement of t..."
[parser-unknown-class] "Subitem", text="(2) Paragraph (1)(a) does not apply if a determination is made under section 72 of the Public Ser..."
[parser-unknown-class] "ItemHead", text="60  Contracts etc."
[parser-unknown-class] "ItemHead", text="61  Exemption from stamp duty etc."
[parser-unknown-class] "ActHead8", text="Division 3—Miscellaneous"
[parser-unknown-class] "ItemHead", text="62  Compensation for acquisition of property"
[parser-unknown-class] "Subitem", text="(1) If the operation of this Part would result in an acquisition of property (within the meaning ..."
[parser-unknown-class] "Subitem", text="(2) If the Commonwealth and the person do not agree on the amount of the compensation, the person..."
[parser-unknown-class] "ActHead7", text="Part 3—APVMA continuing as a body corporate"
[parser-unknown-class] "ActHead9", text="Agricultural and Veterinary Chemicals (Administration) Act 1992"
[parser-unknown-class] "ItemHead", text="63  Subsection 7(3) (note)"
[parser-unknown-class] "ItemHead", text="64  Sections 7AA and 7AB"
[parser-unknown-class] "ItemHead", text="65  Division 1 of Part 7"
[parser-unknown-class] "ItemHead", text="66  Transitional—transferring balance of the special account"
[parser-unknown-class] "Subitem", text="(1) The Commonwealth must pay to the APVMA an amount equal to the balance of the Australian Pesti..."
[parser-unknown-class] "Subitem", text="(2) An amount payable under subitem (1) is to be paid out of the Consolidated Revenue Fund, which..."
[parser-unknown-class] "ActHead7", text="Part 4—Other bodies continuing as bodies corporate"
[parser-unknown-class] "ActHead9", text="Australian Human Rights Commission Act 1986"
[parser-unknown-class] "ItemHead", text="67  Subsections 7(4), (5) and (6)"
[parser-unknown-class] "ItemHead", text="68  At the end of section 8A"
[parser-unknown-class] "ItemHead", text="69  After section 44"
[parser-unknown-class] "ActHead9", text="National Health Reform Act 2011"
[parser-unknown-class] "ItemHead", text="70  Subsections 67(3) to (7)"
[parser-unknown-class] "ItemHead", text="71  Section 68"
[parser-unknown-class] "ItemHead", text="72  At the end of section 92"
[parser-unknown-class] "ItemHead", text="73  After Part 3.11"
[parser-unknown-class] "ItemHead", text="74  Subsections 135(3) to (7)"
[parser-unknown-class] "ItemHead", text="75  Section 136"
[parser-unknown-class] "ItemHead", text="76  At the end of section 163"
[parser-unknown-class] "ItemHead", text="77  After Part 4.13"
[parser-unknown-class] "ActHead9", text="Offshore Petroleum and Greenhouse Gas Storage Act 2006"
[parser-unknown-class] "ItemHead", text="78  Subsection 571(2) (paragraph (b) of the examples)"
[parser-unknown-class] "ItemHead", text="79  Subsection 571(2) (paragraph (b) of the examples)"
[parser-unknown-class] "ItemHead", text="80  Paragraphs 572D(3)(a) and (b)"
[parser-unknown-class] "ItemHead", text="81  Paragraph 589(4)(a)"
[parser-unknown-class] "ItemHead", text="82  Paragraph 589(5)(a)"
[parser-unknown-class] "ItemHead", text="83  Subsections 648(3) and (4)"
[parser-unknown-class] "ItemHead", text="84  Subparagraph 650(2)(c)(ii)"
[parser-unknown-class] "ItemHead", text="85  At the end of section 666"
[parser-unknown-class] "ItemHead", text="86  At the end of section 667"
[parser-unknown-class] "ItemHead", text="87  Subsection 677(1)"
[parser-unknown-class] "ItemHead", text="88  Division 7 of Part 6.9"
[parser-unknown-class] "ItemHead", text="89  Transitional—transferring balance of the special account"
[parser-unknown-class] "Subitem", text="(1) The Commonwealth must pay to NOPSEMA an amount equal to the balance of the National Offshore ..."
[parser-unknown-class] "Subitem", text="(2) An amount payable under subitem (1) is to be paid out of the Consolidated Revenue Fund, which..."
[parser-unknown-class] "ItemHead", text="90  Subsection 685(1)"
[parser-unknown-class] "ItemHead", text="91  Paragraph 685(3)(a)"
[parser-unknown-class] "ItemHead", text="92  Paragraph 685(3)(b)"
[parser-unknown-class] "ActHead9", text="Water Act 2007"
[parser-unknown-class] "ItemHead", text="93  Subsection 4(1) (definition of Murray‑Darling Basin Special Account)"
[parser-unknown-class] "ItemHead", text="94  Subsections 173(3), (4) and (5)"
[parser-unknown-class] "ItemHead", text="95  Section 174"
[parser-unknown-class] "ItemHead", text="96  At the end of subsection 176(1)"
[parser-unknown-class] "ItemHead", text="97  Subdivision A of Division 5 of Part 9"
[parser-unknown-class] "ItemHead", text="98  Transitional—transferring balance of the old account"
[parser-unknown-class] "Subitem", text="(1) The Commonwealth must pay to the Authority, for the purposes of the Murray‑Darling Basin Spec..."
[parser-unknown-class] "Subitem", text="(2) For the purposes of subitem (1), the old special account is the Murray‑Darling Basin Special ..."
[parser-unknown-class] "Subitem", text="(3) An amount payable under subitem (1) is to be paid out of the Consolidated Revenue Fund, which..."
[parser-unknown-class] "ActHead7", text="Part 5—Transitional provisions for bodies continuing as bodies corporate"
[parser-unknown-class] "ActHead8", text="Division 1—Introduction"
[parser-unknown-class] "ItemHead", text="99  Definitions"
[parser-unknown-class] "ActHead8", text="Division 2—General transitional provisions"
[parser-unknown-class] "ItemHead", text="100  Assets and liabilities"
[parser-unknown-class] "SubitemHead", text="Become assets and liabilities of the corporatised body"
[parser-unknown-class] "Subitem", text="(1) On the commencement day, any asset that, immediately before that day, was held by a corporati..."
[parser-unknown-class] "Subitem", text="(2) On the commencement day, any asset that, immediately before that day:"
[parser-unknown-class] "Subitem", text="(3) On the commencement day, any liability that, immediately before that day:"
[parser-unknown-class] "Subitem", text="(4) The corporatised body becomes the successor in law in relation to those assets and liabilities."
[parser-unknown-class] "Subitem", text="(5) To the extent that, immediately before the commencement day, an amount of money held by a cor..."
[parser-unknown-class] "SubitemHead", text="Exception"
[parser-unknown-class] "Subitem", text="(6) The Minister may, by writing, determine that:"
[parser-unknown-class] "Subitem", text="(7) A determination made under subitem (6) is not a legislative instrument."
[parser-unknown-class] "ItemHead", text="101  Other transfers of assets and liabilities"
[parser-unknown-class] "Subitem", text="(1) This item applies in relation to assets and liabilities of the Commonwealth that relate to a ..."
[parser-unknown-class] "Subitem", text="(2) The Minister may, in writing, make a declaration that:"
[parser-unknown-class] "Subitem", text="(3) A declaration under subitem (2) has effect accordingly."
[parser-unknown-class] "Subitem", text="(4) A declaration under subitem (2) is not a legislative instrument."
[parser-unknown-class] "SubitemHead", text="Assets subject to trust"
[parser-unknown-class] "Subitem", text="(5) If, at a particular time, an asset vests in the corporatised body under a declaration under s..."
[parser-unknown-class] "ItemHead", text="102  Legal proceedings"
[parser-unknown-class] "Subitem", text="(1) This item applies if:"
[parser-unknown-class] "Subitem", text="(2) The corporatised body is substituted for the Commonwealth, from the commencement day, as a pa..."
[parser-unknown-class] "Subitem", text="(3) The Minister may, by writing, determine that subitem (2) does not apply in relation to specif..."
[parser-unknown-class] "Subitem", text="(4) A determination made under subitem (3) is not a legislative instrument."
[parser-unknown-class] "ItemHead", text="103  Certificates relating to vesting of assets"
[parser-unknown-class] "Subitem", text="(1) If land vests in a corporatised body under this Part and the Minister, or the responsible Min..."
[parser-unknown-class] "Subitem", text="(2) If an asset (other than land) vests in a corporatised body under this Part and the Minister, ..."
[parser-unknown-class] "Subitem", text="(3) The responsible Minister, for land or another asset, is the Minister who is the responsible M..."
[parser-unknown-class] "Subitem", text="(4) A document that appears to be a certificate made under this item is taken, unless the contrar..."
[parser-unknown-class] "Subitem", text="(5) A certificate made under this item is not a legislative instrument."
[parser-unknown-class] "ItemHead", text="104  References in certain instruments to the Commonwealth"
[parser-unknown-class] "Subitem", text="(1) This item applies if:"
[parser-unknown-class] "Subitem", text="(2) The instrument has effect, from the commencement day, as if the reference to the Commonwealth..."
[parser-unknown-class] "Subitem", text="(3) The Minister may, by writing, determine that subitem (2) does not apply in relation to a spec..."
[parser-unknown-class] "Subitem", text="(4) A determination made under subitem (3) is not a legislative instrument."
[parser-unknown-class] "Subitem", text="(5) In this item:"
[parser-unknown-class] "ItemHead", text="105  Contracts etc."
[parser-unknown-class] "ItemHead", text="106  Exemption from stamp duty etc."
[parser-unknown-class] "ActHead8", text="Division 3—Miscellaneous"
[parser-unknown-class] "ItemHead", text="107  Compensation for acquisition of property"
[parser-unknown-class] "Subitem", text="(1) If the operation of this Part would result in an acquisition of property (within the meaning ..."
[parser-unknown-class] "Subitem", text="(2) If the Commonwealth and the person do not agree on the amount of the compensation, the person..."
[parser-unknown-class] "ItemHead", text="108  Delegation by a Minister"
[parser-unknown-class] "Subitem", text="(1) A Minister may, by writing, delegate all or any of his or her powers under this Part to:"
[parser-unknown-class] "Subitem", text="(2) In exercising powers under a delegation, the delegate must comply with any directions of that..."
[parser-unknown-class] "ActHead7", text="Part 6—Bodies corporate treated as non‑corporate for the purposes of the finance law"
[parser-unknown-class] "ActHead9", text="Australian Prudential Regulation Authority Act 1998"
[parser-unknown-class] "ItemHead", text="109  After subsection 13(1)"
[parser-unknown-class] "ActHead9", text="Australian Securities and Investments Commission Act 2001"
[parser-unknown-class] "ItemHead", text="110  After subsection 8(1)"
[parser-unknown-class] "ActHead9", text="Competition and Consumer Act 2010"
[parser-unknown-class] "ItemHead", text="111  After subsection 6A(1)"
[parser-unknown-class] "ItemHead", text="112  At the end of section 44AE"
[parser-unknown-class] "ActHead6", text="Schedule 6—Listed entities"
[parser-unknown-class] "ActHead9", text="Administrative Appeals Tribunal Act 1975"
[parser-unknown-class] "ItemHead", text="1  After Division 1 of Part IIIA"
[parser-unknown-class] "ActHead9", text="Archives Act 1983"
[parser-unknown-class] "ItemHead", text="2  After subsection 5(1)"
[parser-unknown-class] "ItemHead", text="3  Subsection 5(2)"
[parser-unknown-class] "ActHead9", text="Asbestos Safety and Eradication Agency Act 2013"
[parser-unknown-class] "ItemHead", text="4  After Part 5"
[parser-unknown-class] "ActHead9", text="Auditor‑General Act 1997"
[parser-unknown-class] "ItemHead", text="5  At the end of section 38"
[parser-unknown-class] "ActHead9", text="Australian Aged Care Quality Agency Act 2013"
[parser-unknown-class] "ItemHead", text="6  Section 7"
[parser-unknown-class] "ItemHead", text="7  At the end of section 7"
[parser-unknown-class] "ActHead9", text="Australian Bureau of Statistics Act 1975"
[parser-unknown-class] "ItemHead", text="8  At the end of section 5"
[parser-unknown-class] "ActHead9", text="Australian Capital Territory (Planning and Land Management) Act 1988"
[parser-unknown-class] "ItemHead", text="9  Section 5"
[parser-unknown-class] "ItemHead", text="10  At the end of section 5"
[parser-unknown-class] "ActHead9", text="Australian Centre for International Agricultural Research Act 1982"
[parser-unknown-class] "ItemHead", text="11  After Part VI"
[parser-unknown-class] "ItemHead", text="12  Part VII (heading)"
[parser-unknown-class] "ActHead9", text="Australian Communications and Media Authority Act 2005"
[parser-unknown-class] "ItemHead", text="13  Section 6"
[parser-unknown-class] "ItemHead", text="14  At the end of section 6"
[parser-unknown-class] "ActHead9", text="Australian Crime Commission Act 2002"
[parser-unknown-class] "ItemHead", text="15  At the end of section 7"
[parser-unknown-class] "ActHead9", text="Australian Federal Police Act 1979"
[parser-unknown-class] "ItemHead", text="16  Section 6"
[parser-unknown-class] "ItemHead", text="17  At the end of section 6"
[parser-unknown-class] "ActHead9", text="Australian Information Commissioner Act 2010"
[parser-unknown-class] "ItemHead", text="18  At the end of section 5"
[parser-unknown-class] "ActHead9", text="Australian Law Reform Commission Act 1996"
[parser-unknown-class] "ItemHead", text="19  Section 5"
[parser-unknown-class] "ItemHead", text="20  At the end of section 5"
[parser-unknown-class] "ActHead9", text="Australian Organ and Tissue Donation and Transplantation Authority Act 2008"
[parser-unknown-class] "ItemHead", text="21  After Part 5"
[parser-unknown-class] "ActHead9", text="Australian Prudential Regulation Authority Act 1998"
[parser-unknown-class] "ItemHead", text="22  Section 7"
[parser-unknown-class] "ItemHead", text="23  At the end of section 7"
[parser-unknown-class] "ActHead9", text="Australian Radiation Protection and Nuclear Safety Act 1998"
[parser-unknown-class] "ItemHead", text="24  Part 3 (heading)"
[parser-unknown-class] "ItemHead", text="25  Before section 14"
[parser-unknown-class] "ItemHead", text="26  Section 14 (note)"
[parser-unknown-class] "ActHead9", text="Australian Research Council Act 2001"
[parser-unknown-class] "ItemHead", text="27  At the end of section 5"
[parser-unknown-class] "ActHead9", text="Australian Securities and Investments Commission Act 2001"
[parser-unknown-class] "ItemHead", text="28  After section 9"
[parser-unknown-class] "ActHead9", text="Australian Sports Anti‑Doping Authority Act 2006"
[parser-unknown-class] "ItemHead", text="29  After Part 5"
[parser-unknown-class] "ActHead9", text="Australian Trade Commission Act 1985"
[parser-unknown-class] "ItemHead", text="30  At the end of section 7"
[parser-unknown-class] "ActHead9", text="Bankruptcy Act 1966"
[parser-unknown-class] "ItemHead", text="31  After section 12"
[parser-unknown-class] "ActHead9", text="Cancer Australia Act 2006"
[parser-unknown-class] "ItemHead", text="32  After Part 4"
[parser-unknown-class] "ActHead9", text="Commonwealth Electoral Act 1918"
[parser-unknown-class] "ItemHead", text="33  After subsection 6(2)"
[parser-unknown-class] "ActHead9", text="Commonwealth Grants Commission Act 1973"
[parser-unknown-class] "ItemHead", text="34  At the end of section 7"
[parser-unknown-class] "ActHead9", text="Competition and Consumer Act 2010"
[parser-unknown-class] "ItemHead", text="35  After Part IIIAA"
[parser-unknown-class] "ActHead9", text="ComSuper Act 2011"
[parser-unknown-class] "ItemHead", text="36  After section 5"
[parser-unknown-class] "ActHead9", text="Criminology Research Act 1971"
[parser-unknown-class] "ItemHead", text="37  After Part III"
[parser-unknown-class] "ActHead9", text="Customs Administration Act 1985"
[parser-unknown-class] "ItemHead", text="38  After subsection 4(3)"
[parser-unknown-class] "ActHead9", text="Director of Public Prosecutions Act 1983"
[parser-unknown-class] "ItemHead", text="39  At the end of section 5"
[parser-unknown-class] "ActHead9", text="Fair Work Act 2009"
[parser-unknown-class] "ItemHead", text="40  At the end of Division 8 of Part 5‑1"
[parser-unknown-class] "ActHead9", text="Family Law Act 1975"
[parser-unknown-class] "ItemHead", text="41  After Division 1 of Part IVA"
[parser-unknown-class] "ItemHead", text="42  After subsection 114B(1B)"
[parser-unknown-class] "ActHead9", text="Federal Court of Australia Act 1976"
[parser-unknown-class] "ItemHead", text="43  After Division 1 of Part IIA"
[parser-unknown-class] "ActHead9", text="Fisheries Administration Act 1991"
[parser-unknown-class] "ItemHead", text="44  After section 5"
[parser-unknown-class] "ActHead9", text="Future Fund Act 2006"
[parser-unknown-class] "ItemHead", text="45  At the end of section 74"
[parser-unknown-class] "ActHead9", text="Governor‑General Act 1974"
[parser-unknown-class] "ItemHead", text="46  At the end of section 6"
[parser-unknown-class] "ActHead9", text="Great Barrier Reef Marine Park Act 1975"
[parser-unknown-class] "ItemHead", text="47  Section 6"
[parser-unknown-class] "ItemHead", text="48  At the end of section 6"
[parser-unknown-class] "ActHead9", text="Health Insurance Act 1973"
[parser-unknown-class] "ItemHead", text="49  After Division 6 of Part VAA"
[parser-unknown-class] "ActHead9", text="Inspector‑General of Intelligence and Security Act 1986"
[parser-unknown-class] "ItemHead", text="50  After section 6"
[parser-unknown-class] "ActHead9", text="Inspector‑General of Taxation Act 2003"
[parser-unknown-class] "ItemHead", text="51  At the end of Part 3"
[parser-unknown-class] "ActHead9", text="Intelligence Services Act 2001"
[parser-unknown-class] "ItemHead", text="52  Section 16"
[parser-unknown-class] "ItemHead", text="53  At the end of section 16"
[parser-unknown-class] "ActHead9", text="Law Enforcement Integrity Commissioner Act 2006"
[parser-unknown-class] "ItemHead", text="54  At the end of section 195"
[parser-unknown-class] "ActHead9", text="Meteorology Act 1955"
[parser-unknown-class] "ItemHead", text="55  After section 8"
[parser-unknown-class] "ActHead9", text="National Blood Authority Act 2003"
[parser-unknown-class] "ItemHead", text="56  At the end of section 7"
[parser-unknown-class] "ActHead9", text="National Health and Medical Research Council Act 1992"
[parser-unknown-class] "ItemHead", text="57  At the end of section 5B"
[parser-unknown-class] "ActHead9", text="National Health Reform Act 2011"
[parser-unknown-class] "ItemHead", text="58  Section 251"
[parser-unknown-class] "ItemHead", text="59  At the end of section 251"
[parser-unknown-class] "ActHead9", text="National Vocational Education and Training Regulator Act 2011"
[parser-unknown-class] "ItemHead", text="60  After section 156"
[parser-unknown-class] "ActHead9", text="National Water Commission Act 2004"
[parser-unknown-class] "ItemHead", text="61  Section 6"
[parser-unknown-class] "ItemHead", text="62  At the end of section 6"
[parser-unknown-class] "ActHead9", text="Office of National Assessments Act 1977"
[parser-unknown-class] "ItemHead", text="63  At the end of section 4"
[parser-unknown-class] "ActHead9", text="Ombudsman Act 1976"
[parser-unknown-class] "ItemHead", text="64  After section 4"
[parser-unknown-class] "ActHead9", text="Parliamentary Counsel Act 1970"
[parser-unknown-class] "ItemHead", text="65  At the end of section 2"
[parser-unknown-class] "ActHead9", text="Private Health Insurance Act 2007"
[parser-unknown-class] "ItemHead", text="66  Section 238‑1"
[parser-unknown-class] "ItemHead", text="67  At the end of section 238‑1"
[parser-unknown-class] "ActHead9", text="Productivity Commission Act 1998"
[parser-unknown-class] "ItemHead", text="68  Section 5"
[parser-unknown-class] "ItemHead", text="69  At the end of section 5"
[parser-unknown-class] "ActHead9", text="Safe Work Australia Act 2008"
[parser-unknown-class] "ItemHead", text="70  Section 5"
[parser-unknown-class] "ItemHead", text="71  At the end of section 5"
[parser-unknown-class] "ActHead9", text="Telecommunications Universal Service Management Agency Act 2012"
[parser-unknown-class] "ItemHead", text="72  Section 31"
[parser-unknown-class] "ItemHead", text="73  At the end of section 31"
[parser-unknown-class] "ActHead9", text="Tertiary Education Quality and Standards Agency Act 2011"
[parser-unknown-class] "ItemHead", text="74  At the end of section 132"
[parser-unknown-class] "ActHead9", text="Transport Safety Investigation Act 2003"
[parser-unknown-class] "ItemHead", text="75  Section 12"
[parser-unknown-class] "ItemHead", text="76  At the end of section 12"
[parser-unknown-class] "ActHead9", text="Workplace Gender Equality Act 2012"
[parser-unknown-class] "ItemHead", text="77  At the end of section 8A"
[parser-unknown-class] "ActHead6", text="Schedule 7—Amendments of Acts starting with A"
[parser-unknown-class] "ActHead9", text="Aboriginal and Torres Strait Islander Act 2005"
[parser-unknown-class] "ItemHead", text="1  Subsection 4(1) (definition of Finance Minister)"
[parser-unknown-class] "ItemHead", text="2  Subsection 142(2) (note)"
[parser-unknown-class] "ItemHead", text="3  Paragraph 143S(6)(e)"
[parser-unknown-class] "ItemHead", text="4  Subsection 143U(3)"
[parser-unknown-class] "ItemHead", text="5  Paragraph 144E(5)(a)"
[parser-unknown-class] "ItemHead", text="6  Subsection 144E(14)"
[parser-unknown-class] "ItemHead", text="7  At the end of section 144M"
[parser-unknown-class] "ItemHead", text="8  Paragraph 144P(2)(f)"
[parser-unknown-class] "ItemHead", text="9  Subsection 144V(3A)"
[parser-unknown-class] "ItemHead", text="10  Subsection 144W(4)"
[parser-unknown-class] "ItemHead", text="11  Subsection 144X(3) (definition of bank)"
[parser-unknown-class] "ItemHead", text="12  Subsection 144ZA(5)"
[parser-unknown-class] "ItemHead", text="13  Subsection 144ZB(1)"
[parser-unknown-class] "ItemHead", text="14  Subsection 144ZB(3)"
[parser-unknown-class] "ItemHead", text="15  Paragraph 144ZD(1A)(b)"
[parser-unknown-class] "ItemHead", text="16  Division 10 of Part 3A"
[parser-unknown-class] "ItemHead", text="17  Section 144ZF"
[parser-unknown-class] "ItemHead", text="18  At the end of section 144ZF"
[parser-unknown-class] "ItemHead", text="19  After subsection 144ZM(3)"
[parser-unknown-class] "ItemHead", text="20  Paragraph 144ZN(2)(d)"
[parser-unknown-class] "ItemHead", text="21  At the end of subsection 144ZN(2)"
[parser-unknown-class] "ItemHead", text="22  Subsection 145(2) (note)"
[parser-unknown-class] "ItemHead", text="23  Section 149"
[parser-unknown-class] "ItemHead", text="24  Subsections 150(2) and (3)"
[parser-unknown-class] "ItemHead", text="25  Paragraph 165(2)(b)"
[parser-unknown-class] "ItemHead", text="26  Paragraph 165(2)(c)"
[parser-unknown-class] "ItemHead", text="27  At the end of subsection 165(2)"
[parser-unknown-class] "ItemHead", text="28  Paragraph 167(3)(a)"
[parser-unknown-class] "ItemHead", text="29  Subsection 167(11)"
[parser-unknown-class] "ItemHead", text="30  At the end of section 172A"
[parser-unknown-class] "ItemHead", text="31  Subsection 181A(4)"
[parser-unknown-class] "ItemHead", text="32  Section 189"
[parser-unknown-class] "ItemHead", text="33  Subsection 191A(2) (note)"
[parser-unknown-class] "ItemHead", text="34  Section 191L"
[parser-unknown-class] "ItemHead", text="35  At the end of section 192F"
[parser-unknown-class] "ItemHead", text="36  Paragraph 192H(2)(e)"
[parser-unknown-class] "ItemHead", text="37  At the end of subsection 192H(2)"
[parser-unknown-class] "ItemHead", text="38  Subsection 192J(3) (heading)"
[parser-unknown-class] "ItemHead", text="39  Paragraph 192J(3)(a)"
[parser-unknown-class] "ItemHead", text="40  Subsection 192W(2)"
[parser-unknown-class] "ItemHead", text="41  Subsection 192W(3)"
[parser-unknown-class] "ItemHead", text="42  Paragraph 193(5)(b)"
[parser-unknown-class] "ItemHead", text="43  Paragraph 193G(1)(b)"
[parser-unknown-class] "ItemHead", text="44  Section 193K"
[parser-unknown-class] "ItemHead", text="45  Subsection 200B(1)"
[parser-unknown-class] "ActHead9", text="Aboriginal Land Grant (Jervis Bay Territory) Act 1986"
[parser-unknown-class] "ItemHead", text="46  Subsection 4(2) (note)"
[parser-unknown-class] "ItemHead", text="47  Section 4A"
[parser-unknown-class] "ItemHead", text="48  Paragraph 28(2)(a)"
[parser-unknown-class] "ItemHead", text="49  Section 33"
[parser-unknown-class] "ItemHead", text="50  At the end of section 33"
[parser-unknown-class] "ItemHead", text="51  Section 52"
[parser-unknown-class] "ItemHead", text="52  Section 52"
[parser-unknown-class] "ActHead9", text="Aboriginal Land (Lake Condah and Framlingham Forest) Act 1987"
[parser-unknown-class] "ItemHead", text="53  Subsection 38(2)"
[parser-unknown-class] "ActHead9", text="Aboriginal Land Rights (Northern Territory) Act 1976"
[parser-unknown-class] "ItemHead", text="54  Subsection 22(1) (note)"
[parser-unknown-class] "ItemHead", text="55  Section 22A"
[parser-unknown-class] "ItemHead", text="56  Subsection 33(2)"
[parser-unknown-class] "ItemHead", text="57  Subsection 33(3) (definition of Finance Minister)"
[parser-unknown-class] "ItemHead", text="58  Subsection 34(3A)"
[parser-unknown-class] "ItemHead", text="59  Subsection 35(10)"
[parser-unknown-class] "ItemHead", text="60  Subsections 37(1) and (2)"
[parser-unknown-class] "ItemHead", text="61  Subsections 37(3), (4), (5), (6), (7) and (8)"
[parser-unknown-class] "ItemHead", text="62  Paragraph 39(2)(b)"
[parser-unknown-class] "ItemHead", text="63  After section 53A"
[parser-unknown-class] "ItemHead", text="64  Subsection 62(2)"
[parser-unknown-class] "ItemHead", text="65  Paragraph 62A(2)(b)"
[parser-unknown-class] "ItemHead", text="66  Paragraph 64(1)(c)"
[parser-unknown-class] "ItemHead", text="67  Subsection 64B(1)"
[parser-unknown-class] "ItemHead", text="68  Subsection 64B(2)"
[parser-unknown-class] "ItemHead", text="69  At the end of section 64B"
[parser-unknown-class] "ActHead9", text="Administrative Appeals Tribunal Act 1975"
[parser-unknown-class] "ItemHead", text="70  At the end of section 24D"
[parser-unknown-class] "ItemHead", text="71  Section 24L"
[parser-unknown-class] "ItemHead", text="72  At the end of section 24L"
[parser-unknown-class] "ItemHead", text="73  Subsection 24R(1)"
[parser-unknown-class] "ItemHead", text="74  At the end of subsection 24R(1)"
[parser-unknown-class] "ItemHead", text="75  Subsection 24R(2)"
[parser-unknown-class] "ActHead9", text="Administrative Decisions (Judicial Review) Act 1977"
[parser-unknown-class] "ItemHead", text="76  Subsection 3(1) (definition of Finance Minister)"
[parser-unknown-class] "ItemHead", text="77  Paragraphs (he), (hea) and (hf) of Schedule 1"
[parser-unknown-class] "ItemHead", text="78  Paragraph (h) of Schedule 2"
[parser-unknown-class] "ActHead9", text="Aged Care (Bond Security) Act 2006"
[parser-unknown-class] "ItemHead", text="79  Subsection 6(1) (definition of Finance Minister)"
[parser-unknown-class] "ActHead9", text="Agricultural and Veterinary Chemicals (Administration) Act 1992"
[parser-unknown-class] "ItemHead", text="80  Section 4 (definition of Finance Minister)"
[parser-unknown-class] "ItemHead", text="81  Section 10A"
[parser-unknown-class] "ItemHead", text="82  Section 23"
[parser-unknown-class] "ItemHead", text="83  Subsections 26(8) and (9)"
[parser-unknown-class] "ItemHead", text="84  Subsections 27(5) and (6)"
[parser-unknown-class] "ItemHead", text="85  Paragraph 41A(e)"
[parser-unknown-class] "ItemHead", text="86  At the end of section 41A"
[parser-unknown-class] "ItemHead", text="87  Section 42"
[parser-unknown-class] "ItemHead", text="88  At the end of section 42"
[parser-unknown-class] "ItemHead", text="89  Sections 50, 51 and 52"
[parser-unknown-class] "ItemHead", text="90  Subsection 55(1)"
[parser-unknown-class] "ItemHead", text="91  Paragraph 55(2)(b)"
[parser-unknown-class] "ItemHead", text="92  Subsection 56(1)"
[parser-unknown-class] "ItemHead", text="93  Subsection 56(3)"
[parser-unknown-class] "ItemHead", text="94  Subsection 56(3)"
[parser-unknown-class] "ItemHead", text="95  Subsections 56(4) and 57(2)"
[parser-unknown-class] "ActHead9", text="Aircraft Noise Levy Collection Act 1995"
[parser-unknown-class] "ItemHead", text="96  Section 3 (definition of Finance Minister)"
[parser-unknown-class] "ActHead9", text="Airports (Transitional) Act 1996"
[parser-unknown-class] "ItemHead", text="97  Section 4 (definition of Finance Minister)"
[parser-unknown-class] "ActHead9", text="Air Services Act 1995"
[parser-unknown-class] "ItemHead", text="98  Subsection 3(1) (definition of Finance Minister)"
[parser-unknown-class] "ItemHead", text="99  Subsection 7(2) (note)"
[parser-unknown-class] "ItemHead", text="100  Section 13"
[parser-unknown-class] "ItemHead", text="101  Subsection 16(2)"
[parser-unknown-class] "ItemHead", text="102  Subsection 16(6)"
[parser-unknown-class] "ItemHead", text="103  Subsection 17(3)"
[parser-unknown-class] "ItemHead", text="104  Subsection 17(4)"
[parser-unknown-class] "ItemHead", text="105  Subsection 18(3)"
[parser-unknown-class] "ItemHead", text="106  Paragraph 32(2)(c)"
[parser-unknown-class] "ItemHead", text="107  Paragraph 32(2)(d)"
[parser-unknown-class] "ItemHead", text="108  At the end of subsection 32(2)"
[parser-unknown-class] "ItemHead", text="109  Paragraph 32(5)(b)"
[parser-unknown-class] "ItemHead", text="110  Section 40"
[parser-unknown-class] "ItemHead", text="111  At the end of section 40"
[parser-unknown-class] "ItemHead", text="112  Section 51"
[parser-unknown-class] "ActHead9", text="Albury‑Wodonga Development Act 1973"
[parser-unknown-class] "ItemHead", text="113  Subsection 3(1) (definition of Finance Minister)"
[parser-unknown-class] "ItemHead", text="114  Subsection 9(1) (note)"
[parser-unknown-class] "ItemHead", text="115  Subparagraph 15(2)(f)(ii)"
[parser-unknown-class] "ItemHead", text="116  Paragraph 15(2)(g)"
[parser-unknown-class] "ItemHead", text="117  At the end of subsection 15(2)"
[parser-unknown-class] "ItemHead", text="118  At the end of Part IVA"
[parser-unknown-class] "ItemHead", text="119  Section 28"
[parser-unknown-class] "ItemHead", text="120  At the end of section 28"
[parser-unknown-class] "ItemHead", text="121  Subsection 31B(1)"
[parser-unknown-class] "ActHead9", text="A New Tax System (Australian Business Number) Act 1999"
[parser-unknown-class] "ItemHead", text="122  Subparagraphs 30(3)(c)(ii) and (d)(ii)"
[parser-unknown-class] "ActHead9", text="A New Tax System (Luxury Car Tax) Act 1999"
[parser-unknown-class] "ItemHead", text="123  Section 27‑1 (definition of Finance Minister)"
[parser-unknown-class] "ActHead9", text="A New Tax System (Wine Equalisation Tax) Act 1999"
[parser-unknown-class] "ItemHead", text="124  Section 33‑1 (definition of Finance Minister)"
[parser-unknown-class] "ActHead9", text="Archives Act 1983"
[parser-unknown-class] "ItemHead", text="125  Section 68"
[parser-unknown-class] "ActHead9", text="Asbestos‑related Claims (Management of Commonwealth Liabilities) Act 2005"
[parser-unknown-class] "ItemHead", text="126  Subsection 3(1) (definition of Finance Minister)"
[parser-unknown-class] "ItemHead", text="127  Subsection 13(3)"
[parser-unknown-class] "ActHead9", text="Asbestos Safety and Eradication Agency Act 2013"
[parser-unknown-class] "ItemHead", text="128  Section 5A"
[parser-unknown-class] "ItemHead", text="129  At the end of section 5A"
[parser-unknown-class] "ItemHead", text="130  Paragraph 12(1B)(a)"
[parser-unknown-class] "ItemHead", text="131  Section 13"
[parser-unknown-class] "ItemHead", text="132  Section 20"
[parser-unknown-class] "ItemHead", text="133  Paragraph 23(f)"
[parser-unknown-class] "ItemHead", text="134  Section 37"
[parser-unknown-class] "ItemHead", text="135  Paragraph 40(e)"
[parser-unknown-class] "ItemHead", text="136  Paragraph 41A(2)(a)"
[parser-unknown-class] "ItemHead", text="137  Part 6 (heading)"
[parser-unknown-class] "ItemHead", text="138  Division 1 of Part 6 (heading)"
[parser-unknown-class] "ItemHead", text="139  Subsection 42(1)"
[parser-unknown-class] "ItemHead", text="140  Subsection 42(4)"
[parser-unknown-class] "ItemHead", text="141  Subsection 43(1)"
[parser-unknown-class] "ItemHead", text="142  Subsection 44(1)"
[parser-unknown-class] "ItemHead", text="143  Subsection 44(2)"
[parser-unknown-class] "ItemHead", text="144  Division 2 of Part 6"
[parser-unknown-class] "ActHead9", text="Australia Council Act 2013"
[parser-unknown-class] "ItemHead", text="145  Section 3 (paragraph relating to Part 6)"
[parser-unknown-class] "ItemHead", text="146  Section 4 (definition of Finance Minister)"
[parser-unknown-class] "ItemHead", text="147  Subsection 8(1) (note)"
[parser-unknown-class] "ItemHead", text="148  Paragraph 11(a)"
[parser-unknown-class] "ItemHead", text="149  Subsection 12(4)"
[parser-unknown-class] "ItemHead", text="150  Paragraph 22(2)(b)"
[parser-unknown-class] "ItemHead", text="151  At the end of subsection 22(2)"
[parser-unknown-class] "ItemHead", text="152  Paragraph 25(2)(a)"
[parser-unknown-class] "ItemHead", text="153  Section 29"
[parser-unknown-class] "ItemHead", text="154  Paragraph 41(1)(f)"
[parser-unknown-class] "ItemHead", text="155  At the end of subsection 41(1)"
[parser-unknown-class] "ItemHead", text="156  Section 45"
[parser-unknown-class] "ItemHead", text="157  Subsection 47(2)"
[parser-unknown-class] "ItemHead", text="158  Subsection 48(2)"
[parser-unknown-class] "ItemHead", text="159  Subsection 48(4)"
[parser-unknown-class] "ItemHead", text="160  Section 49"
[parser-unknown-class] "ItemHead", text="161  Section 51"
[parser-unknown-class] "ActHead9", text="Australian Aged Care Quality Agency Act 2013"
[parser-unknown-class] "ItemHead", text="162  Section 13 (note)"
[parser-unknown-class] "ItemHead", text="163  Section 22"
[parser-unknown-class] "ItemHead", text="164  Subparagraph 25(1)(b)(iv)"
[parser-unknown-class] "ItemHead", text="165  Part 5 (heading)"
[parser-unknown-class] "ItemHead", text="166  Section 43"
[parser-unknown-class] "ItemHead", text="167  Sections 46 and 47"
[parser-unknown-class] "ActHead9", text="Australian Broadcasting Corporation Act 1983"
[parser-unknown-class] "ItemHead", text="168  Subsection 3(1) (definition of Finance Minister)"
[parser-unknown-class] "ItemHead", text="169  Subsection 5(1) (note)"
[parser-unknown-class] "ItemHead", text="170  Subsection 13A(1) (note)"
[parser-unknown-class] "ItemHead", text="171  Paragraph 18(2)(a)"
[parser-unknown-class] "ItemHead", text="172  At the end of subsection 18(2)"
[parser-unknown-class] "ItemHead", text="173  Subsection 25A(2) (note)"
[parser-unknown-class] "ItemHead", text="174  Section 31A"
[parser-unknown-class] "ItemHead", text="175  Section 31B"
[parser-unknown-class] "ItemHead", text="176  Section 31C"
[parser-unknown-class] "ItemHead", text="177  At the end of section 31C"
[parser-unknown-class] "ItemHead", text="178  Section 31D"
[parser-unknown-class] "ItemHead", text="179  Subsection 68(2)"
[parser-unknown-class] "ItemHead", text="180  Subsection 71A(1)"
[parser-unknown-class] "ItemHead", text="181  Subsection 78(7)"
[parser-unknown-class] "ItemHead", text="182  Section 80"
[parser-unknown-class] "ItemHead", text="183  Paragraphs 80(a) and (b)"
[parser-unknown-class] "ItemHead", text="184  Paragraphs 80(c), (ca), (d), (daa), (e), (f) and (g)"
[parser-unknown-class] "ItemHead", text="185  Paragraph 80(i)"
[parser-unknown-class] "ItemHead", text="186  Paragraphs 80(j), (k) and (l)"
[parser-unknown-class] "ActHead9", text="Australian Bureau of Statistics Act 1975"
[parser-unknown-class] "ItemHead", text="187  Section 24"
[parser-unknown-class] "ActHead9", text="Australian Capital Territory (Planning and Land Management) Act 1988"
[parser-unknown-class] "ItemHead", text="188  Paragraph 41(2)(d)"
[parser-unknown-class] "ItemHead", text="189  After paragraph 41(2)(d)"
[parser-unknown-class] "ItemHead", text="190  At the end of section 42"
[parser-unknown-class] "ItemHead", text="191  Section 50"
[parser-unknown-class] "ItemHead", text="192  Section 56 (definition of Finance Minister)"
[parser-unknown-class] "ActHead9", text="Australian Capital Territory (Self‑Government) Act 1988"
[parser-unknown-class] "ItemHead", text="193  Section 3 (definition of Finance Minister)"
[parser-unknown-class] "ActHead9", text="Australian Centre for International Agricultural Research Act 1982"
[parser-unknown-class] "ItemHead", text="194  Paragraph 16A(2)(c)"
[parser-unknown-class] "ItemHead", text="195  Section 16B"
[parser-unknown-class] "ItemHead", text="196  Paragraph 29C(2)(d)"
[parser-unknown-class] "ItemHead", text="197  Section 29D"
[parser-unknown-class] "ItemHead", text="198  Paragraph 29E(a)"
[parser-unknown-class] "ItemHead", text="199  Subsection 33(2)"
[parser-unknown-class] "ItemHead", text="200  Section 34 (note)"
[parser-unknown-class] "ItemHead", text="201  Section 39"
[parser-unknown-class] "ActHead9", text="Australian Civilian Corps Act 2011"
[parser-unknown-class] "ItemHead", text="202  Subparagraph 27(1)(c)(i)"
[parser-unknown-class] "ActHead9", text="Australian Communications and Media Authority Act 2005"
[parser-unknown-class] "ItemHead", text="203  Sections 29 and 30"
[parser-unknown-class] "ItemHead", text="204  Paragraph 34(4)(b)"
[parser-unknown-class] "ItemHead", text="205  Paragraph 39(2)(a)"
[parser-unknown-class] "ItemHead", text="206  Subsection 40(2)"
[parser-unknown-class] "ItemHead", text="207  Subsection 44(3)"
[parser-unknown-class] "ItemHead", text="208  Subparagraph 47(1)(c)(i)"
[parser-unknown-class] "ItemHead", text="209  Paragraph 47(3)(a)"
[parser-unknown-class] "ItemHead", text="210  Subsection 48(3)"
[parser-unknown-class] "ItemHead", text="211  Subsection 55(2)"
[parser-unknown-class] "ItemHead", text="212  Section 56"
[parser-unknown-class] "ItemHead", text="213  Section 57"
[parser-unknown-class] "ItemHead", text="214  Section 63"
[parser-unknown-class] "ActHead9", text="Australian Crime Commission Act 2002"
[parser-unknown-class] "ItemHead", text="215  Section 41"
[parser-unknown-class] "ItemHead", text="216  Paragraph 44(2)(c)"
[parser-unknown-class] "ItemHead", text="217  Section 46F"
[parser-unknown-class] "ItemHead", text="218  Paragraph 46H(2)(c)"
[parser-unknown-class] "ItemHead", text="219  Section 61 (heading)"
[parser-unknown-class] "ItemHead", text="220  After section 61"
[parser-unknown-class] "ActHead9", text="Australian Curriculum, Assessment and Reporting Authority Act 2008"
[parser-unknown-class] "ItemHead", text="221  Section 3 (definition of Finance Minister)"
[parser-unknown-class] "ItemHead", text="222  Subsection 5(2) (note)"
[parser-unknown-class] "ItemHead", text="223  Paragraph 7(2)(b)"
[parser-unknown-class] "ItemHead", text="224  Paragraph 19(2)(b)"
[parser-unknown-class] "ItemHead", text="225  At the end of subsection 19(2)"
[parser-unknown-class] "ItemHead", text="226  Paragraph 21(3)(a)"
[parser-unknown-class] "ItemHead", text="227  Subsection 21(10)"
[parser-unknown-class] "ItemHead", text="228  Section 30"
[parser-unknown-class] "ItemHead", text="229  Paragraph 32(3)(d)"
[parser-unknown-class] "ItemHead", text="230  Subsection 38(3)"
[parser-unknown-class] "ItemHead", text="231  After section 43"
[parser-unknown-class] "ActHead9", text="Australian Federal Police Act 1979"
[parser-unknown-class] "ItemHead", text="232  Subsection 4(1) (definition of Finance Minister)"
[parser-unknown-class] "ItemHead", text="233  Subsection 37(6)"
[parser-unknown-class] "ItemHead", text="234  Section 67"
[parser-unknown-class] "ActHead9", text="Australian Film, Television and Radio School Act 1973"
[parser-unknown-class] "ItemHead", text="235  Section 3 (definition of Finance Minister)"
[parser-unknown-class] "ItemHead", text="236  Subsection 4(2) (note)"
[parser-unknown-class] "ItemHead", text="237  Section 18"
[parser-unknown-class] "ItemHead", text="238  Paragraph 18(b)"
[parser-unknown-class] "ItemHead", text="239  Paragraph 18(c)"
[parser-unknown-class] "ItemHead", text="240  At the end of section 18"
[parser-unknown-class] "ItemHead", text="241  Paragraph 29(1)(b)"
[parser-unknown-class] "ItemHead", text="242  Paragraph 29(1)(c)"
[parser-unknown-class] "ItemHead", text="243  At the end of subsection 29(2)"
[parser-unknown-class] "ItemHead", text="244  Subsection 39(1A)"
[parser-unknown-class] "ActHead9", text="Australian Hearing Services Act 1991"
[parser-unknown-class] "ItemHead", text="245  Subsection 4(1) (definition of Finance Minister)"
[parser-unknown-class] "ItemHead", text="246  Subsection 7(2) (note)"
[parser-unknown-class] "ItemHead", text="247  Subsection 12(4)"
[parser-unknown-class] "ItemHead", text="248  Paragraph 31(2)(b)"
[parser-unknown-class] "ItemHead", text="249  At the end of subsection 31(2)"
[parser-unknown-class] "ItemHead", text="250  Sections 36 and 37"
[parser-unknown-class] "ItemHead", text="251  Paragraph 46(2)(b)"
[parser-unknown-class] "ItemHead", text="252  At the end of subsection 46(2)"
[parser-unknown-class] "ItemHead", text="253  Subsection 52(3)"
[parser-unknown-class] "ItemHead", text="254  Subsection 60(1)"
[parser-unknown-class] "ItemHead", text="255  Paragraph 60(1)(b)"
[parser-unknown-class] "ItemHead", text="256  Subsection 63B(1)"
[parser-unknown-class] "ActHead9", text="Australian Human Rights Commission Act 1986"
[parser-unknown-class] "ItemHead", text="257  Subsection 13(1)"
[parser-unknown-class] "ItemHead", text="258  Subsection 13(2)"
[parser-unknown-class] "ItemHead", text="259  Paragraph 41(2)(e)"
[parser-unknown-class] "ItemHead", text="260  Section 42"
[parser-unknown-class] "ItemHead", text="261  Section 45"
[parser-unknown-class] "ItemHead", text="262  Division 6 of Part II"
[parser-unknown-class] "ActHead9", text="Australian Information Commissioner Act 2010"
[parser-unknown-class] "ItemHead", text="263  Paragraph 8(j)"
[parser-unknown-class] "ItemHead", text="264  Paragraph 20(2)(d)"
[parser-unknown-class] "ItemHead", text="265  Section 22"
[parser-unknown-class] "ItemHead", text="266  Subsection 27A(8) (note)"
[parser-unknown-class] "ItemHead", text="267  Section 30"
[parser-unknown-class] "ActHead9", text="Australian Institute of Aboriginal and Torres Strait Islander Studies Act 1989"
[parser-unknown-class] "ItemHead", text="268  Section 3 (definition of Finance Minister)"
[parser-unknown-class] "ItemHead", text="269  Subsection 4(2) (note)"
[parser-unknown-class] "ItemHead", text="270  Subsection 21(2)"
[parser-unknown-class] "ItemHead", text="271  Paragraph 23(5)(a)"
[parser-unknown-class] "ItemHead", text="272  Subsection 38(2)"
[parser-unknown-class] "ActHead9", text="Australian Institute of Health and Welfare Act 1987"
[parser-unknown-class] "ItemHead", text="273  Subsection 3(1) (definition of Finance Minister)"
[parser-unknown-class] "ItemHead", text="274  Subsection 4(2) (note)"
[parser-unknown-class] "ItemHead", text="275  Subsection 7(3)"
[parser-unknown-class] "ItemHead", text="276  Paragraph 13(2)(b)"
[parser-unknown-class] "ItemHead", text="277  At the end of subsection 13(2)"
[parser-unknown-class] "ItemHead", text="278  Section 14"
[parser-unknown-class] "ItemHead", text="279  Paragraph 22(1)(a)"
[parser-unknown-class] "ItemHead", text="280  Subsection 22(3)"
[parser-unknown-class] "ItemHead", text="281  Section 24"
[parser-unknown-class] "ItemHead", text="282  Subsection 25(1)"
[parser-unknown-class] "ItemHead", text="283  Paragraph 25(1)(a)"
[parser-unknown-class] "ActHead9", text="Australian Institute of Marine Science Act 1972"
[parser-unknown-class] "ItemHead", text="284  Subsection 5(1) (definition of Finance Minister)"
[parser-unknown-class] "ItemHead", text="285  Subsection 7(2) (note)"
[parser-unknown-class] "ItemHead", text="286  Paragraph 16(1)(c)"
[parser-unknown-class] "ItemHead", text="287  At the end of subsection 16(1)"
[parser-unknown-class] "ItemHead", text="288  Paragraph 27(2)(d)"
[parser-unknown-class] "ItemHead", text="289  At the end of subsection 27(2)"
[parser-unknown-class] "ItemHead", text="290  Subsection 38(2)"
[parser-unknown-class] "ItemHead", text="291  Subsection 50A(1)"
[parser-unknown-class] "ItemHead", text="292  After section 50A"
[parser-unknown-class] "ActHead9", text="Australian Law Reform Commission Act 1996"
[parser-unknown-class] "ItemHead", text="293  Sections 39 and 40"
[parser-unknown-class] "ItemHead", text="294  Subsection 45(2)"
[parser-unknown-class] "ItemHead", text="295  Subsection 45(3) (note)"
[parser-unknown-class] "ItemHead", text="296  Subsection 45(4) (note)"
[parser-unknown-class] "ActHead9", text="Australian Maritime Safety Authority Act 1990"
[parser-unknown-class] "ItemHead", text="297  Subsection 3(1) (definition of Finance Minister)"
[parser-unknown-class] "ItemHead", text="298  Subsection 5(2) (note)"
[parser-unknown-class] "ItemHead", text="299  Subsections 8(3), 9A(4) and 9B(4)"
[parser-unknown-class] "ItemHead", text="300  After section 9B"
[parser-unknown-class] "ItemHead", text="301  Subsection 10(2) (note)"
[parser-unknown-class] "ItemHead", text="302  Paragraph 21(2)(d)"
[parser-unknown-class] "ItemHead", text="303  At the end of subsection 21(2)"
[parser-unknown-class] "ItemHead", text="304  Paragraph 21(3A)(b)"
[parser-unknown-class] "ItemHead", text="305  Subsection 25(1)"
[parser-unknown-class] "ItemHead", text="306  Subsections 25(3) and (4)"
[parser-unknown-class] "ItemHead", text="307  Paragraphs 25(5)(a) to (d)"
[parser-unknown-class] "ItemHead", text="308  Subsection 26(1)"
[parser-unknown-class] "ItemHead", text="309  Subsection 41(6)"
[parser-unknown-class] "ActHead9", text="Australian National Maritime Museum Act 1990"
[parser-unknown-class] "ItemHead", text="310  Subsection 3(1) (definition of Finance Minister)"
[parser-unknown-class] "ItemHead", text="311  Subsection 5(2) (note)"
[parser-unknown-class] "ItemHead", text="312  Subsection 10(5)"
[parser-unknown-class] "ItemHead", text="313  Paragraph 21(2)(b)"
[parser-unknown-class] "ItemHead", text="314  Paragraph 21(2)(c)"
[parser-unknown-class] "ItemHead", text="315  At the end of subsection 21(2)"
[parser-unknown-class] "ItemHead", text="316  Subsection 23(6)"
[parser-unknown-class] "ItemHead", text="317  Division 3 of Part 3 (heading)"
[parser-unknown-class] "ItemHead", text="318  Sections 25, 26 and 27"
[parser-unknown-class] "ItemHead", text="319  Subsection 28(1)"
[parser-unknown-class] "ItemHead", text="320  Subsections 28(2) and (5)"
[parser-unknown-class] "ItemHead", text="321  Section 29"
[parser-unknown-class] "ItemHead", text="322  Paragraph 36(2)(e)"
[parser-unknown-class] "ItemHead", text="323  At the end of subsection 36(2)"
[parser-unknown-class] "ItemHead", text="324  Section 37"
[parser-unknown-class] "ItemHead", text="325  At the end of section 37"
[parser-unknown-class] "ItemHead", text="326  Subsection 44(4)"
[parser-unknown-class] "ItemHead", text="327  Subsection 45(2)"
[parser-unknown-class] "ItemHead", text="328  Subsection 47(3)"
[parser-unknown-class] "ItemHead", text="329  Section 48"
[parser-unknown-class] "ItemHead", text="330  Subsection 50(1)"
[parser-unknown-class] "ActHead9", text="Australian National University Act 1991"
[parser-unknown-class] "ItemHead", text="331  Subsection 4(2) (note)"
[parser-unknown-class] "ItemHead", text="332  Sections 4A and 4B"
[parser-unknown-class] "ItemHead", text="333  Subsection 6(3)"
[parser-unknown-class] "ItemHead", text="334  Subsection 13(4)"
[parser-unknown-class] "ItemHead", text="335  Paragraphs 13(5)(b) and 15(1)(k)"
[parser-unknown-class] "ItemHead", text="336  Sections 18A to 18G"
[parser-unknown-class] "ItemHead", text="337  Subsection 44(3)"
[parser-unknown-class] "ItemHead", text="338  Subsection 44(4) (definition of Finance Minister)"
[parser-unknown-class] "ItemHead", text="339  Subsection 50(1)"
[parser-unknown-class] "ActHead9", text="Australian Nuclear Science and Technology Organisation Act 1987"
[parser-unknown-class] "ItemHead", text="340  Subsection 3(1) (definition of Finance Minister)"
[parser-unknown-class] "ItemHead", text="341  Subsection 4(1) (note)"
[parser-unknown-class] "ItemHead", text="342  Subsection 7(3)"
[parser-unknown-class] "ItemHead", text="343  At the end of section 7"
[parser-unknown-class] "ItemHead", text="344  At the end of paragraph 14(2)(a)"
[parser-unknown-class] "ItemHead", text="345  Paragraph 14(2)(b)"
[parser-unknown-class] "ItemHead", text="346  Paragraph 14(2)(c)"
[parser-unknown-class] "ItemHead", text="347  At the end of subsection 14(2)"
[parser-unknown-class] "ItemHead", text="348  Subsection 16(6)"
[parser-unknown-class] "ItemHead", text="349  Paragraph 21C(2)(d)"
[parser-unknown-class] "ItemHead", text="350  At the end of subsection 21C(2)"
[parser-unknown-class] "ItemHead", text="351  Section 22"
[parser-unknown-class] "ItemHead", text="352  At the end of section 22"
[parser-unknown-class] "ItemHead", text="353  Subsection 27(4)"
[parser-unknown-class] "ItemHead", text="354  Section 29"
[parser-unknown-class] "ItemHead", text="355  Subsection 36A(1)"
[parser-unknown-class] "ItemHead", text="356  Subsection 39(1)"
[parser-unknown-class] "ActHead9", text="Australian Organ and Tissue Donation and Transplantation Authority Act 2008"
[parser-unknown-class] "ItemHead", text="357  Section 21"
[parser-unknown-class] "ItemHead", text="358  Paragraph 22(2)(d)"
[parser-unknown-class] "ItemHead", text="359  Division 6 of Part 3"
[parser-unknown-class] "ItemHead", text="360  Sections 41 and 42"
[parser-unknown-class] "ItemHead", text="361  Sections 51 and 52"
[parser-unknown-class] "ActHead9", text="Australian Passports Act 2005"
[parser-unknown-class] "ItemHead", text="362  Subsection 13(3) (paragraph (c) of the definition of competent authority)"
[parser-unknown-class] "ItemHead", text="363  Subsection 14(3) (subparagraph (b)(iii) of the definition of competent authority)"
[parser-unknown-class] "ActHead9", text="Australian Postal Corporation Act 1989"
[parser-unknown-class] "ItemHead", text="364  Section 3 (definition of Finance Minister)"
[parser-unknown-class] "ItemHead", text="365  Section 13 (note)"
[parser-unknown-class] "ItemHead", text="366  Paragraph 28(a)"
[parser-unknown-class] "ItemHead", text="367  Section 38"
[parser-unknown-class] "ItemHead", text="368  At the end of paragraphs 38(a) to (g)"
[parser-unknown-class] "ItemHead", text="369  Paragraph 38(h)"
[parser-unknown-class] "ItemHead", text="370  Subsection 40(1)"
[parser-unknown-class] "ItemHead", text="371  Subsection 43(1)"
[parser-unknown-class] "ItemHead", text="372  Paragraphs 43(1)(a), (b) and (c)"
[parser-unknown-class] "ItemHead", text="373  Paragraph 43(1)(fa)"
[parser-unknown-class] "ItemHead", text="374  Subparagraph 43(1)(g)(i)"
[parser-unknown-class] "ItemHead", text="375  Subparagraph 43(1)(g)(ii)"
[parser-unknown-class] "ItemHead", text="376  Paragraphs 43(1)(h), (k), (m), (n) and (o)"
[parser-unknown-class] "ItemHead", text="377  Subsection 43(2) (definition of corporate plan)"
[parser-unknown-class] "ItemHead", text="378  Subsection 44(1)"
[parser-unknown-class] "ItemHead", text="379  Paragraph 44(1)(a)"
[parser-unknown-class] "ItemHead", text="380  Paragraphs 44(1)(d), (e) and (f)"
[parser-unknown-class] "ItemHead", text="381  Subparagraph 44(1)(g)(ii)"
[parser-unknown-class] "ItemHead", text="382  Subsection 44(3) (definition of corporate plan)"
[parser-unknown-class] "ItemHead", text="383  Subsection 56A(8) (note)"
[parser-unknown-class] "ItemHead", text="384  Subsection 57(2)"
[parser-unknown-class] "ItemHead", text="385  Subsection 67(2)"
[parser-unknown-class] "ItemHead", text="386  Section 71"
[parser-unknown-class] "ItemHead", text="387  At the end of paragraph 79(2)(a)"
[parser-unknown-class] "ItemHead", text="388  Paragraph 79(2)(b)"
[parser-unknown-class] "ItemHead", text="389  At the end of subsection 79(2)"
[parser-unknown-class] "ItemHead", text="390  Paragraph 79(5)(a)"
[parser-unknown-class] "ItemHead", text="391  Section 84"
[parser-unknown-class] "ItemHead", text="392  At the end of section 84"
[parser-unknown-class] "ItemHead", text="393  Section 87"
[parser-unknown-class] "ItemHead", text="394  At the end of section 87"
[parser-unknown-class] "ActHead9", text="Australian Prudential Regulation Authority Act 1998"
[parser-unknown-class] "ItemHead", text="395  Subsection 11(3) (note)"
[parser-unknown-class] "ItemHead", text="396  Paragraph 12A(a)"
[parser-unknown-class] "ItemHead", text="397  At the end of Part 4A"
[parser-unknown-class] "ItemHead", text="398  Subsection 50(3) (note)"
[parser-unknown-class] "ItemHead", text="399  Subsection 52(2)"
[parser-unknown-class] "ItemHead", text="400  Subsection 53(1) (note)"
[parser-unknown-class] "ItemHead", text="401  Subsection 54(2) (note)"
[parser-unknown-class] "ItemHead", text="402  Subsection 54A(2)"
[parser-unknown-class] "ItemHead", text="403  Section 54C (note)"
[parser-unknown-class] "ItemHead", text="404  Subsection 54E(6) (definition of Finance Minister)"
[parser-unknown-class] "ItemHead", text="405  Subsection 59(1)"
[parser-unknown-class] "ItemHead", text="406  Subsection 59(2) (heading)"
[parser-unknown-class] "ItemHead", text="407  Subsection 59(2)"
[parser-unknown-class] "ItemHead", text="408  Paragraphs 59(2)(b) and (ba)"
[parser-unknown-class] "ItemHead", text="409  Paragraph 59(2)(c)"
[parser-unknown-class] "ItemHead", text="410  Paragraphs 59(2)(d) and (e)"
[parser-unknown-class] "ItemHead", text="411  Subsection 59(4)"
[parser-unknown-class] "ActHead9", text="Australian Radiation Protection and Nuclear Safety Act 1998"
[parser-unknown-class] "ItemHead", text="412  Section 13 (definition of Finance Minister)"
[parser-unknown-class] "ItemHead", text="413  Section 50"
[parser-unknown-class] "ItemHead", text="414  Paragraph 51(2)(f)"
[parser-unknown-class] "ItemHead", text="415  Subsection 56(2)"
[parser-unknown-class] "ItemHead", text="416  Subsection 56(3) (note)"
[parser-unknown-class] "ItemHead", text="417  Section 59"
[parser-unknown-class] "ActHead9", text="Australian Research Council Act 2001"
[parser-unknown-class] "ItemHead", text="418  Section 4 (definition of interest)"
[parser-unknown-class] "ItemHead", text="419  Paragraph 33C(2)(b)"
[parser-unknown-class] "ItemHead", text="420  Subsection 33C(3)"
[parser-unknown-class] "ItemHead", text="421  Paragraph 33C(3)(b)"
[parser-unknown-class] "ItemHead", text="422  Subsection 33C(3) (at the end of the note)"
[parser-unknown-class] "ItemHead", text="423  Subsection 39(1) (heading)"
[parser-unknown-class] "ItemHead", text="424  Subsection 39(1)"
[parser-unknown-class] "ItemHead", text="425  At the end of subsection 39(1)"
[parser-unknown-class] "ItemHead", text="426  Subsections 39(2) and (3)"
[parser-unknown-class] "ItemHead", text="427  Division 1 of Part 6 (heading)"
[parser-unknown-class] "ItemHead", text="428  Section 42"
[parser-unknown-class] "ItemHead", text="429  Section 43 (heading)"
[parser-unknown-class] "ItemHead", text="430  Subsections 43(1) to (4)"
[parser-unknown-class] "ItemHead", text="431  Section 44 (heading)"
[parser-unknown-class] "ItemHead", text="432  Subsections 44(1) and (3)"
[parser-unknown-class] "ItemHead", text="433  Section 45"
[parser-unknown-class] "ItemHead", text="434  Section 46"
[parser-unknown-class] "ItemHead", text="435  Subsection 62(2)"
[parser-unknown-class] "ItemHead", text="436  Section 63 (note)"
[parser-unknown-class] "ActHead9", text="Australian Security Intelligence Organisation Act 1979"
[parser-unknown-class] "ItemHead", text="437  Subsection 34ZJ(3)"
[parser-unknown-class] "ItemHead", text="438  Subsection 34ZJ(3)"
[parser-unknown-class] "ItemHead", text="439  Section 94"
[parser-unknown-class] "ActHead9", text="Australian Sports Anti‑Doping Authority Act 2006"
[parser-unknown-class] "ItemHead", text="440  Section 22 (note)"
[parser-unknown-class] "ItemHead", text="441  Subsection 24(4)"
[parser-unknown-class] "ItemHead", text="442  Section 24E"
[parser-unknown-class] "ItemHead", text="443  Paragraph 24J(2)(b)"
[parser-unknown-class] "ItemHead", text="444  After paragraph 24J(2)(b)"
[parser-unknown-class] "ItemHead", text="445  Sections 31 and 32"
[parser-unknown-class] "ItemHead", text="446  Paragraph 37(2)(b)"
[parser-unknown-class] "ItemHead", text="447  Sections 48 and 49"
[parser-unknown-class] "ItemHead", text="448  Paragraph 50C(2)(b)"
[parser-unknown-class] "ItemHead", text="449  After paragraph 50C(2)(b)"
[parser-unknown-class] "ItemHead", text="450  Sections 74 and 75"
[parser-unknown-class] "ActHead9", text="Australian Sports Commission Act 1989"
[parser-unknown-class] "ItemHead", text="451  Section 3 (definition of Finance Minister)"
[parser-unknown-class] "ItemHead", text="452  Subsection 5(2) (note)"
[parser-unknown-class] "ItemHead", text="453  Paragraph 19(2)(b)"
[parser-unknown-class] "ItemHead", text="454  At the end of subsection 19(2)"
[parser-unknown-class] "ItemHead", text="455  Subsection 22(7)"
[parser-unknown-class] "ItemHead", text="456  Part IV (heading)"
[parser-unknown-class] "ItemHead", text="457  Sections 23 and 24"
[parser-unknown-class] "ItemHead", text="458  Section 25 (heading)"
[parser-unknown-class] "ItemHead", text="459  Subsection 25(1)"
[parser-unknown-class] "ItemHead", text="460  Subsection 25(1)"
[parser-unknown-class] "ItemHead", text="461  Subsections 25(2) and (3) and 26(1), (2) and (5)"
[parser-unknown-class] "ItemHead", text="462  Section 27"
[parser-unknown-class] "ItemHead", text="463  Section 37"
[parser-unknown-class] "ItemHead", text="464  At the end of section 37"
[parser-unknown-class] "ItemHead", text="465  Subsection 45(2)"
[parser-unknown-class] "ItemHead", text="466  Subsection 47(1)"
[parser-unknown-class] "ItemHead", text="467  Subsection 47(2)"
[parser-unknown-class] "ItemHead", text="468  Section 48"
[parser-unknown-class] "ItemHead", text="469  Subsection 52(1)"
[parser-unknown-class] "ActHead9", text="Australian Trade Commission Act 1985"
[parser-unknown-class] "ItemHead", text="470  Subsection 3(1) (definition of corporate plan)"
[parser-unknown-class] "ItemHead", text="471  Section 64"
[parser-unknown-class] "ItemHead", text="472  Section 92"
[parser-unknown-class] "ActHead9", text="Australian War Memorial Act 1980"
[parser-unknown-class] "ItemHead", text="473  Section 3 (definition of Finance Minister)"
[parser-unknown-class] "ItemHead", text="474  Subsection 4(2) (note)"
[parser-unknown-class] "ItemHead", text="475  Paragraph 14(2)(b)"
[parser-unknown-class] "ItemHead", text="476  Paragraph 14(2)(c)"
[parser-unknown-class] "ItemHead", text="477  At the end of subsection 14(2)"
[parser-unknown-class] "ItemHead", text="478  Subsection 32(4)"
[parser-unknown-class] "ItemHead", text="479  Subsection 33(2)"
[parser-unknown-class] "ItemHead", text="480  Subsection 35(1)"
[parser-unknown-class] "ItemHead", text="481  Subsection 35(2)"
[parser-unknown-class] "ActHead9", text="Autonomous Sanctions Act 2011"
[parser-unknown-class] "ItemHead", text="482  Section 4 (definition of Commonwealth entity)"
[parser-unknown-class] "ActHead6", text="Schedule 8—Amendments of Acts starting with B to E"
[parser-unknown-class] "ActHead9", text="Banking Act 1959"
[parser-unknown-class] "ItemHead", text="1  Subsection 5(1) (definition of Finance Minister)"
[parser-unknown-class] "ItemHead", text="2  Subsection 69(11B)"
[parser-unknown-class] "ItemHead", text="3  At the end of subsection 69(12)"
[parser-unknown-class] "ItemHead", text="4  Subsection 70C(2) (heading)"
[parser-unknown-class] "ItemHead", text="5  Subsection 70C(2) (note)"
[parser-unknown-class] "ItemHead", text="6  Subsection 70C(4)"
[parser-unknown-class] "ItemHead", text="7  Subsection 70E(2)"
[parser-unknown-class] "ItemHead", text="8  Subsection 70F(1) (note)"
[parser-unknown-class] "ItemHead", text="9  Section 70G (note)"
[parser-unknown-class] "ActHead9", text="Bankruptcy Act 1966"
[parser-unknown-class] "ItemHead", text="10  Subsection 5(1) (definition of Finance Minister)"
[parser-unknown-class] "ItemHead", text="11  Section 18AA"
[parser-unknown-class] "ItemHead", text="12  Subsection 20G(2)"
[parser-unknown-class] "ActHead9", text="Cancer Australia Act 2006"
[parser-unknown-class] "ItemHead", text="13  Subsection 13(1) (note)"
[parser-unknown-class] "ItemHead", text="14  Section 20"
[parser-unknown-class] "ItemHead", text="15  Paragraph 23(2)(d)"
[parser-unknown-class] "ItemHead", text="16  Subsection 32(2)"
[parser-unknown-class] "ItemHead", text="17  Paragraph 35(2)(c)"
[parser-unknown-class] "ItemHead", text="18  Section 37"
[parser-unknown-class] "ActHead9", text="Charter of Budget Honesty Act 1998"
[parser-unknown-class] "ItemHead", text="19  Subclause 3(1) of Schedule 1 (definition of Minister for Finance)"
[parser-unknown-class] "ActHead9", text="Charter of the United Nations Act 1945"
[parser-unknown-class] "ItemHead", text="20  Section 2 (definition of Commonwealth entity)"
[parser-unknown-class] "ActHead9", text="Child Support (Registration and Collection) Act 1988"
[parser-unknown-class] "ItemHead", text="21  Subsection 73(2)"
[parser-unknown-class] "ItemHead", text="22  Subsection 74(3)"
[parser-unknown-class] "ActHead9", text="Civil Aviation Act 1988"
[parser-unknown-class] "ItemHead", text="23  Section 3 (definition of corporate plan)"
[parser-unknown-class] "ItemHead", text="24  Section 3 (definition of Finance Minister)"
[parser-unknown-class] "ItemHead", text="25  Subsection 8(2) (note)"
[parser-unknown-class] "ItemHead", text="26  Subsection 12(5)"
[parser-unknown-class] "ItemHead", text="27  Section 44"
[parser-unknown-class] "ItemHead", text="28  Subsection 47(2)"
[parser-unknown-class] "ItemHead", text="29  Section 49"
[parser-unknown-class] "ItemHead", text="30  Subsection 52(1) (note)"
[parser-unknown-class] "ItemHead", text="31  Paragraph 60(2)(c)"
[parser-unknown-class] "ItemHead", text="32  Paragraph 60(2)(d)"
[parser-unknown-class] "ItemHead", text="33  At the end of subsection 60(2)"
[parser-unknown-class] "ItemHead", text="34  Paragraph 60(4)(b)"
[parser-unknown-class] "ItemHead", text="35  Paragraph 66(2)(a)"
[parser-unknown-class] "ItemHead", text="36  Subsection 70(3)"
[parser-unknown-class] "ItemHead", text="37  Paragraph 81(e)"
[parser-unknown-class] "ItemHead", text="38  Paragraph 81(f)"
[parser-unknown-class] "ItemHead", text="39  At the end of section 81"
[parser-unknown-class] "ActHead9", text="Classification (Publications, Films and Computer Games) Act 1995"
[parser-unknown-class] "ItemHead", text="40  Section 5 (definition of Finance Minister)"
[parser-unknown-class] "ItemHead", text="41  Subsections 13(1), 14(1), 15(3) and (4) and 17(1) (note)"
[parser-unknown-class] "ItemHead", text="42  Subsection 22A(2) (note)"
[parser-unknown-class] "ItemHead", text="43  Subsections 27(2), (3), (5) and (6) and 87(2), (3), (5) and (6) (note)"
[parser-unknown-class] "ItemHead", text="44  Subsection 91A(4)"
[parser-unknown-class] "ActHead9", text="COAG Reform Fund Act 2008"
[parser-unknown-class] "ItemHead", text="45  Subsection 5(2)"
[parser-unknown-class] "ItemHead", text="46  Subsection 5(2) (note 1)"
[parser-unknown-class] "ItemHead", text="47  Section 6 (note)"
[parser-unknown-class] "ActHead9", text="Coal Mining Industry (Long Service Leave) Administration Act 1992"
[parser-unknown-class] "ItemHead", text="48  Subsection 4(1) (definition of Finance Minister)"
[parser-unknown-class] "ItemHead", text="49  Subsection 6(2) (note)"
[parser-unknown-class] "ItemHead", text="50  Subsection 17(2)"
[parser-unknown-class] "ItemHead", text="51  Paragraph 28(2)(c)"
[parser-unknown-class] "ItemHead", text="52  At the end of subsection 28(2)"
[parser-unknown-class] "ItemHead", text="53  Section 39"
[parser-unknown-class] "ItemHead", text="54  Subsection 50(1A)"
[parser-unknown-class] "ActHead9", text="Coal Mining Industry (Long Service Leave) Payroll Levy Collection Act 1992"
[parser-unknown-class] "ItemHead", text="55  Subsection 9(3)"
[parser-unknown-class] "ActHead9", text="Coastal Trading (Revitalising Australian Shipping) Act 2012"
[parser-unknown-class] "ItemHead", text="56  Subsection 6(1) (paragraph (a) of the definition of Commonwealth agency)"
[parser-unknown-class] "ItemHead", text="57  Paragraph 110(1)(b)"
[parser-unknown-class] "ActHead9", text="Commonwealth Electoral Act 1918"
[parser-unknown-class] "ItemHead", text="58  Subsection 4(1) (definition of Finance Minister)"
[parser-unknown-class] "ItemHead", text="59  At the end of section 11"
[parser-unknown-class] "ItemHead", text="60  Subsection 17(1)"
[parser-unknown-class] "ItemHead", text="61  Subsection 17(1A)"
[parser-unknown-class] "ItemHead", text="62  Subsection 17(2C)"
[parser-unknown-class] "ItemHead", text="63  Subsection 17(4)"
[parser-unknown-class] "ItemHead", text="64  Subsection 17(5)"
[parser-unknown-class] "ItemHead", text="65  Subsection 17A(1)"
[parser-unknown-class] "ItemHead", text="66  Subsection 25(3)"
[parser-unknown-class] "ActHead9", text="Commonwealth Inscribed Stock Act 1911"
[parser-unknown-class] "ItemHead", text="67  Paragraph 51JA(2A)(c)"
[parser-unknown-class] "ActHead9", text="Commonwealth Places (Application of Laws) Act 1970"
[parser-unknown-class] "ItemHead", text="68  Section 21"
[parser-unknown-class] "ActHead9", text="Commonwealth Places (Mirror Taxes) Act 1998"
[parser-unknown-class] "ItemHead", text="69  Subsection 23(5)"
[parser-unknown-class] "ActHead9", text="ComSuper Act 2011"
[parser-unknown-class] "ItemHead", text="70  Subsection 7(1)"
[parser-unknown-class] "ItemHead", text="71  At the end of subsection 7(1)"
[parser-unknown-class] "ItemHead", text="72  Subsection 7(2)"
[parser-unknown-class] "ItemHead", text="73  Paragraph 8(5)(a)"
[parser-unknown-class] "ItemHead", text="74  Section 15"
[parser-unknown-class] "ItemHead", text="75  Paragraph 18(1)(e)"
[parser-unknown-class] "ItemHead", text="76  Subsection 21(2)"
[parser-unknown-class] "ItemHead", text="77  Section 22 (note)"
[parser-unknown-class] "ItemHead", text="78  Paragraph 23(2)(f)"
[parser-unknown-class] "ItemHead", text="79  Subsection 23(2) (note)"
[parser-unknown-class] "ItemHead", text="80  Section 24"
[parser-unknown-class] "ActHead9", text="Corporations (Aboriginal and Torres Strait Islander) Act 2006"
[parser-unknown-class] "ItemHead", text="81  Subsection 551‑20(2)"
[parser-unknown-class] "ItemHead", text="82  Paragraph 604‑25(4)(c)"
[parser-unknown-class] "ItemHead", text="83  Paragraph 604‑25(4)(g)"
[parser-unknown-class] "ActHead9", text="Crimes (Superannuation Benefits) Act 1989"
[parser-unknown-class] "ItemHead", text="84  Subsection 2(1) (definition of Finance Minister)"
[parser-unknown-class] "ActHead9", text="Criminology Research Act 1971"
[parser-unknown-class] "ItemHead", text="85  Section 4 (definition of Finance Minister)"
[parser-unknown-class] "ItemHead", text="86  Subsection 46(2)"
[parser-unknown-class] "ItemHead", text="87  Subsection 46(3) (note)"
[parser-unknown-class] "ItemHead", text="88  Subsection 46(4) (note)"
[parser-unknown-class] "ItemHead", text="89  Section 49"
[parser-unknown-class] "ActHead9", text="CSL Sale Act 1993"
[parser-unknown-class] "ItemHead", text="90  Subsection 3(1) (definition of Finance Minister)"
[parser-unknown-class] "ActHead9", text="Customs Act 1901"
[parser-unknown-class] "ItemHead", text="91  Subsection 4(1) (definition of Finance Minister)"
[parser-unknown-class] "ItemHead", text="92  Section 269SML"
[parser-unknown-class] "ItemHead", text="93  Paragraph 269SMO(2)(c)"
[parser-unknown-class] "ActHead9", text="Customs Administration Act 1985"
[parser-unknown-class] "ItemHead", text="94  Section 11"
[parser-unknown-class] "ItemHead", text="95  At the end of section 11"
[parser-unknown-class] "ItemHead", text="96  Section 17"
[parser-unknown-class] "ActHead9", text="Dairy Produce Act 1986"
[parser-unknown-class] "ItemHead", text="97  Clause 104 of Schedule 2"
[parser-unknown-class] "ItemHead", text="98  Subclause 131(5) of Schedule 2"
[parser-unknown-class] "ActHead9", text="Defence Act 1903"
[parser-unknown-class] "ItemHead", text="99  Subsection 123H(3)"
[parser-unknown-class] "ItemHead", text="100  Subsection 123H(4)"
[parser-unknown-class] "ActHead9", text="Defence Force Discipline Appeals Act 1955"
[parser-unknown-class] "ItemHead", text="101  Subsection 4(1) (definition of Finance Minister)"
[parser-unknown-class] "ActHead9", text="Defence Force Retirement and Death Benefits Act 1973"
[parser-unknown-class] "ItemHead", text="102  Subsection 3(1) (definition of Finance Minister)"
[parser-unknown-class] "ItemHead", text="103  Subsections 124B(2) and (3) and 124C(3) (note)"
[parser-unknown-class] "ItemHead", text="104  Subsection 124D(10)"
[parser-unknown-class] "ActHead9", text="Defence Forces Retirement Benefits Act 1948"
[parser-unknown-class] "ItemHead", text="105  Subsection 4(1) (definition of Finance Minister)"
[parser-unknown-class] "ActHead9", text="Defence Forces Retirement Benefits (Pension Increases) Act 1967"
[parser-unknown-class] "ItemHead", text="106  Subsection 3(1) (definition of Finance Minister)"
[parser-unknown-class] "ActHead9", text="Defence Home Ownership Assistance Scheme Act 2008"
[parser-unknown-class] "ItemHead", text="107  Section 3 (definition of Commonwealth agency)"
[parser-unknown-class] "ItemHead", text="108  Section 83"
[parser-unknown-class] "ActHead9", text="Defence Housing Australia Act 1987"
[parser-unknown-class] "ItemHead", text="109  Subsection 3(1) (definition of Finance Minister)"
[parser-unknown-class] "ItemHead", text="110  Subsections 6(1) and (2)"
[parser-unknown-class] "ItemHead", text="111  Subsection 11(1) (note)"
[parser-unknown-class] "ItemHead", text="112  Section 20"
[parser-unknown-class] "ItemHead", text="113  Paragraph 21(2)(b)"
[parser-unknown-class] "ItemHead", text="114  At the end of subsection 21(2)"
[parser-unknown-class] "ItemHead", text="115  Subsection 26(6)"
[parser-unknown-class] "ItemHead", text="116  Subsection 66A(1)"
[parser-unknown-class] "ActHead9", text="Defence Reserve Service (Protection) Act 2001"
[parser-unknown-class] "ItemHead", text="117  Section 7 (definition of Finance Minister)"
[parser-unknown-class] "ActHead9", text="Defence Service Homes Act 1918"
[parser-unknown-class] "ItemHead", text="118  Subsection 4(1) (definition of Finance Minister)"
[parser-unknown-class] "ItemHead", text="119  Subsection 40(2)"
[parser-unknown-class] "ActHead9", text="Defence Trade Controls Act 2012"
[parser-unknown-class] "ItemHead", text="120  Subsection 69(6) (definition of Commonwealth entity)"
[parser-unknown-class] "ActHead9", text="Director of Public Prosecutions Act 1983"
[parser-unknown-class] "ItemHead", text="121  Paragraph 11(3)(b)"
[parser-unknown-class] "ItemHead", text="122  Subparagraph 11(3)(b)(i)"
[parser-unknown-class] "ItemHead", text="123  Subparagraph 11(3)(b)(ii)"
[parser-unknown-class] "ItemHead", text="124  Paragraph 23(2)(e)"
[parser-unknown-class] "ItemHead", text="125  At the end of section 24"
[parser-unknown-class] "ItemHead", text="126  Section 33"
[parser-unknown-class] "ActHead9", text="DisabilityCare Australia Fund Act 2013"
[parser-unknown-class] "ItemHead", text="127  Section 4 (definition of bank)"
[parser-unknown-class] "ItemHead", text="128  Section 4 (definition of DisabilityCare Australia Transitional Special Account)"
[parser-unknown-class] "ItemHead", text="129  Section 4 (definition of Finance Minister)"
[parser-unknown-class] "ItemHead", text="130  Subsection 11(2)"
[parser-unknown-class] "ItemHead", text="131  Subsection 11(2) (note)"
[parser-unknown-class] "ItemHead", text="132  Section 15 (note)"
[parser-unknown-class] "ItemHead", text="133  Section 16 (note)"
[parser-unknown-class] "ItemHead", text="134  Subsection 28(6)"
[parser-unknown-class] "ItemHead", text="135  Section 40"
[parser-unknown-class] "ItemHead", text="136  Part 5"
[parser-unknown-class] "ItemHead", text="137  Subsection 53(1)"
[parser-unknown-class] "ActHead9", text="Early Years Quality Fund Special Account Act 2013"
[parser-unknown-class] "ItemHead", text="138  Subsection 5(2)"
[parser-unknown-class] "ItemHead", text="139  Section 7 (note)"
[parser-unknown-class] "ActHead9", text="Education Services for Overseas Students Act 2000"
[parser-unknown-class] "ItemHead", text="140  Subsection 52A(2)"
[parser-unknown-class] "ItemHead", text="141  Section 52B (note)"
[parser-unknown-class] "ItemHead", text="142  Subsection 52C(1) (note)"
[parser-unknown-class] "ItemHead", text="143  Subparagraph 55C(1)(a)(ii)"
[parser-unknown-class] "ActHead9", text="Environment Protection and Biodiversity Conservation Act 1999"
[parser-unknown-class] "ItemHead", text="144  Section 514A (note)"
[parser-unknown-class] "ItemHead", text="145  Section 514L"
[parser-unknown-class] "ItemHead", text="146  Paragraph 514P(2)(c)"
[parser-unknown-class] "ItemHead", text="147  Paragraph 514P(2)(d)"
[parser-unknown-class] "ItemHead", text="148  At the end of subsection 514P(2)"
[parser-unknown-class] "ItemHead", text="149  Subparagraph 514S(d)(ii)"
[parser-unknown-class] "ItemHead", text="150  Subsection 514T(2)"
[parser-unknown-class] "ItemHead", text="151  Section 514U"
[parser-unknown-class] "ItemHead", text="152  Section 514V"
[parser-unknown-class] "ItemHead", text="153  Section 514V"
[parser-unknown-class] "ItemHead", text="154  Subsections 516A(1) to (4)"
[parser-unknown-class] "ItemHead", text="155  Paragraph 516A(5)(c)"
[parser-unknown-class] "ItemHead", text="156  Subsection 516A(6)"
[parser-unknown-class] "ActHead9", text="Excise Act 1901"
[parser-unknown-class] "ItemHead", text="157  Subsection 165A(11)"
[parser-unknown-class] "ItemHead", text="158  At the end of subsection 165A(11)"
[parser-unknown-class] "ActHead9", text="Export Finance and Insurance Corporation Act 1991"
[parser-unknown-class] "ItemHead", text="159  Subsection 3(1) (definition of Finance Minister)"
[parser-unknown-class] "ItemHead", text="160  Subsection 6(2) (note)"
[parser-unknown-class] "ItemHead", text="161  Subsection 11(2) (note)"
[parser-unknown-class] "ItemHead", text="162  Paragraph 42(3)(b)"
[parser-unknown-class] "ItemHead", text="163  Paragraph 42(3)(c)"
[parser-unknown-class] "ItemHead", text="164  At the end of subsection 42(3)"
[parser-unknown-class] "ItemHead", text="165  Section 49 (note)"
[parser-unknown-class] "ItemHead", text="166  Subsection 59(4)"
[parser-unknown-class] "ItemHead", text="167  Section 70"
[parser-unknown-class] "ItemHead", text="168  Section 74"
[parser-unknown-class] "ItemHead", text="169  At the end of section 74"
[parser-unknown-class] "ItemHead", text="170  Subsection 85(2)"
[parser-unknown-class] "ItemHead", text="171  Paragraphs 85(2)(a) and (b)"
[parser-unknown-class] "ItemHead", text="172  Paragraph 85(2)(c)"
[parser-unknown-class] "ActHead6", text="Schedule 9—Amendments of Acts starting with F to L"
[parser-unknown-class] "ActHead9", text="Fair Entitlements Guarantee Act 2012"
[parser-unknown-class] "ItemHead", text="1  Section 5 (definition of Finance Minister)"
[parser-unknown-class] "ItemHead", text="2  Subsection 52(2) (note)"
[parser-unknown-class] "ActHead9", text="Fair Work Act 2009"
[parser-unknown-class] "ItemHead", text="3  Subsection 652(1)"
[parser-unknown-class] "ItemHead", text="4  After subsection 652(1)"
[parser-unknown-class] "ItemHead", text="5  Subsection 652(1) (note)"
[parser-unknown-class] "ItemHead", text="6  At the end of subsection 652(1)"
[parser-unknown-class] "ItemHead", text="7  Paragraph 658(a)"
[parser-unknown-class] "ItemHead", text="8  Section 664"
[parser-unknown-class] "ItemHead", text="9  Section 686"
[parser-unknown-class] "ItemHead", text="10  Section 691"
[parser-unknown-class] "ItemHead", text="11  Paragraph 693(2)(d)"
[parser-unknown-class] "ActHead9", text="Family Law Act 1975"
[parser-unknown-class] "ItemHead", text="12  Section 38L"
[parser-unknown-class] "ItemHead", text="13  At the end of section 38L"
[parser-unknown-class] "ItemHead", text="14  Subsection 38S(1)"
[parser-unknown-class] "ItemHead", text="15  At the end of subsection 38S(1)"
[parser-unknown-class] "ItemHead", text="16  After subsection 38S(1)"
[parser-unknown-class] "ItemHead", text="17  Section 114K"
[parser-unknown-class] "ItemHead", text="18  Paragraph 114LB(2)(d)"
[parser-unknown-class] "ItemHead", text="19  Section 114LC"
[parser-unknown-class] "ItemHead", text="20  Subsection 114LD(1) (note)"
[parser-unknown-class] "ActHead9", text="Federal Circuit Court of Australia Act 1999"
[parser-unknown-class] "ItemHead", text="21  Subsection 117(1)"
[parser-unknown-class] "ItemHead", text="22  At the end of subsection 117(1)"
[parser-unknown-class] "ItemHead", text="23  After subsection 117(1)"
[parser-unknown-class] "ActHead9", text="Federal Court of Australia Act 1976"
[parser-unknown-class] "ItemHead", text="24  Section 18L"
[parser-unknown-class] "ItemHead", text="25  At the end of section 18L"
[parser-unknown-class] "ItemHead", text="26  Subsection 18S(1)"
[parser-unknown-class] "ItemHead", text="27  At the end of subsection 18S(1)"
[parser-unknown-class] "ItemHead", text="28  Subsection 18S(2)"
[parser-unknown-class] "ActHead9", text="Federal Financial Relations Act 2009"
[parser-unknown-class] "ItemHead", text="29  Section 4 (definition of drawing right)"
[parser-unknown-class] "ItemHead", text="30  Subsections 9(3) and (4)"
[parser-unknown-class] "ItemHead", text="31  Subsections 16(3) and (4)"
[parser-unknown-class] "ItemHead", text="32  Application"
[parser-unknown-class] "ActHead9", text="Financial Agreement Act 1994"
[parser-unknown-class] "ItemHead", text="33  Subsection 6(2)"
[parser-unknown-class] "ActHead9", text="Fisheries Administration Act 1991"
[parser-unknown-class] "ItemHead", text="34  Paragraph 7(1)(j)"
[parser-unknown-class] "ItemHead", text="35  Paragraph 10B(4)(a)"
[parser-unknown-class] "ItemHead", text="36  Section 20"
[parser-unknown-class] "ItemHead", text="37  Paragraph 21(2)(d)"
[parser-unknown-class] "ItemHead", text="38  Paragraph 23(6)(a)"
[parser-unknown-class] "ItemHead", text="39  Section 24"
[parser-unknown-class] "ItemHead", text="40  Section 72"
[parser-unknown-class] "ItemHead", text="41  Subsection 73(1)"
[parser-unknown-class] "ItemHead", text="42  Subsection 73(3)"
[parser-unknown-class] "ItemHead", text="43  Subsection 73(3)"
[parser-unknown-class] "ItemHead", text="44  Paragraph 73(4)(b)"
[parser-unknown-class] "ItemHead", text="45  Section 74 (heading)"
[parser-unknown-class] "ItemHead", text="46  Subsection 74(1)"
[parser-unknown-class] "ItemHead", text="47  Subsection 74(2)"
[parser-unknown-class] "ItemHead", text="48  Subsection 74(2)"
[parser-unknown-class] "ItemHead", text="49  Subsection 74(3)"
[parser-unknown-class] "ItemHead", text="50  Subsection 74(4)"
[parser-unknown-class] "ItemHead", text="51  Subsection 75(1)"
[parser-unknown-class] "ItemHead", text="52  Subsection 75(3)"
[parser-unknown-class] "ItemHead", text="53  Subsection 75(4)"
[parser-unknown-class] "ItemHead", text="54  Section 76"
[parser-unknown-class] "ItemHead", text="55  Subsection 77(1)"
[parser-unknown-class] "ItemHead", text="56  Paragraph 77(2)(c)"
[parser-unknown-class] "ItemHead", text="57  Subsection 78(1)"
[parser-unknown-class] "ItemHead", text="58  Subsection 78(3)"
[parser-unknown-class] "ItemHead", text="59  Subsection 78(3)"
[parser-unknown-class] "ItemHead", text="60  Paragraph 78(4)(b)"
[parser-unknown-class] "ItemHead", text="61  Subsection 79(2)"
[parser-unknown-class] "ItemHead", text="62  Section 87"
[parser-unknown-class] "ItemHead", text="63  Subsection 89(1)"
[parser-unknown-class] "ItemHead", text="64  Paragraph 91(3)(b)"
[parser-unknown-class] "ItemHead", text="65  Subsection 94B(2)"
[parser-unknown-class] "ItemHead", text="66  Section 94C (note)"
[parser-unknown-class] "ActHead9", text="Food Standards Australia New Zealand Act 1991"
[parser-unknown-class] "ItemHead", text="67  Subsection 4(1) (definition of Finance Minister)"
[parser-unknown-class] "ItemHead", text="68  Subsection 12(2) (note)"
[parser-unknown-class] "ItemHead", text="69  Subsection 15(4)"
[parser-unknown-class] "ItemHead", text="70  After subsection 125(4)"
[parser-unknown-class] "ItemHead", text="71  At the end of subsection 125(5)"
[parser-unknown-class] "ItemHead", text="72  Paragraph 127(2)(b)"
[parser-unknown-class] "ItemHead", text="73  At the end of subsection 127(2)"
[parser-unknown-class] "ItemHead", text="74  Subsection 139(3)"
[parser-unknown-class] "ItemHead", text="75  Section 141"
[parser-unknown-class] "ItemHead", text="76  Paragraph 141(1)(b)"
[parser-unknown-class] "ItemHead", text="77  Subsection 152(1)"
[parser-unknown-class] "ItemHead", text="78  Paragraphs 152(1)(aa) to (ae)"
[parser-unknown-class] "ItemHead", text="79  Paragraph 152(1)(af)"
[parser-unknown-class] "ItemHead", text="80  Paragraphs 152(1)(a) to (f)"
[parser-unknown-class] "ItemHead", text="81  Paragraph 152(1)(fa)"
[parser-unknown-class] "ItemHead", text="82  Paragraphs 152(1)(g) to (l)"
[parser-unknown-class] "ItemHead", text="83  Paragraphs 152(1)(la) and (lb)"
[parser-unknown-class] "ItemHead", text="84  Paragraphs 152(1)(n) and (o)"
[parser-unknown-class] "ItemHead", text="85  Paragraph 152(1)(pa)"
[parser-unknown-class] "ItemHead", text="86  Paragraphs 152(1)(pc) to (y)"
[parser-unknown-class] "ItemHead", text="87  After section 152"
[parser-unknown-class] "ActHead9", text="Foreign Passports (Law Enforcement and Security) Act 2005"
[parser-unknown-class] "ItemHead", text="88  Subsection 14(2) (paragraph (c) of the definition of competent authority)"
[parser-unknown-class] "ItemHead", text="89  Subsection 15(2) (subparagraph (b)(iii) of the definition of competent authority)"
[parser-unknown-class] "ActHead9", text="Freedom of Information Act 1982"
[parser-unknown-class] "ItemHead", text="90  Subsection 93(2)"
[parser-unknown-class] "ActHead9", text="Fringe Benefits Tax (Application to the Commonwealth) Act 1986"
[parser-unknown-class] "ItemHead", text="91  Subsection 3(1) (definition of Finance Department)"
[parser-unknown-class] "ActHead9", text="Future Fund Act 2006"
[parser-unknown-class] "ItemHead", text="92  Section 5"
[parser-unknown-class] "ItemHead", text="93  Section 5 (definition of bank)"
[parser-unknown-class] "ItemHead", text="94  Section 5 (definition of Commonwealth company)"
[parser-unknown-class] "ItemHead", text="95  Section 5 (definition of Finance Minister)"
[parser-unknown-class] "ItemHead", text="96  Subsection 12(2)"
[parser-unknown-class] "ItemHead", text="97  Subsection 12(2) (note 2)"
[parser-unknown-class] "ItemHead", text="98  Subsection 17(6)"
[parser-unknown-class] "ItemHead", text="99  Section 29"
[parser-unknown-class] "ItemHead", text="100  At the end of subsection 37(1)"
[parser-unknown-class] "ItemHead", text="101  Paragraphs 63(2)(b) and (c)"
[parser-unknown-class] "ItemHead", text="102  Paragraph 79(a)"
[parser-unknown-class] "ItemHead", text="103  Section 80"
[parser-unknown-class] "ItemHead", text="104  Subsection 81(1)"
[parser-unknown-class] "ItemHead", text="105  Paragraphs 81(1)(a) and (b)"
[parser-unknown-class] "ItemHead", text="106  Subsection 81(1)"
[parser-unknown-class] "ItemHead", text="107  Subsection 81(1A)"
[parser-unknown-class] "ItemHead", text="108  Subsection 81(1A)"
[parser-unknown-class] "ItemHead", text="109  Subsection 81(1B)"
[parser-unknown-class] "ItemHead", text="110  Subsection 81(1B)"
[parser-unknown-class] "ItemHead", text="111  Subsection 81(1C)"
[parser-unknown-class] "ItemHead", text="112  Subsection 81(1C)"
[parser-unknown-class] "ItemHead", text="113  Subsections 81(2) to (2C)"
[parser-unknown-class] "ItemHead", text="114  Subsection 81(3)"
[parser-unknown-class] "ItemHead", text="115  Before subsection 81(4)"
[parser-unknown-class] "ItemHead", text="116  Subsection 81(4)"
[parser-unknown-class] "ItemHead", text="117  Subclause 2(1) of Schedule 2 (note 1)"
[parser-unknown-class] "ItemHead", text="118  Subclause 2(2) of Schedule 2 (note)"
[parser-unknown-class] "ActHead9", text="Gene Technology Act 2000"
[parser-unknown-class] "ItemHead", text="119  Section 117"
[parser-unknown-class] "ItemHead", text="120  Subsection 128(2)"
[parser-unknown-class] "ItemHead", text="121  Subsection 129(2)"
[parser-unknown-class] "ItemHead", text="122  Subsection 130(1) (note)"
[parser-unknown-class] "ActHead9", text="Governance of Australian Government Superannuation Schemes Act 2011"
[parser-unknown-class] "ItemHead", text="123  Section 4 (definition of bank)"
[parser-unknown-class] "ItemHead", text="124  Section 5 (note 2)"
[parser-unknown-class] "ItemHead", text="125  Section 6"
[parser-unknown-class] "ItemHead", text="126  Subsection 17(3)"
[parser-unknown-class] "ItemHead", text="127  At the end of subsection 17(4)"
[parser-unknown-class] "ItemHead", text="128  Subsection 17(5)"
[parser-unknown-class] "ItemHead", text="129  At the end of section 17"
[parser-unknown-class] "ItemHead", text="130  Subparagraph 21(2)(a)(ii)"
[parser-unknown-class] "ItemHead", text="131  Paragraph 21(2)(a)"
[parser-unknown-class] "ItemHead", text="132  At the end of section 22"
[parser-unknown-class] "ItemHead", text="133  Paragraph 24(3)(b)"
[parser-unknown-class] "ItemHead", text="134  At the end of subsection 30(1)"
[parser-unknown-class] "ActHead9", text="Governor‑General Act 1974"
[parser-unknown-class] "ItemHead", text="135  Subsection 2A(2) (definition of Finance Department)"
[parser-unknown-class] "ItemHead", text="136  Subsections 4C(2) and (3) and 4D(3) (note)"
[parser-unknown-class] "ItemHead", text="137  Subsection 4E(11)"
[parser-unknown-class] "ItemHead", text="138  Section 19"
[parser-unknown-class] "ActHead9", text="Grape and Wine Legislation Amendment (Australian Grape and Wine Authority) Act 2013"
[parser-unknown-class] "ItemHead", text="139  After paragraph 33(3)(a) of Schedule 2"
[parser-unknown-class] "ActHead9", text="Great Barrier Reef Marine Park Act 1975"
[parser-unknown-class] "ItemHead", text="140  Subsection 3(1)"
[parser-unknown-class] "ItemHead", text="141  Paragraph 8B(a)"
[parser-unknown-class] "ItemHead", text="142  Paragraph 16(2)(e)"
[parser-unknown-class] "ItemHead", text="143  Sections 16A and 16B"
[parser-unknown-class] "ItemHead", text="144  Division 5A of Part VA"
[parser-unknown-class] "ItemHead", text="145  Subsection 43(3)"
[parser-unknown-class] "ItemHead", text="146  Paragraphs 43(3)(a) and (b)"
[parser-unknown-class] "ItemHead", text="147  Subsection 43A(2) (heading)"
[parser-unknown-class] "ItemHead", text="148  Subsection 43A(2)"
[parser-unknown-class] "ItemHead", text="149  Subsection 43A(2) (note)"
[parser-unknown-class] "ItemHead", text="150  Paragraph 47(1)(d)"
[parser-unknown-class] "ItemHead", text="151  Subsection 48A(2)"
[parser-unknown-class] "ItemHead", text="152  Subsection 49(2)"
[parser-unknown-class] "ItemHead", text="153  Section 50 (note)"
[parser-unknown-class] "ItemHead", text="154  Section 53"
[parser-unknown-class] "ItemHead", text="155  Paragraph 59F(7)(d)"
[parser-unknown-class] "ItemHead", text="156  Subsection 65A(3) (note)"
[parser-unknown-class] "ActHead9", text="Health Insurance Act 1973"
[parser-unknown-class] "ItemHead", text="157  Section 106ZQ"
[parser-unknown-class] "ActHead9", text="Health Insurance Commission (Reform and Separation of Functions) Act 1997"
[parser-unknown-class] "ItemHead", text="158  Subsection 13(2)"
[parser-unknown-class] "ActHead9", text="High Court of Australia Act 1979"
[parser-unknown-class] "ItemHead", text="159  Subsection 4(1) (definition of Finance Minister)"
[parser-unknown-class] "ItemHead", text="160  Subsection 39(3)"
[parser-unknown-class] "ActHead9", text="Immigration (Education) Charge Act 1992"
[parser-unknown-class] "ItemHead", text="161  Subsection 3(2) (definition of Finance Department)"
[parser-unknown-class] "ActHead9", text="Indigenous Education (Targeted Assistance) Act 2000"
[parser-unknown-class] "ItemHead", text="162  Section 4 (definition of Finance Minister)"
[parser-unknown-class] "ActHead9", text="Industrial Chemicals (Notification and Assessment) Act 1989"
[parser-unknown-class] "ItemHead", text="163  Subsection 100A(2)"
[parser-unknown-class] "ItemHead", text="164  Section 100B"
[parser-unknown-class] "ItemHead", text="165  Section 100B (note)"
[parser-unknown-class] "ActHead9", text="Inspector‑General of Intelligence and Security Act 1986"
[parser-unknown-class] "ItemHead", text="166  Paragraph 30(2)(c)"
[parser-unknown-class] "ItemHead", text="167  Section 31"
[parser-unknown-class] "ItemHead", text="168  Subsection 35(1)"
[parser-unknown-class] "ItemHead", text="169  Subsection 35(2)"
[parser-unknown-class] "ItemHead", text="170  Subsection 35(2)"
[parser-unknown-class] "ItemHead", text="171  Subsection 35(2A)"
[parser-unknown-class] "ItemHead", text="172  Subsection 35(2AA)"
[parser-unknown-class] "ItemHead", text="173  Paragraph 35(2AA)(a)"
[parser-unknown-class] "ItemHead", text="174  Paragraph 35(2AA)(b)"
[parser-unknown-class] "ItemHead", text="175  Subsection 35(2B)"
[parser-unknown-class] "ItemHead", text="176  Subsection 35(2B)"
[parser-unknown-class] "ItemHead", text="177  Subsections 35(3) to (5)"
[parser-unknown-class] "ActHead9", text="Inspector‑General of Taxation Act 2003"
[parser-unknown-class] "ItemHead", text="178  Subsection 22(4)"
[parser-unknown-class] "ItemHead", text="179  Subsection 23(1)"
[parser-unknown-class] "ItemHead", text="180  Subsection 24(1)"
[parser-unknown-class] "ItemHead", text="181  Subsection 25(1)"
[parser-unknown-class] "ItemHead", text="182  Subsection 25(2) (note)"
[parser-unknown-class] "ItemHead", text="183  Paragraph 26(1)(b)"
[parser-unknown-class] "ItemHead", text="184  Subsection 27(1)"
[parser-unknown-class] "ItemHead", text="185  Section 33"
[parser-unknown-class] "ItemHead", text="186  Paragraph 35(1)(g)"
[parser-unknown-class] "ItemHead", text="187  Subparagraphs 39(1)(e)(v) and (2)(c)(v)"
[parser-unknown-class] "ItemHead", text="188  Section 41"
[parser-unknown-class] "ActHead9", text="Insurance Act 1973"
[parser-unknown-class] "ItemHead", text="189  Subsection 3(1) (definition of Finance Minister)"
[parser-unknown-class] "ItemHead", text="190  Subsection 131A(2) (heading)"
[parser-unknown-class] "ItemHead", text="191  Subsection 131A(2) (note)"
[parser-unknown-class] "ItemHead", text="192  Subsection 131A(4)"
[parser-unknown-class] "ActHead9", text="Intelligence Services Act 2001"
[parser-unknown-class] "ItemHead", text="193  Paragraph 23(2)(d)"
[parser-unknown-class] "ItemHead", text="194  Section 26"
[parser-unknown-class] "ActHead9", text="Interstate Road Transport Act 1985"
[parser-unknown-class] "ItemHead", text="195  Subsection 21(2)"
[parser-unknown-class] "ActHead9", text="Judges’ Pensions Act 1968"
[parser-unknown-class] "ItemHead", text="196  Subsections 20A(2) and 20B(3) (note)"
[parser-unknown-class] "ItemHead", text="197  Subsection 20C(12)"
[parser-unknown-class] "ActHead9", text="Judicial Misbehaviour and Incapacity (Parliamentary Commissions) Act 2012"
[parser-unknown-class] "ItemHead", text="198  Subsection 76(4)"
[parser-unknown-class] "ItemHead", text="199  Section 79"
[parser-unknown-class] "ActHead9", text="Judiciary Act 1903"
[parser-unknown-class] "ItemHead", text="200  Section 55I (definition of Finance Minister)"
[parser-unknown-class] "ItemHead", text="201  Section 55M (note)"
[parser-unknown-class] "ItemHead", text="202  Subsection 55S(2)"
[parser-unknown-class] "ItemHead", text="203  Section 55W"
[parser-unknown-class] "ItemHead", text="204  At the end of section 55W"
[parser-unknown-class] "ItemHead", text="205  Section 55X"
[parser-unknown-class] "ActHead9", text="Lands Acquisition Act 1989"
[parser-unknown-class] "ItemHead", text="206  Subsection 89A(2)"
[parser-unknown-class] "ActHead9", text="Law Enforcement Integrity Commissioner Act 2006"
[parser-unknown-class] "ItemHead", text="207  Paragraph 183(2)(d)"
[parser-unknown-class] "ItemHead", text="208  Section 184"
[parser-unknown-class] "ItemHead", text="209  Section 194"
[parser-unknown-class] "ItemHead", text="210  Section 201"
[parser-unknown-class] "ItemHead", text="211  Section 202"
[parser-unknown-class] "ItemHead", text="212  Subsections 206(1) and (2)"
[parser-unknown-class] "ItemHead", text="213  Subparagraph 215(1)(c)(i)"
[parser-unknown-class] "ActHead9", text="Legislative Instruments Act 2003"
[parser-unknown-class] "ItemHead", text="214  Subsection 7(1) (table item 5, paragraph (a) in column headed “Particulars of instrument”)"
[parser-unknown-class] "ItemHead", text="215  Subsection 7(1) (table item 5, paragraph (b) in column headed “Particulars of instrument”)"
[parser-unknown-class] "ActHead9", text="Life Insurance Act 1995"
[parser-unknown-class] "ItemHead", text="216  Subsection 251A(2) (heading)"
[parser-unknown-class] "ItemHead", text="217  Subsection 251A(2) (note)"
[parser-unknown-class] "ItemHead", text="218  Subsection 251A(4)"
[parser-unknown-class] "ItemHead", text="219  Schedule (definition of Finance Minister)"
[parser-unknown-class] "ActHead9", text="Loans Securities Act 1919"
[parser-unknown-class] "ItemHead", text="220  Section 2 (definition of Finance Minister)"
[parser-unknown-class] "ItemHead", text="221  Subsection 5BA(7)"
[parser-unknown-class] "ActHead9", text="Local Government (Financial Assistance) Act 1995"
[parser-unknown-class] "ItemHead", text="222  Subsection 18B(8)"
[parser-unknown-class] "ActHead6", text="Schedule 10—Amendments of Acts starting with M or N"
[parser-unknown-class] "ActHead9", text="Marine Safety (Domestic Commercial Vessel) National Law Act 2012"
[parser-unknown-class] "ItemHead", text="1  Section 6 of Schedule 1 (subparagraph (a)(i) of the definition of agency)"
[parser-unknown-class] "ActHead9", text="Medibank Private Sale Act 2006"
[parser-unknown-class] "ItemHead", text="2  Subsection 3(5) (definition of Minister for Finance)"
[parser-unknown-class] "ItemHead", text="3  Item 1 of Schedule 2 (definition of Minister for Finance)"
[parser-unknown-class] "ItemHead", text="4  Item 1 of Schedule 2 (definition of wholly‑owned Commonwealth company)"
[parser-unknown-class] "ItemHead", text="5  Item 7 of Schedule 2 (note)"
[parser-unknown-class] "ActHead9", text="Medical Indemnity Act 2002"
[parser-unknown-class] "ItemHead", text="6  Subsection 67(1)"
[parser-unknown-class] "ActHead9", text="Members of Parliament (Staff) Act 1984"
[parser-unknown-class] "ItemHead", text="7  Section 3 (definition of Finance Minister)"
[parser-unknown-class] "ActHead9", text="Midwife Professional Indemnity (Commonwealth Contribution) Scheme Act 2010"
[parser-unknown-class] "ItemHead", text="8  Subsection 78(1)"
[parser-unknown-class] "ActHead9", text="Military Rehabilitation and Compensation Act 2004"
[parser-unknown-class] "ItemHead", text="9  At the end of section 363"
[parser-unknown-class] "ItemHead", text="10  Paragraph 372(2)(c)"
[parser-unknown-class] "ItemHead", text="11  Section 381"
[parser-unknown-class] "ActHead9", text="Military Superannuation and Benefits Act 1991"
[parser-unknown-class] "ItemHead", text="12  Subsections 16B(2) and (3) (note)"
[parser-unknown-class] "ItemHead", text="13  Subsection 16C(3) (note)"
[parser-unknown-class] "ItemHead", text="14  Subsection 16D(10)"
[parser-unknown-class] "ItemHead", text="15  Subsections 51B(2) and (3) (note)"
[parser-unknown-class] "ItemHead", text="16  Subsection 51C(8)"
[parser-unknown-class] "ActHead9", text="Moomba‑Sydney Pipeline System Sale Act 1994"
[parser-unknown-class] "ItemHead", text="17  Subsection 3(1) (definition of Finance Minister)"
[parser-unknown-class] "ActHead9", text="National Blood Authority Act 2003"
[parser-unknown-class] "ItemHead", text="18  Section 33"
[parser-unknown-class] "ItemHead", text="19  Paragraph 35(2)(d)"
[parser-unknown-class] "ItemHead", text="20  Subsection 40(2)"
[parser-unknown-class] "ItemHead", text="21  Section 41 (note)"
[parser-unknown-class] "ItemHead", text="22  Section 43"
[parser-unknown-class] "ItemHead", text="23  Subsection 44(1)"
[parser-unknown-class] "ItemHead", text="24  Subsection 44(3)"
[parser-unknown-class] "ActHead9", text="National Broadband Network Companies Act 2011"
[parser-unknown-class] "ItemHead", text="25  Section 5 (definition of bank)"
[parser-unknown-class] "ItemHead", text="26  Section 5 (definition of Finance Minister)"
[parser-unknown-class] "ItemHead", text="27  Subparagraph 20(1)(d)(iv)"
[parser-unknown-class] "ItemHead", text="28  Subsection 54(12) (definition of wholly‑owned Commonwealth company)"
[parser-unknown-class] "ItemHead", text="29  Section 57 (note)"
[parser-unknown-class] "ItemHead", text="30  Section 78"
[parser-unknown-class] "ItemHead", text="31  Subsections 82(1) to (5)"
[parser-unknown-class] "ActHead9", text="National Cattle Disease Eradication Account Act 1991"
[parser-unknown-class] "ItemHead", text="32  Subsection 4(2)"
[parser-unknown-class] "ItemHead", text="33  Subsection 5(1)"
[parser-unknown-class] "ItemHead", text="34  Subsection 5(1) (note)"
[parser-unknown-class] "ActHead9", text="National Consumer Credit Protection Act 2009"
[parser-unknown-class] "ItemHead", text="35  Subsection 115(2) of the National Credit Code"
[parser-unknown-class] "ActHead9", text="National Disability Insurance Scheme Act 2013"
[parser-unknown-class] "ItemHead", text="36  Section 9 (definition of CAC Act)"
[parser-unknown-class] "ItemHead", text="37  Section 9 (definition of Finance Minister)"
[parser-unknown-class] "ItemHead", text="38  Subsection 117(2) (note)"
[parser-unknown-class] "ItemHead", text="39  Subparagraph 121(2)(b)(ii)"
[parser-unknown-class] "ItemHead", text="40  Subparagraph 125(2)(c)(ii)"
[parser-unknown-class] "ItemHead", text="41  Paragraph 125A(b)"
[parser-unknown-class] "ItemHead", text="42  At the end of section 125A"
[parser-unknown-class] "ItemHead", text="43  Paragraph 134(2)(d)"
[parser-unknown-class] "ItemHead", text="44  At the end of subsection 134(2)"
[parser-unknown-class] "ItemHead", text="45  At the end of section 134"
[parser-unknown-class] "ItemHead", text="46  Paragraph 138(2)(a)"
[parser-unknown-class] "ItemHead", text="47  Section 165"
[parser-unknown-class] "ItemHead", text="48  Paragraph 167(2)(d)"
[parser-unknown-class] "ItemHead", text="49  Subsection 172(1)"
[parser-unknown-class] "ItemHead", text="50  Subsection 173(1)"
[parser-unknown-class] "ItemHead", text="51  Section 177"
[parser-unknown-class] "ItemHead", text="52  Subsection 180(4)"
[parser-unknown-class] "ItemHead", text="53  Subsection 180B(1)"
[parser-unknown-class] "ActHead9", text="National Film and Sound Archive of Australia Act 2008"
[parser-unknown-class] "ItemHead", text="54  Subsection 5(2) (note)"
[parser-unknown-class] "ItemHead", text="55  Paragraph 16(2)(b)"
[parser-unknown-class] "ItemHead", text="56  At the end of subsection 16(2)"
[parser-unknown-class] "ItemHead", text="57  Paragraph 18(3)(a)"
[parser-unknown-class] "ItemHead", text="58  Subsection 18(10)"
[parser-unknown-class] "ItemHead", text="59  Section 27"
[parser-unknown-class] "ItemHead", text="60  Paragraph 29(2)(c)"
[parser-unknown-class] "ItemHead", text="61  Sections 33 and 34"
[parser-unknown-class] "ItemHead", text="62  Subsection 35(1)"
[parser-unknown-class] "ItemHead", text="63  Subsections 36(1) and (2)"
[parser-unknown-class] "ItemHead", text="64  Subsection 37(4)"
[parser-unknown-class] "ItemHead", text="65  Subsection 38(2)"
[parser-unknown-class] "ItemHead", text="66  Subsection 39(2)"
[parser-unknown-class] "ItemHead", text="67  Section 41"
[parser-unknown-class] "ItemHead", text="68  Subsection 42(4)"
[parser-unknown-class] "ActHead9", text="National Gallery Act 1975"
[parser-unknown-class] "ItemHead", text="69  Subsection 3(1) (definition of Finance Minister)"
[parser-unknown-class] "ItemHead", text="70  Subsection 4(2) (note)"
[parser-unknown-class] "ItemHead", text="71  Subsection 7(4)"
[parser-unknown-class] "ItemHead", text="72  At the end of paragraph 17(2)(a)"
[parser-unknown-class] "ItemHead", text="73  Paragraph 17(2)(b)"
[parser-unknown-class] "ItemHead", text="74  Paragraph 17(2)(c)"
[parser-unknown-class] "ItemHead", text="75  At the end of subsection 17(2)"
[parser-unknown-class] "ItemHead", text="76  At the end of paragraph 29(2)(a)"
[parser-unknown-class] "ItemHead", text="77  Paragraph 29(2)(aa)"
[parser-unknown-class] "ItemHead", text="78  At the end of paragraph 29(2)(ab)"
[parser-unknown-class] "ItemHead", text="79  At the end of subsection 29(2)"
[parser-unknown-class] "ItemHead", text="80  At the end of section 29"
[parser-unknown-class] "ItemHead", text="81  Subsection 37(2)"
[parser-unknown-class] "ItemHead", text="82  Subsection 38(1)"
[parser-unknown-class] "ItemHead", text="83  Subsection 38(2)"
[parser-unknown-class] "ItemHead", text="84  Section 40"
[parser-unknown-class] "ActHead9", text="National Health Act 1953"
[parser-unknown-class] "ItemHead", text="85  Subsection 4(1) (definition of Finance Minister)"
[parser-unknown-class] "ActHead9", text="National Health and Medical Research Council Act 1992"
[parser-unknown-class] "ItemHead", text="86  Division 3 of Part 3 (heading)"
[parser-unknown-class] "ItemHead", text="87  Section 16"
[parser-unknown-class] "ItemHead", text="88  Section 17"
[parser-unknown-class] "ItemHead", text="89  Section 18"
[parser-unknown-class] "ItemHead", text="90  Section 19 (heading)"
[parser-unknown-class] "ItemHead", text="91  Section 19"
[parser-unknown-class] "ItemHead", text="92  At the end of subsection 42A(1)"
[parser-unknown-class] "ItemHead", text="93  Subsection 42A(2)"
[parser-unknown-class] "ItemHead", text="94  At the end of subsection 42A(3)"
[parser-unknown-class] "ItemHead", text="95  Subsection 42A(4)"
[parser-unknown-class] "ItemHead", text="96  Subsection 42A(5)"
[parser-unknown-class] "ItemHead", text="97  Subsections 42A(7) and (8)"
[parser-unknown-class] "ItemHead", text="98  Paragraph 44B(3)(b)"
[parser-unknown-class] "ItemHead", text="99  Subsection 49(2)"
[parser-unknown-class] "ItemHead", text="100  Section 50 (note)"
[parser-unknown-class] "ItemHead", text="101  Subsection 52(1)"
[parser-unknown-class] "ItemHead", text="102  Section 83"
[parser-unknown-class] "ActHead9", text="National Health Reform Act 2011"
[parser-unknown-class] "ItemHead", text="103  Subsection 8(2) (note)"
[parser-unknown-class] "ItemHead", text="104  Paragraph 26(2)(b)"
[parser-unknown-class] "ItemHead", text="105  Paragraph 26(2)(c)"
[parser-unknown-class] "ItemHead", text="106  At the end of subsection 26(2)"
[parser-unknown-class] "ItemHead", text="107  Section 33"
[parser-unknown-class] "ItemHead", text="108  Section 43"
[parser-unknown-class] "ItemHead", text="109  Paragraph 45(4)(c)"
[parser-unknown-class] "ItemHead", text="110  Section 52"
[parser-unknown-class] "ItemHead", text="111  Section 53"
[parser-unknown-class] "ItemHead", text="112  At the end of Part 2.6"
[parser-unknown-class] "ItemHead", text="113  Subsection 67(2) (note)"
[parser-unknown-class] "ItemHead", text="114  Section 76"
[parser-unknown-class] "ItemHead", text="115  Section 77"
[parser-unknown-class] "ItemHead", text="116  Section 98"
[parser-unknown-class] "ItemHead", text="117  Paragraph 100(2)(c)"
[parser-unknown-class] "ItemHead", text="118  At the end of subsection 100(2)"
[parser-unknown-class] "ItemHead", text="119  Section 109"
[parser-unknown-class] "ItemHead", text="120  Section 111 (heading)"
[parser-unknown-class] "ItemHead", text="121  Subsection 111(1)"
[parser-unknown-class] "ItemHead", text="122  Part 3.11 (heading)"
[parser-unknown-class] "ItemHead", text="123  At the end of Part 3.11"
[parser-unknown-class] "ItemHead", text="124  Paragraph 126(a)"
[parser-unknown-class] "ItemHead", text="125  Subsection 135(2) (note)"
[parser-unknown-class] "ItemHead", text="126  Section 148"
[parser-unknown-class] "ItemHead", text="127  Section 149"
[parser-unknown-class] "ItemHead", text="128  Section 169"
[parser-unknown-class] "ItemHead", text="129  Paragraph 171(3)(c)"
[parser-unknown-class] "ItemHead", text="130  At the end of subsection 171(3)"
[parser-unknown-class] "ItemHead", text="131  Part 4.13 (heading)"
[parser-unknown-class] "ItemHead", text="132  Section 209"
[parser-unknown-class] "ItemHead", text="133  Subsection 211(1)"
[parser-unknown-class] "ItemHead", text="134  Subsection 211(2)"
[parser-unknown-class] "ItemHead", text="135  Section 212"
[parser-unknown-class] "ItemHead", text="136  Paragraph 227(a)"
[parser-unknown-class] "ItemHead", text="137  Section 260"
[parser-unknown-class] "ItemHead", text="138  Paragraph 262(4)(c)"
[parser-unknown-class] "ItemHead", text="139  After section 266"
[parser-unknown-class] "ItemHead", text="140  Section 267"
[parser-unknown-class] "ItemHead", text="141  Section 281"
[parser-unknown-class] "ActHead9", text="National Library Act 1960"
[parser-unknown-class] "ItemHead", text="142  Section 4 (definition of Finance Minister)"
[parser-unknown-class] "ItemHead", text="143  Subsection 5(1) (note)"
[parser-unknown-class] "ItemHead", text="144  At the end of section 14"
[parser-unknown-class] "ItemHead", text="145  At the end of paragraphs 15(1)(a) and (c)"
[parser-unknown-class] "ItemHead", text="146  Paragraph 15(1)(d)"
[parser-unknown-class] "ItemHead", text="147  Paragraph 15(1)(e)"
[parser-unknown-class] "ItemHead", text="148  At the end of subsection 15(1)"
[parser-unknown-class] "ItemHead", text="149  Paragraph 17E(1)(aa)"
[parser-unknown-class] "ItemHead", text="150  At the end of subsection 17E(1)"
[parser-unknown-class] "ItemHead", text="151  At the end of section 17E"
[parser-unknown-class] "ItemHead", text="152  Subsection 22(2)"
[parser-unknown-class] "ActHead9", text="National Museum of Australia Act 1980"
[parser-unknown-class] "ItemHead", text="153  Subsection 3(1) (definition of Finance Minister)"
[parser-unknown-class] "ItemHead", text="154  Subsection 4(2) (note)"
[parser-unknown-class] "ItemHead", text="155  Subsection 9(5)"
[parser-unknown-class] "ItemHead", text="156  At the end of sections 9 and 9A"
[parser-unknown-class] "ItemHead", text="157  At the end of paragraph 17(2)(a)"
[parser-unknown-class] "ItemHead", text="158  Paragraph 17(2)(b)"
[parser-unknown-class] "ItemHead", text="159  Paragraph 17(2)(c)"
[parser-unknown-class] "ItemHead", text="160  At the end of subsection 17(2)"
[parser-unknown-class] "ItemHead", text="161  At the end of paragraphs 27(2)(a), (b) and (c)"
[parser-unknown-class] "ItemHead", text="162  Paragraph 27(2)(d)"
[parser-unknown-class] "ItemHead", text="163  Paragraph 27(2)(e)"
[parser-unknown-class] "ItemHead", text="164  At the end of subsection 27(2)"
[parser-unknown-class] "ItemHead", text="165  Subsection 34(4)"
[parser-unknown-class] "ItemHead", text="166  Subsection 35(2)"
[parser-unknown-class] "ItemHead", text="167  Subsection 37(1)"
[parser-unknown-class] "ItemHead", text="168  Subsection 37(2)"
[parser-unknown-class] "ItemHead", text="169  Section 38"
[parser-unknown-class] "ActHead9", text="National Portrait Gallery of Australia Act 2012"
[parser-unknown-class] "ItemHead", text="170  Subsection 6(2) (note)"
[parser-unknown-class] "ItemHead", text="171  Paragraph 21(2)(b)"
[parser-unknown-class] "ItemHead", text="172  Paragraph 21(2)(c)"
[parser-unknown-class] "ItemHead", text="173  At the end of subsection 21(2)"
[parser-unknown-class] "ItemHead", text="174  Paragraph 24(2)(a)"
[parser-unknown-class] "ItemHead", text="175  Section 28"
[parser-unknown-class] "ItemHead", text="176  Section 37"
[parser-unknown-class] "ItemHead", text="177  Paragraph 39(1)(f)"
[parser-unknown-class] "ItemHead", text="178  Section 44"
[parser-unknown-class] "ItemHead", text="179  Subsection 45(4)"
[parser-unknown-class] "ItemHead", text="180  Subsection 46(2)"
[parser-unknown-class] "ItemHead", text="181  Subsection 47(2)"
[parser-unknown-class] "ItemHead", text="182  Section 49"
[parser-unknown-class] "ItemHead", text="183  Paragraphs 49(a) and (b)"
[parser-unknown-class] "ActHead9", text="National Radioactive Waste Management Act 2012"
[parser-unknown-class] "ItemHead", text="184  Subsection 34C(2)"
[parser-unknown-class] "ItemHead", text="185  Subsection 34D(1) (note)"
[parser-unknown-class] "ItemHead", text="186  Subsection 34D(2) (note)"
[parser-unknown-class] "ActHead9", text="National Residue Survey Administration Act 1992"
[parser-unknown-class] "ItemHead", text="187  Title"
[parser-unknown-class] "ItemHead", text="188  Subsection 6(2)"
[parser-unknown-class] "ItemHead", text="189  Section 7 (note)"
[parser-unknown-class] "ActHead9", text="National Transport Commission Act 2003"
[parser-unknown-class] "ItemHead", text="190  Subsection 5(2) (note)"
[parser-unknown-class] "ItemHead", text="191  Subsection 19(2)"
[parser-unknown-class] "ItemHead", text="192  At the end of section 19"
[parser-unknown-class] "ItemHead", text="193  Division 1 of Part 4 (heading)"
[parser-unknown-class] "ItemHead", text="194  Sections 23 and 24"
[parser-unknown-class] "ItemHead", text="195  Section 25 (heading)"
[parser-unknown-class] "ItemHead", text="196  Subsection 25(1)"
[parser-unknown-class] "ItemHead", text="197  Subsection 25(2)"
[parser-unknown-class] "ItemHead", text="198  Subsection 25(3)"
[parser-unknown-class] "ItemHead", text="199  Subsection 25(4)"
[parser-unknown-class] "ItemHead", text="200  Subsections 25(5) and (6)"
[parser-unknown-class] "ItemHead", text="201  Subsection 33(3)"
[parser-unknown-class] "ItemHead", text="202  Subsection 37(1)"
[parser-unknown-class] "ItemHead", text="203  Paragraph 37(3)(a)"
[parser-unknown-class] "ItemHead", text="204  Subsection 38(1)"
[parser-unknown-class] "ActHead9", text="National Vocational Education and Training Regulator Act 2011"
[parser-unknown-class] "ItemHead", text="205  Section 3"
[parser-unknown-class] "ItemHead", text="206  Section 167"
[parser-unknown-class] "ItemHead", text="207  Paragraph 170(1)(e)"
[parser-unknown-class] "ItemHead", text="208  Section 175"
[parser-unknown-class] "ItemHead", text="209  Section 215"
[parser-unknown-class] "ItemHead", text="210  Part 11 (heading)"
[parser-unknown-class] "ItemHead", text="211  Division 1 of Part 11 (heading)"
[parser-unknown-class] "ItemHead", text="212  Section 217"
[parser-unknown-class] "ItemHead", text="213  Section 218"
[parser-unknown-class] "ItemHead", text="214  Section 219 (heading)"
[parser-unknown-class] "ItemHead", text="215  Subsection 219(1)"
[parser-unknown-class] "ItemHead", text="216  Subsection 219(1)"
[parser-unknown-class] "ItemHead", text="217  Subsections 219(2) and (3)"
[parser-unknown-class] "ItemHead", text="218  Subsection 219(4)"
[parser-unknown-class] "ItemHead", text="219  Subsection 219(5)"
[parser-unknown-class] "ItemHead", text="220  Subsection 219(6)"
[parser-unknown-class] "ItemHead", text="221  Subsection 219(7)"
[parser-unknown-class] "ItemHead", text="222  At the end of Division 1 of Part 11"
[parser-unknown-class] "ItemHead", text="223  Subsection 220(1)"
[parser-unknown-class] "ItemHead", text="224  Paragraph 220(2)(a)"
[parser-unknown-class] "ItemHead", text="225  Paragraph 220(2)(b)"
[parser-unknown-class] "ItemHead", text="226  Section 221"
[parser-unknown-class] "ItemHead", text="227  Section 222"
[parser-unknown-class] "ActHead9", text="National Water Commission Act 2004"
[parser-unknown-class] "ItemHead", text="228  Section 9"
[parser-unknown-class] "ItemHead", text="229  Paragraph 18(1)(c)"
[parser-unknown-class] "ItemHead", text="230  Section 22"
[parser-unknown-class] "ItemHead", text="231  Paragraph 32(1)(d)"
[parser-unknown-class] "ItemHead", text="232  Section 33"
[parser-unknown-class] "ItemHead", text="233  Subsection 45(1)"
[parser-unknown-class] "ItemHead", text="234  Subsection 45(2)"
[parser-unknown-class] "ItemHead", text="235  Subsection 45(3)"
[parser-unknown-class] "ItemHead", text="236  After section 45"
[parser-unknown-class] "ActHead9", text="Nation‑building Funds Act 2008"
[parser-unknown-class] "ItemHead", text="237  Section 4 (definition of bank)"
[parser-unknown-class] "ItemHead", text="238  Section 4 (definition of drawing right)"
[parser-unknown-class] "ItemHead", text="239  Section 4 (definition of Finance Minister)"
[parser-unknown-class] "ItemHead", text="240  Section 11 (note 2)"
[parser-unknown-class] "ItemHead", text="241  Subsection 13(2)"
[parser-unknown-class] "ItemHead", text="242  Subsection 13(2) (note)"
[parser-unknown-class] "ItemHead", text="243  Subsection 17(1) (note)"
[parser-unknown-class] "ItemHead", text="244  Subsection 18(1) (note)"
[parser-unknown-class] "ItemHead", text="245  Section 19 (note 1)"
[parser-unknown-class] "ItemHead", text="246  Section 20 (note)"
[parser-unknown-class] "ItemHead", text="247  Subsection 34(6)"
[parser-unknown-class] "ItemHead", text="248  Section 46"
[parser-unknown-class] "ItemHead", text="249  Section 50"
[parser-unknown-class] "ItemHead", text="250  Subsection 61(2)"
[parser-unknown-class] "ItemHead", text="251  Subsection 62(1) (note)"
[parser-unknown-class] "ItemHead", text="252  Subsection 68(2)"
[parser-unknown-class] "ItemHead", text="253  Subsection 69(1) (note)"
[parser-unknown-class] "ItemHead", text="254  Subsection 75(2)"
[parser-unknown-class] "ItemHead", text="255  Subsection 76(1) (note)"
[parser-unknown-class] "ItemHead", text="256  Subsection 82(2)"
[parser-unknown-class] "ItemHead", text="257  Subsection 83(1) (note)"
[parser-unknown-class] "ItemHead", text="258  Sections 109 to 111"
[parser-unknown-class] "ItemHead", text="259  Subsection 112(2)"
[parser-unknown-class] "ItemHead", text="260  Subsection 121(3)"
[parser-unknown-class] "ItemHead", text="261  Subsection 132(2)"
[parser-unknown-class] "ItemHead", text="262  Subsection 132(2) (note)"
[parser-unknown-class] "ItemHead", text="263  Subsection 136(1) (note)"
[parser-unknown-class] "ItemHead", text="264  Section 137 (note 1)"
[parser-unknown-class] "ItemHead", text="265  Section 138 (note)"
[parser-unknown-class] "ItemHead", text="266  Subsection 153(6)"
[parser-unknown-class] "ItemHead", text="267  Section 165"
[parser-unknown-class] "ItemHead", text="268  Section 169"
[parser-unknown-class] "ItemHead", text="269  Subsection 181(2)"
[parser-unknown-class] "ItemHead", text="270  Subsection 182(1) (note)"
[parser-unknown-class] "ItemHead", text="271  Subsection 188(2)"
[parser-unknown-class] "ItemHead", text="272  Subsection 189(1) (note)"
[parser-unknown-class] "ItemHead", text="273  Sections 199 to 201"
[parser-unknown-class] "ItemHead", text="274  Subsection 202(2)"
[parser-unknown-class] "ItemHead", text="275  Subsection 206(3)"
[parser-unknown-class] "ItemHead", text="276  Subsection 215(2)"
[parser-unknown-class] "ItemHead", text="277  Subsection 215(2) (note)"
[parser-unknown-class] "ItemHead", text="278  Subsection 218(1) (note)"
[parser-unknown-class] "ItemHead", text="279  Section 219 (note)"
[parser-unknown-class] "ItemHead", text="280  Subsection 228(6)"
[parser-unknown-class] "ItemHead", text="281  Section 240"
[parser-unknown-class] "ItemHead", text="282  Section 244"
[parser-unknown-class] "ItemHead", text="283  Subsection 255(2)"
[parser-unknown-class] "ItemHead", text="284  Subsection 256(1) (note)"
[parser-unknown-class] "ItemHead", text="285  Sections 267 to 269"
[parser-unknown-class] "ItemHead", text="286  Subsection 270(2)"
[parser-unknown-class] "ItemHead", text="287  Subsection 274(3)"
[parser-unknown-class] "ItemHead", text="288  Application"
[parser-unknown-class] "ActHead9", text="Native Title Act 1993"
[parser-unknown-class] "ItemHead", text="289  Section 106"
[parser-unknown-class] "ItemHead", text="290  At the end of section 106"
[parser-unknown-class] "ItemHead", text="291  Paragraph 128(2)(a)"
[parser-unknown-class] "ItemHead", text="292  Subsection 128(2) (note 1)"
[parser-unknown-class] "ItemHead", text="293  Section 129A (note)"
[parser-unknown-class] "ItemHead", text="294  Subsection 131A(1) (note)"
[parser-unknown-class] "ItemHead", text="295  Subsection 133(3) (note)"
[parser-unknown-class] "ItemHead", text="296  Section 201A"
[parser-unknown-class] "ItemHead", text="297  Subsection 203CB(2)"
[parser-unknown-class] "ItemHead", text="298  Subsection 203CB(2A)"
[parser-unknown-class] "ItemHead", text="299  Subsection 203CB(4)"
[parser-unknown-class] "ItemHead", text="300  Subsection 203EA(2)"
[parser-unknown-class] "ItemHead", text="301  Subsection 203EA(3)"
[parser-unknown-class] "ItemHead", text="302  Subsection 203EB(2)"
[parser-unknown-class] "ItemHead", text="303  Section 203EC"
[parser-unknown-class] "ActHead9", text="Natural Heritage Trust of Australia Act 1997"
[parser-unknown-class] "ItemHead", text="304  Section 5"
[parser-unknown-class] "ItemHead", text="305  Subsection 6(1) (note)"
[parser-unknown-class] "ItemHead", text="306  Subsection 6(7)"
[parser-unknown-class] "ItemHead", text="307  Section 54 (definition of Finance Minister)"
[parser-unknown-class] "ActHead9", text="Natural Resources Management (Financial Assistance) Act 1992"
[parser-unknown-class] "ItemHead", text="308  Subsection 11(2)"
[parser-unknown-class] "ItemHead", text="309  Subsection 11(4) (note)"
[parser-unknown-class] "ItemHead", text="310  Subsection 12(1)"
[parser-unknown-class] "ActHead9", text="Navigation Act 2012"
[parser-unknown-class] "ItemHead", text="311  Subsection 14(1) (subparagraph (a)(i) of the definition of agency)"
[parser-unknown-class] "ActHead9", text="Norfolk Island Act 1979"
[parser-unknown-class] "ItemHead", text="312  Subsection 4(1) (definition of Commonwealth Finance Minister)"
[parser-unknown-class] "ItemHead", text="313  Subsection 50D(1)"
[parser-unknown-class] "ActHead9", text="Northern Territory (Lessees’ Loans Guarantee) Act 1954"
[parser-unknown-class] "ItemHead", text="314  Subsection 4(4)"
[parser-unknown-class] "ItemHead", text="315  Subsection 4(5) (definition of Finance Minister)"
[parser-unknown-class] "ActHead9", text="Northern Territory (Self‑Government) Act 1978"
[parser-unknown-class] "ItemHead", text="316  Subsection 4(1) (definition of Finance Minister)"
[parser-unknown-class] "ActHead6", text="Schedule 11—Amendments of Acts starting with O to R"
[parser-unknown-class] "ActHead9", text="Office of National Assessments Act 1977"
[parser-unknown-class] "ItemHead", text="1  Section 19"
[parser-unknown-class] "ActHead9", text="Offshore Petroleum and Greenhouse Gas Storage Act 2006"
[parser-unknown-class] "ItemHead", text="2  Paragraph 75(5)(b)"
[parser-unknown-class] "ItemHead", text="3  After subsection 650(6)"
[parser-unknown-class] "ItemHead", text="4  Section 671"
[parser-unknown-class] "ItemHead", text="5  Paragraph 672(2)(d)"
[parser-unknown-class] "ItemHead", text="6  Subsection 672(3)"
[parser-unknown-class] "ItemHead", text="7  Section 678"
[parser-unknown-class] "ItemHead", text="8  Subsection 679(1)"
[parser-unknown-class] "ItemHead", text="9  Subsection 690(1)"
[parser-unknown-class] "ItemHead", text="10  Subsection 690(2)"
[parser-unknown-class] "ItemHead", text="11  Subsection 690(4)"
[parser-unknown-class] "ItemHead", text="12  Subsection 695H(2)"
[parser-unknown-class] "ItemHead", text="13  Section 695J (note)"
[parser-unknown-class] "ItemHead", text="14  Subsection 695K(1) (note)"
[parser-unknown-class] "ItemHead", text="15  Subsection 695K(2) (note 1)"
[parser-unknown-class] "ActHead9", text="Ombudsman Act 1976"
[parser-unknown-class] "ItemHead", text="16  Section 19"
[parser-unknown-class] "ItemHead", text="17  Subsections 19F(3) to (5)"
[parser-unknown-class] "ItemHead", text="18  At the end of Part IIA"
[parser-unknown-class] "ItemHead", text="19  Subparagraph 19R(3)(b)(xiii)"
[parser-unknown-class] "ItemHead", text="20  Section 19X"
[parser-unknown-class] "ItemHead", text="21  Paragraph 19ZM(3)(j)"
[parser-unknown-class] "ItemHead", text="22  Subsection 19ZM(4) (table item 5)"
[parser-unknown-class] "ItemHead", text="23  Section 19ZS"
[parser-unknown-class] "ItemHead", text="24  Subsection 34(2)"
[parser-unknown-class] "ItemHead", text="25  Subsection 35B(2) (paragraph (a) of the definition of listed disclosure method)"
[parser-unknown-class] "ActHead9", text="Paid Parental Leave Act 2010"
[parser-unknown-class] "ItemHead", text="26  Section 6 (definition of Commonwealth agency)"
[parser-unknown-class] "ItemHead", text="27  Section 78"
[parser-unknown-class] "ActHead9", text="Papua New Guinea (Staffing Assistance) Act 1973"
[parser-unknown-class] "ItemHead", text="28  Subsection 62B(3) (note)"
[parser-unknown-class] "ItemHead", text="29  Subsection 62C(10)"
[parser-unknown-class] "ActHead9", text="Parliamentary Contributory Superannuation Act 1948"
[parser-unknown-class] "ItemHead", text="30  Subsection 4(1) (definition of Finance Minister)"
[parser-unknown-class] "ItemHead", text="31  Subsections 24AA(2) and (3) (note)"
[parser-unknown-class] "ItemHead", text="32  Subsection 24AB(3) (note)"
[parser-unknown-class] "ItemHead", text="33  Subsection 24AC(10)"
[parser-unknown-class] "ActHead9", text="Parliamentary Counsel Act 1970"
[parser-unknown-class] "ItemHead", text="34  Section 16A"
[parser-unknown-class] "ItemHead", text="35  Subsection 16C(2)"
[parser-unknown-class] "ActHead9", text="Parliamentary Service Act 1999"
[parser-unknown-class] "ItemHead", text="36  Section 7 (definition of Commonwealth body)"
[parser-unknown-class] "ItemHead", text="37  At the end of section 9"
[parser-unknown-class] "ItemHead", text="38  Subsection 13(7)"
[parser-unknown-class] "ItemHead", text="39  Subsection 13(8)"
[parser-unknown-class] "ItemHead", text="40  Subsection 13(10)"
[parser-unknown-class] "ItemHead", text="41  Parliamentary Service Code of Conduct"
[parser-unknown-class] "Subitem", text="(1) The amendment made by item 38 of this Schedule applies to:"
[parser-unknown-class] "Subitem", text="(2) The amendment made by item 39 of this Schedule applies to uses of resources by Parliamentary ..."
[parser-unknown-class] "Subitem", text="(3) The amendment made by item 40 of this Schedule applies to:"
[parser-unknown-class] "ItemHead", text="42  Subsection 57(3) (note)"
[parser-unknown-class] "ItemHead", text="43  At the end of Division 1 of Part 7"
[parser-unknown-class] "ActHead9", text="Postal and Telecommunications Commissions (Transitional Provisions) Act 1975"
[parser-unknown-class] "ItemHead", text="44  Subsection 29(7) (definition of Finance Minister)"
[parser-unknown-class] "ActHead9", text="Primary Industries Levies and Charges Collection Act 1991"
[parser-unknown-class] "ItemHead", text="45  Section 13"
[parser-unknown-class] "ActHead9", text="Primary Industries Research and Development Act 1989"
[parser-unknown-class] "ItemHead", text="46  Subsection 4(1) (definition of Finance Minister)"
[parser-unknown-class] "ItemHead", text="47  Subsection 10(1) (note)"
[parser-unknown-class] "ItemHead", text="48  At the end of Division 3 of Part 2"
[parser-unknown-class] "ItemHead", text="49  Subsection 28(1)"
[parser-unknown-class] "ItemHead", text="50  Subsection 28(1)"
[parser-unknown-class] "ItemHead", text="51  After subsection 30(4)"
[parser-unknown-class] "ItemHead", text="52  Subsection 46A(1)"
[parser-unknown-class] "ItemHead", text="53  Subparagraph 73(1)(b)(iv)"
[parser-unknown-class] "ItemHead", text="54  Paragraph 73(1)(c)"
[parser-unknown-class] "ItemHead", text="55  At the end of subsection 73(1)"
[parser-unknown-class] "ItemHead", text="56  Before subsection 138(1)"
[parser-unknown-class] "ItemHead", text="57  Paragraph 138(1)(f)"
[parser-unknown-class] "ItemHead", text="58  Paragraph 138(1)(g)"
[parser-unknown-class] "ItemHead", text="59  Before subsection 138(2)"
[parser-unknown-class] "ItemHead", text="60  At the end of section 138"
[parser-unknown-class] "ActHead9", text="Private Health Insurance Act 2007"
[parser-unknown-class] "ItemHead", text="61  Paragraph 253‑35(2)(e)"
[parser-unknown-class] "ItemHead", text="62  Section 253‑40"
[parser-unknown-class] "ItemHead", text="63  Section 253‑50"
[parser-unknown-class] "ItemHead", text="64  Subsection 264‑1(2) (note)"
[parser-unknown-class] "ItemHead", text="65  Subsection 264‑15(2) (note)"
[parser-unknown-class] "ItemHead", text="66  Section 267‑15"
[parser-unknown-class] "ItemHead", text="67  Section 267‑20"
[parser-unknown-class] "ItemHead", text="68  Paragraph 270‑40(2)(d)"
[parser-unknown-class] "ItemHead", text="69  Paragraph 270‑40(2)(e)"
[parser-unknown-class] "ItemHead", text="70  At the end of subsection 270‑40(2)"
[parser-unknown-class] "ItemHead", text="71  Section 270‑45"
[parser-unknown-class] "ItemHead", text="72  Subsection 273‑10(2)"
[parser-unknown-class] "ActHead9", text="Proceeds of Crime Act 1987"
[parser-unknown-class] "ItemHead", text="73  Subsection 34A(2)"
[parser-unknown-class] "ActHead9", text="Proceeds of Crime Act 2002"
[parser-unknown-class] "ItemHead", text="74  Subsection 295(2)"
[parser-unknown-class] "ActHead9", text="Productivity Commission Act 1998"
[parser-unknown-class] "ItemHead", text="75  Section 10"
[parser-unknown-class] "ItemHead", text="76  After paragraph 35(2)(d)"
[parser-unknown-class] "ItemHead", text="77  After paragraph 35(4)(d)"
[parser-unknown-class] "ItemHead", text="78  Subsections 43(2), (3) and (4)"
[parser-unknown-class] "ActHead9", text="Protection of Movable Cultural Heritage Act 1986"
[parser-unknown-class] "ItemHead", text="79  Subsection 25(2)"
[parser-unknown-class] "ItemHead", text="80  Subsection 25A(2)"
[parser-unknown-class] "ItemHead", text="81  Subsection 25A(2) (note)"
[parser-unknown-class] "ActHead9", text="Public Accounts and Audit Committee Act 1951"
[parser-unknown-class] "ItemHead", text="82  Section 4 (definition of Finance Minister)"
[parser-unknown-class] "ItemHead", text="83  Paragraph 8(1)(a)"
[parser-unknown-class] "ActHead9", text="Public Interest Disclosure Act 2013"
[parser-unknown-class] "ItemHead", text="84  Section 8 (definition of Commonwealth company)"
[parser-unknown-class] "ItemHead", text="85  Subsection 29(1) (table item 7)"
[parser-unknown-class] "ItemHead", text="86  Subsection 53(4)"
[parser-unknown-class] "ItemHead", text="87  Conduct of investigations under Division 2 of Part 3 of the Public Interest Disclosure Act 2013"
[parser-unknown-class] "Subitem", text="(1) The amendment to subsection 53(4) of the Public Interest Disclosure Act 2013 by this Schedule..."
[parser-unknown-class] "Subitem", text="(2) An instrument in force under section 64 of the FMA Act continues in force for the purposes of..."
[parser-unknown-class] "ItemHead", text="88  Paragraph 53(4)(a)"
[parser-unknown-class] "ItemHead", text="89  Paragraph 53(4)(b)"
[parser-unknown-class] "ItemHead", text="90  Paragraph 72(1)(b)"
[parser-unknown-class] "ItemHead", text="91  Subsection 76(5)"
[parser-unknown-class] "ActHead9", text="Public Service Act 1999"
[parser-unknown-class] "ItemHead", text="92  Section 7 (definition of Statutory Agency)"
[parser-unknown-class] "ItemHead", text="93  Subsection 13(7)"
[parser-unknown-class] "ItemHead", text="94  Subsection 13(8)"
[parser-unknown-class] "ItemHead", text="95  Subsection 13(10)"
[parser-unknown-class] "ItemHead", text="96  APS Code of Conduct"
[parser-unknown-class] "Subitem", text="(1) The amendment made by item 93 of this Schedule applies to:"
[parser-unknown-class] "Subitem", text="(2) The amendment made by item 94 of this Schedule applies to uses of resources by APS employees ..."
[parser-unknown-class] "Subitem", text="(3) The amendment made by item 95 of this Schedule applies to:"
[parser-unknown-class] "ItemHead", text="97  Subsection 57(3) (note)"
[parser-unknown-class] "ActHead9", text="Quarantine Act 1908"
[parser-unknown-class] "ItemHead", text="98  Subsection 86EA(5) (definition of Commonwealth)"
[parser-unknown-class] "ItemHead", text="99  Subsection 86EA(5) (definition of Finance Minister)"
[parser-unknown-class] "ActHead9", text="Quarantine Charges (Collection) Act 2014"
[parser-unknown-class] "ItemHead", text="100  Subsection 7(1) (definition of Finance Minister)"
[parser-unknown-class] "ItemHead", text="101  Subsection 11(1) (note)"
[parser-unknown-class] "ActHead9", text="Remuneration Tribunal Act 1973"
[parser-unknown-class] "ItemHead", text="102  Subsection 3(1) (paragraphs (b), (f) and (l) of the definition of principal executive office)"
[parser-unknown-class] "ItemHead", text="103  Paragraph 16A(2)(b)"
[parser-unknown-class] "ItemHead", text="104  Subsection 16A(2) (note)"
[parser-unknown-class] "ItemHead", text="105  Paragraph 16A(3)(d)"
[parser-unknown-class] "ItemHead", text="106  Subsection 16A(3)"
[parser-unknown-class] "ItemHead", text="107  Subsection 16A(3) (note)"
[parser-unknown-class] "ItemHead", text="108  Subsections 16A(6) and (7)"
[parser-unknown-class] "ItemHead", text="109  Subsection 16A(8)"
[parser-unknown-class] "ItemHead", text="110  Paragraphs 16B(1)(d) and (3)(b)"
[parser-unknown-class] "ItemHead", text="111  Subsection 16B(3) (note)"
[parser-unknown-class] "ItemHead", text="112  Subsections 16B(6) and (7)"
[parser-unknown-class] "ItemHead", text="113  Subsection 16B(8)"
[parser-unknown-class] "ItemHead", text="114  Subsection 16C(1)"
[parser-unknown-class] "ItemHead", text="115  Subsections 16C(3) and (4)"
[parser-unknown-class] "ItemHead", text="116  Paragraph 16C(5)(c)"
[parser-unknown-class] "ItemHead", text="117  Subsection 16C(6)"
[parser-unknown-class] "ItemHead", text="118  Paragraph 16C(6)(c)"
[parser-unknown-class] "ItemHead", text="119  Subsection 16C(7)"
[parser-unknown-class] "ItemHead", text="120  Paragraph 16C(7)(c)"
[parser-unknown-class] "ItemHead", text="121  Subsections 16C(12) and (13)"
[parser-unknown-class] "ActHead9", text="Research Involving Human Embryos Act 2002"
[parser-unknown-class] "ItemHead", text="122  Subsection 13(5)"
[parser-unknown-class] "ItemHead", text="123  Subsection 18(1)"
[parser-unknown-class] "ActHead9", text="Reserve Bank Act 1959"
[parser-unknown-class] "ItemHead", text="124  Subsection 7(1)"
[parser-unknown-class] "ItemHead", text="125  Subsection 7(1) (note)"
[parser-unknown-class] "ItemHead", text="126  Section 7A"
[parser-unknown-class] "ItemHead", text="127  Subsection 8A(5)"
[parser-unknown-class] "ItemHead", text="128  At the end of section 8A"
[parser-unknown-class] "ItemHead", text="129  Paragraph 18(1)(e)"
[parser-unknown-class] "ItemHead", text="130  At the end of subsection 18(1)"
[parser-unknown-class] "ItemHead", text="131  Section 25"
[parser-unknown-class] "ItemHead", text="132  At the end of section 25"
[parser-unknown-class] "ItemHead", text="133  Subparagraph 25L(4)(c)(ii)"
[parser-unknown-class] "ItemHead", text="134  Paragraph 25L(4)(d)"
[parser-unknown-class] "ItemHead", text="135  At the end of section 25L"
[parser-unknown-class] "ActHead9", text="Road Safety Remuneration Act 2012"
[parser-unknown-class] "ItemHead", text="136  Paragraph 112(6)(b)"
[parser-unknown-class] "ActHead9", text="Royal Australian Air Force Veterans’ Residences Act 1953"
[parser-unknown-class] "ItemHead", text="137  At the end of section 5"
[parser-unknown-class] "ItemHead", text="138  Section 5A"
[parser-unknown-class] "ItemHead", text="139  At the end of subsection 7(1)"
[parser-unknown-class] "ItemHead", text="140  Section 9"
[parser-unknown-class] "ItemHead", text="141  At the end of section 9"
[parser-unknown-class] "ActHead9", text="Royal Commissions Act 1902"
[parser-unknown-class] "ItemHead", text="142  Subsection 1B(1) (definition of Finance Minister)"
[parser-unknown-class] "ActHead6", text="Schedule 12—Amendments of Acts starting with S to W"
[parser-unknown-class] "ActHead9", text="Safety, Rehabilitation and Compensation Act 1988"
[parser-unknown-class] "ItemHead", text="1  Subsection 4(1)"
[parser-unknown-class] "ItemHead", text="2  Subsection 4(1) (definition of public money)"
[parser-unknown-class] "ItemHead", text="3  Subsection 4(1)"
[parser-unknown-class] "ItemHead", text="4  Paragraph 23A(6)(a)"
[parser-unknown-class] "ItemHead", text="5  Subsection 23A(6)"
[parser-unknown-class] "ItemHead", text="6  Subsection 23A(7)"
[parser-unknown-class] "ItemHead", text="7  Subsection 70B(2)"
[parser-unknown-class] "ItemHead", text="8  Subsection 73(3)"
[parser-unknown-class] "ItemHead", text="9  Subsection 74(1) (note)"
[parser-unknown-class] "ItemHead", text="10  At the end of subsection 76(1)"
[parser-unknown-class] "ItemHead", text="11  Subsections 76(4) and (5)"
[parser-unknown-class] "ItemHead", text="12  Paragraph 84(2)(b)"
[parser-unknown-class] "ItemHead", text="13  At the end of subsection 84(2)"
[parser-unknown-class] "ItemHead", text="14  At the end of Division 1 of Part VII"
[parser-unknown-class] "ItemHead", text="15  Subsection 89E(2A)"
[parser-unknown-class] "ItemHead", text="16  At the end of section 89E"
[parser-unknown-class] "ItemHead", text="17  Section 90"
[parser-unknown-class] "ItemHead", text="18  Subsection 90C(3) (definition of notional interest)"
[parser-unknown-class] "ItemHead", text="19  Subsection 90C(4)"
[parser-unknown-class] "ItemHead", text="20  Subsection 90C(5) (definition of Comcare‑retained funds)"
[parser-unknown-class] "ItemHead", text="21  Subsection 91(4)"
[parser-unknown-class] "ItemHead", text="22  Subsection 91(5)"
[parser-unknown-class] "ItemHead", text="23  Section 92"
[parser-unknown-class] "ItemHead", text="24  Subsection 95(6)"
[parser-unknown-class] "ItemHead", text="25  Subsection 95(7)"
[parser-unknown-class] "ItemHead", text="26  Section 112A (heading)"
[parser-unknown-class] "ItemHead", text="27  Paragraph 112A(1)(b)"
[parser-unknown-class] "ItemHead", text="28  Paragraph 112A(6)(b)"
[parser-unknown-class] "ItemHead", text="29  Subsection 112A(7)"
[parser-unknown-class] "ItemHead", text="30  Section 112B (heading)"
[parser-unknown-class] "ItemHead", text="31  Paragraph 112B(1)(b)"
[parser-unknown-class] "ActHead9", text="Safe Work Australia Act 2008"
[parser-unknown-class] "ItemHead", text="32  Subsection 7(1)"
[parser-unknown-class] "ItemHead", text="33  Section 18"
[parser-unknown-class] "ItemHead", text="34  Paragraph 20(2)(c)"
[parser-unknown-class] "ItemHead", text="35  Section 26"
[parser-unknown-class] "ItemHead", text="36  Division 2 of Part 4 (heading)"
[parser-unknown-class] "ItemHead", text="37  Section 27"
[parser-unknown-class] "ItemHead", text="38  Section 28 (heading)"
[parser-unknown-class] "ItemHead", text="39  Subsection 28(1)"
[parser-unknown-class] "ItemHead", text="40  Subsection 28(2)"
[parser-unknown-class] "ItemHead", text="41  Subsection 28(4)"
[parser-unknown-class] "ItemHead", text="42  Subsections 28(6) and (7)"
[parser-unknown-class] "ItemHead", text="43  Section 29 (heading)"
[parser-unknown-class] "ItemHead", text="44  Subsection 29(1)"
[parser-unknown-class] "ItemHead", text="45  Paragraph 29(3)(b)"
[parser-unknown-class] "ItemHead", text="46  Subsection 30(2)"
[parser-unknown-class] "ItemHead", text="47  Paragraph 30(3)(c)"
[parser-unknown-class] "ItemHead", text="48  Subsection 30(4)"
[parser-unknown-class] "ItemHead", text="49  Subsection 30(7)"
[parser-unknown-class] "ItemHead", text="50  Division 4 of Part 4 (heading)"
[parser-unknown-class] "ItemHead", text="51  Section 31 (heading)"
[parser-unknown-class] "ItemHead", text="52  Subsection 31(1)"
[parser-unknown-class] "ItemHead", text="53  Paragraph 31(1)(a)"
[parser-unknown-class] "ItemHead", text="54  Subsection 31(2) (heading)"
[parser-unknown-class] "ItemHead", text="55  Subsection 31(3)"
[parser-unknown-class] "ItemHead", text="56  Subsections 31(5) and (6)"
[parser-unknown-class] "ItemHead", text="57  Subsection 32(1)"
[parser-unknown-class] "ItemHead", text="58  Paragraph 32(2)(c)"
[parser-unknown-class] "ItemHead", text="59  Subsection 32(3)"
[parser-unknown-class] "ItemHead", text="60  Subsection 32(6)"
[parser-unknown-class] "ItemHead", text="61  Subsection 36(2) (note)"
[parser-unknown-class] "ItemHead", text="62  Paragraph 37(2)(a)"
[parser-unknown-class] "ItemHead", text="63  Section 40"
[parser-unknown-class] "ItemHead", text="64  Section 43"
[parser-unknown-class] "ItemHead", text="65  Subsection 45(2)"
[parser-unknown-class] "ItemHead", text="66  Paragraph 45(3)(b)"
[parser-unknown-class] "ItemHead", text="67  Section 47"
[parser-unknown-class] "ItemHead", text="68  Paragraph 48(3)(a)"
[parser-unknown-class] "ItemHead", text="69  Paragraph 48(3)(d)"
[parser-unknown-class] "ItemHead", text="70  Section 55"
[parser-unknown-class] "ItemHead", text="71  Paragraph 57(2)(d)"
[parser-unknown-class] "ItemHead", text="72  Subsection 64(2)"
[parser-unknown-class] "ItemHead", text="73  Section 65 (note)"
[parser-unknown-class] "ItemHead", text="74  Section 70"
[parser-unknown-class] "ActHead9", text="Schools Assistance (Learning Together—Achievement Through Choice and Opportunity) Act 2004"
[parser-unknown-class] "ItemHead", text="75  Subsection 127(3) (definition of Finance Minister)"
[parser-unknown-class] "ActHead9", text="Science and Industry Research Act 1949"
[parser-unknown-class] "ItemHead", text="76  Section 7 (definition of annual operational plan)"
[parser-unknown-class] "ItemHead", text="77  Section 7"
[parser-unknown-class] "ItemHead", text="78  Section 7 (definition of Finance Minister)"
[parser-unknown-class] "ItemHead", text="79  Section 7 (definition of strategic plan)"
[parser-unknown-class] "ItemHead", text="80  Subsection 8(2) (note)"
[parser-unknown-class] "ItemHead", text="81  At the end of paragraph 10E(2)(a)"
[parser-unknown-class] "ItemHead", text="82  Paragraph 10E(2)(b)"
[parser-unknown-class] "ItemHead", text="83  At the end of paragraphs 10E(2)(b) and (c)"
[parser-unknown-class] "ItemHead", text="84  At the end of subsection 10E(2)"
[parser-unknown-class] "ItemHead", text="85  Section 10F"
[parser-unknown-class] "ItemHead", text="86  At the end of section 10F"
[parser-unknown-class] "ItemHead", text="87  At the end of paragraph 22(2)(a)"
[parser-unknown-class] "ItemHead", text="88  Paragraph 22(2)(b)"
[parser-unknown-class] "ItemHead", text="89  Paragraph 22(2)(c)"
[parser-unknown-class] "ItemHead", text="90  At the end of subsection 22(2)"
[parser-unknown-class] "ItemHead", text="91  Part VII (heading)"
[parser-unknown-class] "ItemHead", text="92  Sections 33 to 35"
[parser-unknown-class] "ItemHead", text="93  Section 36 (heading)"
[parser-unknown-class] "ItemHead", text="94  Subsection 36(1)"
[parser-unknown-class] "ItemHead", text="95  Subsection 48(2)"
[parser-unknown-class] "ItemHead", text="96  Section 51"
[parser-unknown-class] "ItemHead", text="97  Paragraphs 51(a), (b), (c) and (d)"
[parser-unknown-class] "ActHead9", text="Screen Australia Act 2008"
[parser-unknown-class] "ItemHead", text="98  Subsection 5(2) (note)"
[parser-unknown-class] "ItemHead", text="99  Paragraph 16(2)(b)"
[parser-unknown-class] "ItemHead", text="100  At the end of subsection 16(2)"
[parser-unknown-class] "ItemHead", text="101  Paragraph 18(3)(a)"
[parser-unknown-class] "ItemHead", text="102  Subsection 18(10)"
[parser-unknown-class] "ItemHead", text="103  Section 27"
[parser-unknown-class] "ItemHead", text="104  Paragraph 29(2)(c)"
[parser-unknown-class] "ItemHead", text="105  Sections 35 and 36"
[parser-unknown-class] "ItemHead", text="106  Subsection 37(1)"
[parser-unknown-class] "ItemHead", text="107  Subsection 39(4) (definition of Finance Minister)"
[parser-unknown-class] "ItemHead", text="108  Subsection 40(2)"
[parser-unknown-class] "ItemHead", text="109  Subsection 41(2)"
[parser-unknown-class] "ItemHead", text="110  Section 43"
[parser-unknown-class] "ItemHead", text="111  Paragraph 43(a)"
[parser-unknown-class] "ItemHead", text="112  Subsection 44(4)"
[parser-unknown-class] "ActHead9", text="Seafarers Rehabilitation and Compensation Act 1992"
[parser-unknown-class] "ItemHead", text="113  At the end of subsection 116(1)"
[parser-unknown-class] "ItemHead", text="114  At the end of subsection 118(2)"
[parser-unknown-class] "ItemHead", text="115  Section 125A"
[parser-unknown-class] "ActHead9", text="Services Trust Funds Act 1947"
[parser-unknown-class] "ItemHead", text="116  At the end of section 5"
[parser-unknown-class] "ItemHead", text="117  At the end of subsection 6(1)"
[parser-unknown-class] "ItemHead", text="118  Section 34"
[parser-unknown-class] "ItemHead", text="119  Section 35"
[parser-unknown-class] "ActHead9", text="Skilling Australia’s Workforce Act 2005"
[parser-unknown-class] "ItemHead", text="120  Subsection 3(1) (definition of Agency)"
[parser-unknown-class] "ItemHead", text="121  Subsection 3(1)"
[parser-unknown-class] "ItemHead", text="122  Paragraph 27(1)(b)"
[parser-unknown-class] "ItemHead", text="123  Section 31"
[parser-unknown-class] "ItemHead", text="124  Subsection 37(3)"
[parser-unknown-class] "ActHead9", text="Small Superannuation Accounts Act 1995"
[parser-unknown-class] "ItemHead", text="125  Section 3"
[parser-unknown-class] "ItemHead", text="126  Section 4 (definition of Finance Minister)"
[parser-unknown-class] "ItemHead", text="127  Subsection 8(2)"
[parser-unknown-class] "ItemHead", text="128  Subsection 8(2) (note)"
[parser-unknown-class] "ItemHead", text="129  Subsection 19(1)"
[parser-unknown-class] "ItemHead", text="130  Subsection 33(1)"
[parser-unknown-class] "ActHead9", text="Snowy Hydro Corporatisation Act 1997"
[parser-unknown-class] "ItemHead", text="131  Subsection 5(1) (definition of Finance Minister)"
[parser-unknown-class] "ActHead9", text="Snowy Mountains Engineering Corporation Limited Sale Act 1993"
[parser-unknown-class] "ItemHead", text="132  Subsection 3(1) (definition of Finance Minister)"
[parser-unknown-class] "ActHead9", text="Social and Community Services Pay Equity Special Account Act 2012"
[parser-unknown-class] "ItemHead", text="133  Subsection 5(2)"
[parser-unknown-class] "ItemHead", text="134  Subsection 7(1) (note)"
[parser-unknown-class] "ItemHead", text="135  Part 1 of Schedule 1 (heading)"
[parser-unknown-class] "ItemHead", text="136  Part 1 of Schedule 2 (heading)"
[parser-unknown-class] "ActHead9", text="Special Broadcasting Service Act 1991"
[parser-unknown-class] "ItemHead", text="137  Section 3 (definition of Finance Minister)"
[parser-unknown-class] "ItemHead", text="138  Subsection 5(1) (note)"
[parser-unknown-class] "ItemHead", text="139  Subsection 13(2)"
[parser-unknown-class] "ItemHead", text="140  Paragraph 27(2)(c)"
[parser-unknown-class] "ItemHead", text="141  At the end of subsection 27(2)"
[parser-unknown-class] "ItemHead", text="142  Section 36"
[parser-unknown-class] "ItemHead", text="143  At the end of section 36"
[parser-unknown-class] "ItemHead", text="144  Paragraph 37(2)(d)"
[parser-unknown-class] "ItemHead", text="145  At the end of subsection 37(2)"
[parser-unknown-class] "ItemHead", text="146  Subsection 40(2)"
[parser-unknown-class] "ItemHead", text="147  Section 43C"
[parser-unknown-class] "ItemHead", text="148  Subsections 45(5) and 45A(3)"
[parser-unknown-class] "ItemHead", text="149  Section 47"
[parser-unknown-class] "ItemHead", text="150  Subsection 48(1)"
[parser-unknown-class] "ItemHead", text="151  At the end of section 48"
[parser-unknown-class] "ItemHead", text="152  Sections 49 and 51"
[parser-unknown-class] "ItemHead", text="153  Subsection 52(2) (note)"
[parser-unknown-class] "ItemHead", text="154  Subsection 58(2)"
[parser-unknown-class] "ItemHead", text="155  Subsection 64(1)"
[parser-unknown-class] "ItemHead", text="156  Section 73"
[parser-unknown-class] "ItemHead", text="157  Section 73"
[parser-unknown-class] "ActHead9", text="Superannuation Act 1976"
[parser-unknown-class] "ItemHead", text="158  Subsection 41(9) (definition of bank)"
[parser-unknown-class] "ItemHead", text="159  Subsection 96A(2) (definition of bank)"
[parser-unknown-class] "ItemHead", text="160  Subsections 156B(2) and (3) (note)"
[parser-unknown-class] "ItemHead", text="161  Subsection 156C(3) (note)"
[parser-unknown-class] "ItemHead", text="162  Subsection 156D(10)"
[parser-unknown-class] "ItemHead", text="163  Subsection 156D(11)"
[parser-unknown-class] "ActHead9", text="Superannuation Act 1990"
[parser-unknown-class] "ItemHead", text="164  Subsections 39A(2) and (3) and 39B(3) (note)"
[parser-unknown-class] "ItemHead", text="165  Subsection 39C(10)"
[parser-unknown-class] "ItemHead", text="166  Subsection 39C(11)"
[parser-unknown-class] "ItemHead", text="167  Subsection 44(1) (definition of bank)"
[parser-unknown-class] "ActHead9", text="Superannuation Industry (Supervision) Act 1993"
[parser-unknown-class] "ItemHead", text="168  Paragraph 52(4)(b)"
[parser-unknown-class] "ItemHead", text="169  Paragraph 52A(3)(b)"
[parser-unknown-class] "ActHead9", text="Superannuation (Pension Increases) Act 1971"
[parser-unknown-class] "ItemHead", text="170  Subsection 3(1) (definition of Finance Minister)"
[parser-unknown-class] "ActHead9", text="Superannuation (Productivity Benefit) Act 1988"
[parser-unknown-class] "ItemHead", text="171  Subsection 3(1) (definition of Finance Department)"
[parser-unknown-class] "ActHead9", text="Superannuation (Unclaimed Money and Lost Members) Act 1999"
[parser-unknown-class] "ItemHead", text="172  Section 49"
[parser-unknown-class] "ActHead9", text="Sydney Harbour Federation Trust Act 2001"
[parser-unknown-class] "ItemHead", text="173  Section 3 (definition of Finance Minister)"
[parser-unknown-class] "ItemHead", text="174  Subsection 5(2) (note)"
[parser-unknown-class] "ItemHead", text="175  Paragraph 20(2)(c)"
[parser-unknown-class] "ItemHead", text="176  Paragraph 20(2)(d)"
[parser-unknown-class] "ItemHead", text="177  Subsection 20(2) (note)"
[parser-unknown-class] "ItemHead", text="178  At the end of section 20"
[parser-unknown-class] "ItemHead", text="179  Subsection 54(2) (note)"
[parser-unknown-class] "ItemHead", text="180  Subsection 60(2)"
[parser-unknown-class] "ItemHead", text="181  Subsection 62(2)"
[parser-unknown-class] "ItemHead", text="182  Subsection 62(3)"
[parser-unknown-class] "ItemHead", text="183  Subsection 64(1)"
[parser-unknown-class] "ItemHead", text="184  Subsection 64(2)"
[parser-unknown-class] "ItemHead", text="185  Section 70"
[parser-unknown-class] "ItemHead", text="186  Paragraphs 70(a) and (b)"
[parser-unknown-class] "ItemHead", text="187  After section 70"
[parser-unknown-class] "ActHead9", text="Taxation Administration Act 1953"
[parser-unknown-class] "ItemHead", text="188  Subsection 355‑55(1) in Schedule 1 (table item 4)"
[parser-unknown-class] "ActHead9", text="Telecommunications Act 1997"
[parser-unknown-class] "ItemHead", text="189  Section 7 (definition of Finance Minister)"
[parser-unknown-class] "ItemHead", text="190  Subsection 295U(1)"
[parser-unknown-class] "ActHead9", text="Telecommunications (Consumer Protection and Service Standards) Act 1999"
[parser-unknown-class] "ItemHead", text="191  Subsection 21(2)"
[parser-unknown-class] "ItemHead", text="192  Subsection 21(6) (definition of FMA Act)"
[parser-unknown-class] "ItemHead", text="193  Section 21A (note)"
[parser-unknown-class] "ItemHead", text="194  Subsection 21B(2)"
[parser-unknown-class] "ItemHead", text="195  Paragraph 158P(7)(c)"
[parser-unknown-class] "ActHead9", text="Telecommunications Universal Service Management Agency Act 2012"
[parser-unknown-class] "ItemHead", text="196  Subsection 29(4)"
[parser-unknown-class] "ItemHead", text="197  Section 64"
[parser-unknown-class] "ItemHead", text="198  Paragraph 68(2)(d)"
[parser-unknown-class] "ItemHead", text="199  Paragraph 70(a)"
[parser-unknown-class] "ItemHead", text="200  Sections 74 and 75"
[parser-unknown-class] "ItemHead", text="201  Subsection 84(2)"
[parser-unknown-class] "ItemHead", text="202  Section 85 (note)"
[parser-unknown-class] "ItemHead", text="203  Section 86 (note)"
[parser-unknown-class] "ActHead9", text="Telstra Corporation Act 1991"
[parser-unknown-class] "ItemHead", text="204  Section 3 (definition of Finance Department)"
[parser-unknown-class] "ItemHead", text="205  Section 3 (definition of Minister for Finance)"
[parser-unknown-class] "ItemHead", text="206  Subsection 8AJ(7) (definition of wholly‑owned Commonwealth company)"
[parser-unknown-class] "ItemHead", text="207  Section 8AKA (note)"
[parser-unknown-class] "ItemHead", text="208  Part 9"
[parser-unknown-class] "ActHead9", text="Terrorism Insurance Act 2003"
[parser-unknown-class] "ItemHead", text="209  Paragraph 20(2)(d)"
[parser-unknown-class] "ItemHead", text="210  At the end of subsection 20(2)"
[parser-unknown-class] "ItemHead", text="211  Subsection 22(5) (note)"
[parser-unknown-class] "ItemHead", text="212  Subsection 34(2)"
[parser-unknown-class] "ActHead9", text="Tertiary Education Quality and Standards Agency Act 2011"
[parser-unknown-class] "ItemHead", text="213  Section 5 (definition of strategic plan)"
[parser-unknown-class] "ItemHead", text="214  Subdivision A of Division 7 of Part 8 (heading)"
[parser-unknown-class] "ItemHead", text="215  Sections 159 and 160"
[parser-unknown-class] "ItemHead", text="216  Section 161 (heading)"
[parser-unknown-class] "ItemHead", text="217  Subsection 161(1)"
[parser-unknown-class] "ItemHead", text="218  Subsection 161(2)"
[parser-unknown-class] "ItemHead", text="219  Subsection 161(3)"
[parser-unknown-class] "ItemHead", text="220  Subsection 161(5)"
[parser-unknown-class] "ItemHead", text="221  Subsection 161(6)"
[parser-unknown-class] "ItemHead", text="222  Subsection 161(6)"
[parser-unknown-class] "ItemHead", text="223  Subsection 162(1)"
[parser-unknown-class] "ItemHead", text="224  Paragraph 162(2)(a)"
[parser-unknown-class] "ItemHead", text="225  Paragraph 162(2)(b)"
[parser-unknown-class] "ItemHead", text="226  Subsection 163(1)"
[parser-unknown-class] "ItemHead", text="227  Paragraph 163(1)(b)"
[parser-unknown-class] "ItemHead", text="228  Section 164"
[parser-unknown-class] "ItemHead", text="229  Division 8 of Part 8"
[parser-unknown-class] "ActHead9", text="Therapeutic Goods Act 1989"
[parser-unknown-class] "ItemHead", text="230  Subsection 45(2)"
[parser-unknown-class] "ItemHead", text="231  Subsection 45(3) (note)"
[parser-unknown-class] "ActHead9", text="Tourism Australia Act 2004"
[parser-unknown-class] "ItemHead", text="232  Subsection 5(2) (note)"
[parser-unknown-class] "ItemHead", text="233  Paragraph 20(3)(b)"
[parser-unknown-class] "ItemHead", text="234  Paragraph 20(3)(c)"
[parser-unknown-class] "ItemHead", text="235  At the end of subsection 20(3)"
[parser-unknown-class] "ItemHead", text="236  Paragraph 24(2)(a)"
[parser-unknown-class] "ItemHead", text="237  Subsection 25(2) (note)"
[parser-unknown-class] "ItemHead", text="238  Subsections 33(1) to (3)"
[parser-unknown-class] "ItemHead", text="239  Section 34"
[parser-unknown-class] "ItemHead", text="240  Subsections 35(1) and (2)"
[parser-unknown-class] "ItemHead", text="241  Section 39"
[parser-unknown-class] "ItemHead", text="242  Subsection 40(6)"
[parser-unknown-class] "ItemHead", text="243  Section 52"
[parser-unknown-class] "ItemHead", text="244  Section 53"
[parser-unknown-class] "ItemHead", text="245  At the end of section 53"
[parser-unknown-class] "ItemHead", text="246  Subsection 57(3) (definition of Finance Minister)"
[parser-unknown-class] "ItemHead", text="247  Subsection 58(3)"
[parser-unknown-class] "ItemHead", text="248  Subsection 59(1)"
[parser-unknown-class] "ItemHead", text="249  Subsection 59(2)"
[parser-unknown-class] "ActHead9", text="Transport Safety Investigation Act 2003"
[parser-unknown-class] "ItemHead", text="250  Section 13AE"
[parser-unknown-class] "ItemHead", text="251  Paragraph 13AG(1)(c)"
[parser-unknown-class] "ItemHead", text="252  Section 14AA"
[parser-unknown-class] "ItemHead", text="253  Section 63A"
[parser-unknown-class] "ActHead9", text="Uranium Royalty (Northern Territory) Act 2009"
[parser-unknown-class] "ItemHead", text="254  Subsection 7(6)"
[parser-unknown-class] "ActHead9", text="Veterans’ Entitlements Act 1986"
[parser-unknown-class] "ItemHead", text="255  After section 179"
[parser-unknown-class] "ItemHead", text="256  Paragraph 188(6)(d)"
[parser-unknown-class] "ItemHead", text="257  Section 190"
[parser-unknown-class] "ItemHead", text="258  After section 196A"
[parser-unknown-class] "ItemHead", text="259  After section 196V"
[parser-unknown-class] "ActHead9", text="Water Act 2007"
[parser-unknown-class] "ItemHead", text="260  Subsection 4(1) (definition of Water for the Environment Special Account)"
[parser-unknown-class] "ItemHead", text="261  Subsection 86AB(2)"
[parser-unknown-class] "ItemHead", text="262  Subsection 86AC(1) (note)"
[parser-unknown-class] "ItemHead", text="263  Subsection 111(2)"
[parser-unknown-class] "ItemHead", text="264  Subsection 112(1) (note)"
[parser-unknown-class] "ItemHead", text="265  Subsection 173(2) (note 2)"
[parser-unknown-class] "ItemHead", text="266  Subsection 173(2) (note 3)"
[parser-unknown-class] "ItemHead", text="267  Section 182"
[parser-unknown-class] "ItemHead", text="268  Sections 183 and 184"
[parser-unknown-class] "ItemHead", text="269  Paragraph 189(2)(g)"
[parser-unknown-class] "ItemHead", text="270  At the end of subsection 189(2)"
[parser-unknown-class] "ItemHead", text="271  Section 207 (note)"
[parser-unknown-class] "ItemHead", text="272  Paragraph 208(a)"
[parser-unknown-class] "ItemHead", text="273  Section 213A"
[parser-unknown-class] "ItemHead", text="274  Subsections 213B(1) and (2)"
[parser-unknown-class] "ItemHead", text="275  At the end of subsection 213B(2)"
[parser-unknown-class] "ItemHead", text="276  Subsection 213B(3)"
[parser-unknown-class] "ItemHead", text="277  Section 214"
[parser-unknown-class] "ItemHead", text="278  Paragraph 239S(1)(b)"
[parser-unknown-class] "ActHead9", text="Water Efficiency Labelling and Standards Act 2005"
[parser-unknown-class] "ItemHead", text="279  Section 7 (subparagraph (a)(i) of the definition of agency)"
[parser-unknown-class] "ItemHead", text="280  Section 7 (definition of WELS Account)"
[parser-unknown-class] "ItemHead", text="281  Subsection 64(2)"
[parser-unknown-class] "ItemHead", text="282  Section 65 (note)"
[parser-unknown-class] "ActHead9", text="Work Health and Safety Act 2011"
[parser-unknown-class] "ItemHead", text="283  Section 4 (definition of Commonwealth)"
[parser-unknown-class] "ItemHead", text="284  Section 4 (paragraph (b) of the definition of public authority)"
[parser-unknown-class] "ItemHead", text="285  Clause 3 of Schedule 2"
[parser-unknown-class] "ItemHead", text="286  Paragraph 3(a) of Schedule 2"
[parser-unknown-class] "ItemHead", text="287  Paragraph 3(b) of Schedule 2"
[parser-unknown-class] "ItemHead", text="288  Clause 3 of Schedule 2 (note)"
[parser-unknown-class] "ItemHead", text="289  Paragraph 4(1)(a) of Schedule 2"
[parser-unknown-class] "ActHead9", text="Workplace Gender Equality Act 2012"
[parser-unknown-class] "ItemHead", text="290  Subsection 12(1)"
[parser-unknown-class] "ItemHead", text="291  Paragraph 13C(2)(b)"
[parser-unknown-class] "ItemHead", text="292  Paragraph 14(1)(b)"
[parser-unknown-class] "ItemHead", text="293  Paragraph 14A(1)(b)"
[parser-unknown-class] "ItemHead", text="294  Paragraph 15(1)(b)"
[parser-unknown-class] "ItemHead", text="295  Subsection 19D(2)"
[parser-unknown-class] "ItemHead", text="296  Paragraph 19D(4)(a)"
[parser-unknown-class] "ItemHead", text="297  Paragraph 26(2)(d)"
[parser-unknown-class] "ItemHead", text="298  Section 27"
[parser-unknown-class] "ItemHead", text="299  At the end of section 27"
[parser-unknown-class] "ActHead6", text="Schedule 13—Contingent amendments"
[parser-unknown-class] "ActHead7", text="Part 1—Agricultural and Veterinary Chemicals legislation"
[parser-unknown-class] "ActHead9", text="Agricultural and Veterinary Chemical Products (Collection of Levy) Act 1994"
[parser-unknown-class] "ItemHead", text="1  Subsection 3(1) (definition of Agency)"
[parser-unknown-class] "ItemHead", text="2  Section 38D"
[parser-unknown-class] "ActHead9", text="Agricultural and Veterinary Chemicals (Administration) Act 1992"
[parser-unknown-class] "ItemHead", text="3  Section 61"
[parser-unknown-class] "ItemHead", text="4  Subparagraph 69EGB(2)(b)(i)"
[parser-unknown-class] "ActHead9", text="Agricultural and Veterinary Chemicals Code Act 1994"
[parser-unknown-class] "ItemHead", text="5  Subparagraph 140(1A)(b)(i) of the Code set out in the Schedule"
[parser-unknown-class] "ItemHead", text="6  Paragraphs 145H(9)(a) and (b) of the Code set out in the Schedule"
[parser-unknown-class] "ItemHead", text="7  Paragraph 145H(9)(b) of the Code set out in the Schedule"
[parser-unknown-class] "ItemHead", text="8  Subsection 149A(2) of the Code set out in the Schedule"
[parser-unknown-class] "ActHead7", text="Part 2—Antarctic Treaty (Environment Protection) Act 1980"
[parser-unknown-class] "ActHead9", text="Antarctic Treaty (Environment Protection) Act 1980"
[parser-unknown-class] "ItemHead", text="9  Subsection 13CJ(2)"
[parser-unknown-class] "ItemHead", text="10  Section 13CK (note)"
[parser-unknown-class] "ItemHead", text="11  Section 13CL (note)"
[parser-unknown-class] "ActHead7", text="Part 3—Australian Grape and Wine Authority Act 2013"
[parser-unknown-class] "ActHead9", text="Australian Grape and Wine Authority Act 2013"
[parser-unknown-class] "ItemHead", text="12  Subsection 12(1) (note)"
[parser-unknown-class] "ItemHead", text="13  Section 19"
[parser-unknown-class] "ItemHead", text="14  Paragraph 23(2)(b)"
[parser-unknown-class] "ItemHead", text="15  At the end of subsection 23(2)"
[parser-unknown-class] "ItemHead", text="16  Paragraph 26A(2)(a)"
[parser-unknown-class] "ItemHead", text="17  Subsection 31(1) (note)"
[parser-unknown-class] "ItemHead", text="18  At the end of subsection 31(1)"
[parser-unknown-class] "ItemHead", text="19  At the end of section 31"
[parser-unknown-class] "ItemHead", text="20  Subsection 31K(1)"
[parser-unknown-class] "ItemHead", text="21  Subsection 35(2)"
[parser-unknown-class] "ItemHead", text="22  Section 38"
[parser-unknown-class] "ItemHead", text="23  Subsection 38A(1)"
[parser-unknown-class] "ItemHead", text="24  Clause 12 of the Schedule"
[parser-unknown-class] "ActHead7", text="Part 4—Offshore Petroleum and Greenhouse Gas Storage Act 2006"
[parser-unknown-class] "ActHead8", text="Division 1—First compliance measures Act has not commenced"
[parser-unknown-class] "ActHead9", text="Offshore Petroleum and Greenhouse Gas Storage Act 2006"
[parser-unknown-class] "ItemHead", text="25  Subsection 600(7)"
[parser-unknown-class] "ItemHead", text="26  After paragraph 682(1)(a)"
[parser-unknown-class] "ItemHead", text="27  Subsections 682(4) and (6)"
[parser-unknown-class] "ActHead8", text="Division 2—First compliance measures Act has commenced"
[parser-unknown-class] "ActHead9", text="Offshore Petroleum and Greenhouse Gas Storage Act 2006"
[parser-unknown-class] "ItemHead", text="28  Subsection 602B(2)"
[parser-unknown-class] "ItemHead", text="29  Section 682"
[parser-unknown-class] "ActHead8", text="Division 3—Second compliance measures Act has commenced"
[parser-unknown-class] "ActHead9", text="Offshore Petroleum and Greenhouse Gas Storage Act 2006"
[parser-unknown-class] "ItemHead", text="30  Subsection 611L(6)"
[parser-unknown-class] "ActHead7", text="Part 5—Wheat Export Marketing Act 2008"
[parser-unknown-class] "ActHead9", text="Wheat Export Marketing Act 2008"
[parser-unknown-class] "ItemHead", text="31  Subsection 58(2)"
[parser-unknown-class] "ItemHead", text="32  Section 59 (note)"
[parser-unknown-class] "ItemHead", text="33  Section 60 (note)"
[parser-unknown-class] "ActHead6", text="Schedule 14—Other transitional and application provisions"
[parser-unknown-class] "ItemHead", text="1  Corporate and strategic plans"
[parser-unknown-class] "ItemHead", text="2  Annual reports"
[parser-unknown-class] "ItemHead", text="3  Disclosing interests"
[parser-unknown-class] "Subitem", text="(1) This item applies (subject to subitem (3)) if:"
[parser-unknown-class] "Subitem", text="(2) The person is taken to have disclosed the interest in accordance with section 29 of the PGPA ..."
[parser-unknown-class] "Subitem", text="(3) This item does not apply in relation to amendments or repeals of provisions of the following ..."
[parser-unknown-class] "ItemHead", text="4  Saving instruments in force at commencement time"
[parser-unknown-class] "Subitem", text="(1) This item applies if:"
[parser-unknown-class] "Subitem", text="(2) If the provision is amended, the amendment referred to in subparagraph (1)(c)(i) does not aff..."
[parser-unknown-class] "Subitem", text="(3) If the provision is repealed and substituted, the instrument is taken, after the commencement..."
[parser-unknown-class] "Specialih", text="5  Amendments to legislative instruments"
[parser-unknown-class] "ItemHead", text="6  Transitional rules"
[parser-unknown-class] "Subitem", text="(1) The Finance Minister may, by legislative instrument, make rules prescribing matters:"
[parser-unknown-class] "Subitem", text="(2) In particular, for paragraph (1)(a), rules may be made prescribing matters of a transitional ..."
[parser-unknown-class] "Subitem", text="(3) Rules made for the purposes of this item may provide that, in or in relation to the first rep..."
[parser-unknown-class] "Subitem", text="(4) This Act does not limit the rules that may be made under this item."
[parser-diag] processed 8148 <p> elements
[parser-diag] last section was added at element index: 7922
[parser-diag] state phase at end: ENDNOTES
[parser-diag] hierarchy stack depth at end: 3
[parser-diag] insideSchedule at end: false
[parse] sections: 307
[parse] compilation: date=2016-03-05 no=2
[parse] by level:
         section      260
         part         23
         division     21
         subdivision  3
[db] inserted new legislation row: 3759cfe4-d770-4e5b-ae7b-14987737996b
[db] inserting 307 sections (pass 1)
[db] inserted 307 sections
[db] linking parent FKs (pass 2)
[db] linked 277 parent references

[done] ingested Public Governance, Performance and Accountability (Consequential and Transitional Provisions) Act 2014
       legislation_id: 3759cfe4-d770-4e5b-ae7b-14987737996b
       sections: 307
       compilation: 2016-03-05
