[fetch] document_1: https://www.legislation.gov.au/C2024A00038/2024-05-31/2024-05-31/text/original/epub/OEBPS/document_1/document_1.html
[fetch] document_1: 1,547,026 bytes
[fetch] document_2: https://www.legislation.gov.au/C2024A00038/2024-05-31/2024-05-31/text/original/epub/OEBPS/document_2/document_2.html
[fetch] document_2 not found — stopping. Fetched 1 document(s).
[fetch] combined 1 document(s), 1,547,026 source bytes → 1,542,859 combined bytes
[citation] Administrative Review Tribunal (Consequential and Transitional Provisions No. 1) Act 2024 (Cth)
[parse] starting
[parser-diag] total <p> elements found: 7382
[parser-unknown-class] "ActHead6", text="Schedule 1—Treasury"
[parser-unknown-class] "ActHead7", text="Part 1—Main amendments"
[parser-unknown-class] "ActHead9", text="Australian Charities and Not‑for‑profits Commission Act 2012"
[parser-unknown-class] "ItemHead", text="1  Subsection 160‑10(7)"
[parser-unknown-class] "ItemHead", text="2  Paragraph 160‑25(a)"
[parser-unknown-class] "ItemHead", text="3  Division 165 (heading)"
[parser-unknown-class] "ItemHead", text="4  Sections 165‑5 to 165‑45"
[parser-unknown-class] "ItemHead", text="5  Section 165‑55"
[parser-unknown-class] "ItemHead", text="6  Section 300‑5 (definitions of AAT Act and AAT extension application)"
[parser-unknown-class] "ItemHead", text="7  Section 300‑5"
[parser-unknown-class] "ActHead9", text="Australian Securities and Investments Commission Act 2001"
[parser-unknown-class] "ItemHead", text="8  Section 244 (heading)"
[parser-unknown-class] "ItemHead", text="9  Subsection 244(1) (definition of decision)"
[parser-unknown-class] "ItemHead", text="10  Subsection 244(2)"
[parser-unknown-class] "ItemHead", text="11  Paragraph 244A(2)(b)"
[parser-unknown-class] "ItemHead", text="12  Subsection 244A(5)"
[parser-unknown-class] "ItemHead", text="13  At the end of section 244A"
[parser-unknown-class] "ActHead9", text="Competition and Consumer Act 2010"
[parser-unknown-class] "ItemHead", text="14  Paragraph 10.85(1)(b)"
[parser-unknown-class] "ItemHead", text="15  Subsection 10.85(2)"
[parser-unknown-class] "ActHead9", text="Corporations Act 2001"
[parser-unknown-class] "ItemHead", text="16  After subsection 798G(1)"
[parser-unknown-class] "ItemHead", text="17  Subsection 1297(1)"
[parser-unknown-class] "ItemHead", text="18  Subsection 1299K(1)"
[parser-unknown-class] "ItemHead", text="19  Subsection 1317D(5)"
[parser-unknown-class] "ItemHead", text="20  At the end of section 1317D"
[parser-unknown-class] "ItemHead", text="21  Section 1621 (heading)"
[parser-unknown-class] "ItemHead", text="22  Subsection 1621(1)"
[parser-unknown-class] "ItemHead", text="23  Subsection 1621(4)"
[parser-unknown-class] "ActHead9", text="Excise Act 1901"
[parser-unknown-class] "ItemHead", text="24  Subsection 165A(13)"
[parser-unknown-class] "ItemHead", text="25  Subsection 165A(14)"
[parser-unknown-class] "ItemHead", text="26  At the end of section 165A"
[parser-unknown-class] "ActHead9", text="Fringe Benefits Tax Assessment Act 1986"
[parser-unknown-class] "ItemHead", text="27  Subsection 123B(5)"
[parser-unknown-class] "ItemHead", text="28  Subsection 136(1) (definition of Tribunal)"
[parser-unknown-class] "ActHead9", text="Income Tax Assessment Act 1936"
[parser-unknown-class] "ItemHead", text="29  Subsection 202F(2)"
[parser-unknown-class] "ItemHead", text="30  Subsection 202FA(1)"
[parser-unknown-class] "ActHead9", text="Income Tax Assessment Act 1997"
[parser-unknown-class] "ItemHead", text="31  Subsection 34‑33(5)"
[parser-unknown-class] "ItemHead", text="32  Paragraph 355‑710(3)(b)"
[parser-unknown-class] "ItemHead", text="33  At the end of section 355‑710"
[parser-unknown-class] "ItemHead", text="34  Subsection 376‑250(4)"
[parser-unknown-class] "ItemHead", text="35  Subsection 378‑85(4)"
[parser-unknown-class] "ItemHead", text="36  Subsection 995‑1(1) (definition of AAT)"
[parser-unknown-class] "ItemHead", text="37  Subsection 995‑1(1)"
[parser-unknown-class] "ActHead9", text="National Consumer Credit Protection Act 2009"
[parser-unknown-class] "ItemHead", text="38  Subsection 327(1)"
[parser-unknown-class] "ItemHead", text="39  Subsection 327(1A)"
[parser-unknown-class] "ItemHead", text="40  Subsection 327(2)"
[parser-unknown-class] "ActHead9", text="Payment Times Reporting Act 2020"
[parser-unknown-class] "ItemHead", text="41  Subsection 53(3) (note)"
[parser-unknown-class] "ActHead9", text="Petroleum Excise (Prices) Act 1987"
[parser-unknown-class] "ItemHead", text="42  Subsection 12(7)"
[parser-unknown-class] "ActHead9", text="Retirement Savings Accounts Act 1997"
[parser-unknown-class] "ItemHead", text="43  Subsections 189(8) and (9)"
[parser-unknown-class] "ActHead9", text="Small Superannuation Accounts Act 1995"
[parser-unknown-class] "ItemHead", text="44  After subsection 58(3)"
[parser-unknown-class] "ItemHead", text="45  Section 84"
[parser-unknown-class] "ActHead9", text="Superannuation Industry (Supervision) Act 1993"
[parser-unknown-class] "ItemHead", text="46  Subsections 344(9) and (10)"
[parser-unknown-class] "ActHead9", text="Superannuation (Self Managed Superannuation Funds) Taxation Act 1987"
[parser-unknown-class] "ItemHead", text="47  Subsections 16(7) to (9)"
[parser-unknown-class] "ActHead9", text="Taxation Administration Act 1953"
[parser-unknown-class] "ItemHead", text="48  Section 14ZQ"
[parser-unknown-class] "ItemHead", text="49  Section 14ZQ"
[parser-unknown-class] "ItemHead", text="50  Sections 14ZZA to 14ZZM"
[parser-unknown-class] "ActHead7", text="Part 2—Bulk amendments"
[parser-unknown-class] "ActHead9", text="A New Tax System (Australian Business Number) Act 1999"
[parser-unknown-class] "ItemHead", text="51  Amendments of listed provisions"
[parser-unknown-class] "ActHead9", text="ASIC Supervisory Cost Recovery Levy (Collection) Act 2017"
[parser-unknown-class] "ItemHead", text="52  Amendments of listed provisions"
[parser-unknown-class] "ActHead9", text="Australian Small Business and Family Enterprise Ombudsman Act 2015"
[parser-unknown-class] "ItemHead", text="53  Amendments of listed provisions"
[parser-unknown-class] "ActHead9", text="Business Names Registration Act 2011"
[parser-unknown-class] "ItemHead", text="54  Amendments of listed provisions"
[parser-unknown-class] "ActHead9", text="Business Names Registration (Transitional and Consequential Provisions) Act 2011"
[parser-unknown-class] "ItemHead", text="55  Amendments of listed provisions"
[parser-unknown-class] "ActHead9", text="Commonwealth Registers Act 2020"
[parser-unknown-class] "ItemHead", text="56  Amendments of listed provisions"
[parser-unknown-class] "ActHead9", text="Competition and Consumer Act 2010"
[parser-unknown-class] "ItemHead", text="57  Amendments of listed provisions"
[parser-unknown-class] "ActHead9", text="Corporations Act 2001"
[parser-unknown-class] "ItemHead", text="58  Amendments of listed provisions"
[parser-unknown-class] "ActHead9", text="Crimes (Taxation Offences) Act 1980"
[parser-unknown-class] "ItemHead", text="59  Amendments of listed provisions"
[parser-unknown-class] "ActHead9", text="Excise Act 1901"
[parser-unknown-class] "ItemHead", text="60  Amendments of listed provisions"
[parser-unknown-class] "ActHead9", text="Financial Regulator Assessment Authority Act 2021"
[parser-unknown-class] "ItemHead", text="61  Amendments of listed provisions"
[parser-unknown-class] "ActHead9", text="Financial Sector (Transfer and Restructure) Act 1999"
[parser-unknown-class] "ItemHead", text="62  Amendments of listed provisions"
[parser-unknown-class] "ActHead9", text="Income Tax Assessment Act 1936"
[parser-unknown-class] "ItemHead", text="63  Amendments of listed provisions"
[parser-unknown-class] "ActHead9", text="Income Tax Assessment Act 1997"
[parser-unknown-class] "ItemHead", text="64  Amendments of listed provisions"
[parser-unknown-class] "ActHead9", text="National Consumer Credit Protection Act 2009"
[parser-unknown-class] "ItemHead", text="65  Amendments of listed provisions"
[parser-unknown-class] "ActHead9", text="Payment Times Reporting Act 2020"
[parser-unknown-class] "ItemHead", text="66  Amendments of listed provisions"
[parser-unknown-class] "ActHead9", text="Petroleum Excise (Prices) Act 1987"
[parser-unknown-class] "ItemHead", text="67  Amendments of listed provisions"
[parser-unknown-class] "ActHead9", text="Petroleum Resource Rent Tax Assessment Act 1987"
[parser-unknown-class] "ItemHead", text="68  Amendments of listed provisions"
[parser-unknown-class] "ActHead9", text="Retirement Savings Accounts Act 1997"
[parser-unknown-class] "ItemHead", text="69  Amendments of listed provisions"
[parser-unknown-class] "ActHead9", text="Small Superannuation Accounts Act 1995"
[parser-unknown-class] "ItemHead", text="70  Amendments of listed provisions"
[parser-unknown-class] "ActHead9", text="Superannuation Industry (Supervision) Act 1993"
[parser-unknown-class] "ItemHead", text="71  Amendments of listed provisions"
[parser-unknown-class] "ActHead9", text="Superannuation (Self Managed Superannuation Funds) Taxation Act 1987"
[parser-unknown-class] "ItemHead", text="72  Amendments of listed provisions"
[parser-unknown-class] "ActHead9", text="Tax Agent Services Act 2009"
[parser-unknown-class] "ItemHead", text="73  Amendments of listed provisions"
[parser-unknown-class] "ActHead9", text="Taxation Administration Act 1953"
[parser-unknown-class] "ItemHead", text="74  Amendments of listed provisions"
[parser-unknown-class] "ActHead9", text="Taxation (Interest on Overpayments and Early Payments) Act 1983"
[parser-unknown-class] "ItemHead", text="75  Amendments of listed provisions"
[parser-unknown-class] "ActHead6", text="Schedule 2—Home Affairs"
[parser-unknown-class] "ActHead7", text="Part 1—Main amendments"
[parser-unknown-class] "ActHead9", text="Immigration (Guardianship of Children) Act 1946"
[parser-unknown-class] "ItemHead", text="1  At the end of subsection 11A(6)"
[parser-unknown-class] "ItemHead", text="2  Section 11B"
[parser-unknown-class] "ActHead9", text="Maritime Transport and Offshore Facilities Security Act 2003"
[parser-unknown-class] "ItemHead", text="3  Section 201 (note)"
[parser-unknown-class] "ActHead9", text="Migration Act 1958"
[parser-unknown-class] "ItemHead", text="4  Subsection 5(1) (definition of AAT Act migration decision)"
[parser-unknown-class] "ItemHead", text="5  Subsection 5(1)"
[parser-unknown-class] "ItemHead", text="6  Subsection 5(1)"
[parser-unknown-class] "ItemHead", text="7  Subsection 5(1) (definition of finally determined)"
[parser-unknown-class] "ItemHead", text="8  Subsection 5(1) (definition of Immigration Assessment Authority)"
[parser-unknown-class] "ItemHead", text="9  Subsection 5(1) (paragraph (d) of the definition of migration decision)"
[parser-unknown-class] "ItemHead", text="10  Subsection 5(1)"
[parser-unknown-class] "ItemHead", text="11  Subsection 5(1)"
[parser-unknown-class] "ItemHead", text="12  Subsection 5(1) (definition of Tribunal)"
[parser-unknown-class] "ItemHead", text="13  Subsections 5(1AA), (1AB), (1AC) and (1AD)"
[parser-unknown-class] "ItemHead", text="14  Subsections 5(9), (9A) and (9B)"
[parser-unknown-class] "ItemHead", text="15  After section 11"
[parser-unknown-class] "ItemHead", text="16  Paragraph 57(1)(a)"
[parser-unknown-class] "ItemHead", text="17  Subsection 57(1) (note)"
[parser-unknown-class] "ItemHead", text="18  Subsection 65(1) (note 3)"
[parser-unknown-class] "ItemHead", text="19  Paragraph 66(2)(d)"
[parser-unknown-class] "ItemHead", text="20  Subparagraph 66(2)(d)(iv)"
[parser-unknown-class] "ItemHead", text="21  Paragraphs 66(2)(e) and (f)"
[parser-unknown-class] "ItemHead", text="22  Paragraph 66(3)(b)"
[parser-unknown-class] "ItemHead", text="23  At the end of section 66 (after the note)"
[parser-unknown-class] "ItemHead", text="24  Paragraph 91G(2)(a)"
[parser-unknown-class] "ItemHead", text="25  Section 99"
[parser-unknown-class] "ItemHead", text="26  Section 103"
[parser-unknown-class] "ItemHead", text="27  Paragraph 109(3)(c)"
[parser-unknown-class] "ItemHead", text="27A  Paragraph 109(3)(d)"
[parser-unknown-class] "ItemHead", text="27B  At the end of section 109"
[parser-unknown-class] "ItemHead", text="28  Subsection 114(1)"
[parser-unknown-class] "ItemHead", text="29  Paragraph 127(2)(b)"
[parser-unknown-class] "ItemHead", text="30  Paragraph 127(2)(c)"
[parser-unknown-class] "ItemHead", text="31  Subparagraph 127(2)(c)(i)"
[parser-unknown-class] "ItemHead", text="32  At the end of section 127"
[parser-unknown-class] "ItemHead", text="33  Subsection 133A(1)"
[parser-unknown-class] "ItemHead", text="34  Paragraph 133A(5)(c)"
[parser-unknown-class] "ItemHead", text="35  Subsection 133A(9)"
[parser-unknown-class] "ItemHead", text="36  Subsection 133C(1)"
[parser-unknown-class] "ItemHead", text="37  Paragraph 133C(5)(c)"
[parser-unknown-class] "ItemHead", text="38  Subsection 133C(10)"
[parser-unknown-class] "ItemHead", text="39  Subsection 134(6)"
[parser-unknown-class] "ItemHead", text="40  Paragraph 134(7)(b)"
[parser-unknown-class] "ItemHead", text="41  After subsection 134(7A)"
[parser-unknown-class] "ItemHead", text="42  Subsection 134(8)"
[parser-unknown-class] "ItemHead", text="43  Section 136"
[parser-unknown-class] "ItemHead", text="44  Subparagraph 137M(2)(b)(i)"
[parser-unknown-class] "ItemHead", text="45  At the end of section 137M"
[parser-unknown-class] "ItemHead", text="46  Paragraph 137S(1)(b)"
[parser-unknown-class] "ItemHead", text="47  Paragraph 137S(1)(c)"
[parser-unknown-class] "ItemHead", text="48  At the end of section 137S"
[parser-unknown-class] "ItemHead", text="49  Subsection 137T(2)"
[parser-unknown-class] "ItemHead", text="49A  At the end of section 140N"
[parser-unknown-class] "ItemHead", text="50  Paragraph 178(2)(b)"
[parser-unknown-class] "ItemHead", text="51  Paragraph 197D(4)(c)"
[parser-unknown-class] "ItemHead", text="52  Paragraph 197D(6)(a)"
[parser-unknown-class] "ItemHead", text="53  Paragraph 197D(6)(a)"
[parser-unknown-class] "ItemHead", text="54  Paragraph 197D(6)(b)"
[parser-unknown-class] "ItemHead", text="55  Paragraph 197D(6)(c)"
[parser-unknown-class] "ItemHead", text="56  At the end of section 197D"
[parser-unknown-class] "ItemHead", text="57  Paragraph 202(2)(c)"
[parser-unknown-class] "ItemHead", text="58  Paragraph 202(3)"
[parser-unknown-class] "ItemHead", text="59  Subsection 202(5)"
[parser-unknown-class] "ItemHead", text="60  Paragraph 261AKD(2)(c)"
[parser-unknown-class] "ItemHead", text="61  Section 268AA (definition of tribunal member)"
[parser-unknown-class] "ItemHead", text="62  Section 268BP (heading)"
[parser-unknown-class] "ItemHead", text="63  Subsection 268BP(1)"
[parser-unknown-class] "ItemHead", text="64  Paragraph 268BP(2)(b)"
[parser-unknown-class] "ItemHead", text="65  Section 268BQ (heading)"
[parser-unknown-class] "ItemHead", text="66  Subsection 268BQ(1)"
[parser-unknown-class] "ItemHead", text="67  Subsections 268CD(1) and (2)"
[parser-unknown-class] "ItemHead", text="68  Section 268CE (heading)"
[parser-unknown-class] "ItemHead", text="69  Section 268CE"
[parser-unknown-class] "ItemHead", text="70  Section 268CF (heading)"
[parser-unknown-class] "ItemHead", text="71  Subsection 268CF(1)"
[parser-unknown-class] "ItemHead", text="72  Subsection 268CF(3)"
[parser-unknown-class] "ItemHead", text="73  Subsection 268CQ(1)"
[parser-unknown-class] "ItemHead", text="74  Paragraph 268CT(1)(b)"
[parser-unknown-class] "ItemHead", text="75  Subsection 268CT(2)"
[parser-unknown-class] "ItemHead", text="76  Section 268CU (heading)"
[parser-unknown-class] "ItemHead", text="77  Subsection 268CU(1)"
[parser-unknown-class] "ItemHead", text="78  Subsections 268CZC(1) and (2)"
[parser-unknown-class] "ItemHead", text="79  Section 268CZD (heading)"
[parser-unknown-class] "ItemHead", text="80  Subsection 268CZD(1)"
[parser-unknown-class] "ItemHead", text="81  Paragraph 268CZD(1)(b)"
[parser-unknown-class] "ItemHead", text="82  Subsection 268CZD(2)"
[parser-unknown-class] "ItemHead", text="83  Subsection 268CZE(1)"
[parser-unknown-class] "ItemHead", text="84  Subsection 268CZE(2)"
[parser-unknown-class] "ItemHead", text="85  Paragraph 268CZE(3)(a)"
[parser-unknown-class] "ItemHead", text="86  Paragraph 268CZE(3)(b)"
[parser-unknown-class] "ItemHead", text="87  Subsection 268CZF(1)"
[parser-unknown-class] "ItemHead", text="88  Subsection 268CZF(3)"
[parser-unknown-class] "ItemHead", text="89  Section 268CZH"
[parser-unknown-class] "ItemHead", text="90  Subsection 271(4) (paragraphs (b) and (c) of the definition of migration proceedings)"
[parser-unknown-class] "ItemHead", text="91  Section 275 (definition of review authority)"
[parser-unknown-class] "ItemHead", text="92  Paragraphs 276(1)(c) and (d)"
[parser-unknown-class] "ItemHead", text="93  Paragraph 276(2)(c)"
[parser-unknown-class] "ItemHead", text="94  Paragraph 276(2A)(a)"
[parser-unknown-class] "ItemHead", text="95  Subsection 278A(10) (heading)"
[parser-unknown-class] "ItemHead", text="96  Subsection 278A(10)"
[parser-unknown-class] "ItemHead", text="97  Subsection 278A(10) (note)"
[parser-unknown-class] "ItemHead", text="98  Paragraph 282(4)(e)"
[parser-unknown-class] "ItemHead", text="99  Paragraph 288(6A)(c)"
[parser-unknown-class] "ItemHead", text="100  Section 295 (note)"
[parser-unknown-class] "ItemHead", text="101  Paragraphs 300(2)(b) and (3)(a) and (b)"
[parser-unknown-class] "ItemHead", text="102  Section 306"
[parser-unknown-class] "ItemHead", text="103  Section 306AA"
[parser-unknown-class] "ItemHead", text="104  Section 311F"
[parser-unknown-class] "ItemHead", text="105  Subsection 312B(1)"
[parser-unknown-class] "ItemHead", text="106  Subsection 312B(3) (definition of review application)"
[parser-unknown-class] "ItemHead", text="107  Paragraph 321A(1)(b)"
[parser-unknown-class] "ItemHead", text="108  Subsection 332F(1)"
[parser-unknown-class] "ItemHead", text="109  Subsection 332F(3)"
[parser-unknown-class] "ItemHead", text="110  Section 332G (heading)"
[parser-unknown-class] "ItemHead", text="111  Subsection 332G(1)"
[parser-unknown-class] "ItemHead", text="112  Subsections 332G(2) and (4)"
[parser-unknown-class] "ItemHead", text="113  Subsection 332G(4)"
[parser-unknown-class] "ItemHead", text="114  Subsection 332G(5) (definition of review application)"
[parser-unknown-class] "ItemHead", text="115  Paragraph 336E(2)(f)"
[parser-unknown-class] "ItemHead", text="116  Subsection 336F(5) (note)"
[parser-unknown-class] "ItemHead", text="117  Part 5 (heading)"
[parser-unknown-class] "ItemHead", text="118  Division 1 of Part 5 (heading)"
[parser-unknown-class] "ItemHead", text="119  Section 336M"
[parser-unknown-class] "ItemHead", text="120  Section 336N"
[parser-unknown-class] "ItemHead", text="121  Section 337 (definition of decision on a review)"
[parser-unknown-class] "ItemHead", text="122  Section 337"
[parser-unknown-class] "ItemHead", text="123  Section 337 (note)"
[parser-unknown-class] "ItemHead", text="124  Division 2 of Part 5"
[parser-unknown-class] "ItemHead", text="125  Section 338 (heading)"
[parser-unknown-class] "ItemHead", text="126  Subsection 338(1)"
[parser-unknown-class] "ItemHead", text="127  Paragraph 338(1)(b)"
[parser-unknown-class] "ItemHead", text="128  Paragraph 338(1)(c)"
[parser-unknown-class] "ItemHead", text="129  Paragraph 338(1)(d)"
[parser-unknown-class] "ItemHead", text="130  Subsections 338(2) to (3A)"
[parser-unknown-class] "ItemHead", text="131  Subsection 338(4)"
[parser-unknown-class] "ItemHead", text="132  Subsections 338(5) to (9)"
[parser-unknown-class] "ItemHead", text="133  After section 338"
[parser-unknown-class] "ItemHead", text="134  Section 339 (note)"
[parser-unknown-class] "ItemHead", text="135  Division 3 of Part 5 (heading)"
[parser-unknown-class] "ItemHead", text="136  Sections 347 to 349"
[parser-unknown-class] "ItemHead", text="137  Subsection 350(1)"
[parser-unknown-class] "ItemHead", text="138  Subsection 350(2)"
[parser-unknown-class] "ItemHead", text="139  Subsection 351(1)"
[parser-unknown-class] "ItemHead", text="140  Subsection 351(1)"
[parser-unknown-class] "ItemHead", text="140A  After subsection 351(1)"
[parser-unknown-class] "ItemHead", text="141  Paragraph 351(4)(a)"
[parser-unknown-class] "ItemHead", text="142  Subsection 351(5)"
[parser-unknown-class] "ItemHead", text="143  After subsection 351(5)"
[parser-unknown-class] "ItemHead", text="144  Section 352 (heading)"
[parser-unknown-class] "ItemHead", text="145  Subsection 352(1)"
[parser-unknown-class] "ItemHead", text="146  Subsections 352(2) and (4)"
[parser-unknown-class] "ItemHead", text="147  Division 4 of Part 5 (heading)"
[parser-unknown-class] "ItemHead", text="148  Sections 353 and 353B"
[parser-unknown-class] "ItemHead", text="149  Division 5 of Part 5 (heading)"
[parser-unknown-class] "ItemHead", text="149A  Subsection 357A(1)"
[parser-unknown-class] "ItemHead", text="149B  Subsection 357A(1)"
[parser-unknown-class] "ItemHead", text="150  Subsection 357A(2)"
[parser-unknown-class] "ItemHead", text="151  After subsection 357A(2)"
[parser-unknown-class] "ItemHead", text="152  Subsection 357A(3)"
[parser-unknown-class] "ItemHead", text="153  Sections 358 to 359AA"
[parser-unknown-class] "ItemHead", text="154  Section 359A (heading)"
[parser-unknown-class] "ItemHead", text="155  Subsection 359A(1)"
[parser-unknown-class] "ItemHead", text="156  Paragraph 359A(1)(a)"
[parser-unknown-class] "ItemHead", text="157  Paragraph 359A(1)(c)"
[parser-unknown-class] "ItemHead", text="158  Subsection 359A(2)"
[parser-unknown-class] "ItemHead", text="159  Subsection 359A(3)"
[parser-unknown-class] "ItemHead", text="160  At the end of subsection 359A(4)"
[parser-unknown-class] "ItemHead", text="161  After subsection 359A(4)"
[parser-unknown-class] "ItemHead", text="162  Subsection 359A(5)"
[parser-unknown-class] "ItemHead", text="163  Sections 359B to 362"
[parser-unknown-class] "ItemHead", text="164  Subsection 362A(1)"
[parser-unknown-class] "ItemHead", text="164A  After subsection 362A(1)"
[parser-unknown-class] "ItemHead", text="165  Subsection 362A(3)"
[parser-unknown-class] "ItemHead", text="166  Sections 362B and 362C"
[parser-unknown-class] "ItemHead", text="167  Section 363"
[parser-unknown-class] "ItemHead", text="168  Sections 363A to 366C"
[parser-unknown-class] "ItemHead", text="168A  Section 366D"
[parser-unknown-class] "ItemHead", text="169  Subsections 367(1) and (2)"
[parser-unknown-class] "ItemHead", text="170  At the end of Division 5 of Part 5"
[parser-unknown-class] "ItemHead", text="171  Division 6 of Part 5"
[parser-unknown-class] "ItemHead", text="172  Division 7 of Part 5"
[parser-unknown-class] "ItemHead", text="173  Division 8 of Part 5 (heading)"
[parser-unknown-class] "ItemHead", text="174  Before section 375"
[parser-unknown-class] "ItemHead", text="175  Section 375"
[parser-unknown-class] "ItemHead", text="176  Section 375"
[parser-unknown-class] "ItemHead", text="177  Section 375A (heading)"
[parser-unknown-class] "ItemHead", text="178  Paragraphs 375A(1)(a) and (b)"
[parser-unknown-class] "ItemHead", text="179  Subsection 375A(2)"
[parser-unknown-class] "ItemHead", text="180  Subsection 375A(2)"
[parser-unknown-class] "ItemHead", text="181  Paragraph 375A(2)(a)"
[parser-unknown-class] "ItemHead", text="182  Paragraph 375A(2)(b)"
[parser-unknown-class] "ItemHead", text="183  Section 376 (heading)"
[parser-unknown-class] "ItemHead", text="184  Subparagraph 376(1)(a)(ii)"
[parser-unknown-class] "ItemHead", text="185  Subsection 376(2)"
[parser-unknown-class] "ItemHead", text="186  Subsection 376(2)"
[parser-unknown-class] "ItemHead", text="187  Subsection 376(3)"
[parser-unknown-class] "ItemHead", text="188  Section 378"
[parser-unknown-class] "ItemHead", text="189  Division 8A of Part 5 (heading)"
[parser-unknown-class] "ItemHead", text="190  Section 379AA (heading)"
[parser-unknown-class] "ItemHead", text="191  Paragraph 379AA(1)(a)"
[parser-unknown-class] "ItemHead", text="192  Paragraph 379AA(1)(a)"
[parser-unknown-class] "ItemHead", text="193  Subparagraph 379AA(1)(b)(i)"
[parser-unknown-class] "ItemHead", text="194  Subsection 379AA(1)"
[parser-unknown-class] "ItemHead", text="195  Subsection 379AA(1) (note 2)"
[parser-unknown-class] "ItemHead", text="196  At the end of subsection 379AA(1)"
[parser-unknown-class] "ItemHead", text="197  Subsection 379AA(2)"
[parser-unknown-class] "ItemHead", text="198  Subsection 379AA(3)"
[parser-unknown-class] "ItemHead", text="199  At the end of section 379AA"
[parser-unknown-class] "ItemHead", text="200  Section 379A (heading)"
[parser-unknown-class] "ItemHead", text="201  Paragraph 379A(1)(a)"
[parser-unknown-class] "ItemHead", text="202  Paragraph 379A(1)(b)"
[parser-unknown-class] "ItemHead", text="203  Subsection 379A(1A)"
[parser-unknown-class] "ItemHead", text="204  Paragraph 379A(1A)(b)"
[parser-unknown-class] "ItemHead", text="205  Subsection 379A(1A) (note)"
[parser-unknown-class] "ItemHead", text="206  Subsections 379A(2) and (3)"
[parser-unknown-class] "ItemHead", text="207  Paragraph 379A(3)(a)"
[parser-unknown-class] "ItemHead", text="208  Subsection 379A(4)"
[parser-unknown-class] "ItemHead", text="209  Subparagraphs 379A(4)(c)(i) and (ii)"
[parser-unknown-class] "ItemHead", text="210  Subparagraph 379A(4)(c)(iii)"
[parser-unknown-class] "ItemHead", text="211  Subsection 379A(5)"
[parser-unknown-class] "ItemHead", text="212  Paragraph 379A(5)(d)"
[parser-unknown-class] "ItemHead", text="213  Paragraph 379A(5)(e)"
[parser-unknown-class] "ItemHead", text="214  Subsection 379A(6)"
[parser-unknown-class] "ItemHead", text="215  Section 379B"
[parser-unknown-class] "ItemHead", text="216  Section 379C (heading)"
[parser-unknown-class] "ItemHead", text="217  Subsections 379C(1) to (5)"
[parser-unknown-class] "ItemHead", text="218  Subsection 379C(7)"
[parser-unknown-class] "ItemHead", text="219  Section 379D"
[parser-unknown-class] "ItemHead", text="220  Section 379EA (heading)"
[parser-unknown-class] "ItemHead", text="221  Section 379EA (note 1)"
[parser-unknown-class] "ItemHead", text="222  Section 379F"
[parser-unknown-class] "ItemHead", text="223  Paragraph 379G(1)(a)"
[parser-unknown-class] "ItemHead", text="224  Subsection 379G(1)"
[parser-unknown-class] "ItemHead", text="225  Paragraph 379G(1A)(a)"
[parser-unknown-class] "ItemHead", text="226  Paragraph 379G(1A)(b)"
[parser-unknown-class] "ItemHead", text="227  Subsections 379G(2) and (5)"
[parser-unknown-class] "ItemHead", text="228  Parts 7 and 7AA"
[parser-unknown-class] "ItemHead", text="229  Subsection 474(2) (definition of privative clause decision)"
[parser-unknown-class] "ItemHead", text="230  Subsection 474(4) (table items 23 and 28)"
[parser-unknown-class] "ItemHead", text="231  After subsection 474(4)"
[parser-unknown-class] "ItemHead", text="232  Subsection 474(5)"
[parser-unknown-class] "ItemHead", text="233  Subsection 474(6)"
[parser-unknown-class] "ItemHead", text="234  Subsection 474(6)"
[parser-unknown-class] "ItemHead", text="235  Subsection 474(7)"
[parser-unknown-class] "ItemHead", text="236  Paragraph 474(7)(a)"
[parser-unknown-class] "ItemHead", text="237  After Division 1 of Part 8"
[parser-unknown-class] "ItemHead", text="238  Section 474A"
[parser-unknown-class] "ItemHead", text="239  Paragraph 476(2)(b)"
[parser-unknown-class] "ItemHead", text="240  After paragraph 476(2)(c)"
[parser-unknown-class] "ItemHead", text="241  Subsection 476(3)"
[parser-unknown-class] "ItemHead", text="242  Subsection 476(4) (paragraph (a) of the definition of primary decision)"
[parser-unknown-class] "ItemHead", text="243  Subsection 476(4) (paragraph (b) of the definition of primary decision)"
[parser-unknown-class] "ItemHead", text="244  Paragraph 476(4)(c)"
[parser-unknown-class] "ItemHead", text="245  Paragraph 476A(1)(b)"
[parser-unknown-class] "ItemHead", text="246  Paragraph 476A(1)(d)"
[parser-unknown-class] "ItemHead", text="247  Subsection 476A(1) (note)"
[parser-unknown-class] "ItemHead", text="248  Subsection 477(3) (definition of date of the migration decision)"
[parser-unknown-class] "ItemHead", text="249  Paragraph 478(a)"
[parser-unknown-class] "ItemHead", text="250  Paragraph 478(aa)"
[parser-unknown-class] "ItemHead", text="251  Paragraph 479(a)"
[parser-unknown-class] "ItemHead", text="252  Paragraph 479(aa)"
[parser-unknown-class] "ItemHead", text="253  Subsection 486D(5) (definition of tribunal decision)"
[parser-unknown-class] "ItemHead", text="253A  Paragraph 494B(5)(d)"
[parser-unknown-class] "ItemHead", text="254  Subsection 500(1)"
[parser-unknown-class] "ItemHead", text="255  Subsection 500(1) (note)"
[parser-unknown-class] "ItemHead", text="256  After subsection 500(1)"
[parser-unknown-class] "ItemHead", text="258  Subsection 500(3)"
[parser-unknown-class] "ItemHead", text="260  Subsections 500(4) and (4A)"
[parser-unknown-class] "ItemHead", text="261  Subsection 500(6)"
[parser-unknown-class] "ItemHead", text="262  Paragraph 500(6)(a)"
[parser-unknown-class] "ItemHead", text="263  Paragraph 500(6)(c)"
[parser-unknown-class] "ItemHead", text="264  Paragraph 500(6)(d)"
[parser-unknown-class] "ItemHead", text="265  Subsection 500(6A)"
[parser-unknown-class] "ItemHead", text="266  Subsection 500(6B)"
[parser-unknown-class] "ItemHead", text="267  Subsection 500(6B)"
[parser-unknown-class] "ItemHead", text="268  Subsection 500(6C)"
[parser-unknown-class] "ItemHead", text="269  After subsection 500(6C)"
[parser-unknown-class] "ItemHead", text="270  Subsection 500(6D)"
[parser-unknown-class] "ItemHead", text="271  Paragraphs 500(6F)(a), (c) and (d)"
[parser-unknown-class] "ItemHead", text="272  Subsection 500(6FA)"
[parser-unknown-class] "ItemHead", text="273  After subsection 500(6FA)"
[parser-unknown-class] "ItemHead", text="274  Paragraph 500(6G)(a)"
[parser-unknown-class] "ItemHead", text="275  Subsection 500(6G)"
[parser-unknown-class] "ItemHead", text="276  Paragraph 500(6G)(d)"
[parser-unknown-class] "ItemHead", text="277  Subsections 500(6H), (6J) and (6K)"
[parser-unknown-class] "ItemHead", text="278  Paragraphs 500(6L)(a) and (c)"
[parser-unknown-class] "ItemHead", text="279  Paragraph 500(6L)(c)"
[parser-unknown-class] "ItemHead", text="280  Subsection 500(6L)"
[parser-unknown-class] "ItemHead", text="281  Subsection 500(6L)"
[parser-unknown-class] "ItemHead", text="282  After subsection 500(6L)"
[parser-unknown-class] "ItemHead", text="283  Paragraph 500(7)"
[parser-unknown-class] "ItemHead", text="284  After section 500"
[parser-unknown-class] "ItemHead", text="285  Paragraph 501A(1)(b)"
[parser-unknown-class] "ItemHead", text="286  Subsection 501A(1)"
[parser-unknown-class] "ItemHead", text="287  Subsection 501A(7) (heading)"
[parser-unknown-class] "ItemHead", text="288  Subsections 501A(7) and 501B(4)"
[parser-unknown-class] "ItemHead", text="289  Subsection 501B(5)"
[parser-unknown-class] "ItemHead", text="290  Paragraph 501BA(1)(b)"
[parser-unknown-class] "ItemHead", text="291  Subsection 501BA(5) (heading)"
[parser-unknown-class] "ItemHead", text="292  Subsections 501BA(5), 501C(11), 501CA(7) and 501F(5)"
[parser-unknown-class] "ItemHead", text="293  Paragraph 501G(1)(f)"
[parser-unknown-class] "ItemHead", text="294  Subparagraph 501G(1)(f)(i)"
[parser-unknown-class] "ItemHead", text="295  Paragraph 501G(2)(b)"
[parser-unknown-class] "ItemHead", text="296  At the end of section 501G"
[parser-unknown-class] "ItemHead", text="297  Subsection 501J(1)"
[parser-unknown-class] "ItemHead", text="298  Subsection 501J(1)"
[parser-unknown-class] "ItemHead", text="299  Subsection 501J(2)"
[parser-unknown-class] "ItemHead", text="300  Subsection 501J(2)"
[parser-unknown-class] "ItemHead", text="301  Paragraph 501J(5)(a)"
[parser-unknown-class] "ItemHead", text="302  Section 501K (heading)"
[parser-unknown-class] "ItemHead", text="303  Subsections 501K(1) and (2)"
[parser-unknown-class] "ItemHead", text="304  Subsection 503B(14) (table item 4)"
[parser-unknown-class] "ActHead7", text="Part 2—Bulk amendments"
[parser-unknown-class] "ActHead9", text="Immigration (Guardianship of Children) Act 1946"
[parser-unknown-class] "ItemHead", text="305  Amendments of listed provisions"
[parser-unknown-class] "ActHead9", text="Maritime Transport and Offshore Facilities Security Act 2003"
[parser-unknown-class] "ItemHead", text="306  Amendments of listed provisions"
[parser-unknown-class] "ActHead6", text="Schedule 3—Social Services"
[parser-unknown-class] "ActHead7", text="Part 1—Main amendments"
[parser-unknown-class] "ActHead9", text="A New Tax System (Family Assistance) Act 1999"
[parser-unknown-class] "ItemHead", text="1  Subsection 85CE(4)"
[parser-unknown-class] "ItemHead", text="2  Subsection 85CH(5)"
[parser-unknown-class] "ActHead9", text="A New Tax System (Family Assistance) (Administration) Act 1999"
[parser-unknown-class] "ItemHead", text="3  Subsection 3(1)"
[parser-unknown-class] "ItemHead", text="4  Subsection 3(1)"
[parser-unknown-class] "ItemHead", text="5  Subsection 3(1) (definition of decision)"
[parser-unknown-class] "ItemHead", text="6  Subsection 3(1)"
[parser-unknown-class] "ItemHead", text="7  Paragraphs 73(a) to (c)"
[parser-unknown-class] "ItemHead", text="8  Subparagraph 105D(2)(b)(ii)"
[parser-unknown-class] "ItemHead", text="9  Paragraph 109D(1)(a)"
[parser-unknown-class] "ItemHead", text="10  Subparagraphs 109D(4)(b)(ii) and (c)(ii)"
[parser-unknown-class] "ItemHead", text="11  Subsection 109D(5A)"
[parser-unknown-class] "ItemHead", text="12  Subparagraphs 109E(3)(b)(ii) and (c)(ii)"
[parser-unknown-class] "ItemHead", text="13  Section 110"
[parser-unknown-class] "ItemHead", text="14  Section 110 (paragraph beginning “If a person is dissatisfied with a decision of the AAT”)"
[parser-unknown-class] "ItemHead", text="15  Section 110 (paragraph beginning “Certain decisions”)"
[parser-unknown-class] "ItemHead", text="16  Section 110 (paragraph beginning “The rules”)"
[parser-unknown-class] "ItemHead", text="17  Section 110 (paragraph beginning “The AAT Act”)"
[parser-unknown-class] "ItemHead", text="18  Subsection 111(1)"
[parser-unknown-class] "ItemHead", text="19  Subsection 111(1A)"
[parser-unknown-class] "ItemHead", text="22  Subsection 111A(1) (heading)"
[parser-unknown-class] "ItemHead", text="23  Subsections 111A(1) to (2A)"
[parser-unknown-class] "ItemHead", text="24  After section 111B"
[parser-unknown-class] "ItemHead", text="25  Section 112"
[parser-unknown-class] "ItemHead", text="26  Subsection 115(2)"
[parser-unknown-class] "ItemHead", text="27  Subsection 116(1)"
[parser-unknown-class] "ItemHead", text="28  Subsection 119(1)"
[parser-unknown-class] "ItemHead", text="29  Subsection 119(2) (penalty)"
[parser-unknown-class] "ItemHead", text="30  Section 120 (heading)"
[parser-unknown-class] "ItemHead", text="31  Subsection 120(1)"
[parser-unknown-class] "ItemHead", text="32  Section 121"
[parser-unknown-class] "ItemHead", text="32A  Subsection 122(1)"
[parser-unknown-class] "ItemHead", text="33  Subsection 122(3)"
[parser-unknown-class] "ItemHead", text="33A  Paragraph 123(a)"
[parser-unknown-class] "ItemHead", text="34  Subsection 124(1)"
[parser-unknown-class] "ItemHead", text="36  Paragraph 125(1)(b)"
[parser-unknown-class] "ItemHead", text="37  Subsection 125(2)"
[parser-unknown-class] "ItemHead", text="38  Section 126"
[parser-unknown-class] "ItemHead", text="39  Section 127 (heading)"
[parser-unknown-class] "ItemHead", text="40  Paragraph 127(a)"
[parser-unknown-class] "ItemHead", text="41  Subdivisions D and E of Division 2 of Part 5"
[parser-unknown-class] "ItemHead", text="42  Subdivision F of Division 2 of Part 5 (heading)"
[parser-unknown-class] "ItemHead", text="43  Subparagraph 137B(2)(b)(ii)"
[parser-unknown-class] "ItemHead", text="44  Subsection 138(1)"
[parser-unknown-class] "ItemHead", text="45  Subsection 138(3)"
[parser-unknown-class] "ItemHead", text="46  After subsection 138(3)"
[parser-unknown-class] "ItemHead", text="47  After section 138"
[parser-unknown-class] "ItemHead", text="48  Subsection 139(2)"
[parser-unknown-class] "ItemHead", text="49  Paragraph 140(a)"
[parser-unknown-class] "ItemHead", text="50  After paragraph 152D(1)(a)"
[parser-unknown-class] "ItemHead", text="51  Paragraph 152D(1)(c)"
[parser-unknown-class] "ItemHead", text="52  Subsection 152D(3)"
[parser-unknown-class] "ItemHead", text="52A  After subsection 161(1A)"
[parser-unknown-class] "ActHead9", text="Australian Hearing Services Act 1991"
[parser-unknown-class] "ItemHead", text="53  Paragraph 65(1)(e)"
[parser-unknown-class] "ItemHead", text="54  Subsection 65(3)"
[parser-unknown-class] "ActHead9", text="Child Support (Assessment) Act 1989"
[parser-unknown-class] "ItemHead", text="55  Subsection 5(1)"
[parser-unknown-class] "ItemHead", text="56  Subsection 5(1)"
[parser-unknown-class] "ActHead9", text="Child Support (Registration and Collection) Act 1988"
[parser-unknown-class] "ItemHead", text="57  Subsection 4(1)"
[parser-unknown-class] "ItemHead", text="58  Subsection 4(1)"
[parser-unknown-class] "ItemHead", text="59  Subsection 4(1) (paragraph (a) of the definition of final)"
[parser-unknown-class] "ItemHead", text="60  Subsection 4(1)"
[parser-unknown-class] "ItemHead", text="61  Subsection 72T(2) (definition of decision)"
[parser-unknown-class] "ItemHead", text="62  Section 79D"
[parser-unknown-class] "ItemHead", text="63  Section 87A"
[parser-unknown-class] "ItemHead", text="64  Section 87A (paragraph beginning “The person may”)"
[parser-unknown-class] "ItemHead", text="65  Section 87A (paragraph beginning “The rules”)"
[parser-unknown-class] "ItemHead", text="66  Section 87A (paragraph beginning “The AAT Act”)"
[parser-unknown-class] "ItemHead", text="67  Section 89"
[parser-unknown-class] "ItemHead", text="68  Section 89"
[parser-unknown-class] "ItemHead", text="69  At the end of section 89"
[parser-unknown-class] "ItemHead", text="70  Subsection 90(1) (note)"
[parser-unknown-class] "ItemHead", text="71  At the end of section 90"
[parser-unknown-class] "ItemHead", text="72  At the end of section 91"
[parser-unknown-class] "ItemHead", text="73  Subsection 92(4)"
[parser-unknown-class] "ItemHead", text="74  Before section 95A"
[parser-unknown-class] "ItemHead", text="75  Section 95A"
[parser-unknown-class] "ItemHead", text="76  After subsection 95B(1)"
[parser-unknown-class] "ItemHead", text="77  Subsection 95B(3)"
[parser-unknown-class] "ItemHead", text="78  Subsection 95C(1)"
[parser-unknown-class] "ItemHead", text="79  Subsection 95H(1)"
[parser-unknown-class] "ItemHead", text="80  Subsection 95H(2) (penalty)"
[parser-unknown-class] "ItemHead", text="81  Section 95J (heading)"
[parser-unknown-class] "ItemHead", text="82  Subsection 95J(1)"
[parser-unknown-class] "ItemHead", text="83  Section 95K"
[parser-unknown-class] "ItemHead", text="83A  Paragraph 95M(a)"
[parser-unknown-class] "ItemHead", text="84  Subsection 95N(1)"
[parser-unknown-class] "ItemHead", text="85  Subsection 95N(3) (note)"
[parser-unknown-class] "ItemHead", text="86  Sections 95P and 95Q"
[parser-unknown-class] "ItemHead", text="87  Divisions 4 and 5 of Part VIIA"
[parser-unknown-class] "ItemHead", text="88  Division 6 of Part VIIA (heading)"
[parser-unknown-class] "ItemHead", text="89  Before section 98D"
[parser-unknown-class] "ItemHead", text="90  At the end of Part VIIA"
[parser-unknown-class] "ItemHead", text="91  Paragraphs 110P(2)(b) and (c)"
[parser-unknown-class] "ItemHead", text="92  Paragraphs 110Q(b) to (d)"
[parser-unknown-class] "ItemHead", text="93  Paragraph 110W(1)(b)"
[parser-unknown-class] "ItemHead", text="94  Paragraph 110W(1A)(b)"
[parser-unknown-class] "ItemHead", text="95  After subparagraph 110W(4)(b)(ii)"
[parser-unknown-class] "ItemHead", text="96  Subsection 110X(7) (definition of designated review proceedings)"
[parser-unknown-class] "ItemHead", text="98  Section 111A"
[parser-unknown-class] "ItemHead", text="99  Paragraph 111C(1)(c)"
[parser-unknown-class] "ActHead9", text="Disability Services Act 1986"
[parser-unknown-class] "ItemHead", text="100  Subsection 26(5) (note)"
[parser-unknown-class] "ActHead9", text="Marriage Act 1961"
[parser-unknown-class] "ItemHead", text="101  Subsection 34(1)"
[parser-unknown-class] "ActHead9", text="National Disability Insurance Scheme Act 2013"
[parser-unknown-class] "ItemHead", text="102  Subsection 103(1) (note)"
[parser-unknown-class] "ItemHead", text="103  After subsection 103(1)"
[parser-unknown-class] "ItemHead", text="104  Paragraph 103(2)(c)"
[parser-unknown-class] "ActHead9", text="Paid Parental Leave Act 2010"
[parser-unknown-class] "ItemHead", text="105  Section 4 (paragraph beginning “Part 5‑2”)"
[parser-unknown-class] "ItemHead", text="106  Section 4 (paragraph beginning “Part 5‑3”)"
[parser-unknown-class] "ItemHead", text="107  Section 6"
[parser-unknown-class] "ItemHead", text="108  Section 6"
[parser-unknown-class] "ItemHead", text="109  Section 6 (definition of decision)"
[parser-unknown-class] "ItemHead", text="110  Section 6"
[parser-unknown-class] "ItemHead", text="110A  After subsection 126(1)"
[parser-unknown-class] "ItemHead", text="111  Section 213 (paragraph beginning “This Part”)"
[parser-unknown-class] "ItemHead", text="112  Section 213 (paragraph beginning “This Part”)"
[parser-unknown-class] "ItemHead", text="113  Section 213 (paragraph beginning “AAT first review is available”)"
[parser-unknown-class] "ItemHead", text="114  Section 213 (paragraph beginning “AAT first review is also available”)"
[parser-unknown-class] "ItemHead", text="115  Section 213 (paragraph beginning “The rules”)"
[parser-unknown-class] "ItemHead", text="117  Subsection 224(1)"
[parser-unknown-class] "ItemHead", text="118  After subsection 224(1)"
[parser-unknown-class] "ItemHead", text="119  Paragraphs 224(5)(a) and (b)"
[parser-unknown-class] "ItemHead", text="120  After section 224A"
[parser-unknown-class] "ItemHead", text="121  Section 225"
[parser-unknown-class] "ItemHead", text="122  Subsection 226(2)"
[parser-unknown-class] "ItemHead", text="123  Subsection 227(1)"
[parser-unknown-class] "ItemHead", text="124  Subsection 227(3)"
[parser-unknown-class] "ItemHead", text="125  Section 230 (heading)"
[parser-unknown-class] "ItemHead", text="126  Subsection 230(1)"
[parser-unknown-class] "ItemHead", text="127  Paragraph 230(2)(a)"
[parser-unknown-class] "ItemHead", text="128  Subsection 230(2) (penalty)"
[parser-unknown-class] "ItemHead", text="129  Section 231 (heading)"
[parser-unknown-class] "ItemHead", text="130  Subsection 231(1)"
[parser-unknown-class] "ItemHead", text="131  Section 232"
[parser-unknown-class] "ItemHead", text="132  Subsection 233(3)"
[parser-unknown-class] "ItemHead", text="133  Subsection 234(3)"
[parser-unknown-class] "ItemHead", text="134  Section 235"
[parser-unknown-class] "ItemHead", text="135  Part 5‑3"
[parser-unknown-class] "ActHead9", text="Social Security Act 1991"
[parser-unknown-class] "ItemHead", text="136  Subsection 23(1)"
[parser-unknown-class] "ItemHead", text="137  Subsection 23(1)"
[parser-unknown-class] "ItemHead", text="138  Subsection 23(1) (definition of decision)"
[parser-unknown-class] "ItemHead", text="139  Subsection 1061ZZFL(2)"
[parser-unknown-class] "ItemHead", text="140  Paragraphs 1223AB(a) and (b)"
[parser-unknown-class] "ActHead9", text="Social Security (Administration) Act 1999"
[parser-unknown-class] "ItemHead", text="141  Subsection 138D(6) (note)"
[parser-unknown-class] "ItemHead", text="142  Subsection 138F(7) (note)"
[parser-unknown-class] "ItemHead", text="143  Section 139"
[parser-unknown-class] "ItemHead", text="144  Section 139 (paragraph beginning “If a person is dissatisfied with a decision of the AAT”)"
[parser-unknown-class] "ItemHead", text="145  Section 139 (paragraph beginning “The rules”)"
[parser-unknown-class] "ItemHead", text="146  Section 139 (paragraph beginning “The AAT Act”)"
[parser-unknown-class] "ItemHead", text="147  Subsection 142(1)"
[parser-unknown-class] "ItemHead", text="149  After section 142A"
[parser-unknown-class] "ItemHead", text="150  Subdivision C of Division 2 of Part 4A (heading)"
[parser-unknown-class] "ItemHead", text="151  Section 147"
[parser-unknown-class] "ItemHead", text="152  Section 147 (table heading)"
[parser-unknown-class] "ItemHead", text="153  Section 147 (table, heading to column headed “Provision of AAT Act”)"
[parser-unknown-class] "ItemHead", text="154  Section 147 (table, heading to column headed “Application or modification of provision of AA..."
[parser-unknown-class] "ItemHead", text="155  Section 147 (cell at table item 1, column headed “Provision of AAT Act”)"
[parser-unknown-class] "ItemHead", text="156  Section 147 (table item 1, column headed “Application or modification of provision of AAT Act”)"
[parser-unknown-class] "ItemHead", text="157  Section 147 (table items 2 and 4)"
[parser-unknown-class] "ItemHead", text="158  Section 147 (cell at table item 5, column headed “Provision of AAT Act”)"
[parser-unknown-class] "ItemHead", text="159  Section 147 (table item 5, column headed “Application or modification of provision of AAT Act”)"
[parser-unknown-class] "ItemHead", text="160  Section 147 (cell at table item 6, column headed “Provision of AAT Act”)"
[parser-unknown-class] "ItemHead", text="161  Section 147 (cell at table item 6, column headed “Application or modification of provision o..."
[parser-unknown-class] "ItemHead", text="162  Section 147 (after table item 6)"
[parser-unknown-class] "ItemHead", text="163  Section 147 (table item 7)"
[parser-unknown-class] "ItemHead", text="164  Section 147 (table item 8, column headed “Decision or matter”)"
[parser-unknown-class] "ItemHead", text="165  Section 147 (cell at table item 8, column headed “Provision of AAT Act”)"
[parser-unknown-class] "ItemHead", text="166  Section 147 (cell at table item 8, column headed “Application or modification of provision o..."
[parser-unknown-class] "ItemHead", text="167  Section 147 (at the end of the table)"
[parser-unknown-class] "ItemHead", text="168  At the end of section 147"
[parser-unknown-class] "ItemHead", text="169  At the end of Subdivision C of Division 2 of Part 4A"
[parser-unknown-class] "ItemHead", text="170  Subsection 148(1)"
[parser-unknown-class] "ItemHead", text="171  Section 165A (heading)"
[parser-unknown-class] "ItemHead", text="172  Subsection 165A(1)"
[parser-unknown-class] "ItemHead", text="173  Subsection 165A(2) (penalty)"
[parser-unknown-class] "ItemHead", text="174  Section 168"
[parser-unknown-class] "ItemHead", text="175  Section 178"
[parser-unknown-class] "ItemHead", text="176  Division 3 of Part 4A"
[parser-unknown-class] "ItemHead", text="177  Division 4 of Part 4A (heading)"
[parser-unknown-class] "ItemHead", text="178  Subsections 182(2) and (3)"
[parser-unknown-class] "ItemHead", text="179  Subsection 183(1)"
[parser-unknown-class] "ItemHead", text="180  Subsection 183(2)"
[parser-unknown-class] "ItemHead", text="180A  After subsection 201(1)"
[parser-unknown-class] "ItemHead", text="181  Subclause 1(1) of Schedule 1"
[parser-unknown-class] "ItemHead", text="182  Subclause 1(1) of Schedule 1"
[parser-unknown-class] "ActHead9", text="Student Assistance Act 1973"
[parser-unknown-class] "ItemHead", text="183  Subsection 3(1)"
[parser-unknown-class] "ItemHead", text="184  Subsection 3(1)"
[parser-unknown-class] "ItemHead", text="185  Subsection 12ZQ(2)"
[parser-unknown-class] "ItemHead", text="186  Subsection 43X(3) (definition of decision)"
[parser-unknown-class] "ItemHead", text="187  Paragraph 304(2)(a)"
[parser-unknown-class] "ItemHead", text="188  Subsection 308D(6) (note)"
[parser-unknown-class] "ItemHead", text="189  Subsection 308F(7) (note)"
[parser-unknown-class] "ItemHead", text="192  Section 309"
[parser-unknown-class] "ItemHead", text="193  Section 309 (paragraph beginning “If a person is dissatisfied with a decision of the AAT”)"
[parser-unknown-class] "ItemHead", text="194  Section 309 (paragraph beginning “The rules”)"
[parser-unknown-class] "ItemHead", text="195  Section 309 (paragraph beginning “The AAT Act”)"
[parser-unknown-class] "ItemHead", text="196  Subsection 311(1)"
[parser-unknown-class] "ItemHead", text="198  After section 311A"
[parser-unknown-class] "ItemHead", text="199  Paragraph 312(1)(a)"
[parser-unknown-class] "ItemHead", text="200  Subsection 312(2)"
[parser-unknown-class] "ItemHead", text="201  Section 313"
[parser-unknown-class] "ItemHead", text="202  Subsection 315(2)"
[parser-unknown-class] "ItemHead", text="202A  After section 315"
[parser-unknown-class] "ItemHead", text="203  Section 317"
[parser-unknown-class] "ItemHead", text="204  Section 318"
[parser-unknown-class] "ItemHead", text="205  Section 319 (heading)"
[parser-unknown-class] "ItemHead", text="206  Paragraph 319(a)"
[parser-unknown-class] "ItemHead", text="207  Subdivision C of Division 2 of Part 9"
[parser-unknown-class] "ItemHead", text="207A  Section 350"
[parser-unknown-class] "ItemHead", text="207B  At the end of section 350"
[parser-unknown-class] "ActHead7", text="Part 2—Bulk amendments"
[parser-unknown-class] "ActHead9", text="A New Tax System (Family Assistance) Act 1999"
[parser-unknown-class] "ItemHead", text="208  Amendments of listed provisions"
[parser-unknown-class] "ActHead9", text="A New Tax System (Family Assistance) (Administration) Act 1999"
[parser-unknown-class] "ItemHead", text="209  Amendments of listed provisions"
[parser-unknown-class] "ActHead9", text="Australian Hearing Services Act 1991"
[parser-unknown-class] "ItemHead", text="210  Amendments of listed provisions"
[parser-unknown-class] "ActHead9", text="Child Support (Assessment) Act 1989"
[parser-unknown-class] "ItemHead", text="211  Amendments of listed provisions"
[parser-unknown-class] "ActHead9", text="Child Support (Registration and Collection) Act 1988"
[parser-unknown-class] "ItemHead", text="212  Amendments of listed provisions"
[parser-unknown-class] "ActHead9", text="Disability Services Act 1986"
[parser-unknown-class] "ItemHead", text="213  Amendments of listed provisions"
[parser-unknown-class] "ActHead9", text="Marriage Act 1961"
[parser-unknown-class] "ItemHead", text="214  Amendments of listed provisions"
[parser-unknown-class] "ActHead9", text="National Disability Insurance Scheme Act 2013"
[parser-unknown-class] "ItemHead", text="215  Amendments of listed provisions"
[parser-unknown-class] "ActHead9", text="Paid Parental Leave Act 2010"
[parser-unknown-class] "ItemHead", text="216  Amendments of listed provisions"
[parser-unknown-class] "ActHead9", text="Social Security Act 1991"
[parser-unknown-class] "ItemHead", text="217  Amendments of listed provisions"
[parser-unknown-class] "ActHead9", text="Social Security (Administration) Act 1999"
[parser-unknown-class] "ItemHead", text="218  Amendments of listed provisions"
[parser-unknown-class] "ActHead9", text="Student Assistance Act 1973"
[parser-unknown-class] "ItemHead", text="219  Amendments of listed provisions"
[parser-unknown-class] "ActHead6", text="Schedule 4—Amendments relating to the Security Division"
[parser-unknown-class] "ActHead9", text="Archives Act 1983"
[parser-unknown-class] "ItemHead", text="1  Subsection 43(4)"
[parser-unknown-class] "ItemHead", text="2  Subsection 43(6)"
[parser-unknown-class] "ItemHead", text="3  Subsection 52(1)"
[parser-unknown-class] "ItemHead", text="4  Subsection 52(1)"
[parser-unknown-class] "ItemHead", text="5  Paragraphs 52(2)(a) and (b)"
[parser-unknown-class] "ItemHead", text="6  Subsection 53(1)"
[parser-unknown-class] "ItemHead", text="7  After subsection 53(1A)"
[parser-unknown-class] "ItemHead", text="8  Subsection 53(5)"
[parser-unknown-class] "ItemHead", text="9  Subsection 53(6)"
[parser-unknown-class] "ItemHead", text="10  Subsection 53(7)"
[parser-unknown-class] "ItemHead", text="11  Subsection 55A(5)"
[parser-unknown-class] "ItemHead", text="12  Amendments of listed provisions"
[parser-unknown-class] "ActHead9", text="Australian Crime Commission Act 2002"
[parser-unknown-class] "ItemHead", text="13  Paragraph 19A(6)(a)"
[parser-unknown-class] "ItemHead", text="14  Subsection 19A(8)"
[parser-unknown-class] "ItemHead", text="15  Subsection 19A(8) (paragraphs (c), (d) and (e) of the definition of prescribed officer)"
[parser-unknown-class] "ItemHead", text="16  Subsection 19A(8) (paragraph (e) of the definition of prescribed officer)"
[parser-unknown-class] "ItemHead", text="17  Section 36A (definition of AAT Act)"
[parser-unknown-class] "ItemHead", text="18  Section 36A"
[parser-unknown-class] "ItemHead", text="19  Section 36A (definition of authorised member)"
[parser-unknown-class] "ItemHead", text="20  Section 36A (definition of officer of the Tribunal)"
[parser-unknown-class] "ItemHead", text="21  Section 36A (definition of President)"
[parser-unknown-class] "ItemHead", text="22  Section 36A (definition of presidential member)"
[parser-unknown-class] "ItemHead", text="23  Section 36A (definition of Registrar)"
[parser-unknown-class] "ItemHead", text="24  Section 36A (definition of Tribunal)"
[parser-unknown-class] "ItemHead", text="25  Subsection 36F(1) (note)"
[parser-unknown-class] "ItemHead", text="26  Subsections 36F(3) to (5)"
[parser-unknown-class] "ItemHead", text="27  Subsection 36F(6)"
[parser-unknown-class] "ItemHead", text="28  Sections 36G to 36N"
[parser-unknown-class] "ItemHead", text="29  Subsection 36Q (note 2)"
[parser-unknown-class] "ItemHead", text="30  Subsection 36R(2)"
[parser-unknown-class] "ItemHead", text="31  Section 36S"
[parser-unknown-class] "ItemHead", text="32  Schedule 1"
[parser-unknown-class] "ItemHead", text="33  Amendments of listed provisions"
[parser-unknown-class] "ActHead9", text="Australian Security Intelligence Organisation Act 1979"
[parser-unknown-class] "ItemHead", text="34  Paragraph 34AD(1)(b)"
[parser-unknown-class] "ItemHead", text="35  Subsection 54(2)"
[parser-unknown-class] "ItemHead", text="36  At the end of subsection 65(2)"
[parser-unknown-class] "ItemHead", text="37  Subsection 65(3)"
[parser-unknown-class] "ItemHead", text="38  Subsection 81(3)"
[parser-unknown-class] "ItemHead", text="39  Subsection 83B(1) (note)"
[parser-unknown-class] "ItemHead", text="40  Subsection 83B(2)"
[parser-unknown-class] "ItemHead", text="41  Subsection 83C(1)"
[parser-unknown-class] "ItemHead", text="42  Subsection 83C(2) (note)"
[parser-unknown-class] "ItemHead", text="43  After section 83C"
[parser-unknown-class] "ItemHead", text="44  At the end of subsection 83F(6)"
[parser-unknown-class] "ItemHead", text="45  Paragraph 83F(7)(b)"
[parser-unknown-class] "ItemHead", text="46  Before section 93"
[parser-unknown-class] "ItemHead", text="47  Amendments of listed provisions"
[parser-unknown-class] "ActHead9", text="Foreign Acquisitions and Takeovers Act 1975"
[parser-unknown-class] "ItemHead", text="48  Section 4 (definition of AAT Act)"
[parser-unknown-class] "ItemHead", text="49  Section 4"
[parser-unknown-class] "ItemHead", text="50  Subsections 130A(3) to (5)"
[parser-unknown-class] "ItemHead", text="51  Sections 130B to 130K"
[parser-unknown-class] "ItemHead", text="52  Subsection 130M(2)"
[parser-unknown-class] "ItemHead", text="53  Section 130N"
[parser-unknown-class] "ItemHead", text="54  Amendments of listed provisions"
[parser-unknown-class] "ActHead9", text="Freedom of Information Act 1982"
[parser-unknown-class] "ItemHead", text="55  Subsection 57A(1) (note 1)"
[parser-unknown-class] "ItemHead", text="56  Subsection 57A(1) (note 2)"
[parser-unknown-class] "ItemHead", text="57  Subsection 57A(2)"
[parser-unknown-class] "ItemHead", text="58  Subsection 57A(2)"
[parser-unknown-class] "ItemHead", text="59  Paragraph 57A(2)(b)"
[parser-unknown-class] "ItemHead", text="60  At the end of section 57A"
[parser-unknown-class] "ItemHead", text="61  Sections 58B and 58D"
[parser-unknown-class] "ItemHead", text="62  Subsection 58E(1)"
[parser-unknown-class] "ItemHead", text="63  At the end of section 58E"
[parser-unknown-class] "ItemHead", text="64  Paragraph 60(3)(d)"
[parser-unknown-class] "ItemHead", text="65  Subsection 60AA(2) (note 3)"
[parser-unknown-class] "ItemHead", text="66  Subsection 61A(1)"
[parser-unknown-class] "ItemHead", text="67  Subsection 61A(2)"
[parser-unknown-class] "ItemHead", text="67A  Subsection 61A(2)"
[parser-unknown-class] "ItemHead", text="68  Subsection 61A(3)"
[parser-unknown-class] "ItemHead", text="69  Section 62 (heading)"
[parser-unknown-class] "ItemHead", text="70  Subsection 62(1)"
[parser-unknown-class] "ItemHead", text="71  Subsection 63(1)"
[parser-unknown-class] "ItemHead", text="72  Subsection 63(1)"
[parser-unknown-class] "ItemHead", text="73  Paragraphs 63(2)(a) and (b)"
[parser-unknown-class] "ItemHead", text="74  Subsection 64(1)"
[parser-unknown-class] "ItemHead", text="75  Subsection 64(6)"
[parser-unknown-class] "ItemHead", text="76  Subsections 64(7) and (8)"
[parser-unknown-class] "ItemHead", text="77  Subsection 67(5)"
[parser-unknown-class] "ItemHead", text="78  Section 89N (note 1)"
[parser-unknown-class] "ItemHead", text="79  Section 89N (note 2)"
[parser-unknown-class] "ItemHead", text="80  Section 89N (note 3)"
[parser-unknown-class] "ItemHead", text="81  Amendments of listed provisions"
[parser-unknown-class] "ActHead6", text="Schedule 5—Agriculture, Fisheries and Forestry"
[parser-unknown-class] "ActHead7", text="Part 1—Main amendments"
[parser-unknown-class] "ActHead9", text="Pig Industry Act 2001"
[parser-unknown-class] "ItemHead", text="1  Subsection 2(1)"
[parser-unknown-class] "ItemHead", text="2  Subsections 2(2) and (3)"
[parser-unknown-class] "ActHead7", text="Part 2—Bulk amendments"
[parser-unknown-class] "ActHead9", text="Biological Control Act 1984"
[parser-unknown-class] "ItemHead", text="3  Amendments of listed provisions"
[parser-unknown-class] "ActHead9", text="Horse Disease Response Levy Collection Act 2011"
[parser-unknown-class] "ItemHead", text="4  Amendments of listed provisions"
[parser-unknown-class] "ActHead9", text="Pig Industry Act 2001"
[parser-unknown-class] "ItemHead", text="5  Amendments of listed provisions"
[parser-unknown-class] "ActHead9", text="Torres Strait Fisheries Act 1984"
[parser-unknown-class] "ItemHead", text="6  Amendments of listed provisions"
[parser-unknown-class] "ActHead6", text="Schedule 6—Attorney‑General"
[parser-unknown-class] "ActHead7", text="Part 1—Main amendments"
[parser-unknown-class] "ActHead9", text="Copyright Act 1968"
[parser-unknown-class] "ItemHead", text="1  Paragraph 195B(3)(b)"
[parser-unknown-class] "ActHead9", text="Disability Discrimination Act 1992"
[parser-unknown-class] "ItemHead", text="2  Paragraphs 57(1)(a) to (d)"
[parser-unknown-class] "ActHead9", text="Ombudsman Act 1976"
[parser-unknown-class] "ItemHead", text="3  Subsection 3(1) (paragraph (e) of the definition of chief executive officer)"
[parser-unknown-class] "ItemHead", text="4  Paragraph 3(18)(b)"
[parser-unknown-class] "ItemHead", text="5  Paragraphs 10(1)(b) and (1A)(b)"
[parser-unknown-class] "ItemHead", text="6  Paragraph 16(5)(b)"
[parser-unknown-class] "ActHead9", text="Sex Discrimination Act 1984"
[parser-unknown-class] "ItemHead", text="7  Paragraphs 46(1)(a) to (d)"
[parser-unknown-class] "ActHead7", text="Part 2—Bulk amendments"
[parser-unknown-class] "ActHead9", text="Anti‑Money Laundering and Counter‑Terrorism Financing Act 2006"
[parser-unknown-class] "ItemHead", text="8  Amendments of listed provisions"
[parser-unknown-class] "ActHead9", text="Australian Transaction Reports and Analysis Centre Industry Contribution (Collection) Act 2011"
[parser-unknown-class] "ItemHead", text="9  Amendments of listed provisions"
[parser-unknown-class] "ActHead9", text="Copyright Act 1968"
[parser-unknown-class] "ItemHead", text="10  Amendments of listed provisions"
[parser-unknown-class] "ActHead9", text="Disability Discrimination Act 1992"
[parser-unknown-class] "ItemHead", text="11  Amendments of listed provisions"
[parser-unknown-class] "ActHead9", text="Law Officers Act 1964"
[parser-unknown-class] "ItemHead", text="12  Amendments of listed provisions"
[parser-unknown-class] "ActHead9", text="Modern Slavery Act 2018"
[parser-unknown-class] "ItemHead", text="13  Amendments of listed provisions"
[parser-unknown-class] "ActHead9", text="Ombudsman Act 1976"
[parser-unknown-class] "ItemHead", text="14  Amendments of listed provisions"
[parser-unknown-class] "ActHead9", text="Sex Discrimination Act 1984"
[parser-unknown-class] "ItemHead", text="15  Amendments of listed provisions"
[parser-unknown-class] "ActHead6", text="Schedule 7—Climate Change, Energy, the Environment and Water"
[parser-unknown-class] "ActHead7", text="Part 1—Main amendments"
[parser-unknown-class] "ActHead9", text="Hazardous Waste (Regulation of Exports and Imports) Act 1989"
[parser-unknown-class] "ItemHead", text="1  Paragraphs 58(1)(a) and (b)"
[parser-unknown-class] "ItemHead", text="2  Subsection 58(2)"
[parser-unknown-class] "ActHead9", text="Recycling and Waste Reduction Act 2020"
[parser-unknown-class] "ItemHead", text="3  Subsection 154(3)"
[parser-unknown-class] "ActHead9", text="Sea Installations Act 1987"
[parser-unknown-class] "ItemHead", text="4  Paragraphs 76(1)(a) and (b)"
[parser-unknown-class] "ActHead7", text="Part 2—Bulk amendments"
[parser-unknown-class] "ActHead9", text="Antarctic Marine Living Resources Conservation Act 1981"
[parser-unknown-class] "ItemHead", text="5  Amendments of listed provisions"
[parser-unknown-class] "ActHead9", text="Australian National Registry of Emissions Units Act 2011"
[parser-unknown-class] "ItemHead", text="6  Amendments of listed provisions"
[parser-unknown-class] "ActHead9", text="Building Energy Efficiency Disclosure Act 2010"
[parser-unknown-class] "ItemHead", text="7  Amendments of listed provisions"
[parser-unknown-class] "ActHead9", text="Clean Energy Legislation (Carbon Tax Repeal) Act 2014"
[parser-unknown-class] "ItemHead", text="8  Amendments of listed provisions"
[parser-unknown-class] "ActHead9", text="Environment Protection (Sea Dumping) Act 1981"
[parser-unknown-class] "ItemHead", text="9  Amendments of listed provisions"
[parser-unknown-class] "ActHead9", text="Fuel Security Act 2021"
[parser-unknown-class] "ItemHead", text="10  Amendments of listed provisions"
[parser-unknown-class] "ActHead9", text="Hazardous Waste (Regulation of Exports and Imports) Act 1989"
[parser-unknown-class] "ItemHead", text="11  Amendments of listed provisions"
[parser-unknown-class] "ActHead9", text="Liquid Fuel Emergency Act 1984"
[parser-unknown-class] "ItemHead", text="12  Amendments of listed provisions"
[parser-unknown-class] "ActHead9", text="National Environment Protection Measures (Implementation) Act 1998"
[parser-unknown-class] "ItemHead", text="13  Amendments of listed provisions"
[parser-unknown-class] "ActHead9", text="Offshore Electricity Infrastructure Act 2021"
[parser-unknown-class] "ItemHead", text="14  Amendments of listed provisions"
[parser-unknown-class] "ActHead9", text="Ozone Protection and Synthetic Greenhouse Gas Management Act 1989"
[parser-unknown-class] "ItemHead", text="15  Amendments of listed provisions"
[parser-unknown-class] "ActHead9", text="Recycling and Waste Reduction Act 2020"
[parser-unknown-class] "ItemHead", text="16  Amendments of listed provisions"
[parser-unknown-class] "ActHead9", text="Sea Installations Act 1987"
[parser-unknown-class] "ItemHead", text="17  Amendments of listed provisions"
[parser-unknown-class] "ActHead9", text="Sydney Harbour Federation Trust Act 2001"
[parser-unknown-class] "ItemHead", text="18  Amendments of listed provisions"
[parser-unknown-class] "ActHead9", text="Underwater Cultural Heritage Act 2018"
[parser-unknown-class] "ItemHead", text="19  Amendments of listed provisions"
[parser-unknown-class] "ActHead9", text="Water Act 2007"
[parser-unknown-class] "ItemHead", text="20  Amendments of listed provisions"
[parser-unknown-class] "ActHead6", text="Schedule 8—Defence"
[parser-unknown-class] "ActHead9", text="Defence Force (Home Loans Assistance) Act 1990"
[parser-unknown-class] "ItemHead", text="1  Amendments of listed provisions"
[parser-unknown-class] "ActHead9", text="Defence Force Retirement and Death Benefits Act 1973"
[parser-unknown-class] "ItemHead", text="2  Amendments of listed provisions"
[parser-unknown-class] "ActHead9", text="Defence Home Ownership Assistance Scheme Act 2008"
[parser-unknown-class] "ItemHead", text="3  Amendments of listed provisions"
[parser-unknown-class] "ActHead9", text="Defence Reserve Service (Protection) Act 2001"
[parser-unknown-class] "ItemHead", text="4  Amendments of listed provisions"
[parser-unknown-class] "ActHead9", text="Defence Trade Controls Act 2012"
[parser-unknown-class] "ItemHead", text="5  Amendments of listed provisions"
[parser-unknown-class] "ActHead6", text="Schedule 9—Employment and Workplace Relations"
[parser-unknown-class] "ActHead7", text="Part 1—Main amendments"
[parser-unknown-class] "ActHead9", text="Coal Mining Industry (Long Service Leave) Administration Act 1992"
[parser-unknown-class] "ItemHead", text="1  Paragraph 39BC(4)(b)"
[parser-unknown-class] "ActHead9", text="Coal Mining Industry (Long Service Leave) Payroll Levy Collection Act 1992"
[parser-unknown-class] "ItemHead", text="2  Paragraphs 8(5)(a) and (b)"
[parser-unknown-class] "ItemHead", text="3  Subsection 8(7)"
[parser-unknown-class] "ActHead9", text="Student Identifiers Act 2014"
[parser-unknown-class] "ItemHead", text="4  Subsection 13(2)"
[parser-unknown-class] "ActHead7", text="Part 2—Bulk amendments"
[parser-unknown-class] "ActHead9", text="Coal Mining Industry (Long Service Leave) Administration Act 1992"
[parser-unknown-class] "ItemHead", text="5  Amendments of listed provisions"
[parser-unknown-class] "ActHead9", text="Coal Mining Industry (Long Service Leave) Payroll Levy Collection Act 1992"
[parser-unknown-class] "ItemHead", text="6  Amendments of listed provisions"
[parser-unknown-class] "ActHead9", text="Student Identifiers Act 2014"
[parser-unknown-class] "ItemHead", text="7  Amendments of listed provisions"
[parser-unknown-class] "ActHead6", text="Schedule 10—Finance"
[parser-unknown-class] "ActHead9", text="Data Availability and Transparency Act 2022"
[parser-unknown-class] "ItemHead", text="1  Amendments of listed provisions"
[parser-unknown-class] "ActHead9", text="Federal Circuit and Family Court of Australia Act 2021"
[parser-unknown-class] "ItemHead", text="2  Amendments of listed provisions"
[parser-unknown-class] "ActHead9", text="Governor‑General Act 1974"
[parser-unknown-class] "ItemHead", text="3  Amendments of listed provisions"
[parser-unknown-class] "ActHead9", text="Papua New Guinea (Staffing Assistance) Act 1973"
[parser-unknown-class] "ItemHead", text="4  Amendments of listed provisions"
[parser-unknown-class] "ActHead9", text="Parliamentary Business Resources Act 2017"
[parser-unknown-class] "ItemHead", text="5  Amendments of listed provisions"
[parser-unknown-class] "ActHead9", text="Superannuation Act 1922"
[parser-unknown-class] "ItemHead", text="6  Amendments of listed provisions"
[parser-unknown-class] "ActHead6", text="Schedule 11—Foreign Affairs and Trade"
[parser-unknown-class] "ActHead7", text="Part 1—Main amendments"
[parser-unknown-class] "ActHead9", text="Chemical Weapons (Prohibition) Act 1994"
[parser-unknown-class] "ItemHead", text="1  Subsection 26(3)"
[parser-unknown-class] "ActHead9", text="Export Market Development Grants Act 1997"
[parser-unknown-class] "ItemHead", text="2  Subsection 98(4) (note)"
[parser-unknown-class] "ActHead9", text="Registration of Deaths Abroad Act 1984"
[parser-unknown-class] "ItemHead", text="3  Subsection 27(2)"
[parser-unknown-class] "ActHead7", text="Part 2—Bulk amendments"
[parser-unknown-class] "ActHead9", text="Chemical Weapons (Prohibition) Act 1994"
[parser-unknown-class] "ItemHead", text="4  Amendments of listed provisions"
[parser-unknown-class] "ActHead9", text="Export Market Development Grants Act 1997"
[parser-unknown-class] "ItemHead", text="5  Amendments of listed provisions"
[parser-unknown-class] "ActHead9", text="Registration of Deaths Abroad Act 1984"
[parser-unknown-class] "ItemHead", text="6  Amendments of listed provisions"
[parser-unknown-class] "ActHead6", text="Schedule 12—Health and Aged Care"
[parser-unknown-class] "ActHead7", text="Part 1—Main amendments"
[parser-unknown-class] "ActHead9", text="Aged Care Act 1997"
[parser-unknown-class] "ItemHead", text="1  Subsection 85‑4(6) (note)"
[parser-unknown-class] "ItemHead", text="2  Subsection 85‑5(7) (note)"
[parser-unknown-class] "ActHead9", text="Aged Care (Transitional Provisions) Act 1997"
[parser-unknown-class] "ItemHead", text="3  Subsection 85‑4(6) (note)"
[parser-unknown-class] "ItemHead", text="4  Subsection 85‑5(7) (note)"
[parser-unknown-class] "ActHead9", text="Australian Radiation Protection and Nuclear Safety Act 1998"
[parser-unknown-class] "ItemHead", text="5  Subsection 40(3) (note)"
[parser-unknown-class] "ItemHead", text="6  Subsection 42(3) (note)"
[parser-unknown-class] "ItemHead", text="7  Subsection 80C(3) (note)"
[parser-unknown-class] "ActHead9", text="Dental Benefits Act 2008"
[parser-unknown-class] "ItemHead", text="8  Subsection 56D(9)"
[parser-unknown-class] "ItemHead", text="9  Subsection 56G(5)"
[parser-unknown-class] "ActHead9", text="Hearing Services Administration Act 1997"
[parser-unknown-class] "ItemHead", text="10  Subparagraphs 30(1)(b)(i) and (ii)"
[parser-unknown-class] "ItemHead", text="11  Paragraphs 34(1)(a) and (b)"
[parser-unknown-class] "ActHead9", text="Medical Indemnity Act 2002"
[parser-unknown-class] "ItemHead", text="12  Subsection 27(4) (note)"
[parser-unknown-class] "ItemHead", text="13  Subsection 34E(4) (note)"
[parser-unknown-class] "ItemHead", text="14  Subsection 34K(6) (note)"
[parser-unknown-class] "ItemHead", text="15  Subsection 34L(5) (note)"
[parser-unknown-class] "ItemHead", text="16  Subsection 34W(4) (note)"
[parser-unknown-class] "ItemHead", text="17  Subsection 34ZM(4) (note)"
[parser-unknown-class] "ItemHead", text="18  Subsection 34ZZK(5) (note)"
[parser-unknown-class] "ItemHead", text="19  Subsection 34ZZQ(6) (note)"
[parser-unknown-class] "ItemHead", text="20  Subsection 34ZZR(7) (note)"
[parser-unknown-class] "ItemHead", text="21  Subsection 34ZZZC(4) (note)"
[parser-unknown-class] "ItemHead", text="22  Subsection 37A(6) (note)"
[parser-unknown-class] "ItemHead", text="23  Subsection 65(5) (note)"
[parser-unknown-class] "ActHead9", text="Midwife Professional Indemnity (Commonwealth Contribution) Scheme Act 2010"
[parser-unknown-class] "ItemHead", text="24  Subsection 11(7) (note)"
[parser-unknown-class] "ItemHead", text="25  Subsection 15(6) (note)"
[parser-unknown-class] "ItemHead", text="26  Subsection 18(4) (note)"
[parser-unknown-class] "ItemHead", text="27  Subsection 28(4) (note)"
[parser-unknown-class] "ItemHead", text="28  Subsection 40(4) (note)"
[parser-unknown-class] "ItemHead", text="29  Section 57 (note)"
[parser-unknown-class] "ItemHead", text="30  Subsection 60(5) (note)"
[parser-unknown-class] "ItemHead", text="31  Subsection 76(4) (note)"
[parser-unknown-class] "ActHead9", text="National Health Security Act 2007"
[parser-unknown-class] "ItemHead", text="32  Subsection 83(1)"
[parser-unknown-class] "ActHead9", text="Private Health Insurance Act 2007"
[parser-unknown-class] "ItemHead", text="33  Section 230‑1 (paragraph (h) of the paragraph beginning “This Chapter”)"
[parser-unknown-class] "ActHead9", text="Tobacco Advertising Prohibition Act 1992"
[parser-unknown-class] "ItemHead", text="34  Section 30"
[parser-unknown-class] "ActHead7", text="Part 2—Bulk amendments"
[parser-unknown-class] "ActHead9", text="Aged Care Act 1997"
[parser-unknown-class] "ItemHead", text="35  Amendments of listed provisions"
[parser-unknown-class] "ActHead9", text="Aged Care (Transitional Provisions) Act 1997"
[parser-unknown-class] "ItemHead", text="36  Amendments of listed provisions"
[parser-unknown-class] "ActHead9", text="Australian Radiation Protection and Nuclear Safety Act 1998"
[parser-unknown-class] "ItemHead", text="37  Amendments of listed provisions"
[parser-unknown-class] "ActHead9", text="Dental Benefits Act 2008"
[parser-unknown-class] "ItemHead", text="38  Amendments of listed provisions"
[parser-unknown-class] "ActHead9", text="Healthcare Identifiers Act 2010"
[parser-unknown-class] "ItemHead", text="39  Amendments of listed provisions"
[parser-unknown-class] "ActHead9", text="Hearing Services Administration Act 1997"
[parser-unknown-class] "ItemHead", text="40  Amendments of listed provisions"
[parser-unknown-class] "ActHead9", text="Major Sporting Events (Indicia and Images) Protection Act 2014"
[parser-unknown-class] "ItemHead", text="41  Amendments of listed provisions"
[parser-unknown-class] "ActHead9", text="Medical Indemnity Act 2002"
[parser-unknown-class] "ItemHead", text="42  Amendments of listed provisions"
[parser-unknown-class] "ActHead9", text="Midwife Professional Indemnity (Commonwealth Contribution) Scheme Act 2010"
[parser-unknown-class] "ItemHead", text="43  Amendments of listed provisions"
[parser-unknown-class] "ActHead9", text="My Health Records Act 2012"
[parser-unknown-class] "ItemHead", text="44  Amendments of listed provisions"
[parser-unknown-class] "ActHead9", text="National Health Security Act 2007"
[parser-unknown-class] "ItemHead", text="45  Amendments of listed provisions"
[parser-unknown-class] "ActHead9", text="Private Health Insurance Act 2007"
[parser-unknown-class] "ItemHead", text="46  Amendments of listed provisions"
[parser-unknown-class] "ActHead6", text="Schedule 13—Industry, Science and Resources"
[parser-unknown-class] "ActHead7", text="Part 1—Main amendments"
[parser-unknown-class] "ActHead9", text="Offshore Petroleum and Greenhouse Gas Storage Act 2006"
[parser-unknown-class] "ItemHead", text="1  Section 747 (note)"
[parser-unknown-class] "ItemHead", text="2  Section 747A (note)"
[parser-unknown-class] "ActHead9", text="Tradex Scheme Act 1999"
[parser-unknown-class] "ItemHead", text="3  Section 40 (note)"
[parser-unknown-class] "ActHead7", text="Part 2—Bulk amendments"
[parser-unknown-class] "ActHead9", text="Offshore Petroleum and Greenhouse Gas Storage Act 2006"
[parser-unknown-class] "ItemHead", text="4  Amendments of listed provisions"
[parser-unknown-class] "ActHead9", text="Space (Launches and Returns) Act 2018"
[parser-unknown-class] "ItemHead", text="5  Amendments of listed provisions"
[parser-unknown-class] "ActHead9", text="Tradex Scheme Act 1999"
[parser-unknown-class] "ItemHead", text="6  Amendments of listed provisions"
[parser-unknown-class] "ActHead6", text="Schedule 14—Infrastructure, Transport, Regional Development, Communications and the Arts"
[parser-unknown-class] "ActHead7", text="Part 1—Main amendments"
[parser-unknown-class] "ActHead9", text="Adelaide Airport Curfew Act 2000"
[parser-unknown-class] "ItemHead", text="1  Subsection 9(7) (note)"
[parser-unknown-class] "ItemHead", text="2  Subsection 11(7) (note)"
[parser-unknown-class] "ActHead9", text="Marine Safety (Domestic Commercial Vessel) National Law Act 2012"
[parser-unknown-class] "ItemHead", text="3  Subsection 16(3)"
[parser-unknown-class] "ActHead7", text="Part 2—Bulk amendments"
[parser-unknown-class] "ActHead9", text="Adelaide Airport Curfew Act 2000"
[parser-unknown-class] "ItemHead", text="4  Amendments of listed provisions"
[parser-unknown-class] "ActHead9", text="Aircraft Noise Levy Collection Act 1995"
[parser-unknown-class] "ItemHead", text="5  Amendments of listed provisions"
[parser-unknown-class] "ActHead9", text="Air Navigation Act 1920"
[parser-unknown-class] "ItemHead", text="6  Amendments of listed provisions"
[parser-unknown-class] "ActHead9", text="Air Services Act 1995"
[parser-unknown-class] "ItemHead", text="7  Amendments of listed provisions"
[parser-unknown-class] "ActHead9", text="Interactive Gambling Act 2001"
[parser-unknown-class] "ItemHead", text="8  Amendments of listed provisions"
[parser-unknown-class] "ActHead9", text="Marine Safety (Domestic Commercial Vessel) National Law Act 2012"
[parser-unknown-class] "ItemHead", text="9  Amendments of listed provisions—Act"
[parser-unknown-class] "ItemHead", text="10  Amendments of listed provisions—National Law"
[parser-unknown-class] "ActHead9", text="National Transmission Network Sale Act 1998"
[parser-unknown-class] "ItemHead", text="11  Amendments of listed provisions"
[parser-unknown-class] "ActHead9", text="Navigation Act 2012"
[parser-unknown-class] "ItemHead", text="12  Amendments of listed provisions"
[parser-unknown-class] "ActHead9", text="Protection of Cultural Objects on Loan Act 2013"
[parser-unknown-class] "ItemHead", text="13  Amendments of listed provisions"
[parser-unknown-class] "ActHead9", text="Protection of Movable Cultural Heritage Act 1986"
[parser-unknown-class] "ItemHead", text="14  Amendments of listed provisions"
[parser-unknown-class] "ActHead9", text="Protection of the Sea (Civil Liability) Act 1981"
[parser-unknown-class] "ItemHead", text="15  Amendments of listed provisions"
[parser-unknown-class] "ActHead9", text="Protection of the Sea (Civil Liability for Bunker Oil Pollution Damage) Act 2008"
[parser-unknown-class] "ItemHead", text="16  Amendments of listed provisions"
[parser-unknown-class] "ActHead9", text="Protection of the Sea (Prevention of Pollution from Ships) Act 1983"
[parser-unknown-class] "ItemHead", text="17  Amendments of listed provisions"
[parser-unknown-class] "ActHead9", text="Public Lending Right Act 1985"
[parser-unknown-class] "ItemHead", text="18  Amendments of listed provisions"
[parser-unknown-class] "ActHead9", text="Resale Royalty Right for Visual Artists Act 2009"
[parser-unknown-class] "ItemHead", text="19  Amendments of listed provisions"
[parser-unknown-class] "ActHead9", text="Shipping Reform (Tax Incentives) Act 2012"
[parser-unknown-class] "ItemHead", text="20  Amendments of listed provisions"
[parser-unknown-class] "ActHead9", text="Shipping Registration Act 1981"
[parser-unknown-class] "ItemHead", text="21  Amendments of listed provisions"
[parser-unknown-class] "ActHead9", text="Sydney Airport Curfew Act 1995"
[parser-unknown-class] "ItemHead", text="22  Amendments of listed provisions"
[parser-unknown-class] "ActHead9", text="Telstra Corporation Act 1991"
[parser-unknown-class] "ItemHead", text="23  Amendments of listed provisions"
[parser-unknown-class] "ActHead6", text="Schedule 15—Veterans’ Affairs"
[parser-unknown-class] "ActHead7", text="Part 1—Main amendments"
[parser-unknown-class] "ActHead9", text="Australian Participants in British Nuclear Tests and British Commonwealth Occupation Force (Treat..."
[parser-unknown-class] "ItemHead", text="1  Section 27 (note)"
[parser-unknown-class] "ActHead9", text="Compensation (Japanese Internment) Act 2001"
[parser-unknown-class] "ItemHead", text="2  Section 3 (definition of Review Tribunal)"
[parser-unknown-class] "ItemHead", text="3  Section 3"
[parser-unknown-class] "ItemHead", text="4  Subsection 7(2)"
[parser-unknown-class] "ActHead9", text="Military Rehabilitation and Compensation Act 2004"
[parser-unknown-class] "ItemHead", text="5  Subsection 354(1A)"
[parser-unknown-class] "ItemHead", text="6  Subsection 354(1B)"
[parser-unknown-class] "ItemHead", text="7  Subsection 354(1C)"
[parser-unknown-class] "ItemHead", text="8  Section 355 (table heading)"
[parser-unknown-class] "ItemHead", text="9  Section 355 (cell at table item 1, column headed “Provision”)"
[parser-unknown-class] "ItemHead", text="10  Section 355 (cell at table item 2, column headed “Provision”)"
[parser-unknown-class] "ItemHead", text="11  Section 355 (cell at table item 3, column headed “Provision”)"
[parser-unknown-class] "ItemHead", text="12  Section 355 (cell at table item 4, column headed “Provision”)"
[parser-unknown-class] "ItemHead", text="13  Section 355 (cell at table item 5, column headed “Provision”)"
[parser-unknown-class] "ItemHead", text="14  After section 355"
[parser-unknown-class] "ItemHead", text="15  Subsection 357(7)"
[parser-unknown-class] "ActHead9", text="Safety, Rehabilitation and Compensation (Defence‑related Claims) Act 1988"
[parser-unknown-class] "ItemHead", text="16  Subsection 64(3)"
[parser-unknown-class] "ItemHead", text="17  Subsection 65(3)"
[parser-unknown-class] "ItemHead", text="18  Subsection 65(4)"
[parser-unknown-class] "ItemHead", text="19  Subsection 67(13)"
[parser-unknown-class] "ItemHead", text="20  Subsection 67(14)"
[parser-unknown-class] "ActHead9", text="Treatment Benefits (Special Access) Act 2019"
[parser-unknown-class] "ItemHead", text="21  Section 36 (note)"
[parser-unknown-class] "ActHead9", text="Veterans’ Entitlements Act 1986"
[parser-unknown-class] "ItemHead", text="22  Section 35J (note)"
[parser-unknown-class] "ItemHead", text="23  At the end of section 115B"
[parser-unknown-class] "ItemHead", text="24  Subsection 155A(2)"
[parser-unknown-class] "ItemHead", text="25  Subsection 175(2E)"
[parser-unknown-class] "ItemHead", text="26  Subsection 175(4)"
[parser-unknown-class] "ItemHead", text="27  Subsection 175(5)"
[parser-unknown-class] "ItemHead", text="28  Subsection 176(1)"
[parser-unknown-class] "ItemHead", text="29  Subsection 176(2)"
[parser-unknown-class] "ItemHead", text="30  Subsection 176(3)"
[parser-unknown-class] "ItemHead", text="31  Subsection 176(4)"
[parser-unknown-class] "ItemHead", text="32  Subsections 176(5) and (6)"
[parser-unknown-class] "ItemHead", text="33  Subsection 176(7)"
[parser-unknown-class] "ItemHead", text="34  Subsection 176(8)"
[parser-unknown-class] "ItemHead", text="35  Subsection 176(9)"
[parser-unknown-class] "ItemHead", text="36  At the end of section 176"
[parser-unknown-class] "ItemHead", text="37  Subsection 177(1)"
[parser-unknown-class] "ItemHead", text="38  Section 216"
[parser-unknown-class] "ItemHead", text="39  At the end of section 216"
[parser-unknown-class] "ActHead7", text="Part 2—Bulk amendments"
[parser-unknown-class] "ActHead9", text="Australian Participants in British Nuclear Tests and British Commonwealth Occupation Force (Treat..."
[parser-unknown-class] "ItemHead", text="40  Amendments of listed provisions"
[parser-unknown-class] "ActHead9", text="Defence Service Homes Act 1918"
[parser-unknown-class] "ItemHead", text="41  Amendments of listed provisions"
[parser-unknown-class] "ActHead9", text="Military Rehabilitation and Compensation Act 2004"
[parser-unknown-class] "ItemHead", text="42  Amendments of listed provisions"
[parser-unknown-class] "ActHead9", text="Safety, Rehabilitation and Compensation (Defence‑related Claims) Act 1988"
[parser-unknown-class] "ItemHead", text="43  Amendments of listed provisions"
[parser-unknown-class] "ActHead9", text="Social Security and Veterans’ Affairs Legislation Amendment (One‑off Payments and Other 2007 Budg..."
[parser-unknown-class] "ItemHead", text="44  Amendments of listed provisions"
[parser-unknown-class] "ActHead9", text="Treatment Benefits (Special Access) Act 2019"
[parser-unknown-class] "ItemHead", text="45  Amendments of listed provisions"
[parser-unknown-class] "ActHead9", text="Veterans’ Entitlements Act 1986"
[parser-unknown-class] "ItemHead", text="46  Amendments of listed provisions"
[parser-unknown-class] "ActHead9", text="Veterans’ Entitlements (Clarke Review) Act 2004"
[parser-unknown-class] "ItemHead", text="47  Amendments of listed provisions"
[parser-unknown-class] "ActHead6", text="Schedule 16—Transitional provisions"
[parser-unknown-class] "ActHead7", text="Part 1—Preliminary"
[parser-unknown-class] "Transitional", text="1  Definitions"
[parser-unknown-class] "Transitional", text="2  Application of Parts 3 to 6"
[parser-unknown-class] "ActHead7", text="Part 2—Establishment of the ART"
[parser-unknown-class] "Transitional", text="3  President’s report for period ended before transition time"
[parser-unknown-class] "Subitem", text="(1) This item applies if:"
[parser-unknown-class] "Subitem", text="(2) The President of the ART must, as soon as reasonably practicable, prepare the report in accor..."
[parser-unknown-class] "Subitem", text="(3) The Minister must cause a copy of the report to be tabled in each House of the Parliament as ..."
[parser-unknown-class] "Transitional", text="4  Registrar’s report for period ended before transition time"
[parser-unknown-class] "Subitem", text="(1) This item applies if:"
[parser-unknown-class] "Subitem", text="(2) The Chief Executive Officer and Principal Registrar of the ART must prepare the report."
[parser-unknown-class] "Transitional", text="5  President’s report for period in which transition time occurs"
[parser-unknown-class] "Subitem", text="(1) This item applies:"
[parser-unknown-class] "Subitem", text="(2) The first annual report prepared by the President of the ART under section 264 of the new Act..."
[parser-unknown-class] "Transitional", text="6  Registrar’s report for period in which transition time occurs"
[parser-unknown-class] "Subitem", text="(1) This item applies:"
[parser-unknown-class] "Subitem", text="(2) The first annual report prepared by the Chief Executive Officer and Principal Registrar of th..."
[parser-unknown-class] "Transitional", text="7  Records"
[parser-unknown-class] "Subitem", text="(1) This item applies to records and documents that were in the possession of the AAT before the ..."
[parser-unknown-class] "Subitem", text="(2) The records and documents are to be transferred to the ART after the transition time."
[parser-unknown-class] "Transitional", text="8  Return of documents by courts"
[parser-unknown-class] "Subitem", text="(1) This item applies if:"
[parser-unknown-class] "Subitem", text="(2) At the return time, the court must return the document to the ART."
[parser-unknown-class] "Transitional", text="9  Return of documents by AAT"
[parser-unknown-class] "Subitem", text="(1) This item applies if:"
[parser-unknown-class] "Subitem", text="(2) At the return time, the ART must return the document."
[parser-unknown-class] "Transitional", text="10  Pending proceedings"
[parser-unknown-class] "Subitem", text="(1) This item applies to any proceedings:"
[parser-unknown-class] "Subitem", text="(2) The ART is, after the transition time, substituted for the AAT as a party to the proceedings."
[parser-unknown-class] "Transitional", text="11  Staff"
[parser-unknown-class] "Subitem", text="(1) This item applies to a person who, immediately before the transition time, was engaged as a s..."
[parser-unknown-class] "Subitem", text="(2) The person is taken, at the transition time, to be engaged as a member of the staff of the AR..."
[parser-unknown-class] "Subitem", text="(3) The repeal of the old Act does not affect the continuity of employment of the person."
[parser-unknown-class] "Transitional", text="12  Registries"
[parser-unknown-class] "Subitem", text="(1) This item applies if a registry established under section 64 of the old Act was in existence ..."
[parser-unknown-class] "Subitem", text="(2) At the transition time, the registry exists as if it had been established by the Minister und..."
[parser-unknown-class] "Transitional", text="13  References in instruments"
[parser-unknown-class] "Subitem", text="(1) This item applies if an instrument in force immediately before the transition time:"
[parser-unknown-class] "Subitem", text="(2) The reference is taken, after the transition time, to be a reference to the following (as the..."
[parser-unknown-class] "Subitem", text="(3) The rules may provide that subitem (2) does not apply in relation to a specified instrument, ..."
[parser-unknown-class] "Subitem", text="(4) To avoid doubt, this item does not prevent the instrument from being amended or repealed afte..."
[parser-unknown-class] "ActHead7", text="Part 3—Notice, review rights and reasons"
[parser-unknown-class] "Transitional", text="14  Notice of decisions"
[parser-unknown-class] "Subitem", text="(1) This item applies if:"
[parser-unknown-class] "Subitem", text="(2) The notice must be given:"
[parser-unknown-class] "Transitional", text="15  Notice of review rights"
[parser-unknown-class] "Subitem", text="(1) This item applies if:"
[parser-unknown-class] "Subitem", text="(2) The notice must be given:"
[parser-unknown-class] "Transitional", text="16  Reasons for decisions—mandatory"
[parser-unknown-class] "Subitem", text="(1) This item applies if:"
[parser-unknown-class] "Subitem", text="(2) The reasons must be given:"
[parser-unknown-class] "Transitional", text="17  Reasons for decisions—on request"
[parser-unknown-class] "Subitem", text="(1) This item applies if:"
[parser-unknown-class] "Subitem", text="(2) The person may make the request after the transition time:"
[parser-unknown-class] "Transitional", text="18  Reasons requested but not received"
[parser-unknown-class] "Subitem", text="(1) This item applies if:"
[parser-unknown-class] "Subitem", text="(2) The reasons must be given:"
[parser-unknown-class] "ActHead7", text="Part 4—Rights to apply"
[parser-unknown-class] "Transitional", text="19  Notice of right to apply"
[parser-unknown-class] "Subitem", text="(1) This item applies if:"
[parser-unknown-class] "Subitem", text="(2) The notice is taken:"
[parser-unknown-class] "Transitional", text="20  Applications to AAT"
[parser-unknown-class] "Subitem", text="(1) This item applies if, immediately before the transition time, a person was entitled to make a..."
[parser-unknown-class] "Subitem", text="(2) The person may make the application to the ART:"
[parser-unknown-class] "Subitem", text="(3) The ART must deal with the application in a manner that the ART considers is efficient and fair."
[parser-unknown-class] "Subitem", text="(4) For the purposes of subitem (3), the ART must have regard to the impact of the following in r..."
[parser-unknown-class] "Subitem", text="(5) The ART must, as far as possible, deal with the application under the new law."
[parser-unknown-class] "Subitem", text="(6) To avoid doubt, subitem (5) has effect subject to subitem (3)."
[parser-unknown-class] "Transitional", text="21  No duplicate applications"
[parser-unknown-class] "Subitem", text="(1) This item applies if, before the transition time:"
[parser-unknown-class] "Subitem", text="(2) This item also applies if:"
[parser-unknown-class] "Subitem", text="(3) The person is not entitled to apply to the ART for review of the initial decision."
[parser-unknown-class] "Transitional", text="22  AAT decisions made before transition time"
[parser-unknown-class] "SubitemHead", text="Requests for written reasons"
[parser-unknown-class] "Subitem", text="(1) If, immediately before the transition time, a person was entitled to request reasons in writi..."
[parser-unknown-class] "Subitem", text="(2) The old law continues to apply in relation to the request."
[parser-unknown-class] "SubitemHead", text="Notice of decision and statement of reasons"
[parser-unknown-class] "Subitem", text="(3) To avoid doubt, section 111 of the new Act does not apply in relation to a decision made by t..."
[parser-unknown-class] "SubitemHead", text="Guidance and appeals panel"
[parser-unknown-class] "Subitem", text="(4) To avoid doubt, Part 5 (guidance and appeals panel) of the new Act does not apply in relation..."
[parser-unknown-class] "Transitional", text="23  Applications to courts"
[parser-unknown-class] "Subitem", text="(1) This item applies if, immediately before the transition time, a party to a proceeding before ..."
[parser-unknown-class] "Subitem", text="(2) The party may appeal or make the application to the court after the transition time:"
[parser-unknown-class] "Subitem", text="(3) For the purposes of the appeal or application, anything the court could have done in relation..."
[parser-unknown-class] "ActHead7", text="Part 5—Proceedings in progress"
[parser-unknown-class] "Transitional", text="24  AAT proceedings"
[parser-unknown-class] "Subitem", text="(1) This item applies if a proceeding in the AAT is not finalised (however described) before the ..."
[parser-unknown-class] "Subitem", text="(2) The proceeding must be continued and finalised by the ART in a manner that the ART considers ..."
[parser-unknown-class] "Subitem", text="(3) For the purposes of subitem (2), the ART must have regard to the impact of the following on t..."
[parser-unknown-class] "Subitem", text="(4) The ART must, as far as possible, continue the proceeding under the new law."
[parser-unknown-class] "Subitem", text="(5) To avoid doubt, subitem (4) has effect subject to subitem (2)."
[parser-unknown-class] "SubitemHead", text="Effect of things done before the transition time"
[parser-unknown-class] "Subitem", text="(6) Anything done in, or in relation to, the proceeding before the transition time continues to h..."
[parser-unknown-class] "Subitem", text="(7) Anything done in, or in relation to, the proceeding before the transition time that was valid..."
[parser-unknown-class] "Subitem", text="(8) Anything done in, or in relation to, the proceeding before the transition time by the AAT is ..."
[parser-unknown-class] "Transitional", text="25  Court proceedings"
[parser-unknown-class] "Subitem", text="(1) This item applies to a proceeding in a court that:"
[parser-unknown-class] "Subitem", text="(2) Anything the court could have done in relation to the AAT before the transition time may be d..."
[parser-unknown-class] "ActHead7", text="Part 6—Other things done by, or in relation to, the AAT"
[parser-unknown-class] "Transitional", text="26  General rule"
[parser-unknown-class] "Subitem", text="(1) The new law applies in relation to a thing done by, or in relation to, the AAT as if the thin..."
[parser-unknown-class] "Subitem", text="(2) This item has effect subject to other items of this Schedule."
[parser-unknown-class] "Transitional", text="27  Protection of information and documents"
[parser-unknown-class] "Subitem", text="(1) This item applies if:"
[parser-unknown-class] "Subitem", text="(2) The old law (including any offences under the old law) continues to apply in relation to the ..."
[parser-unknown-class] "ActHead7", text="Part 7—Members of the Tribunal and Chief Executive Officer and Principal Registrar"
[parser-unknown-class] "Transitional", text="28  President of the Tribunal"
[parser-unknown-class] "Transitional", text="29  Deputy Presidents who are judges"
[parser-unknown-class] "Transitional", text="30  AAT members—certain appointments on or after 1 January 2023"
[parser-unknown-class] "Subitem", text="(1) This item applies if:"
[parser-unknown-class] "Subitem", text="(2) At the transition time, the person becomes:"
[parser-unknown-class] "Subitem", text="(3) If the person was a full‑time member, the person becomes a salaried member of the ART."
[parser-unknown-class] "Subitem", text="(4) If the person was a part‑time member, the person becomes a sessional member of the ART."
[parser-unknown-class] "Subitem", text="(5) The person is taken to be appointed to the ART for the remainder of the term for which the pe..."
[parser-unknown-class] "Subitem", text="(6) For the remainder of that term, the terms and conditions (including remuneration) of the pers..."
[parser-unknown-class] "Subitem", text="(7) If, immediately before the transition time, the person was a member of the AAT, the person ma..."
[parser-unknown-class] "Subitem", text="(8) To avoid doubt, any leave entitlements the person had accrued immediately before the transiti..."
[parser-unknown-class] "Transitional", text="31  AAT members appointed as ART members"
[parser-unknown-class] "Subitem", text="(1) This item applies if:"
[parser-unknown-class] "Subitem", text="(2) The person’s remuneration:"
[parser-unknown-class] "Subitem", text="(3) No other compensation is payable by the Commonwealth in relation to the person’s appointment ..."
[parser-unknown-class] "Subitem", text="(4) Any leave entitlements the person had accrued immediately before the transition time as a mem..."
[parser-unknown-class] "Subitem", text="(5) Subitem (4) has effect:"
[parser-unknown-class] "SubitemHead", text="Election to have leave paid"
[parser-unknown-class] "Subitem", text="(6) The person may elect to have any leave entitlements the person had accrued immediately before..."
[parser-unknown-class] "Subitem", text="(7) The election must be:"
[parser-unknown-class] "Subitem", text="(8) To avoid doubt:"
[parser-unknown-class] "Transitional", text="32  AAT members not appointed as ART members"
[parser-unknown-class] "Subitem", text="(1) This item applies if:"
[parser-unknown-class] "Subitem", text="(2) The Commonwealth must pay the person compensation as follows:"
[parser-unknown-class] "Subitem", text="(3) No other compensation is payable by the Commonwealth in relation to the person’s appointment ..."
[parser-unknown-class] "Subitem", text="(4) To avoid doubt:"
[parser-unknown-class] "Transitional", text="33  Compensation"
[parser-unknown-class] "Subitem", text="(1) If:"
[parser-unknown-class] "Subitem", text="(2) If the Commonwealth and the person do not agree on the amount of the compensation, the person..."
[parser-unknown-class] "Subitem", text="(3) In this item:"
[parser-unknown-class] "Transitional", text="33A  Appointments to commence at or shortly after the transition time"
[parser-unknown-class] "SubitemHead", text="AAT President to be consulted on member appointments before transition time"
[parser-unknown-class] "Subitem", text="(1) Subitems (2) and (3) apply to any appointment of a person made in the exercise before the tra..."
[parser-unknown-class] "Subitem", text="(2) Paragraphs 206(2)(b), 207(2)(a) and 208(2)(a) of the new Act do not apply to the appointment ..."
[parser-unknown-class] "Subitem", text="(3) Before the Minister makes a recommendation to the Governor‑General to appoint the person, the..."
[parser-unknown-class] "SubitemHead", text="Members assessed before the transition time"
[parser-unknown-class] "Subitem", text="(4) Paragraphs 207(2)(b) and 208(2)(b) of the new Act do not apply to the appointment of a person..."
[parser-unknown-class] "Subitem", text="(5) Subitem (4) ceases to be in force 6 months after the transition time."
[parser-unknown-class] "SubitemHead", text="AAT President’s agreement required for appointment of Chief Executive Officer and Principal Regis..."
[parser-unknown-class] "Subitem", text="(6) Subitems (7) and (8) apply to any appointment of a person made in the exercise before the tra..."
[parser-unknown-class] "Subitem", text="(7) Paragraph 227(2)(c) of the new Act does not apply to the appointment of the person."
[parser-unknown-class] "Subitem", text="(8) Before the Minister makes a recommendation to the Governor‑General to appoint the person, the..."
[parser-unknown-class] "SubitemHead", text="Chief Executive Officer and Principal Registrar assessed before the transition time"
[parser-unknown-class] "Subitem", text="(9) Paragraph 227(2)(b) of the new Act does not apply to the appointment of a person assessed, by..."
[parser-unknown-class] "Subitem", text="(10) Subitem (9) ceases to be in force 1 month after the transition time."
[parser-unknown-class] "ActHead7", text="Part 8—Matters specific to particular Acts"
[parser-unknown-class] "ActHead8", text="Division 1—Migration"
[parser-unknown-class] "Transitional", text="34  Definitions"
[parser-unknown-class] "Transitional", text="35  Part 7AA fast track review—decision on protection visa application not made before transition..."
[parser-unknown-class] "Subitem", text="(1) Subitem (2) applies if:"
[parser-unknown-class] "Subitem", text="(2) The Minister must refer the decision to refuse to grant the protection visa to the ART as soo..."
[parser-unknown-class] "Subitem", text="(3) If the Minister refers a decision to the ART under subitem (2):"
[parser-unknown-class] "Transitional", text="36  Part 7AA fast track review—decision not made by IAA before transition time"
[parser-unknown-class] "Subitem", text="(1) This item applies if:"
[parser-unknown-class] "Subitem", text="(2) The proceeding for review of the decision must be continued and finalised by the ART."
[parser-unknown-class] "Subitem", text="(3) For the purposes of subitem (2), the proceeding is taken to be a proceeding for review of a r..."
[parser-unknown-class] "Transitional", text="37  Part 7AA fast track review—excluded fast track review applicants"
[parser-unknown-class] "Subitem", text="(1) Subitem (2) applies if:"
[parser-unknown-class] "Subitem", text="(2) The Minister must refer the decision to refuse to grant the protection visa to the ART as soo..."
[parser-unknown-class] "Subitem", text="(3) If the Minister refers a decision to the ART under subitem (2):"
[parser-unknown-class] "Transitional", text="38  Minister may substitute a more favourable decision"
[parser-unknown-class] "Transitional", text="39  Date of migration decision"
[parser-unknown-class] "Subitem", text="(1) This item applies if, immediately before the transition time, a particular date was, for a mi..."
[parser-unknown-class] "Subitem", text="(2) That particular date continues to be the date of the migration decision for the purposes of t..."
[parser-unknown-class] "Transitional", text="40  Section 486D of the Migration Act 1958"
[parser-unknown-class] "Subitem", text="For the purposes of the operation of section 486D of the Migration Act 1958 on and after the tran..."
[parser-unknown-class] "Transitional", text="41  Delegation"
[parser-unknown-class] "Transitional", text="42  Applications that are finally determined"
[parser-unknown-class] "ActHead8", text="Division 2—Social services"
[parser-unknown-class] "ItemHead", text="43  Definitions"
[parser-unknown-class] "ItemHead", text="44  No second review following AAT second review"
[parser-unknown-class] "Subitem", text="(1) This item applies if:"
[parser-unknown-class] "Subitem", text="(2) The person is not entitled to apply to the ART for second review in relation to the decision."
[parser-unknown-class] "ActHead7", text="Part 9—Transitional rules"
[parser-unknown-class] "Transitional", text="51  Transitional rules"
[parser-unknown-class] "Subitem", text="(1) The Minister may, by legislative instrument, make rules prescribing matters:"
[parser-unknown-class] "Subitem", text="(2) Without limiting subitem (1), the rules may prescribe matters of a transitional nature (inclu..."
[parser-unknown-class] "Subitem", text="(3) Without limiting subitem (2), rules made for the purposes of that subitem may do either or bo..."
[parser-unknown-class] "Subitem", text="(4) Despite subsection 12(2) of the Legislation Act 2003 and subject to subitem (5), the rules ma..."
[parser-unknown-class] "Subitem", text="(5) If:"
[parser-unknown-class] "Subitem", text="(6) To avoid doubt, the rules may not do the following:"
[parser-unknown-class] "Subitem", text="(7) This Schedule does not limit the rules that may be made for the purposes of subitem (1)."
[parser-unknown-class] "ActHead7", text="Part 10—Consultation before transition time"
[parser-unknown-class] "Transitional", text="52  Consultation in relation to rules before the transition time"
[parser-unknown-class] "Subitem", text="(1) This item applies to rules made in the exercise before the transition time of the power confe..."
[parser-unknown-class] "Subitem", text="(2) Subsection 295(6) of the new Act does not apply to the making of the rules."
[parser-unknown-class] "Subitem", text="(3) Before making rules that would affect the practice, procedure or operations of the Tribunal, ..."
[parser-unknown-class] "ActHead6", text="Schedule 17—Repeals"
[parser-unknown-class] "ActHead9", text="Administrative Appeals Tribunal Act 1975"
[parser-unknown-class] "ItemHead", text="1  The whole of the Act"
[parser-unknown-class] "2ndRd", text=""
[parser-unknown-class] "2ndRd", text="[Minister’s second reading speech made in—"
[parser-unknown-class] "2ndRd", text="House of Representatives on 7 December 2023"
[parser-unknown-class] "2ndRd", text="Senate on 25 March 2024]"
[parser-diag] processed 7382 <p> elements
[parser-diag] last section was added at element index: 6533
[parser-diag] state phase at end: BODY
[parser-diag] hierarchy stack depth at end: 4
[parser-diag] insideSchedule at end: false
[parse] sections: 108
[parse] compilation: date=(none) no=(none)
[parse] by level:
         section      96
         part         1
         division     9
         subdivision  2
[db] inserted new legislation row: 03549edb-09f8-4b67-8620-e705fe57cae6
[db] inserting 108 sections (pass 1)
[db] inserted 108 sections
[db] linking parent FKs (pass 2)
[db] linked 80 parent references

[done] ingested Administrative Review Tribunal (Consequential and Transitional Provisions No. 1) Act 2024
       legislation_id: 03549edb-09f8-4b67-8620-e705fe57cae6
       sections: 108
       compilation: 2024-05-31
