[fetch] document_1: https://www.legislation.gov.au/C2021A00013/2021-03-01/2021-03-01/text/original/epub/OEBPS/document_1/document_1.html
[fetch] document_1: 774,119 bytes
[fetch] document_2: https://www.legislation.gov.au/C2021A00013/2021-03-01/2021-03-01/text/original/epub/OEBPS/document_2/document_2.html
[fetch] document_2 not found — stopping. Fetched 1 document(s).
[fetch] combined 1 document(s), 774,119 source bytes → 772,492 combined bytes
[citation] Federal Circuit and Family Court of Australia (Consequential Amendments and Transitional Provisions) Act 2021 (Cth)
[parse] starting
[parser-diag] total <p> elements found: 4016
[parser-unknown-class] "ActHead6", text="Schedule 1—Amendments relating to the Federal Circuit and Family Court of Australia"
[parser-unknown-class] "ActHead7", text="Part 1—Amendments"
[parser-unknown-class] "ActHead9", text="Family Law Act 1975"
[parser-unknown-class] "ItemHead", text="1  Subsection 4(1)"
[parser-unknown-class] "ItemHead", text="2  Subsection 4(1)"
[parser-unknown-class] "ItemHead", text="3  Subsection 4(1) (definition of applicable Rules of Court)"
[parser-unknown-class] "ItemHead", text="4  Subsection 4(1) (definition of Chief Executive Officer)"
[parser-unknown-class] "ItemHead", text="5  Subsection 4(1)"
[parser-unknown-class] "ItemHead", text="6  Subsection 4(1) (at the end of the definition of court)"
[parser-unknown-class] "ItemHead", text="7  Subsection 4(1) (definition of Deputy Chief Justice)"
[parser-unknown-class] "ItemHead", text="8  Subsection 4(1)"
[parser-unknown-class] "ItemHead", text="9  Subsection 4(1)"
[parser-unknown-class] "ItemHead", text="10  Subsection 4(1)"
[parser-unknown-class] "ItemHead", text="11  Subsection 4(1) (definition of Registrar)"
[parser-unknown-class] "ItemHead", text="12  Subsection 4(1) (definition of Registry Manager)"
[parser-unknown-class] "ItemHead", text="13  Subsection 4(1)"
[parser-unknown-class] "ItemHead", text="14  Subsection 4(1)"
[parser-unknown-class] "ItemHead", text="15  Subsection 4(1A)"
[parser-unknown-class] "ItemHead", text="16  Subsections 4(2) and (2A)"
[parser-unknown-class] "ItemHead", text="17  Subsection 4(3)"
[parser-unknown-class] "ItemHead", text="18  Subsection 8(1)"
[parser-unknown-class] "ItemHead", text="19  Section 9"
[parser-unknown-class] "ItemHead", text="20  Paragraphs 10C(1)(c) and (d)"
[parser-unknown-class] "ItemHead", text="21  Paragraphs 10G(1)(c) and (d)"
[parser-unknown-class] "ItemHead", text="22  Section 10P"
[parser-unknown-class] "ItemHead", text="23  Section 11B (note)"
[parser-unknown-class] "ItemHead", text="24  Subsection 11C(1) (note 1)"
[parser-unknown-class] "ItemHead", text="25  Section 11D"
[parser-unknown-class] "ItemHead", text="26  Subparagraphs 11E(1)(e)(i) and (ia)"
[parser-unknown-class] "ItemHead", text="27  Subparagraph 11E(1)(e)(iii)"
[parser-unknown-class] "ItemHead", text="28  Section 13G (heading)"
[parser-unknown-class] "ItemHead", text="29  Paragraphs 13G(1)(a), (b) and (c)"
[parser-unknown-class] "ItemHead", text="30  Subsection 13G(3)"
[parser-unknown-class] "ItemHead", text="31  Section 13J (heading)"
[parser-unknown-class] "ItemHead", text="32  Paragraphs 13J(1)(a), (b) and (c)"
[parser-unknown-class] "ItemHead", text="33  Subsection 13J(2)"
[parser-unknown-class] "ItemHead", text="34  Section 13K (heading)"
[parser-unknown-class] "ItemHead", text="35  Paragraphs 13K(1)(a) and (b)"
[parser-unknown-class] "ItemHead", text="36  Parts IV and IVA"
[parser-unknown-class] "ItemHead", text="37  Paragraph 39(1)(a)"
[parser-unknown-class] "ItemHead", text="38  Subsection 39(1A)"
[parser-unknown-class] "ItemHead", text="39  Subsection 39(5)"
[parser-unknown-class] "ItemHead", text="40  Paragraph 39(5)(b)"
[parser-unknown-class] "ItemHead", text="41  Paragraph 39(5)(d)"
[parser-unknown-class] "ItemHead", text="42  Subsections 39(5AA) and (5A)"
[parser-unknown-class] "ItemHead", text="43  Paragraph 39(6)(b)"
[parser-unknown-class] "ItemHead", text="44  Paragraph 39(6)(d)"
[parser-unknown-class] "ItemHead", text="45  Paragraphs 39A(1)(a) and (b)"
[parser-unknown-class] "ItemHead", text="46  Paragraphs 39B(1)(a) and (b)"
[parser-unknown-class] "ItemHead", text="47  Subsection 39B(1) (notes 1 and 2)"
[parser-unknown-class] "ItemHead", text="48  Section 39G"
[parser-unknown-class] "ItemHead", text="49  Section 40 (heading)"
[parser-unknown-class] "ItemHead", text="50  Subsection 40(1)"
[parser-unknown-class] "ItemHead", text="51  Subsection 40(6)"
[parser-unknown-class] "ItemHead", text="52  Subsection 40(7)"
[parser-unknown-class] "ItemHead", text="53  Section 40A"
[parser-unknown-class] "ItemHead", text="54  Subsection 41(3)"
[parser-unknown-class] "ItemHead", text="55  Subsection 41(5)"
[parser-unknown-class] "ItemHead", text="56  Subsection 43(1)"
[parser-unknown-class] "ItemHead", text="57  Subparagraph 44(1B)(a)(ii)"
[parser-unknown-class] "ItemHead", text="58  Subparagraph 44(1B)(a)(iii)"
[parser-unknown-class] "ItemHead", text="59  Subsection 45(1)"
[parser-unknown-class] "ItemHead", text="60  Subsection 45(2)"
[parser-unknown-class] "ItemHead", text="61  Paragraphs 45(2)(a) and (b)"
[parser-unknown-class] "ItemHead", text="62  Subsection 45(2) (notes 1 and 2)"
[parser-unknown-class] "ItemHead", text="63  Subparagraphs 46(1)(a)(i) to (iii)"
[parser-unknown-class] "ItemHead", text="64  Subparagraphs 46(1)(b)(i) to (iii)"
[parser-unknown-class] "ItemHead", text="65  Paragraphs 46(1C)(a) to (c)"
[parser-unknown-class] "ItemHead", text="66  Paragraphs 46(2A)(c) to (e)"
[parser-unknown-class] "ItemHead", text="67  Subsection 46(3A)"
[parser-unknown-class] "ItemHead", text="68  Paragraphs 46(3A)(a) to (c)"
[parser-unknown-class] "ItemHead", text="69  At the end of Part V"
[parser-unknown-class] "ItemHead", text="70  Subsection 55(5) (paragraphs (d) and (e) of the definition of appeal)"
[parser-unknown-class] "ItemHead", text="71  Subsection 56(2)"
[parser-unknown-class] "ItemHead", text="72  At the end of Part VI"
[parser-unknown-class] "ItemHead", text="73  Subsection 60F(5) (definition of this Act)"
[parser-unknown-class] "ItemHead", text="74  Section 60G (heading)"
[parser-unknown-class] "ItemHead", text="75  Subsection 60G(1)"
[parser-unknown-class] "ItemHead", text="76  Subsection 60H(6) (definition of this Act)"
[parser-unknown-class] "ItemHead", text="77  Subsection 60HA(4) (definition of this Act)"
[parser-unknown-class] "ItemHead", text="78  Subsection 60HB(2) (definition of this Act)"
[parser-unknown-class] "ItemHead", text="79  Subsections 60I(2) to (5)"
[parser-unknown-class] "ItemHead", text="80  Subsection 60I(6) (heading)"
[parser-unknown-class] "ItemHead", text="81  Paragraph 60J(1)(a)"
[parser-unknown-class] "ItemHead", text="82  Subsection 64B(9) (definition of this Act)"
[parser-unknown-class] "ItemHead", text="83  Subsection 65D(3) (note)"
[parser-unknown-class] "ItemHead", text="84  Subsection 67Z(2)"
[parser-unknown-class] "ItemHead", text="85  Subsection 67Z(4)"
[parser-unknown-class] "ItemHead", text="86  Subsection 67Z(4) (definition of prescribed form)"
[parser-unknown-class] "ItemHead", text="87  Paragraph 67ZA(1)(a)"
[parser-unknown-class] "ItemHead", text="88  Paragraph 67ZA(1)(c)"
[parser-unknown-class] "ItemHead", text="89  Subsection 67ZBA(2)"
[parser-unknown-class] "ItemHead", text="90  Subsection 67ZBA(4)"
[parser-unknown-class] "ItemHead", text="91  Subsection 67ZBA(4) (definition of prescribed form)"
[parser-unknown-class] "ItemHead", text="92  Section 69H (heading)"
[parser-unknown-class] "ItemHead", text="93  Subsection 69H(1)"
[parser-unknown-class] "ItemHead", text="94  Subsection 69H(4)"
[parser-unknown-class] "ItemHead", text="95  Paragraphs 69N(2)(a) to (d) and (3)(a) to (d)"
[parser-unknown-class] "ItemHead", text="96  Subparagraphs 69N(5)(b)(i) to (iv)"
[parser-unknown-class] "ItemHead", text="97  Paragraphs 69N(6)(a) to (d)"
[parser-unknown-class] "ItemHead", text="98  Section 69ZO"
[parser-unknown-class] "ItemHead", text="99  Subsection 69ZR(3)"
[parser-unknown-class] "ItemHead", text="100  Section 70M (heading)"
[parser-unknown-class] "ItemHead", text="101  Paragraph 70NFD(a)"
[parser-unknown-class] "ItemHead", text="102  Paragraph 70NFD(b)"
[parser-unknown-class] "ItemHead", text="103  Subsection 79(9)"
[parser-unknown-class] "ItemHead", text="104  Paragraph 79(9)(a)"
[parser-unknown-class] "ItemHead", text="105  Paragraph 79H(3)(c)"
[parser-unknown-class] "ItemHead", text="106  Subsection 90SM(9)"
[parser-unknown-class] "ItemHead", text="107  Paragraph 90SM(9)(a)"
[parser-unknown-class] "ItemHead", text="108  Paragraph 90SQ(3)(c)"
[parser-unknown-class] "ItemHead", text="109  Part X"
[parser-unknown-class] "ItemHead", text="110  Subsection 97(1)"
[parser-unknown-class] "ItemHead", text="111  Subsection 97(1A)"
[parser-unknown-class] "ItemHead", text="112  Subsection 97(2)"
[parser-unknown-class] "ItemHead", text="113  Subsection 98(1)"
[parser-unknown-class] "ItemHead", text="114  Subsection 98(1)"
[parser-unknown-class] "ItemHead", text="115  Subsection 98(2)"
[parser-unknown-class] "ItemHead", text="116  Sections 98AA and 98AB"
[parser-unknown-class] "ItemHead", text="117  Subsection 100B(2)"
[parser-unknown-class] "ItemHead", text="118  Subsection 102F(7) (definition of courtroom)"
[parser-unknown-class] "ItemHead", text="119  Subsection 102G(2)"
[parser-unknown-class] "ItemHead", text="120  Subsection 102G(3)"
[parser-unknown-class] "ItemHead", text="121  Section 102H"
[parser-unknown-class] "ItemHead", text="122  Subsection 102J(1)"
[parser-unknown-class] "ItemHead", text="123  Subsection 102J(2)"
[parser-unknown-class] "ItemHead", text="124  Paragraph 102K(1)(c)"
[parser-unknown-class] "ItemHead", text="125  Paragraph 102K(1)(d)"
[parser-unknown-class] "ItemHead", text="126  Division 3 of Part XI"
[parser-unknown-class] "ItemHead", text="127  Division 4 of Part XI (heading)"
[parser-unknown-class] "ItemHead", text="128  Subsection 102Q(1) (paragraphs (a) and (b) of the definition of appropriate court official)"
[parser-unknown-class] "ItemHead", text="129  Subsection 105(1) (note)"
[parser-unknown-class] "ItemHead", text="130  Subsection 109A(1)"
[parser-unknown-class] "ItemHead", text="131  Subsection 109A(5) (note)"
[parser-unknown-class] "ItemHead", text="132  After section 109A"
[parser-unknown-class] "ItemHead", text="133  Section 109B (heading)"
[parser-unknown-class] "ItemHead", text="134  Subsection 109B(1)"
[parser-unknown-class] "ItemHead", text="135  Paragraphs 109B(2)(a) and (b)"
[parser-unknown-class] "ItemHead", text="136  Paragraph 109B(2)(c)"
[parser-unknown-class] "ItemHead", text="137  Subsection 109B(3)"
[parser-unknown-class] "ItemHead", text="138  At the end of subsection 111C(5)"
[parser-unknown-class] "ItemHead", text="139  Subsection 111C(7A)"
[parser-unknown-class] "ItemHead", text="140  After subsection 111C(7A)"
[parser-unknown-class] "ItemHead", text="141  Paragraph 111CV(1A)(b)"
[parser-unknown-class] "ItemHead", text="142  Paragraph 111CV(1A)(d)"
[parser-unknown-class] "ItemHead", text="143  Section 112AA (definition of applicable Rules of Court)"
[parser-unknown-class] "ItemHead", text="144  Subsection 112AK(1)"
[parser-unknown-class] "ItemHead", text="145  Subsection 115(2)"
[parser-unknown-class] "ItemHead", text="146  At the end of subsection 117(2)"
[parser-unknown-class] "ItemHead", text="147  Subsection 121(10) (note)"
[parser-unknown-class] "ItemHead", text="148  After section 122"
[parser-unknown-class] "ItemHead", text="149  Subsection 122A(1)"
[parser-unknown-class] "ItemHead", text="150  Paragraphs 122A(1)(a) and (b)"
[parser-unknown-class] "ItemHead", text="151  Paragraphs 122A(1)(c) and (d)"
[parser-unknown-class] "ItemHead", text="152  Subsection 123(1)"
[parser-unknown-class] "ItemHead", text="153  Subsection 123(1)"
[parser-unknown-class] "ItemHead", text="154  Subsection 123(1)"
[parser-unknown-class] "ItemHead", text="155  Paragraph 123(1)(b)"
[parser-unknown-class] "ItemHead", text="156  Paragraphs 123(1)(bb), (c) and (d)"
[parser-unknown-class] "ItemHead", text="157  Paragraph 123(1)(f)"
[parser-unknown-class] "ItemHead", text="158  Paragraph 123(1)(ma)"
[parser-unknown-class] "ItemHead", text="159  Subparagraph 123(1)(sda)(i)"
[parser-unknown-class] "ItemHead", text="160  Subparagraph 123(1)(sdb)(i)"
[parser-unknown-class] "ItemHead", text="161  Paragraph 123(1)(sea)"
[parser-unknown-class] "ItemHead", text="162  Paragraph 123(1)(seb)"
[parser-unknown-class] "ItemHead", text="163  At the end of subsection 123(1)"
[parser-unknown-class] "ItemHead", text="164  Subsection 123(1A)"
[parser-unknown-class] "ItemHead", text="165  Subsection 123(2)"
[parser-unknown-class] "ItemHead", text="166  Paragraph 123(2)(b)"
[parser-unknown-class] "ItemHead", text="167  Subsection 123(2A)"
[parser-unknown-class] "ItemHead", text="168  Subsection 123(3)"
[parser-unknown-class] "ItemHead", text="169  Subsection 124(1)"
[parser-unknown-class] "ItemHead", text="170  Subsection 124(1)"
[parser-unknown-class] "ItemHead", text="171  Subsection 124(2)"
[parser-unknown-class] "ItemHead", text="172  Subsection 124(2)"
[parser-unknown-class] "ItemHead", text="173  Subsection 124(6)"
[parser-unknown-class] "ItemHead", text="174  Paragraph 125(1)(ba)"
[parser-unknown-class] "ItemHead", text="175  Paragraph 125(1)(baa)"
[parser-unknown-class] "ItemHead", text="176  Paragraph 125(1)(ca)"
[parser-unknown-class] "ItemHead", text="177  Paragraphs 125(1)(d) and (e)"
[parser-unknown-class] "ActHead9", text="Federal Court of Australia Act 1976"
[parser-unknown-class] "ItemHead", text="178  Section 4 (definition of administrative affairs)"
[parser-unknown-class] "ItemHead", text="179  Section 4"
[parser-unknown-class] "ItemHead", text="180  Section 4 (definition of corporate services)"
[parser-unknown-class] "ItemHead", text="181  Section 4 (definition of Family Court Chief Executive Officer)"
[parser-unknown-class] "ItemHead", text="182  Section 4"
[parser-unknown-class] "ItemHead", text="183  Section 4"
[parser-unknown-class] "ItemHead", text="184  Subsection 6(2)"
[parser-unknown-class] "ItemHead", text="185  After section 13"
[parser-unknown-class] "ItemHead", text="186  Subsection 15(1AAA)"
[parser-unknown-class] "ItemHead", text="187  Section 15A"
[parser-unknown-class] "ItemHead", text="188  After paragraph 18A(1B)(e)"
[parser-unknown-class] "ItemHead", text="189  After paragraph 18A(1B)(h)"
[parser-unknown-class] "ItemHead", text="190  After paragraph 18N(1)(d)"
[parser-unknown-class] "ItemHead", text="191  Subsection 18N(4)"
[parser-unknown-class] "ItemHead", text="192  Subsection 18N(5)"
[parser-unknown-class] "ItemHead", text="193  At the end of Division 3 of Part IIA"
[parser-unknown-class] "ItemHead", text="194  Paragraphs 18Z(1)(b) and (c)"
[parser-unknown-class] "ItemHead", text="195  Paragraphs 18Z(3)(b) to (e)"
[parser-unknown-class] "ItemHead", text="196  Subsection 18Z(5)"
[parser-unknown-class] "ItemHead", text="197  Subparagraphs 18ZB(a)(iv) to (ix)"
[parser-unknown-class] "ItemHead", text="198  Subparagraphs 18ZB(e)(ii) and (iii)"
[parser-unknown-class] "ItemHead", text="199  Section 18ZC"
[parser-unknown-class] "ItemHead", text="200  Subparagraphs 18ZD(1)(b)(ii) to (iv)"
[parser-unknown-class] "ItemHead", text="201  Subsections 18ZD(2) and (3)"
[parser-unknown-class] "ItemHead", text="202  Subparagraphs 18ZE(2)(b)(ii) and (iii)"
[parser-unknown-class] "ItemHead", text="203  Sections 18ZF and 18ZG"
[parser-unknown-class] "ItemHead", text="204  Paragraphs 18ZH(1)(b) and (c)"
[parser-unknown-class] "ItemHead", text="205  Subsections 18ZH(2) and (3)"
[parser-unknown-class] "ItemHead", text="206  Paragraphs 18ZI(1)(b) and (c)"
[parser-unknown-class] "ItemHead", text="207  Subsections 18ZI(4) and (5)"
[parser-unknown-class] "ItemHead", text="208  Section 18ZJ"
[parser-unknown-class] "ItemHead", text="209  Section 18ZK"
[parser-unknown-class] "ItemHead", text="210  Paragraphs 24(1)(d) and (e)"
[parser-unknown-class] "ItemHead", text="211  Subsection 25(1AA)"
[parser-unknown-class] "ItemHead", text="212  Paragraph 29(1)(a)"
[parser-unknown-class] "ItemHead", text="213  Section 32AA (heading)"
[parser-unknown-class] "ItemHead", text="214  Paragraphs 32AA(1)(a) and (b)"
[parser-unknown-class] "ItemHead", text="215  Paragraph 32AA(2)(b)"
[parser-unknown-class] "ItemHead", text="216  Section 32AB (heading)"
[parser-unknown-class] "ItemHead", text="217  Subsections 32AB(1), (3), (4), (5) and (6)"
[parser-unknown-class] "ItemHead", text="218  Subsection 32AB(7)"
[parser-unknown-class] "ItemHead", text="219  Subsection 32AB(8A)"
[parser-unknown-class] "ItemHead", text="220  After section 32AB"
[parser-unknown-class] "ItemHead", text="221  Subsections 34(1) and (2)"
[parser-unknown-class] "ItemHead", text="222  Subsection 34(2)"
[parser-unknown-class] "ItemHead", text="223  Subsection 49(2)"
[parser-unknown-class] "ItemHead", text="224  Subsection 49(3)"
[parser-unknown-class] "ItemHead", text="225  After section 55"
[parser-unknown-class] "ItemHead", text="226  After subsection 59(1)"
[parser-unknown-class] "ItemHead", text="227  After paragraph 59(2)(r)"
[parser-unknown-class] "ActHead7", text="Part 2—Application, saving and transitional provisions"
[parser-unknown-class] "ActHead8", text="Division 1—Introduction"
[parser-unknown-class] "Transitional", text="228  Definitions"
[parser-unknown-class] "ActHead8", text="Division 2—Application of amendments"
[parser-unknown-class] "Transitional", text="229  Application"
[parser-unknown-class] "ActHead8", text="Division 3—Saving and transitional provisions: Family Law Act 1975 amendments"
[parser-unknown-class] "Transitional", text="230  Authorisation about handling complaints"
[parser-unknown-class] "Transitional", text="231  Arrangements with other courts"
[parser-unknown-class] "Transitional", text="232  Arrangements with agencies or organisations"
[parser-unknown-class] "Transitional", text="233  Delegation"
[parser-unknown-class] "Transitional", text="234  Proclamation"
[parser-unknown-class] "Transitional", text="235  Oaths and affirmations"
[parser-unknown-class] "Transitional", text="236  Seals and stamps"
[parser-unknown-class] "Transitional", text="237  Continuity of Rules of Court"
[parser-unknown-class] "ActHead8", text="Division 4—Saving and transitional provisions: Federal Court of Australia Act 1976 amendments"
[parser-unknown-class] "Transitional", text="238  Registries of the Federal Court of Australia"
[parser-unknown-class] "Subitem", text="(1) Despite the amendment of section 34 of the Federal Court of Australia Act 1976 by this Schedu..."
[parser-unknown-class] "Subitem", text="(2) The amendment of section 34 of the Federal Court of Australia Act 1976 by this Schedule does ..."
[parser-unknown-class] "ActHead7", text="Part 3—Amendments not commencing before 1 January 2020"
[parser-unknown-class] "ActHead9", text="Federal Circuit and Family Court of Australia Act 2021"
[parser-unknown-class] "ItemHead", text="239  Paragraph 127(1)(a)"
[parser-unknown-class] "Transitional", text="240  Application provision"
[parser-unknown-class] "ActHead7", text="Part 4—Amendments relating to making Rules of Court"
[parser-unknown-class] "ActHead9", text="Corporations (Aboriginal and Torres Strait Islander) Act 2006"
[parser-unknown-class] "ItemHead", text="241  Section 700‑1 (paragraph (b) of the definition of Aboriginal and Torres Strait Islander Corp..."
[parser-unknown-class] "ActHead9", text="Corporations Act 2001"
[parser-unknown-class] "ItemHead", text="242  Section 9 (paragraph (c) of the definition of Corporations legislation)"
[parser-unknown-class] "ActHead9", text="Family Law Act 1975"
[parser-unknown-class] "ItemHead", text="243  Subsection 109A(1)"
[parser-unknown-class] "ItemHead", text="244  Subsection 111C(7A)"
[parser-unknown-class] "ItemHead", text="245  Subsection 111C(7B)"
[parser-unknown-class] "ItemHead", text="246  Subsection 111C(7C)"
[parser-unknown-class] "ItemHead", text="247  Subsection 123(1)"
[parser-unknown-class] "ItemHead", text="248  Subsection 123(1) (note 1)"
[parser-unknown-class] "ItemHead", text="249  Subsection 123(1) (note 2)"
[parser-unknown-class] "ItemHead", text="250  Subsection 123(2)"
[parser-unknown-class] "ItemHead", text="251  After paragraph 123(2)(a)"
[parser-unknown-class] "ItemHead", text="252  Subsection 123(2A)"
[parser-unknown-class] "ItemHead", text="253  Subsection 124(2)"
[parser-unknown-class] "ActHead9", text="Federal Circuit and Family Court of Australia Act 2021"
[parser-unknown-class] "ItemHead", text="254  Subsection 76(1)"
[parser-unknown-class] "ItemHead", text="255  Subsection 76(1) (note)"
[parser-unknown-class] "ItemHead", text="256  After subsection 76(1)"
[parser-unknown-class] "ItemHead", text="257  Subsection 76(4)"
[parser-unknown-class] "ItemHead", text="258  After paragraph 76(4)(a)"
[parser-unknown-class] "ItemHead", text="259  Subsection 76(5)"
[parser-unknown-class] "ItemHead", text="260  Section 77"
[parser-unknown-class] "ItemHead", text="261  Subsection 82(2)"
[parser-unknown-class] "ItemHead", text="262  Subsection 98(1)"
[parser-unknown-class] "ItemHead", text="263  Subsection 217(1)"
[parser-unknown-class] "ItemHead", text="264  Subsection 217(1) (note)"
[parser-unknown-class] "ItemHead", text="265  After subsection 217(1)"
[parser-unknown-class] "ItemHead", text="266  Subsection 217(3)"
[parser-unknown-class] "ItemHead", text="267  After paragraph 217(3)(a)"
[parser-unknown-class] "ItemHead", text="268  Subsection 217(4)"
[parser-unknown-class] "ItemHead", text="269  Section 218"
[parser-unknown-class] "ItemHead", text="270  Subsection 249(2)"
[parser-unknown-class] "ItemHead", text="271  Subsection 254(1)"
[parser-unknown-class] "ActHead9", text="Plant Breeder’s Rights Act 1994"
[parser-unknown-class] "ItemHead", text="272  Subsection 56A(5)"
[parser-unknown-class] "Transitional", text="273  Application of amendments"
[parser-unknown-class] "Transitional", text="274  Continuity of rules of court"
[parser-unknown-class] "ActHead6", text="Schedule 2—Further consequential amendments"
[parser-unknown-class] "ActHead9", text="Administrative Appeals Tribunal Act 1975"
[parser-unknown-class] "ItemHead", text="1  Paragraph 7(2)(a)"
[parser-unknown-class] "ItemHead", text="2  Subsection 43(5C)"
[parser-unknown-class] "ItemHead", text="3  Subsection 44(1) (note 2)"
[parser-unknown-class] "ItemHead", text="4  Section 44AAA (heading)"
[parser-unknown-class] "ItemHead", text="5  Subsections 44AAA(1) and (2)"
[parser-unknown-class] "ItemHead", text="6  Subsection 44AAA(3)"
[parser-unknown-class] "ItemHead", text="7  Section 44AA (heading)"
[parser-unknown-class] "ItemHead", text="8  Subsections 44AA(1), (2), (4), (5), (6), (7), (8) and (9)"
[parser-unknown-class] "ItemHead", text="9  Subsection 44AA(11) (heading)"
[parser-unknown-class] "ItemHead", text="10  Subsections 44AA(11) and (12)"
[parser-unknown-class] "ItemHead", text="11  Subsection 44A(2A)"
[parser-unknown-class] "ItemHead", text="12  Subsection 44A(2A)"
[parser-unknown-class] "ItemHead", text="13  Paragraph 44A(3)(b)"
[parser-unknown-class] "ItemHead", text="14  Section 46 (heading)"
[parser-unknown-class] "ItemHead", text="15  Subsections 46(1), (2) and (3)"
[parser-unknown-class] "ActHead9", text="Administrative Decisions (Judicial Review) Act 1977"
[parser-unknown-class] "ItemHead", text="16  Subsection 3(1) (definition of Family Court Judge)"
[parser-unknown-class] "ItemHead", text="17  Subsection 3(1)"
[parser-unknown-class] "ItemHead", text="18  Subsection 3(1)"
[parser-unknown-class] "ItemHead", text="19  Subsection 3(10)"
[parser-unknown-class] "ItemHead", text="20  Subsection 3(11)"
[parser-unknown-class] "ItemHead", text="21  Subsection 3(12)"
[parser-unknown-class] "ItemHead", text="22  Subsections 5(1) and 6(1)"
[parser-unknown-class] "ItemHead", text="23  Section 7"
[parser-unknown-class] "ItemHead", text="24  Section 8 (heading)"
[parser-unknown-class] "ItemHead", text="25  Subsection 8(2)"
[parser-unknown-class] "ItemHead", text="26  Section 10"
[parser-unknown-class] "ItemHead", text="27  Subsection 11(1)"
[parser-unknown-class] "ItemHead", text="28  Subparagraph 11(1)(a)(ii)"
[parser-unknown-class] "ItemHead", text="29  Subsection 11(2)"
[parser-unknown-class] "ItemHead", text="30  Paragraph 11(2)(b)"
[parser-unknown-class] "ItemHead", text="31  Subparagraph 11(3)(b)(ii)"
[parser-unknown-class] "ItemHead", text="32  Subsections 11(4) and (7)"
[parser-unknown-class] "ItemHead", text="33  Subsection 11(8A)"
[parser-unknown-class] "ItemHead", text="34  Subsection 11(9)"
[parser-unknown-class] "ItemHead", text="35  Subsection 12(1)"
[parser-unknown-class] "ItemHead", text="36  Section 13"
[parser-unknown-class] "ItemHead", text="37  Subsections 13A(4) and 14(4)"
[parser-unknown-class] "ItemHead", text="38  Section 15A (heading)"
[parser-unknown-class] "ItemHead", text="39  Subsection 15A(1)"
[parser-unknown-class] "ItemHead", text="40  Paragraphs 15A(1)(a) and (b)"
[parser-unknown-class] "ItemHead", text="41  Subsection 15A(2)"
[parser-unknown-class] "ItemHead", text="42  Subsection 15A(3)"
[parser-unknown-class] "ItemHead", text="43  Section 16 (heading)"
[parser-unknown-class] "ItemHead", text="44  Section 16"
[parser-unknown-class] "ItemHead", text="45  Paragraph 17(a)"
[parser-unknown-class] "ItemHead", text="46  Subsection 18(1)"
[parser-unknown-class] "ItemHead", text="47  Section 18A (heading)"
[parser-unknown-class] "ItemHead", text="48  Subsections 18A(1), (2) and (3)"
[parser-unknown-class] "ItemHead", text="49  Paragraphs 18A(3)(a), (b), (c), (d) and (e)"
[parser-unknown-class] "ItemHead", text="50  Subparagraph 18A(3)(f)(i)"
[parser-unknown-class] "ItemHead", text="51  Subparagraphs 18A(3)(f)(ii) and (iii)"
[parser-unknown-class] "ItemHead", text="52  Subparagraph 18A(3)(f)(iv)"
[parser-unknown-class] "ItemHead", text="53  Subsections 18A(4) and (5)"
[parser-unknown-class] "ItemHead", text="54  Subsection 19(1)"
[parser-unknown-class] "ItemHead", text="55  Paragraph (zd) of Schedule 1"
[parser-unknown-class] "ItemHead", text="56  Paragraph (zf) of Schedule 1"
[parser-unknown-class] "ActHead9", text="Admiralty Act 1988"
[parser-unknown-class] "ItemHead", text="57  Subsection 3(1) (definition of Federal Circuit Court)"
[parser-unknown-class] "ItemHead", text="58  Subsections 9(1) and 27(1)"
[parser-unknown-class] "ItemHead", text="59  Paragraph 28(1)(aa)"
[parser-unknown-class] "ItemHead", text="60  Subsection 28(7)"
[parser-unknown-class] "ItemHead", text="61  Subsection 41(4)"
[parser-unknown-class] "ActHead9", text="Aged Care Act 1997"
[parser-unknown-class] "ItemHead", text="62  Paragraph 95C‑1(3)(b)"
[parser-unknown-class] "ActHead9", text="Age Discrimination Act 2004"
[parser-unknown-class] "ItemHead", text="63  Schedule 1 (table item 26)"
[parser-unknown-class] "ActHead9", text="A New Tax System (Family Assistance) (Administration) Act 1999"
[parser-unknown-class] "ItemHead", text="64  Subsection 102D(1) (note)"
[parser-unknown-class] "ItemHead", text="65  Subsection 102N(1)"
[parser-unknown-class] "ItemHead", text="66  Subparagraph 219UA(4)(c)(i)"
[parser-unknown-class] "ItemHead", text="67  Subparagraph 219UA(4)(e)(ii)"
[parser-unknown-class] "ItemHead", text="68  Paragraph 219VA(3)(b)"
[parser-unknown-class] "ItemHead", text="69  Subsection 219VB(5)"
[parser-unknown-class] "ActHead9", text="Antarctic Treaty (Environment Protection) Act 1980"
[parser-unknown-class] "ItemHead", text="70  Subsection 3(1) (paragraph (b) of the definition of Court)"
[parser-unknown-class] "ActHead9", text="Archives Act 1983"
[parser-unknown-class] "ItemHead", text="71  Subsections 53(6) and (7) and 55A(4) and (5)"
[parser-unknown-class] "ActHead9", text="Australian Charities and Not‑for‑profits Commission Act 2012"
[parser-unknown-class] "ItemHead", text="72  Section 300‑5 (definition of issuing officer)"
[parser-unknown-class] "ActHead9", text="Australian Crime Commission Act 2002"
[parser-unknown-class] "ItemHead", text="73  Subsection 4(1) (definition of Federal Circuit Court)"
[parser-unknown-class] "ItemHead", text="74  Subsection 4(1) (paragraph (aa) of the definition of issuing officer)"
[parser-unknown-class] "ItemHead", text="75  Paragraph 25E(2)(b)"
[parser-unknown-class] "ItemHead", text="76  Subsection 27(2A)"
[parser-unknown-class] "ItemHead", text="77  Paragraph 55A(1)(c)"
[parser-unknown-class] "ItemHead", text="78  Subsection 55A(5B) (heading)"
[parser-unknown-class] "ItemHead", text="79  Subsections 55A(5B) and (5C)"
[parser-unknown-class] "ItemHead", text="80  Paragraphs 55A(8)(c) and (9)(c)"
[parser-unknown-class] "ItemHead", text="81  Subsection 55A(13)"
[parser-unknown-class] "ItemHead", text="82  Subsection 55A(13) (definition of Judge of the Federal Circuit Court)"
[parser-unknown-class] "ItemHead", text="83  Subsection 55C(2)"
[parser-unknown-class] "ItemHead", text="84  Subsection 55C(3)"
[parser-unknown-class] "ItemHead", text="85  Subsection 55C(3) (definition of Judge of the Federal Circuit Court)"
[parser-unknown-class] "ItemHead", text="86  Section 57"
[parser-unknown-class] "ItemHead", text="87  Section 57"
[parser-unknown-class] "ItemHead", text="88  Subparagraph 61(2)(g)(ii)"
[parser-unknown-class] "ItemHead", text="89  Schedule 1"
[parser-unknown-class] "ActHead9", text="Australian Energy Market Act 2004"
[parser-unknown-class] "ItemHead", text="90  Subsection 11(1) (definition of magistrate)"
[parser-unknown-class] "ItemHead", text="91  Subsection 11H(1) (definition of magistrate)"
[parser-unknown-class] "ActHead9", text="Australian Human Rights Commission Act 1986"
[parser-unknown-class] "ItemHead", text="92  Subsection 3(1) (definition of Federal Circuit Court)"
[parser-unknown-class] "ItemHead", text="93  Paragraph 46PH(1)(h)"
[parser-unknown-class] "ItemHead", text="94  Subsections 46PH(1C), (2A) and (4)"
[parser-unknown-class] "ItemHead", text="95  Division 2 of Part IIB (heading)"
[parser-unknown-class] "ItemHead", text="96  Subsection 46PO(1)"
[parser-unknown-class] "ItemHead", text="97  Subsection 46PO(4) (note 2)"
[parser-unknown-class] "ItemHead", text="98  Subsection 46PP(1)"
[parser-unknown-class] "ItemHead", text="99  Section 46PR"
[parser-unknown-class] "ItemHead", text="100  Subsection 46PS(1)"
[parser-unknown-class] "ItemHead", text="101  Section 46PSA (note 2)"
[parser-unknown-class] "ItemHead", text="102  Paragraphs 46PU(1)(a) and (b)"
[parser-unknown-class] "ItemHead", text="103  Subsection 46PV(1)"
[parser-unknown-class] "ItemHead", text="104  Section 49B (heading)"
[parser-unknown-class] "ItemHead", text="105  Section 49B"
[parser-unknown-class] "ItemHead", text="106  Subsection 49C(2)"
[parser-unknown-class] "ActHead9", text="Australian Jobs Act 2013"
[parser-unknown-class] "ItemHead", text="107  Section 5 (paragraph (b) of the definition of prescribed court)"
[parser-unknown-class] "ActHead9", text="Australian Passports Act 2005"
[parser-unknown-class] "ItemHead", text="108  Subsection 6(2)"
[parser-unknown-class] "ActHead9", text="Australian Securities and Investments Commission Act 2001"
[parser-unknown-class] "ItemHead", text="109  Subsection 12BA(1) (definition of Family Court Judge)"
[parser-unknown-class] "ItemHead", text="110  Section 12GL (heading)"
[parser-unknown-class] "ItemHead", text="111  Subsection 12GL(1)"
[parser-unknown-class] "ItemHead", text="112  Subsection 12GL(3)"
[parser-unknown-class] "ItemHead", text="113  Paragraphs 12GL(3)(a), (b), (c), (d) and (e)"
[parser-unknown-class] "ItemHead", text="114  Subparagraph 12GL(3)(f)(i)"
[parser-unknown-class] "ItemHead", text="115  Subparagraphs 12GL(3)(f)(ii) and (iii)"
[parser-unknown-class] "ItemHead", text="116  Subparagraph 12GL(3)(f)(iv)"
[parser-unknown-class] "ItemHead", text="117  Subsections 12GL(4) and (5)"
[parser-unknown-class] "ActHead9", text="Australian Security Intelligence Organisation Act 1979"
[parser-unknown-class] "ItemHead", text="118  Section 34A (paragraph (c) of the definition of superior court)"
[parser-unknown-class] "ItemHead", text="119  Section 34A (after paragraph (d) of the definition of superior court)"
[parser-unknown-class] "ActHead9", text="Australian Sports Anti‑Doping Authority Act 2006"
[parser-unknown-class] "ItemHead", text="120  Paragraph 72(3)(b)"
[parser-unknown-class] "ActHead9", text="Bankruptcy Act 1966"
[parser-unknown-class] "ItemHead", text="121  Subsection 5(1)"
[parser-unknown-class] "ItemHead", text="122  Subsection 5(1) (paragraph (b) of the definition of Registrar)"
[parser-unknown-class] "ItemHead", text="123  Subsection 5(1) (definition of the Family Court)"
[parser-unknown-class] "ItemHead", text="124  Subsection 27(1)"
[parser-unknown-class] "ItemHead", text="125  Paragraph 27(1)(b)"
[parser-unknown-class] "ItemHead", text="126  Section 35 (heading)"
[parser-unknown-class] "ItemHead", text="127  Subsections 35(1) and (1A)"
[parser-unknown-class] "ItemHead", text="128  Subsection 35(2)"
[parser-unknown-class] "ItemHead", text="129  Section 35A (heading)"
[parser-unknown-class] "ItemHead", text="130  Subsection 35A(1)"
[parser-unknown-class] "ItemHead", text="131  Subsection 35A(2)"
[parser-unknown-class] "ItemHead", text="132  Subsection 35A(2A)"
[parser-unknown-class] "ItemHead", text="133  Subsection 35A(3)"
[parser-unknown-class] "ItemHead", text="134  Paragraphs 35A(3)(a) to (e)"
[parser-unknown-class] "ItemHead", text="135  Subparagraph 35A(3)(f)(i)"
[parser-unknown-class] "ItemHead", text="136  Subparagraphs 35A(3)(f)(ii) and (iii)"
[parser-unknown-class] "ItemHead", text="137  Subparagraph 35A(3)(f)(iv)"
[parser-unknown-class] "ItemHead", text="138  Subsection 35A(3) (note)"
[parser-unknown-class] "ItemHead", text="139  Subsection 35A(4)"
[parser-unknown-class] "ItemHead", text="140  Subsection 35A(5)"
[parser-unknown-class] "ItemHead", text="141  Subsection 35B(1)"
[parser-unknown-class] "ItemHead", text="142  Paragraph 35B(2)(a)"
[parser-unknown-class] "ItemHead", text="143  Paragraph 35B(2)(b)"
[parser-unknown-class] "ActHead9", text="Biosecurity Act 2015"
[parser-unknown-class] "ItemHead", text="144  Section 9 (definition of Federal Circuit Court)"
[parser-unknown-class] "ItemHead", text="145  Section 9 (paragraph (c) of the definition of issuing officer)"
[parser-unknown-class] "ItemHead", text="146  Section 9 (paragraph (b) of the definition of relevant court)"
[parser-unknown-class] "ItemHead", text="147  Section 486"
[parser-unknown-class] "ActHead9", text="Broadcasting Legislation Amendment (Broadcasting Reform) Act 2017"
[parser-unknown-class] "ItemHead", text="148  Subparagraph 41(7)(b)(ii) of Schedule 6"
[parser-unknown-class] "ActHead9", text="Broadcasting Services Act 1992"
[parser-unknown-class] "ItemHead", text="149  Subsection 6(1) (definition of Federal Circuit Court)"
[parser-unknown-class] "ItemHead", text="150  Paragraph 121FS(1)(b)"
[parser-unknown-class] "ItemHead", text="151  Subparagraphs 205AD(b)(ii) and 205AF(5)(b)(ii)"
[parser-unknown-class] "ActHead9", text="Budget Savings (Omnibus) Act 2016"
[parser-unknown-class] "ItemHead", text="152  Subitem 33(2) of Schedule 7"
[parser-unknown-class] "ActHead9", text="Building and Construction Industry (Improving Productivity) Act 2016"
[parser-unknown-class] "ItemHead", text="153  Section 5 (definition of Federal Circuit Court)"
[parser-unknown-class] "ItemHead", text="154  Section 5 (paragraph (b) of the definition of relevant court)"
[parser-unknown-class] "ItemHead", text="155  Paragraphs 114(1)(e), (f) and (g)"
[parser-unknown-class] "ActHead9", text="Building Energy Efficiency Disclosure Act 2010"
[parser-unknown-class] "ItemHead", text="156  Section 3 (paragraph (b) of the definition of Court)"
[parser-unknown-class] "ItemHead", text="157  Paragraph 51(5)(b)"
[parser-unknown-class] "ActHead9", text="Child Support (Assessment) Act 1989"
[parser-unknown-class] "ItemHead", text="158  Subsection 5(1)"
[parser-unknown-class] "ItemHead", text="159  Subsection 5(1) (definition of related Federal Circuit Court Rules)"
[parser-unknown-class] "ItemHead", text="160  Subsection 17(1)"
[parser-unknown-class] "ItemHead", text="161  Subsection 17(2)"
[parser-unknown-class] "ItemHead", text="162  Section 98X"
[parser-unknown-class] "ItemHead", text="163  Subsection 99(1)"
[parser-unknown-class] "ItemHead", text="164  At the end of section 99"
[parser-unknown-class] "ItemHead", text="165  Subsection 100(1)"
[parser-unknown-class] "ItemHead", text="166  Sections 101 to 105"
[parser-unknown-class] "ItemHead", text="167  Paragraphs 144(a) and (b)"
[parser-unknown-class] "ActHead9", text="Child Support (Registration and Collection) Act 1988"
[parser-unknown-class] "ItemHead", text="168  Subsection 4(1)"
[parser-unknown-class] "ItemHead", text="169  Subsection 4(1)"
[parser-unknown-class] "ItemHead", text="170  Subsection 4(1) (definition of Full Court)"
[parser-unknown-class] "ItemHead", text="171  Subsection 4(1)"
[parser-unknown-class] "ItemHead", text="172  Subsection 4(1) (definition of Judge)"
[parser-unknown-class] "ItemHead", text="173  Subsection 4(1)"
[parser-unknown-class] "ItemHead", text="174  Subsection 4(1) (definition of related Federal Circuit Court Rules)"
[parser-unknown-class] "ItemHead", text="175  Subsection 72Q(1)"
[parser-unknown-class] "ItemHead", text="176  Section 103ZC"
[parser-unknown-class] "ItemHead", text="177  Subsection 104(1)"
[parser-unknown-class] "ItemHead", text="178  At the end of section 104"
[parser-unknown-class] "ItemHead", text="179  Subsection 105(1)"
[parser-unknown-class] "ItemHead", text="180  Sections 106 to 110"
[parser-unknown-class] "ItemHead", text="181  Subsection 110W(2) (heading)"
[parser-unknown-class] "ItemHead", text="182  Paragraph 110W(2)(a)"
[parser-unknown-class] "ItemHead", text="183  Paragraphs 110W(3)(a) and (b)"
[parser-unknown-class] "ActHead9", text="Civil Dispute Resolution Act 2011"
[parser-unknown-class] "ItemHead", text="184  Section 5 (paragraph (b) of the definition of eligible court)"
[parser-unknown-class] "ItemHead", text="185  Section 16"
[parser-unknown-class] "ItemHead", text="186  At the end of section 16"
[parser-unknown-class] "ItemHead", text="187  Section 18"
[parser-unknown-class] "ActHead9", text="Coal Mining Industry (Long Service Leave) Administration Act 1992"
[parser-unknown-class] "ItemHead", text="188  Subsection 4(1) (definition of Federal Circuit Court)"
[parser-unknown-class] "ItemHead", text="189  Sections 39DA and 39DB"
[parser-unknown-class] "ItemHead", text="190  Paragraph 49A(4)(b)"
[parser-unknown-class] "ItemHead", text="191  Section 52C (heading)"
[parser-unknown-class] "ItemHead", text="192  Subsection 52C(1)"
[parser-unknown-class] "ItemHead", text="193  Paragraphs 52C(2)(e), (f) and (g)"
[parser-unknown-class] "ItemHead", text="194  Subsection 52C(3)"
[parser-unknown-class] "ItemHead", text="195  Paragraph 52C(3)(a)"
[parser-unknown-class] "ItemHead", text="196  Paragraph 52C(3)(b)"
[parser-unknown-class] "ItemHead", text="197  Paragraph 52C(3)(c)"
[parser-unknown-class] "ItemHead", text="198  Paragraphs 52C(3)(d) and (e)"
[parser-unknown-class] "ItemHead", text="199  Section 52D"
[parser-unknown-class] "ActHead9", text="Coal Mining Industry (Long Service Leave) Payroll Levy Collection Act 1992"
[parser-unknown-class] "ItemHead", text="200  Paragraph 13A(4)(b)"
[parser-unknown-class] "ActHead9", text="Coastal Trading (Revitalising Australian Shipping) Act 2012"
[parser-unknown-class] "ItemHead", text="201  Subsection 6(1) (definition of Federal Circuit Court)"
[parser-unknown-class] "ItemHead", text="202  Subsection 86(1)"
[parser-unknown-class] "ActHead9", text="Competition and Consumer Act 2010"
[parser-unknown-class] "ItemHead", text="203  Subsection 4(1)"
[parser-unknown-class] "ItemHead", text="204  Paragraphs 56EU(4)(b), 56EW(3)(b) and 56EX(3)(b)"
[parser-unknown-class] "ItemHead", text="205  Paragraph 56EY(5)(a)"
[parser-unknown-class] "ItemHead", text="206  Subsection 86(1A)"
[parser-unknown-class] "ItemHead", text="207  Paragraph 86(4)(a)"
[parser-unknown-class] "ItemHead", text="208  Section 86AA (heading)"
[parser-unknown-class] "ItemHead", text="209  Section 86AA"
[parser-unknown-class] "ItemHead", text="210  Section 86AA (note)"
[parser-unknown-class] "ItemHead", text="211  Section 130 (definition of Family Court Judge)"
[parser-unknown-class] "ItemHead", text="212  Paragraph 138(2)(a)"
[parser-unknown-class] "ItemHead", text="213  Section 138A (heading)"
[parser-unknown-class] "ItemHead", text="214  Subsection 138A(1)"
[parser-unknown-class] "ItemHead", text="215  Subsection 138A(2)"
[parser-unknown-class] "ItemHead", text="216  Subsection 138A(2) (note)"
[parser-unknown-class] "ItemHead", text="217  Section 138E (heading)"
[parser-unknown-class] "ItemHead", text="218  Subsection 138E(1)"
[parser-unknown-class] "ItemHead", text="219  Subsection 138E(2)"
[parser-unknown-class] "ItemHead", text="220  Paragraphs 138E(2)(a) and (b)"
[parser-unknown-class] "ItemHead", text="221  Paragraph 138E(2)(c)"
[parser-unknown-class] "ItemHead", text="222  Paragraph 138E(2)(d)"
[parser-unknown-class] "ItemHead", text="223  Paragraph 138E(2)(d)"
[parser-unknown-class] "ItemHead", text="224  Paragraph 138E(2)(e)"
[parser-unknown-class] "ItemHead", text="225  Subparagraph 138E(2)(f)(i)"
[parser-unknown-class] "ItemHead", text="226  Subparagraphs 138E(2)(f)(ii) and (iii)"
[parser-unknown-class] "ItemHead", text="227  Subparagraph 138E(2)(f)(iv)"
[parser-unknown-class] "ItemHead", text="228  Subsections 138E(3) and (4)"
[parser-unknown-class] "ItemHead", text="229  Paragraph 151AQA(4)(a)"
[parser-unknown-class] "ItemHead", text="230  Subsection 151AQA(4)"
[parser-unknown-class] "ActHead9", text="Copyright Act 1968"
[parser-unknown-class] "ItemHead", text="231  Section 131D (heading)"
[parser-unknown-class] "ItemHead", text="232  Section 131D"
[parser-unknown-class] "ItemHead", text="233  Section 135AS (heading)"
[parser-unknown-class] "ItemHead", text="234  Section 135AS"
[parser-unknown-class] "ItemHead", text="235  Subsection 195AZGH(5)"
[parser-unknown-class] "ItemHead", text="236  Section 248MA (heading)"
[parser-unknown-class] "ItemHead", text="237  Section 248MA"
[parser-unknown-class] "ActHead9", text="Corporations (Aboriginal and Torres Strait Islander) Act 2006"
[parser-unknown-class] "ItemHead", text="238  Section 586‑10 (heading)"
[parser-unknown-class] "ItemHead", text="239  Subsection 586‑10(1)"
[parser-unknown-class] "ItemHead", text="240  Paragraphs 586‑15(1)(a), (2)(c) and (5)(a)"
[parser-unknown-class] "ItemHead", text="241  Paragraphs 586‑25(1)(b) and (2)(b)"
[parser-unknown-class] "ItemHead", text="242  Paragraph 586‑25(3)(c)"
[parser-unknown-class] "ItemHead", text="243  Subsection 586‑25(4)"
[parser-unknown-class] "ItemHead", text="244  Section 586‑40 (heading)"
[parser-unknown-class] "ItemHead", text="245  Subparagraphs 586‑40(1)(b)(i) and (3)(a)(i) and (b)(i)"
[parser-unknown-class] "ItemHead", text="246  Paragraph 586‑65(3)(a)"
[parser-unknown-class] "ItemHead", text="247  Section 586‑90 (heading)"
[parser-unknown-class] "ItemHead", text="248  Section 586‑90"
[parser-unknown-class] "ItemHead", text="249  Paragraphs 586‑90(a) and (c)"
[parser-unknown-class] "ItemHead", text="250  Subsection 694‑35(1) (paragraph (c) of the definition of Court)"
[parser-unknown-class] "ItemHead", text="251  Section 700‑1 (paragraph (b) of the definition of Aboriginal and Torres Strait Islander Corp..."
[parser-unknown-class] "ItemHead", text="252  Section 700‑1 (definition of Family Court)"
[parser-unknown-class] "ItemHead", text="253  Section 700‑1 (definition of superior court)"
[parser-unknown-class] "ActHead9", text="Corporations Act 2001"
[parser-unknown-class] "ItemHead", text="254  Section 9 (paragraph (c) of the definition of Corporations legislation)"
[parser-unknown-class] "ItemHead", text="255  Section 9 (definition of Family Court)"
[parser-unknown-class] "ItemHead", text="256  Section 9 (definition of superior court)"
[parser-unknown-class] "ItemHead", text="257  Subsection 58AA(1) (paragraph (c) of the definition of Court)"
[parser-unknown-class] "ItemHead", text="258  Paragraph 908CI(3)(b)"
[parser-unknown-class] "ItemHead", text="259  Section 1337C (heading)"
[parser-unknown-class] "ItemHead", text="260  Subsection 1337C(1)"
[parser-unknown-class] "ItemHead", text="261  Paragraphs 1337D(1)(a), (2)(c) and (5)(a)"
[parser-unknown-class] "ItemHead", text="262  Paragraphs 1337F(1)(b) and (2)(b)"
[parser-unknown-class] "ItemHead", text="263  Paragraph 1337F(3)(c)"
[parser-unknown-class] "ItemHead", text="264  Subsection 1337F(4)"
[parser-unknown-class] "ItemHead", text="265  Section 1337J (heading)"
[parser-unknown-class] "ItemHead", text="266  Subparagraphs 1337J(1)(b)(i) and (3)(a)(i) and (b)(i)"
[parser-unknown-class] "ItemHead", text="267  Subsection 1337P(3) (paragraph (a) of the definition of relevant jurisdiction)"
[parser-unknown-class] "ItemHead", text="268  Section 1337U (heading)"
[parser-unknown-class] "ItemHead", text="269  Subsection 1337U(1)"
[parser-unknown-class] "ItemHead", text="270  Paragraphs 1337U(1)(a) and (c)"
[parser-unknown-class] "ActHead9", text="Court Security Act 2013"
[parser-unknown-class] "ItemHead", text="271  Section 5 (table item 3 in the definition of administrative head)"
[parser-unknown-class] "ItemHead", text="272  Section 5 (table item 6 in the definition of administrative head)"
[parser-unknown-class] "ItemHead", text="273  Section 5 (table item 7 in the definition of administrative head, column headed “Court”)"
[parser-unknown-class] "ItemHead", text="274  Subsection 41(1)"
[parser-unknown-class] "ItemHead", text="275  Subsection 41(1) (note 3)"
[parser-unknown-class] "ItemHead", text="276  Section 45 (note)"
[parser-unknown-class] "ItemHead", text="277  Section 51 (table item 2)"
[parser-unknown-class] "ItemHead", text="278  Section 51 (table item 5)"
[parser-unknown-class] "ItemHead", text="279  Section 51 (table item 6, column headed “Court”)"
[parser-unknown-class] "ActHead9", text="Crimes Act 1914"
[parser-unknown-class] "ItemHead", text="280  Subsection 3ZQO(1)"
[parser-unknown-class] "ItemHead", text="281  Section 3ZQQ (heading)"
[parser-unknown-class] "ItemHead", text="282  Section 3ZQQ"
[parser-unknown-class] "ItemHead", text="283  Paragraph 3ZZNF(3)(a)"
[parser-unknown-class] "ItemHead", text="284  Paragraph 4AAA(1)(ab)"
[parser-unknown-class] "ItemHead", text="285  Subsections 4AAA(2) and (3A)"
[parser-unknown-class] "ActHead9", text="Criminal Code Act 1995"
[parser-unknown-class] "ItemHead", text="286  Subsection 100.1(1) of the Criminal Code (paragraph (c) of the definition of issuing court)"
[parser-unknown-class] "ItemHead", text="287  Paragraph 105.2(1)(b) of the Criminal Code"
[parser-unknown-class] "ItemHead", text="288  Subsections 105.43(4), (5) and (7) of the Criminal Code"
[parser-unknown-class] "ItemHead", text="289  Section 105.46 of the Criminal Code (heading)"
[parser-unknown-class] "ItemHead", text="290  Section 105.46 of the Criminal Code"
[parser-unknown-class] "ItemHead", text="291  Section 106.4 of the Criminal Code"
[parser-unknown-class] "ItemHead", text="292  Subparagraph 123.1(2)(b)(ii) of the Criminal Code"
[parser-unknown-class] "ItemHead", text="293  Paragraph 150.5(3)(b) of the Criminal Code"
[parser-unknown-class] "ActHead9", text="Customs Act 1901"
[parser-unknown-class] "ItemHead", text="294  Subsection 4(1) (paragraph (a) of the definition of Division 1B Judge)"
[parser-unknown-class] "ItemHead", text="295  Subsections 219RA(1) and 219ZL(1)"
[parser-unknown-class] "ActHead9", text="Defence Act 1903"
[parser-unknown-class] "ItemHead", text="296  Subparagraph 117AE(3)(e)(ii)"
[parser-unknown-class] "ActHead9", text="Defence Force (Home Loans Assistance) Act 1990"
[parser-unknown-class] "ItemHead", text="297  Section 3 (definition of Family Court)"
[parser-unknown-class] "ItemHead", text="298  Paragraphs 18(1)(a) and 29(d) and (e)"
[parser-unknown-class] "ActHead9", text="Defence Reserve Service (Protection) Act 2001"
[parser-unknown-class] "ItemHead", text="299  Paragraphs 76A(3)(b) and 77(1)(b)"
[parser-unknown-class] "ItemHead", text="300  Subsection 77(2)"
[parser-unknown-class] "ActHead9", text="Designs Act 2003"
[parser-unknown-class] "ItemHead", text="301  Section 5 (definition of Federal Circuit Court)"
[parser-unknown-class] "ItemHead", text="302  Section 5 (paragraph (aa) of the definition of prescribed court)"
[parser-unknown-class] "ItemHead", text="303  Subsections 28(5), 50(6), 52(7), 54(4), 67(4) and 68(6)"
[parser-unknown-class] "ItemHead", text="304  Section 82"
[parser-unknown-class] "ItemHead", text="305  Paragraph 83(2)(a)"
[parser-unknown-class] "ItemHead", text="306  Section 83A (heading)"
[parser-unknown-class] "ItemHead", text="307  Section 83A"
[parser-unknown-class] "ItemHead", text="308  Subsection 84(1)"
[parser-unknown-class] "ItemHead", text="309  Subsection 86(3)"
[parser-unknown-class] "ItemHead", text="310  Subsection 86(3) (note)"
[parser-unknown-class] "ItemHead", text="311  Subsection 87(2)"
[parser-unknown-class] "ItemHead", text="312  Section 88 (heading)"
[parser-unknown-class] "ItemHead", text="313  Sections 88 and 89"
[parser-unknown-class] "ActHead9", text="Do Not Call Register Act 2006"
[parser-unknown-class] "ItemHead", text="314  Section 4 (definition of Federal Circuit Court)"
[parser-unknown-class] "ItemHead", text="315  Section 23"
[parser-unknown-class] "ItemHead", text="316  Subsection 24(1)"
[parser-unknown-class] "ItemHead", text="317  Paragraphs 25(2)(a), (3)(b), (4)(b), (5)(b) and (6)(b)"
[parser-unknown-class] "ItemHead", text="318  Sections 26 and 28"
[parser-unknown-class] "ItemHead", text="319  Paragraph 30(1)(a)"
[parser-unknown-class] "ItemHead", text="320  Subsection 30(3)"
[parser-unknown-class] "ItemHead", text="321  Paragraph 31(1)(a)"
[parser-unknown-class] "ItemHead", text="322  Subsection 31(2)"
[parser-unknown-class] "ItemHead", text="323  Section 33"
[parser-unknown-class] "ItemHead", text="324  Sections 34, 35, 36 and 37"
[parser-unknown-class] "ItemHead", text="325  Section 38 (heading)"
[parser-unknown-class] "ItemHead", text="326  Section 38"
[parser-unknown-class] "ItemHead", text="327  Paragraph 44(2)(a)"
[parser-unknown-class] "ItemHead", text="328  Clause 1 of Schedule 3"
[parser-unknown-class] "ItemHead", text="329  Paragraph 3(1)(d) of Schedule 3"
[parser-unknown-class] "ItemHead", text="330  Paragraph 7(c) of Schedule 3"
[parser-unknown-class] "ActHead9", text="Education Services for Overseas Students Act 2000"
[parser-unknown-class] "ItemHead", text="331  Subsection 110B(1)"
[parser-unknown-class] "ActHead9", text="Enhancing Online Safety Act 2015"
[parser-unknown-class] "ItemHead", text="332  Subsections 46(3), 47(3) and 48(3)"
[parser-unknown-class] "ActHead9", text="Evidence Act 1995"
[parser-unknown-class] "ItemHead", text="333  Subsection 4(5A)"
[parser-unknown-class] "ActHead9", text="Extradition Act 1988"
[parser-unknown-class] "ItemHead", text="334  Section 5 (definition of eligible Federal Circuit Court Judge)"
[parser-unknown-class] "ItemHead", text="335  Section 5"
[parser-unknown-class] "ItemHead", text="336  Subsection 11(6)"
[parser-unknown-class] "ItemHead", text="337  Paragraph 12(1)(a)"
[parser-unknown-class] "ItemHead", text="338  Subsections 12(3) and 14(1)"
[parser-unknown-class] "ItemHead", text="339  Sections 15 and 15A"
[parser-unknown-class] "ItemHead", text="340  Subsections 15B(1) and (4) and 16(1)"
[parser-unknown-class] "ItemHead", text="341  Subsections 16A(2) and (3)"
[parser-unknown-class] "ItemHead", text="342  Section 17"
[parser-unknown-class] "ItemHead", text="343  Subsections 18(1), (3) and (4)"
[parser-unknown-class] "ItemHead", text="344  Paragraph 19(1)(c)"
[parser-unknown-class] "ItemHead", text="345  Subsection 19(9A)"
[parser-unknown-class] "ItemHead", text="346  Subparagraphs 19A(1)(b)(ii) and 20(1)(a)(ii)"
[parser-unknown-class] "ItemHead", text="347  Subsection 21(1)"
[parser-unknown-class] "ItemHead", text="348  Subsection 22(1) (paragraph (a) of the definition of eligible person)"
[parser-unknown-class] "ItemHead", text="349  Paragraphs 22(5)(a) and (b)"
[parser-unknown-class] "ItemHead", text="350  Paragraph 26(1)(ca)"
[parser-unknown-class] "ItemHead", text="351  Subsection 26(2A)"
[parser-unknown-class] "ItemHead", text="352  Paragraphs 28(a) and 29(a)"
[parser-unknown-class] "ItemHead", text="353  Subsection 31(1)"
[parser-unknown-class] "ItemHead", text="354  Section 32"
[parser-unknown-class] "ItemHead", text="355  Paragraphs 33(c) and 34(1)(b)"
[parser-unknown-class] "ItemHead", text="356  Subsections 35(1) and (2)"
[parser-unknown-class] "ItemHead", text="357  Subsections 43(1), (2) and (3)"
[parser-unknown-class] "ItemHead", text="358  Paragraph 45(1)(a)"
[parser-unknown-class] "ItemHead", text="359  Section 45A (heading)"
[parser-unknown-class] "ItemHead", text="360  Subsections 45A(1) and (2)"
[parser-unknown-class] "ItemHead", text="361  Subsection 45A(2)"
[parser-unknown-class] "ItemHead", text="362  Section 45B (heading)"
[parser-unknown-class] "ItemHead", text="363  Subsections 45B(1) and (3)"
[parser-unknown-class] "ItemHead", text="364  Section 46A"
[parser-unknown-class] "ItemHead", text="365  Subparagraphs 48(1)(b)(iii) and (iv)"
[parser-unknown-class] "ItemHead", text="366  Subsection 49(2)"
[parser-unknown-class] "ItemHead", text="367  Section 49B"
[parser-unknown-class] "ItemHead", text="368  Paragraph 55(c)"
[parser-unknown-class] "ActHead9", text="Fair Work Act 2009"
[parser-unknown-class] "ItemHead", text="369  Section 12 (definition of Federal Circuit Court)"
[parser-unknown-class] "ItemHead", text="370  Subsections 417(3), 421(3) and 422(1)"
[parser-unknown-class] "ItemHead", text="371  Section 537"
[parser-unknown-class] "ItemHead", text="372  Subsection 539(2) (table)"
[parser-unknown-class] "ItemHead", text="373  Section 543"
[parser-unknown-class] "ItemHead", text="374  Subsection 545(1) (heading)"
[parser-unknown-class] "ItemHead", text="375  Subsections 545(1) and (2) and 546(1)"
[parser-unknown-class] "ItemHead", text="376  Paragraph 548(1)(a)"
[parser-unknown-class] "ItemHead", text="377  Paragraph 558C(3)(b)"
[parser-unknown-class] "ItemHead", text="378  Section 560"
[parser-unknown-class] "ItemHead", text="379  Paragraphs 563(f), (g) and (h)"
[parser-unknown-class] "ItemHead", text="380  Division 3 of Part 4‑2 of Chapter 4 (heading)"
[parser-unknown-class] "ItemHead", text="381  Section 566 (heading)"
[parser-unknown-class] "ItemHead", text="382  Section 566"
[parser-unknown-class] "ItemHead", text="383  Section 567 (heading)"
[parser-unknown-class] "ItemHead", text="384  Section 567"
[parser-unknown-class] "ItemHead", text="385  Paragraph 567(a)"
[parser-unknown-class] "ItemHead", text="386  Paragraph 567(b)"
[parser-unknown-class] "ItemHead", text="387  Paragraph 567(c)"
[parser-unknown-class] "ItemHead", text="388  Paragraph 567(d)"
[parser-unknown-class] "ItemHead", text="389  Paragraph 567(e)"
[parser-unknown-class] "ItemHead", text="390  Section 568"
[parser-unknown-class] "ItemHead", text="391  Paragraph 576(2)(ca)"
[parser-unknown-class] "ItemHead", text="392  Subsections 627(1A) and (2A)"
[parser-unknown-class] "ItemHead", text="393  Subsection 641B(2) (table item 4, column 2)"
[parser-unknown-class] "ItemHead", text="394  Section 653A (heading)"
[parser-unknown-class] "ItemHead", text="395  Section 653A"
[parser-unknown-class] "ItemHead", text="396  Subsection 715(6)"
[parser-unknown-class] "ItemHead", text="397  Paragraph 716(3)(e)"
[parser-unknown-class] "ItemHead", text="398  Subsection 717(1)"
[parser-unknown-class] "ItemHead", text="399  Paragraphs 789CD(3)(b) and 789CE(4)(b)"
[parser-unknown-class] "ActHead9", text="Fair Work (Registered Organisations) Act 2009"
[parser-unknown-class] "ItemHead", text="400  Section 6 (definition of Federal Circuit Court)"
[parser-unknown-class] "ItemHead", text="401  Subsections 337BB(1) and (6)"
[parser-unknown-class] "ItemHead", text="402  Section 353A (heading)"
[parser-unknown-class] "ItemHead", text="403  Subsection 353A(1)"
[parser-unknown-class] "ActHead9", text="Fair Work (Transitional Provisions and Consequential Amendments) Act 2009"
[parser-unknown-class] "ItemHead", text="404  Subitem 16(1) of Schedule 16 (table)"
[parser-unknown-class] "ItemHead", text="405  Item 17 of Schedule 16"
[parser-unknown-class] "ItemHead", text="406  Paragraphs 22(f), (g) and (h) of Schedule 17"
[parser-unknown-class] "ItemHead", text="407  Item 25 of Schedule 17 (heading)"
[parser-unknown-class] "ItemHead", text="408  Item 25 of Schedule 17"
[parser-unknown-class] "ItemHead", text="409  Item 26 of Schedule 17 (heading)"
[parser-unknown-class] "ItemHead", text="410  Item 26 of Schedule 17"
[parser-unknown-class] "ItemHead", text="411  Paragraph 26(a) of Schedule 17"
[parser-unknown-class] "ItemHead", text="412  Paragraph 26(b) of Schedule 17"
[parser-unknown-class] "ItemHead", text="413  Paragraph 26(c) of Schedule 17"
[parser-unknown-class] "ItemHead", text="414  Paragraph 26(d) of Schedule 17"
[parser-unknown-class] "ItemHead", text="415  Paragraph 26(e) of Schedule 17"
[parser-unknown-class] "ItemHead", text="416  Item 27 of Schedule 17"
[parser-unknown-class] "Specialih", text="27  No limitation on powers of the Federal Circuit and Family Court of Australia (Division 2)"
[parser-unknown-class] "ActHead9", text="Family Court of Western Australia (Orders of Registrars) Act 1997"
[parser-unknown-class] "ItemHead", text="417  Section 11"
[parser-unknown-class] "ItemHead", text="418  Subsection 12(1)"
[parser-unknown-class] "ActHead9", text="Federal Proceedings (Costs) Act 1981"
[parser-unknown-class] "ItemHead", text="419  Subsection 3(1) (definition of Family Court)"
[parser-unknown-class] "ItemHead", text="420  Subsection 3(1) (paragraph (d) of the definition of Federal appeal)"
[parser-unknown-class] "ItemHead", text="421  Subsection 3(1) (paragraph (fa) of the definition of Federal appeal)"
[parser-unknown-class] "ItemHead", text="422  Subsection 3(1) (subparagraph (ga)(ii) of the definition of Federal appeal)"
[parser-unknown-class] "ItemHead", text="423  Subsection 3(1) (paragraphs (j), (ja) and (k) of the definition of Federal appeal)"
[parser-unknown-class] "ItemHead", text="424  Subsection 3(1)"
[parser-unknown-class] "ItemHead", text="425  Subsection 3(1) (definition of Federal Circuit Court)"
[parser-unknown-class] "ItemHead", text="426  Subsection 10(1)"
[parser-unknown-class] "ItemHead", text="427  Schedule (table item dealing with the Family Court)"
[parser-unknown-class] "ActHead9", text="Foreign Acquisitions and Takeovers Act 1975"
[parser-unknown-class] "ItemHead", text="428  Paragraph 99(3)(b)"
[parser-unknown-class] "ItemHead", text="429  Subsection 132(1)"
[parser-unknown-class] "ActHead9", text="Foreign Evidence Act 1994"
[parser-unknown-class] "ItemHead", text="430  Subsection 3(1) (paragraph (b) of the definition of superior court)"
[parser-unknown-class] "ItemHead", text="431  Division 2 of Part 2 (heading)"
[parser-unknown-class] "ItemHead", text="432  Section 9A (heading)"
[parser-unknown-class] "ItemHead", text="433  Subsection 9A(1)"
[parser-unknown-class] "ItemHead", text="434  Subsection 9A(2)"
[parser-unknown-class] "ItemHead", text="435  Paragraph 11(1)(a)"
[parser-unknown-class] "ItemHead", text="436  Subsection 11(2) (paragraph (a) of the definition of appropriate court)"
[parser-unknown-class] "ItemHead", text="437  Subsection 12(1)"
[parser-unknown-class] "ItemHead", text="438  Paragraph 12(2)(a)"
[parser-unknown-class] "ItemHead", text="439  Subsection 15(1)"
[parser-unknown-class] "ActHead9", text="Freedom of Information Act 1982"
[parser-unknown-class] "ItemHead", text="440  Subsection 5(1B) (heading)"
[parser-unknown-class] "ItemHead", text="441  Paragraph 5(1B)(a)"
[parser-unknown-class] "ItemHead", text="442  Subsection 5(1C) (heading)"
[parser-unknown-class] "ItemHead", text="443  Paragraph 5(1C)(a)"
[parser-unknown-class] "ItemHead", text="444  Subsections 64(7) and (8) and 67(4) and (5)"
[parser-unknown-class] "ActHead9", text="Government Procurement (Judicial Review) Act 2018"
[parser-unknown-class] "ItemHead", text="445  Section 3"
[parser-unknown-class] "ItemHead", text="446  Section 4 (definition of Federal Circuit Court)"
[parser-unknown-class] "ItemHead", text="447  Section 8"
[parser-unknown-class] "ItemHead", text="448  Subsections 9(1) and (2)"
[parser-unknown-class] "ItemHead", text="449  Paragraph 10(1)(a)"
[parser-unknown-class] "ItemHead", text="450  Sections 11 and 14"
[parser-unknown-class] "ItemHead", text="451  Section 15"
[parser-unknown-class] "ItemHead", text="452  Section 16"
[parser-unknown-class] "ActHead9", text="Great Barrier Reef Marine Park Amendment (Authority Governance and Other Matters) Act 2018"
[parser-unknown-class] "ItemHead", text="453  Paragraph 10(2)(b) of Schedule 2"
[parser-unknown-class] "ActHead9", text="Greenhouse and Energy Minimum Standards Act 2012"
[parser-unknown-class] "ItemHead", text="454  Section 5 (paragraph (b) of the definition of issuing officer)"
[parser-unknown-class] "ItemHead", text="455  Section 5 (paragraph (aa) of the definition of relevant court)"
[parser-unknown-class] "ActHead9", text="Healthcare Identifiers Act 2010"
[parser-unknown-class] "ItemHead", text="456  Paragraphs 31C(3)(b), 31D(3)(b) and 31E(3)(b)"
[parser-unknown-class] "ActHead9", text="Higher Education Support Act 2003"
[parser-unknown-class] "ItemHead", text="457  Subclause 1(1) of Schedule 1 (paragraph (b) of the definition of applicable court)"
[parser-unknown-class] "ItemHead", text="458  Subclause 1(1) of Schedule 1 (paragraph (c) of the definition of judicial officer)"
[parser-unknown-class] "ActHead9", text="Horse Disease Response Levy Collection Act 2011"
[parser-unknown-class] "ItemHead", text="459  Paragraph 13(11)(b)"
[parser-unknown-class] "ItemHead", text="460  Subsection 19(2)"
[parser-unknown-class] "ActHead9", text="Human Rights Legislation Amendment Act 2017"
[parser-unknown-class] "ItemHead", text="461  Subitem 58(9) of Schedule 2"
[parser-unknown-class] "ActHead9", text="Illegal Logging Prohibition Act 2012"
[parser-unknown-class] "ItemHead", text="462  Paragraph 21(5)(c)"
[parser-unknown-class] "ItemHead", text="463  Paragraph 21(9)(b)"
[parser-unknown-class] "ItemHead", text="464  Paragraph 22(4)(c)"
[parser-unknown-class] "ItemHead", text="465  Paragraphs 22(8)(b) and 23(3)(b)"
[parser-unknown-class] "ActHead9", text="Imported Food Control Act 1992"
[parser-unknown-class] "ItemHead", text="466  Paragraphs 22(11)(b), 23(8)(b), 24(3)(b) and 26(3)(b)"
[parser-unknown-class] "ActHead9", text="Income Tax Assessment Act 1997"
[parser-unknown-class] "ItemHead", text="467  Subsection 126‑15(2) (example)"
[parser-unknown-class] "ActHead9", text="Independent Contractors Act 2006"
[parser-unknown-class] "ItemHead", text="468  Section 4 (definition of Court)"
[parser-unknown-class] "ItemHead", text="469  Subsection 12(1) (note)"
[parser-unknown-class] "ItemHead", text="470  Section 15 (note)"
[parser-unknown-class] "ItemHead", text="471  Section 16 (note 2)"
[parser-unknown-class] "ActHead9", text="Industrial Chemicals Act 2019"
[parser-unknown-class] "ItemHead", text="472  Section 9 (paragraph (c) of the definition of issuing officer)"
[parser-unknown-class] "ItemHead", text="473  Section 9 (paragraph (b) of the definition of relevant court)"
[parser-unknown-class] "ActHead9", text="Industrial Chemicals (Notification and Assessment) Act 1989"
[parser-unknown-class] "ItemHead", text="474  Paragraphs 83(3)(b), 85(9)(b) and 86(8)(b)"
[parser-unknown-class] "ActHead9", text="Inspector‑General of Live Animal Exports Act 2019"
[parser-unknown-class] "ItemHead", text="475  Paragraph 33(3)(b)"
[parser-unknown-class] "ActHead9", text="Insurance Contracts Act 1984"
[parser-unknown-class] "ItemHead", text="476  Subsection 11(1) (paragraph (b) of the definition of relevant court)"
[parser-unknown-class] "ActHead9", text="Intellectual Property Laws Amendment (Productivity Commission Response Part 1 and Other Measures)..."
[parser-unknown-class] "ItemHead", text="477  Subitem 223(2) of Schedule 2"
[parser-unknown-class] "ItemHead", text="478  Subitem 237(2) of Schedule 2"
[parser-unknown-class] "ActHead9", text="Interactive Gambling Act 2001"
[parser-unknown-class] "ItemHead", text="479  Section 4 (definition of Federal Circuit Court)"
[parser-unknown-class] "ItemHead", text="480  Paragraphs 64B(3)(b) and 64D(3)(b)"
[parser-unknown-class] "ActHead9", text="Judges (Long Leave Payments) Act 1979"
[parser-unknown-class] "ItemHead", text="481  Title"
[parser-unknown-class] "ItemHead", text="482  Section 3 (paragraph (a) of the definition of Judge)"
[parser-unknown-class] "ItemHead", text="483  After section 3A"
[parser-unknown-class] "ActHead9", text="Judges’ Pensions Act 1968"
[parser-unknown-class] "ItemHead", text="484  Subsection 4(1) (paragraph (a) of the definition of appropriate current judicial salary)"
[parser-unknown-class] "ItemHead", text="485  Subsection 4(1) (after paragraph (b) of the definition of appropriate current judicial salary)"
[parser-unknown-class] "ItemHead", text="486  Subsection 4(1) (after paragraph (d) of the definition of appropriate current judicial salary)"
[parser-unknown-class] "ItemHead", text="487  Subsection 4(1)"
[parser-unknown-class] "ItemHead", text="488  Subsection 4(1) (paragraph (a) of the definition of Judge)"
[parser-unknown-class] "ItemHead", text="489  Subsection 4(1) (at the end of the end of the definition of Judge)"
[parser-unknown-class] "ItemHead", text="490  At the end of section 5"
[parser-unknown-class] "ActHead9", text="Judicial and Statutory Officers (Remuneration and Allowances) Act 1984"
[parser-unknown-class] "ItemHead", text="491  Part 2 of the Schedule (cell at table item dealing with Chief Justice of the Family Court of..."
[parser-unknown-class] "ItemHead", text="492  Part 2 of the Schedule (cell at table item dealing with Deputy Chief Justice of the Family C..."
[parser-unknown-class] "ItemHead", text="493  Part 2 of the Schedule (table item dealing with Judge assigned to the Appeal Division of the..."
[parser-unknown-class] "ItemHead", text="494  Part 2 of the Schedule (cell at table item dealing with Senior Judge of the Family Court of ..."
[parser-unknown-class] "ItemHead", text="495  Part 2 of the Schedule (cell at table item dealing with Any other Judge of the Family Court ..."
[parser-unknown-class] "ItemHead", text="496  Part 2 of the Schedule (table item dealing with Judicial Registrar of the Family Court of Au..."
[parser-unknown-class] "ActHead9", text="Judicial Misbehaviour and Incapacity (Parliamentary Commissions) Act 2012"
[parser-unknown-class] "ItemHead", text="497  Section 4"
[parser-unknown-class] "ItemHead", text="498  Paragraph 19(6)(b)"
[parser-unknown-class] "ItemHead", text="499  Paragraph 19(6)(c)"
[parser-unknown-class] "ActHead9", text="Judiciary Act 1903"
[parser-unknown-class] "ItemHead", text="500  Paragraph 23(2)(a)"
[parser-unknown-class] "ItemHead", text="501  Paragraph 39B(1EA)(a)"
[parser-unknown-class] "ItemHead", text="502  Paragraph 39B(1EA)(b)"
[parser-unknown-class] "ItemHead", text="503  Subparagraphs 39B(1EA)(d)(i) and (ii)"
[parser-unknown-class] "ItemHead", text="504  Subsection 39B(2)"
[parser-unknown-class] "ItemHead", text="505  Subsection 39B(3)"
[parser-unknown-class] "ActHead9", text="Jurisdiction of Courts (Cross‑vesting) Act 1987"
[parser-unknown-class] "ItemHead", text="506  Paragraph (b) of the Preamble"
[parser-unknown-class] "ItemHead", text="507  Subsection 3(1) (definition of Family Court)"
[parser-unknown-class] "ItemHead", text="508  Paragraphs 4(1)(a) and (2)(b)"
[parser-unknown-class] "ItemHead", text="509  Subsection 4(3)"
[parser-unknown-class] "ItemHead", text="510  Subparagraph 5(1)(b)(i)"
[parser-unknown-class] "ItemHead", text="511  Subparagraphs 5(1)(b)(ii) and (iii)"
[parser-unknown-class] "ItemHead", text="512  Subsection 5(1)"
[parser-unknown-class] "ItemHead", text="513  Paragraphs 5(4)(a) and (5)(a)"
[parser-unknown-class] "ItemHead", text="514  Paragraph 6(2)(b)"
[parser-unknown-class] "ItemHead", text="515  Subsection 6A(2)"
[parser-unknown-class] "ItemHead", text="516  Subsection 6A(3)"
[parser-unknown-class] "ItemHead", text="517  Subsection 7(1)"
[parser-unknown-class] "ItemHead", text="518  Subsection 7(2)"
[parser-unknown-class] "ItemHead", text="519  Paragraph 7(5)(a)"
[parser-unknown-class] "ItemHead", text="520  Subsection 7(7)"
[parser-unknown-class] "ItemHead", text="521  Subparagraph 8(1)(b)(i)"
[parser-unknown-class] "ItemHead", text="522  Subsection 9(3)"
[parser-unknown-class] "ItemHead", text="523  Paragraph 10(a)"
[parser-unknown-class] "ItemHead", text="524  Subsection 11(2)"
[parser-unknown-class] "ItemHead", text="525  Subsection 14(1)"
[parser-unknown-class] "ItemHead", text="526  Subsection 14(3)"
[parser-unknown-class] "ItemHead", text="527  Subsection 16(4)"
[parser-unknown-class] "ActHead9", text="Law Enforcement Integrity Commissioner Act 2006"
[parser-unknown-class] "ItemHead", text="528  Subsection 5(1) (definition of Federal Circuit Court)"
[parser-unknown-class] "ItemHead", text="529  Subsection 5(1) (subparagraph (a)(ia) of the definition of issuing officer)"
[parser-unknown-class] "ItemHead", text="530  Paragraph 96AD(2)(b)"
[parser-unknown-class] "ItemHead", text="531  Subsection 103(1) (note 2)"
[parser-unknown-class] "ItemHead", text="532  Subsection 103(2) (note)"
[parser-unknown-class] "ItemHead", text="533  Paragraph 109(7)(b)"
[parser-unknown-class] "ItemHead", text="534  Subparagraph 201(g)(i)"
[parser-unknown-class] "ItemHead", text="535  Subsections 221(1) and (2)"
[parser-unknown-class] "ActHead9", text="Major Sporting Events (Indicia and Images) Protection Act 2014"
[parser-unknown-class] "ItemHead", text="536  Section 9 (paragraph (b) of the definition of relevant court)"
[parser-unknown-class] "ActHead9", text="Marriage Act 1961"
[parser-unknown-class] "ItemHead", text="537  Subsection 5(1) (paragraph (a) of the definition of Judge)"
[parser-unknown-class] "ItemHead", text="538  Subsection 9A(1)"
[parser-unknown-class] "ItemHead", text="539  Subsection 92(1)"
[parser-unknown-class] "ActHead9", text="Marriage Amendment (Definition and Religious Freedoms) Act 2017"
[parser-unknown-class] "ItemHead", text="540  After subitem 6(6) of Schedule 4"
[parser-unknown-class] "Subitem", text="(6A) To avoid doubt, on and after the day Schedule 1 to the Federal Circuit and Family Court of A..."
[parser-unknown-class] "ActHead9", text="Maternity Leave (Commonwealth Employees) Act 1973"
[parser-unknown-class] "ItemHead", text="541  Paragraph 5(3)(ba)"
[parser-unknown-class] "ActHead9", text="Migration Act 1958"
[parser-unknown-class] "ItemHead", text="542  Subsection 5(1) (paragraph (b) of the definition of eligible court)"
[parser-unknown-class] "ItemHead", text="543  Subsection 5(1) (definition of Federal Circuit Court)"
[parser-unknown-class] "ItemHead", text="544  Subparagraph 42(2A)(e)(ii)"
[parser-unknown-class] "ItemHead", text="545  Section 91X (heading)"
[parser-unknown-class] "ItemHead", text="546  Subsections 91X(1), 114(1) and 153(2)"
[parser-unknown-class] "ItemHead", text="547  Section 476 (heading)"
[parser-unknown-class] "ItemHead", text="548  Subsections 476(1), (2) and (3)"
[parser-unknown-class] "ItemHead", text="549  Paragraph 476A(1)(a)"
[parser-unknown-class] "ItemHead", text="550  After subsection 476A(1)"
[parser-unknown-class] "ItemHead", text="551  Paragraph 476A(3)(a)"
[parser-unknown-class] "ItemHead", text="552  Subsections 476B(1) and (2)"
[parser-unknown-class] "ItemHead", text="553  Section 477 (heading)"
[parser-unknown-class] "ItemHead", text="554  Subsections 477(1) and (2) and 480(2)"
[parser-unknown-class] "ItemHead", text="555  Section 484 (heading)"
[parser-unknown-class] "ItemHead", text="556  Subsections 484(1) and (2) and 486B(1)"
[parser-unknown-class] "ItemHead", text="557  Section 486C (heading)"
[parser-unknown-class] "ItemHead", text="558  Subsection 486C(1)"
[parser-unknown-class] "ItemHead", text="559  Subsection 486C(3)"
[parser-unknown-class] "ItemHead", text="560  Subsection 486C(3A)"
[parser-unknown-class] "ItemHead", text="561  Subsection 486D(1)"
[parser-unknown-class] "ItemHead", text="562  Subsection 486D(5) (paragraph (a) of the definition of judicial review proceeding)"
[parser-unknown-class] "ItemHead", text="563  Section 487A (paragraph (b) of the definition of issuing officer)"
[parser-unknown-class] "ItemHead", text="564  Paragraph 500(6)(d)"
[parser-unknown-class] "ItemHead", text="565  Subsections 503A(4A) and (5A)"
[parser-unknown-class] "ItemHead", text="566  Section 503B (heading)"
[parser-unknown-class] "ItemHead", text="567  Subsection 503B(1)"
[parser-unknown-class] "ItemHead", text="568  Subsection 503B(2)"
[parser-unknown-class] "ItemHead", text="569  Paragraph 503B(2)(c)"
[parser-unknown-class] "ItemHead", text="570  Subsections 503B(4), (5), (6), (7), (8), (10) and (11)"
[parser-unknown-class] "ItemHead", text="571  Subsection 503B(14) (table item 1, column headed “In the case of these proceedings...”)"
[parser-unknown-class] "ItemHead", text="572  Section 503C (heading)"
[parser-unknown-class] "ItemHead", text="573  Subsection 503C(1)"
[parser-unknown-class] "ItemHead", text="574  Subsection 503C(3)"
[parser-unknown-class] "ItemHead", text="575  Paragraph 503C(3)(c)"
[parser-unknown-class] "ItemHead", text="576  Paragraph 503C(3)(d)"
[parser-unknown-class] "ItemHead", text="577  Subsection 503C(4)"
[parser-unknown-class] "ItemHead", text="578  Paragraph 503C(4)(c)"
[parser-unknown-class] "ItemHead", text="579  Subsections 503C(6) and (7)"
[parser-unknown-class] "ActHead9", text="Mutual Assistance in Criminal Matters Act 1987"
[parser-unknown-class] "ItemHead", text="580  Subsection 3(1) (definition of eligible Federal Circuit Court Judge)"
[parser-unknown-class] "ItemHead", text="581  Subsection 3(1)"
[parser-unknown-class] "ItemHead", text="582  Subsection 3(1) (paragraph (a) of the definition of executing officer)"
[parser-unknown-class] "ItemHead", text="583  Paragraphs 13(2)(a) and (b)"
[parser-unknown-class] "ItemHead", text="584  Subsections 13(2A), (2B), (2C), (2D) and (4) to (5)"
[parser-unknown-class] "ItemHead", text="585  Subsection 13AA(1)"
[parser-unknown-class] "ItemHead", text="586  Subsection 13AA(2)"
[parser-unknown-class] "ItemHead", text="587  Paragraphs 13AB(1)(a) and (b)"
[parser-unknown-class] "ItemHead", text="588  Section 15"
[parser-unknown-class] "ItemHead", text="589  Subsections 25(2), 31(2), 38C(1) and (2) and 38D(1), (3) and (4), 38H(1) and (4), 38I(1), 38..."
[parser-unknown-class] "ItemHead", text="590  Section 38Z"
[parser-unknown-class] "ItemHead", text="591  Paragraph 38ZB(1)(a)"
[parser-unknown-class] "ItemHead", text="592  Subsection 38ZB(2)"
[parser-unknown-class] "ItemHead", text="593  Section 38ZC (heading)"
[parser-unknown-class] "ItemHead", text="594  Subsections 38ZC(1) and (2)"
[parser-unknown-class] "ItemHead", text="595  Subsection 38ZC(2)"
[parser-unknown-class] "ItemHead", text="596  Section 38ZD (heading)"
[parser-unknown-class] "ItemHead", text="597  Subsections 38ZD(1) and (3)"
[parser-unknown-class] "ItemHead", text="598  Paragraph 44(c)"
[parser-unknown-class] "ActHead9", text="My Health Records Act 2012"
[parser-unknown-class] "ItemHead", text="599  Paragraphs 45C(1)(b), 50C(1)(b), 79(3)(b), 80(3)(b) and 81(3)(b)"
[parser-unknown-class] "ActHead9", text="Narcotic Drugs Act 1967"
[parser-unknown-class] "ItemHead", text="600  Subsection 4(1) (paragraph (b) of the definition of relevant court)"
[parser-unknown-class] "ActHead9", text="National Cancer Screening Register Act 2016"
[parser-unknown-class] "ItemHead", text="601  Paragraph 24(3)(b)"
[parser-unknown-class] "ActHead9", text="National Consumer Credit Protection Act 2009"
[parser-unknown-class] "ItemHead", text="602  Subsection 5(1) (definition of Federal Circuit Court)"
[parser-unknown-class] "ItemHead", text="603  Subsection 5(1) (paragraph (a) of the definition of lower court)"
[parser-unknown-class] "ItemHead", text="604  Subsection 5(1) (paragraph (a) of the definition of relevant superior court)"
[parser-unknown-class] "ItemHead", text="605  Section 185"
[parser-unknown-class] "ItemHead", text="606  Subsection 187(1) (cell at table item 2, column headed “Court on which civil jurisdiction is..."
[parser-unknown-class] "ItemHead", text="607  Section 189 (table)"
[parser-unknown-class] "ItemHead", text="608  Subsection 191(2)"
[parser-unknown-class] "ItemHead", text="609  Subsection 191(2) (note 1)"
[parser-unknown-class] "ItemHead", text="610  Subsection 191(2) (note 2)"
[parser-unknown-class] "ItemHead", text="611  Paragraph 199(1)(a)"
[parser-unknown-class] "ActHead9", text="National Disability Insurance Scheme Act 2013"
[parser-unknown-class] "ItemHead", text="612  Subparagraphs 73ZE(3)(e)(ii) and 73ZF(2)(e)(ii)"
[parser-unknown-class] "ItemHead", text="613  Paragraph 73ZJ(3)(b)"
[parser-unknown-class] "ItemHead", text="614  Paragraphs 73ZK(3)(b), 73ZP(3)(b) and 73ZQ(3)(b)"
[parser-unknown-class] "ActHead9", text="National Greenhouse and Energy Reporting Act 2007"
[parser-unknown-class] "ItemHead", text="615  Section 7 (paragraph (b) of the definition of court)"
[parser-unknown-class] "ActHead9", text="National Health Act 1953"
[parser-unknown-class] "ItemHead", text="616  Subparagraph 134D(2)(b)(ii)"
[parser-unknown-class] "ActHead9", text="National Health Security Act 2007"
[parser-unknown-class] "ItemHead", text="617  Subsections 62(1) and 79A(3)"
[parser-unknown-class] "ActHead9", text="National Measurement Act 1960"
[parser-unknown-class] "ItemHead", text="618  Section 18LL"
[parser-unknown-class] "ItemHead", text="619  Subsections 18LN(1), 18LO(1) and 18QE(1)"
[parser-unknown-class] "ItemHead", text="620  Section 19K (heading)"
[parser-unknown-class] "ItemHead", text="621  Section 19K"
[parser-unknown-class] "ActHead9", text="National Redress Scheme for Institutional Child Sexual Abuse Act 2018"
[parser-unknown-class] "ItemHead", text="622  Paragraph 190(3)(b)"
[parser-unknown-class] "ActHead9", text="National Vocational Education and Training Regulator Act 2011"
[parser-unknown-class] "ItemHead", text="623  Section 3 (definition of Federal Circuit Court)"
[parser-unknown-class] "ItemHead", text="624  Section 3 (paragraph (b) of the definition of issuing officer)"
[parser-unknown-class] "ItemHead", text="625  Section 91 (heading)"
[parser-unknown-class] "ItemHead", text="626  Subsections 91(1) and (2) and 92(2)"
[parser-unknown-class] "ItemHead", text="627  Section 137 (heading)"
[parser-unknown-class] "ItemHead", text="628  Subsections 137(1), (2), (3) and (4)"
[parser-unknown-class] "ItemHead", text="629  Section 139"
[parser-unknown-class] "ItemHead", text="630  Subsections 140(4) and 141(2) and (4)"
[parser-unknown-class] "ItemHead", text="631  Section 142"
[parser-unknown-class] "ItemHead", text="632  Paragraph 147(1)(b)"
[parser-unknown-class] "ItemHead", text="633  Sections 150, 151, 152 and 153"
[parser-unknown-class] "ItemHead", text="634  Section 154 (heading)"
[parser-unknown-class] "ItemHead", text="635  Section 154"
[parser-unknown-class] "ItemHead", text="636  Paragraph 232B(b)"
[parser-unknown-class] "ActHead9", text="Offshore Petroleum and Greenhouse Gas Storage Act 2006"
[parser-unknown-class] "ItemHead", text="637  Section 7 (definition of Federal Circuit Court)"
[parser-unknown-class] "ItemHead", text="638  Subparagraphs 216(6)(b)(ii), 398(2)(b)(ii), 572D(3)(b)(ii), 572E(3)(b)(ii), 572F(2)(b)(ii), ..."
[parser-unknown-class] "ItemHead", text="639  Subsection 602C(6)"
[parser-unknown-class] "ItemHead", text="640  Paragraph 602C(8)(b)"
[parser-unknown-class] "ItemHead", text="641  Subsection 602D(5)"
[parser-unknown-class] "ItemHead", text="642  Paragraphs 602D(7)(b), 611B(3)(b) and 611J(3)(b)"
[parser-unknown-class] "ItemHead", text="643  Paragraph 611N(3)(b)"
[parser-unknown-class] "ItemHead", text="644  Paragraph 634(3)(b)"
[parser-unknown-class] "ItemHead", text="645  Subparagraphs 685(3)(b)(ii), 686(5)(b)(ii), 687(7)(b)(ii), 688(5)(b)(ii), 688A(5)(b)(ii), 68..."
[parser-unknown-class] "ActHead9", text="Ombudsman Act 1976"
[parser-unknown-class] "ItemHead", text="646  Subsection 3(1)"
[parser-unknown-class] "ItemHead", text="647  Subsection 3(1) (definition of chief executive officer of a court or tribunal)"
[parser-unknown-class] "ItemHead", text="648  Subsection 3(1) (paragraph (bb) of the definition of prescribed authority)"
[parser-unknown-class] "ItemHead", text="649  Subsection 3(1) (subparagraph (c)(i) of the definition of prescribed authority)"
[parser-unknown-class] "ItemHead", text="650  Paragraph 3(14)(a)"
[parser-unknown-class] "ItemHead", text="651  Subsection 3(14)"
[parser-unknown-class] "ItemHead", text="652  Paragraph 3(16)(a)"
[parser-unknown-class] "ItemHead", text="653  Paragraph 3(18)(a)"
[parser-unknown-class] "ItemHead", text="654  Paragraph 3(18)(c)"
[parser-unknown-class] "ItemHead", text="655  Paragraph 5(2)(ba)"
[parser-unknown-class] "ItemHead", text="656  Subsection 16(5)"
[parser-unknown-class] "ItemHead", text="657  Paragraph 16(5)(a)"
[parser-unknown-class] "ItemHead", text="658  Paragraph 16(5)(c)"
[parser-unknown-class] "ActHead9", text="Ozone Protection and Synthetic Greenhouse Gas Management Act 1989"
[parser-unknown-class] "ItemHead", text="659  Section 7 (paragraph (b) of the definition of designated court)"
[parser-unknown-class] "ItemHead", text="660  Section 7 (definition of Federal Circuit Court)"
[parser-unknown-class] "ActHead9", text="Paid Parental Leave Act 2010"
[parser-unknown-class] "ItemHead", text="661  Section 6 (definition of Federal Circuit Court)"
[parser-unknown-class] "ItemHead", text="662  Paragraph 147(3)(b)"
[parser-unknown-class] "ItemHead", text="663  Subsection 156(5)"
[parser-unknown-class] "ItemHead", text="664  Subsection 200D(1) (note)"
[parser-unknown-class] "ItemHead", text="665  Subsection 200N(1)"
[parser-unknown-class] "ItemHead", text="666  Section 297"
[parser-unknown-class] "ItemHead", text="667  Section 301 (heading)"
[parser-unknown-class] "ItemHead", text="668  Section 301"
[parser-unknown-class] "ActHead9", text="Parliamentary Business Resources Act 2017"
[parser-unknown-class] "ItemHead", text="669  Section 5 (paragraph (b) of the definition of relevant court)"
[parser-unknown-class] "ActHead9", text="Personal Property Securities Act 2009"
[parser-unknown-class] "ItemHead", text="670  Section 10"
[parser-unknown-class] "ItemHead", text="671  Section 205"
[parser-unknown-class] "ItemHead", text="672  Paragraph 206(1)(b)"
[parser-unknown-class] "ItemHead", text="673  Section 207 (after table item 1)"
[parser-unknown-class] "ItemHead", text="674  Section 207 (cell at table item 2, column headed “Court on which jurisdiction is conferred”)"
[parser-unknown-class] "ItemHead", text="675  Section 207 (table item 4)"
[parser-unknown-class] "ItemHead", text="676  Section 208 (table)"
[parser-unknown-class] "ItemHead", text="677  Subsection 210(2) (table)"
[parser-unknown-class] "ItemHead", text="678  Subsection 210(2) (note 1)"
[parser-unknown-class] "ItemHead", text="679  Subsection 210(2) (note 2)"
[parser-unknown-class] "ItemHead", text="680  Subsection 211(3) (paragraph (a) of the definition of lower court)"
[parser-unknown-class] "ItemHead", text="681  Subsection 211(3) (paragraph (a) of the definition of relevant superior court)"
[parser-unknown-class] "ItemHead", text="682  Subsection 211(3) (after paragraph (a) of the definition of superior court)"
[parser-unknown-class] "ItemHead", text="683  Subsection 211(3) (paragraph (c) of the definition of superior court)"
[parser-unknown-class] "ItemHead", text="684  Paragraphs 221(3)(b) and 222(3)(b)"
[parser-unknown-class] "ActHead9", text="Petroleum and Other Fuels Reporting Act 2017"
[parser-unknown-class] "ItemHead", text="685  Subparagraphs 33(2)(f)(ii) and 35(2)(b)(ii)"
[parser-unknown-class] "ActHead9", text="Plant Breeder’s Rights Act 1994"
[parser-unknown-class] "ItemHead", text="686  Subsection 3(1) (definition of Federal Circuit Court)"
[parser-unknown-class] "ItemHead", text="687  Paragraphs 39(5)(b) and 50(7)(b)"
[parser-unknown-class] "ItemHead", text="688  Subsections 54(1) and 55(1)"
[parser-unknown-class] "ItemHead", text="689  Subsection 56(1) (note)"
[parser-unknown-class] "ItemHead", text="690  Paragraph 56(2)(a)"
[parser-unknown-class] "ItemHead", text="691  Section 56A (heading)"
[parser-unknown-class] "ItemHead", text="692  Subsections 56A(1), (3), (3A) and (4)"
[parser-unknown-class] "ItemHead", text="693  Subsection 56A(5)"
[parser-unknown-class] "ItemHead", text="694  Subsections 57A(1) and (2)"
[parser-unknown-class] "ItemHead", text="695  Section 57B"
[parser-unknown-class] "ItemHead", text="696  Section 72"
[parser-unknown-class] "ActHead9", text="Privacy Act 1988"
[parser-unknown-class] "ItemHead", text="697  Subsection 6(1) (definition of Federal Circuit Court)"
[parser-unknown-class] "ItemHead", text="698  Section 19"
[parser-unknown-class] "ItemHead", text="699  Subsections 25(1) and 25A(2)"
[parser-unknown-class] "ItemHead", text="700  Section 55A (heading)"
[parser-unknown-class] "ItemHead", text="701  Subsections 55A(1) and 62(1) and (2)"
[parser-unknown-class] "ItemHead", text="702  Paragraphs 63(2)(a) and (b)"
[parser-unknown-class] "ItemHead", text="703  Paragraphs 80U(3)(b), 80V(3)(b) and 80W(3)(b)"
[parser-unknown-class] "ActHead9", text="Proceeds of Crime Act 2002"
[parser-unknown-class] "ItemHead", text="704  Subparagraphs 315B(2)(a)(v) and (b)(v)"
[parser-unknown-class] "ActHead9", text="Product Emissions Standards Act 2017"
[parser-unknown-class] "ItemHead", text="705  Subparagraphs 24(3)(f)(ii), 25(2)(f)(ii), 26(2)(b)(ii), 28(2)(b)(ii) and 29(2)(b)(ii)"
[parser-unknown-class] "ItemHead", text="706  Paragraphs 35(2)(b) and 37(1)(b)"
[parser-unknown-class] "ActHead9", text="Product Stewardship Act 2011"
[parser-unknown-class] "ItemHead", text="707  Section 6 (paragraph (b) of the definition of issuing officer)"
[parser-unknown-class] "ItemHead", text="708  Section 87 (heading)"
[parser-unknown-class] "ItemHead", text="709  Subsections 87(1) and (2) and 88(2)"
[parser-unknown-class] "ActHead9", text="Public Interest Disclosure Act 2013"
[parser-unknown-class] "ItemHead", text="710  Section 8 (definition of Federal Circuit Court)"
[parser-unknown-class] "ItemHead", text="711  Section 9"
[parser-unknown-class] "ItemHead", text="712  Sections 14, 15, 16 and 17"
[parser-unknown-class] "ItemHead", text="713  Subsection 22A(1)"
[parser-unknown-class] "ItemHead", text="714  Paragraphs 73(2)(b) to (ca)"
[parser-unknown-class] "ActHead9", text="Regulatory Powers (Standard Provisions) Act 2014"
[parser-unknown-class] "ItemHead", text="715  Section 4 (paragraph (c) of the definition of judicial officer)"
[parser-unknown-class] "ActHead9", text="Remuneration and Allowances Act 1990"
[parser-unknown-class] "ItemHead", text="716  Part 2 of Schedule 1 (cell at table item dealing with Chief Justice of the Family Court, col..."
[parser-unknown-class] "ItemHead", text="717  Part 2 of Schedule 1 (cell at table item dealing with Deputy Chief Justice of the Family Cou..."
[parser-unknown-class] "ItemHead", text="718  Part 2 of Schedule 1 (table item dealing with Judge assigned to the Appeal Division of the F..."
[parser-unknown-class] "ItemHead", text="719  Part 2 of Schedule 1 (cell at table item dealing with Senior Judge of the Family Court, colu..."
[parser-unknown-class] "ItemHead", text="720  Part 2 of Schedule 1 (cell at table item dealing with Any other Judge of the Family Court, c..."
[parser-unknown-class] "ItemHead", text="721  Part 4 of Schedule 1 (table item dealing with Judicial Registrar of the Family Court of Aust..."
[parser-unknown-class] "ActHead9", text="Renewable Energy (Electricity) Act 2000"
[parser-unknown-class] "ItemHead", text="722  Subsection 5(1) (definition of Federal Circuit Court)"
[parser-unknown-class] "ItemHead", text="723  Subsection 154A(1) (paragraph (b) of the definition of Court)"
[parser-unknown-class] "ActHead9", text="Resale Royalty Right for Visual Artists Act 2009"
[parser-unknown-class] "ItemHead", text="724  Section 3 (definition of Federal Circuit Court)"
[parser-unknown-class] "ItemHead", text="725  Subsection 39(1)"
[parser-unknown-class] "ItemHead", text="726  Sections 43 and 44"
[parser-unknown-class] "ItemHead", text="727  Section 51 (heading)"
[parser-unknown-class] "ItemHead", text="728  Section 51"
[parser-unknown-class] "ActHead9", text="Road Vehicle Standards Act 2018"
[parser-unknown-class] "ItemHead", text="729  Subsection 5(1) (definition of Federal Circuit Court)"
[parser-unknown-class] "ItemHead", text="730  Subsection 5(1) (paragraph (b) of the definition of relevant court)"
[parser-unknown-class] "ItemHead", text="731  Subparagraphs 50(4)(c)(iii) and 52(3)(c)(iii)"
[parser-unknown-class] "ActHead9", text="Security of Critical Infrastructure Act 2018"
[parser-unknown-class] "ItemHead", text="732  Paragraph 49(4)(b)"
[parser-unknown-class] "ActHead9", text="Shipping Registration Act 1981"
[parser-unknown-class] "ItemHead", text="733  Subsection 3(1) (paragraph (b) of the definition of relevant court)"
[parser-unknown-class] "ItemHead", text="734  Subsection 61BZD(1) (cell at table item 2, column headed “Court on which civil jurisdiction ..."
[parser-unknown-class] "ActHead9", text="Social Security Act 1991"
[parser-unknown-class] "ItemHead", text="735  Paragraphs 553A(4)(d), 596(4)(d), 660XBE(4)(d), 729AA(4)(d), 759(4)(d) and 771HB(4)(d)"
[parser-unknown-class] "ItemHead", text="736  Subsection 1243(1) (note)"
[parser-unknown-class] "ItemHead", text="737  Subsection 1252(1)"
[parser-unknown-class] "ActHead9", text="Space (Launches and Returns) Act 2018"
[parser-unknown-class] "ItemHead", text="738  Section 8 (definition of Federal Circuit Court)"
[parser-unknown-class] "ItemHead", text="739  Subsection 59(8)"
[parser-unknown-class] "ItemHead", text="740  Section 72 (heading)"
[parser-unknown-class] "ItemHead", text="741  Section 72"
[parser-unknown-class] "ItemHead", text="742  Section 75F (heading)"
[parser-unknown-class] "ItemHead", text="743  Section 75F"
[parser-unknown-class] "ItemHead", text="744  Paragraph 81(3)(b)"
[parser-unknown-class] "ItemHead", text="745  Subsection 107(2)"
[parser-unknown-class] "ActHead9", text="Stronger Futures in the Northern Territory Act 2012"
[parser-unknown-class] "ItemHead", text="746  Section 5 (paragraph (b) of the definition of relevant court)"
[parser-unknown-class] "ItemHead", text="747  Subsection 103(1) (cell at table item 2, column headed “Court on which civil jurisdiction is..."
[parser-unknown-class] "ActHead9", text="Student Assistance Act 1973"
[parser-unknown-class] "ItemHead", text="748  Subsection 43K(1) (note)"
[parser-unknown-class] "ItemHead", text="749  Subsection 43U(1)"
[parser-unknown-class] "ActHead9", text="Taxation Administration Act 1953"
[parser-unknown-class] "ItemHead", text="750  Section 14ZQ"
[parser-unknown-class] "ItemHead", text="751  Section 14ZZS (heading)"
[parser-unknown-class] "ItemHead", text="752  Subsection 14ZZS(1)"
[parser-unknown-class] "ItemHead", text="753  Subsection 14ZZS(2)"
[parser-unknown-class] "ItemHead", text="754  Paragraphs 14ZZS(2)(a), (b), (c), (d) and (e)"
[parser-unknown-class] "ItemHead", text="755  Subparagraph 14ZZS(2)(f)(i)"
[parser-unknown-class] "ItemHead", text="756  Subparagraphs 14ZZS(2)(f)(ii) and (iii)"
[parser-unknown-class] "ItemHead", text="757  Subparagraph 14ZZS(2)(f)(iv)"
[parser-unknown-class] "ItemHead", text="758  Subsections 14ZZS(3) and (4)"
[parser-unknown-class] "ItemHead", text="759  Section 17A (heading)"
[parser-unknown-class] "ItemHead", text="760  Subsection 17A(2)"
[parser-unknown-class] "ActHead9", text="Telecommunications and Other Legislation Amendment (Assistance and Access) Act 2018"
[parser-unknown-class] "ItemHead", text="761  Subsection 2(1) (table item 3, column 2)"
[parser-unknown-class] "ItemHead", text="762  Part 2 of Schedule 1 (heading)"
[parser-unknown-class] "ActHead9", text="Tertiary Education Quality and Standards Agency Act 2011"
[parser-unknown-class] "ItemHead", text="763  Section 5 (definition of Federal Circuit Court)"
[parser-unknown-class] "ItemHead", text="764  Section 5 (paragraph (b) of the definition of issuing officer)"
[parser-unknown-class] "ItemHead", text="765  Section 96 (heading)"
[parser-unknown-class] "ItemHead", text="766  Subsections 96(1) and (2) and 97(2)"
[parser-unknown-class] "ItemHead", text="767  Paragraph 115(1)(b)"
[parser-unknown-class] "ItemHead", text="768  Section 118"
[parser-unknown-class] "ItemHead", text="769  Subsection 119(3)"
[parser-unknown-class] "ItemHead", text="770  Section 121"
[parser-unknown-class] "ItemHead", text="771  Subsections 126(1) and 127(1) and (2)"
[parser-unknown-class] "ItemHead", text="772  Sections 128, 129, 130 and 131"
[parser-unknown-class] "ActHead9", text="Therapeutic Goods Act 1989"
[parser-unknown-class] "ItemHead", text="773  Subsection 3(1) (definition of Federal Circuit Court)"
[parser-unknown-class] "ItemHead", text="774  Section 42YM"
[parser-unknown-class] "ItemHead", text="775  Sections 42YN, 42YO, 42YP, 42YQ and 42YR"
[parser-unknown-class] "ActHead9", text="Tobacco Plain Packaging Act 2011"
[parser-unknown-class] "ItemHead", text="776  Paragraphs 52(9)(b) and 85(3)(b)"
[parser-unknown-class] "ActHead9", text="Trade Marks Act 1995"
[parser-unknown-class] "ItemHead", text="777  Subsection 6(1) (definition of Federal Circuit Court)"
[parser-unknown-class] "ItemHead", text="778  Sections 35, 56 and 67"
[parser-unknown-class] "ItemHead", text="779  Subsections 83(2) and 83A(8)"
[parser-unknown-class] "ItemHead", text="780  Sections 84D and 104"
[parser-unknown-class] "ItemHead", text="781  Paragraph 190(aa)"
[parser-unknown-class] "ItemHead", text="782  Paragraph 191(2)(a)"
[parser-unknown-class] "ItemHead", text="783  Section 191A (heading)"
[parser-unknown-class] "ItemHead", text="784  Section 191A"
[parser-unknown-class] "ItemHead", text="785  Subsection 192(1)"
[parser-unknown-class] "ItemHead", text="786  Subsection 194(3)"
[parser-unknown-class] "ItemHead", text="787  Subsection 195(2)"
[parser-unknown-class] "ItemHead", text="788  Section 196"
[parser-unknown-class] "ItemHead", text="789  Section 197 (heading)"
[parser-unknown-class] "ItemHead", text="790  Section 197"
[parser-unknown-class] "ActHead9", text="Trans‑Tasman Proceedings Act 2010"
[parser-unknown-class] "ItemHead", text="791  Section 4 (paragraph (b) of the definition of superior Australian court)"
[parser-unknown-class] "ItemHead", text="792  Paragraphs 25(b) and 63(2)(b)"
[parser-unknown-class] "ItemHead", text="793  Subsection 109(3)"
[parser-unknown-class] "ItemHead", text="794  At the end of section 109"
[parser-unknown-class] "ActHead9", text="Underwater Cultural Heritage Act 2018"
[parser-unknown-class] "ItemHead", text="795  Subparagraphs 41(3)(f)(ii), 42(2)(f)(ii), 43(2)(b)(ii), 45(2)(b)(ii) and 46(2)(b)(ii)"
[parser-unknown-class] "ActHead9", text="VET Student Loans Act 2016"
[parser-unknown-class] "ItemHead", text="796  Section 6 (paragraph (c) of the definition of judicial officer)"
[parser-unknown-class] "ItemHead", text="797  Subparagraphs 82(3)(f)(ii), 83(2)(f)(ii), 84(2)(b)(ii), 86(2)(b)(ii) and 87(2)(b)(ii)"
[parser-unknown-class] "ActHead9", text="Water Act 2007"
[parser-unknown-class] "ItemHead", text="798  Section 138 (paragraph (b) of the definition of Court)"
[parser-unknown-class] "ItemHead", text="799  Section 139 (heading)"
[parser-unknown-class] "ItemHead", text="800  Section 139"
[parser-unknown-class] "ActHead9", text="Water Efficiency Labelling and Standards Act 2005"
[parser-unknown-class] "ItemHead", text="801  Section 7 (definition of Federal Circuit Court)"
[parser-unknown-class] "ItemHead", text="802  Section 7 (paragraph (b) of the definition of relevant court)"
[parser-unknown-class] "ActHead9", text="Work Health and Safety Act 2011"
[parser-unknown-class] "ItemHead", text="803  Section 4 (paragraph (b) of the definition of court)"
[parser-unknown-class] "ItemHead", text="804  Paragraph 273A(1)(b)"
[parser-unknown-class] "ItemHead", text="805  Paragraphs 273A(2)(e), (f) and (g)"
[parser-unknown-class] "ItemHead", text="806  Subsection 273A(3)"
[parser-unknown-class] "ItemHead", text="807  Paragraph 273A(3)(a)"
[parser-unknown-class] "ItemHead", text="808  Paragraph 273A(3)(b)"
[parser-unknown-class] "ItemHead", text="809  Paragraph 273A(3)(c)"
[parser-unknown-class] "ItemHead", text="810  Paragraph 273A(3)(d)"
[parser-unknown-class] "ItemHead", text="811  Paragraph 273A(3)(e)"
[parser-unknown-class] "ActHead6", text="Schedule 3—Repeal of the Federal Circuit Court of Australia Act 1999"
[parser-unknown-class] "ActHead7", text="Part 1—Repeals"
[parser-unknown-class] "ActHead9", text="Federal Circuit Court of Australia Act 1999"
[parser-unknown-class] "ItemHead", text="1  The whole of the Act"
[parser-unknown-class] "ActHead7", text="Part 2—Saving and transitional provisions"
[parser-unknown-class] "Transitional", text="2  Definitions"
[parser-unknown-class] "Transitional", text="3  Instrument about Commonwealth tenancy disputes"
[parser-unknown-class] "Transitional", text="4  Authorisation about handling complaints"
[parser-unknown-class] "Transitional", text="5  Seals and stamps"
[parser-unknown-class] "Transitional", text="6  Oaths and affirmations"
[parser-unknown-class] "Transitional", text="7  Arrangements with other courts"
[parser-unknown-class] "Transitional", text="8  Arrangements with agencies or organisations"
[parser-unknown-class] "Transitional", text="9  Delegation"
[parser-unknown-class] "Transitional", text="10  Determination of other terms and conditions"
[parser-unknown-class] "Transitional", text="11  Certification of retired disabled Judges"
[parser-unknown-class] "Transitional", text="12  Right of appeal to the Administrative Appeals Tribunal"
[parser-unknown-class] "Subitem", text="(1) Despite the repeal of the Federal Circuit Court of Australia Act 1999, applications may be ma..."
[parser-unknown-class] "Subitem", text="(2) Despite the repeal of the Federal Circuit Court of Australia Act 1999, applications may be ma..."
[parser-unknown-class] "ActHead6", text="Schedule 4—Contingent amendments"
[parser-unknown-class] "ActHead7", text="Part 1—Aged Care Legislation Amendment (New Commissioner Functions) Act 2019"
[parser-unknown-class] "ActHead9", text="Aged Care Act 1997"
[parser-unknown-class] "ItemHead", text="1  Subparagraphs 92‑1(4)(e)(ii) and 92‑3(2)(e)(ii)"
[parser-unknown-class] "ActHead9", text="Aged Care Quality and Safety Commission Act 2018"
[parser-unknown-class] "ItemHead", text="2  Subparagraphs 74B(4)(e)(ii) and 74D(2)(e)(ii)"
[parser-unknown-class] "ActHead7", text="Part 2—Communications Legislation Amendment (Deregulation and Other Measures) Act 2019"
[parser-unknown-class] "ActHead9", text="Communications Legislation Amendment (Deregulation and Other Measures) Act 2019"
[parser-unknown-class] "ItemHead", text="3  Subparagraph 4(8)(b)(ii) of Schedule 2"
[parser-unknown-class] "ActHead7", text="Part 3—Fair Work Laws Amendment (Proper Use of Worker Benefits) Act 2021"
[parser-unknown-class] "ActHead9", text="Fair Work Act 2009"
[parser-unknown-class] "ItemHead", text="4  Subsection 539(2) (table item 11A, column 3, paragraph (b))"
[parser-unknown-class] "ActHead7", text="Part 4—Family Law Amendment (Western Australia De Facto Superannuation Splitting and Bankruptcy) ..."
[parser-unknown-class] "ActHead9", text="Bankruptcy Act 1966"
[parser-unknown-class] "ItemHead", text="5  Subsections 35B(1), (2) and (3)"
[parser-unknown-class] "ItemHead", text="6  Subsections 35B(9) and (12)"
[parser-unknown-class] "ActHead9", text="Family Law Act 1975"
[parser-unknown-class] "ItemHead", text="7  Subsection 47A(2)"
[parser-unknown-class] "ItemHead", text="8  After section 47B"
[parser-unknown-class] "ItemHead", text="9  Paragraph 90YZH(3)(c)"
[parser-unknown-class] "ItemHead", text="10  Subsection 123(1)"
[parser-unknown-class] "ActHead9", text="Federal Circuit and Family Court of Australia Act 2021"
[parser-unknown-class] "ItemHead", text="11  Subparagraph 26(1)(d)(i)"
[parser-unknown-class] "ItemHead", text="12  After paragraph 26(1)(d)"
[parser-unknown-class] "ItemHead", text="13  Subparagraph 26(1)(f)(i)"
[parser-unknown-class] "ItemHead", text="14  Subsection 26(1) (before note 1)"
[parser-unknown-class] "ActHead7", text="Part 5—Interactive Gambling Amendment (National Self‑exclusion Register) Act 2019"
[parser-unknown-class] "ActHead9", text="Interactive Gambling Act 2001"
[parser-unknown-class] "ItemHead", text="15  Subparagraph 61PC(b)(ii)"
[parser-unknown-class] "ActHead7", text="Part 6—National Sports Tribunal Act 2019"
[parser-unknown-class] "ActHead9", text="National Sports Tribunal Act 2019"
[parser-unknown-class] "ItemHead", text="16  Paragraph 48(5)(b)"
[parser-unknown-class] "ActHead7", text="Part 7—Offshore Petroleum and Greenhouse Gas Storage Amendment (Miscellaneous Amendments) Act 2019"
[parser-unknown-class] "ActHead9", text="Offshore Petroleum and Greenhouse Gas Storage Act 2006"
[parser-unknown-class] "ItemHead", text="17  Subparagraph 582A(2)(b)(ii)"
[parser-unknown-class] "ItemHead", text="18  Subparagraphs 596A(6)(b)(ii) and (7)(g)(ii)"
[parser-unknown-class] "ActHead7", text="Part 8—Student Identifiers Amendment (Enhanced Student Permissions) Act 2020"
[parser-unknown-class] "ActHead9", text="Student Identifiers Act 2014"
[parser-unknown-class] "ItemHead", text="19  Paragraph 29D(3)(b)"
[parser-unknown-class] "ActHead7", text="Part 9—Telecommunications Legislation Amendment (Competition and Consumer) Act 2020"
[parser-unknown-class] "ActHead9", text="Telecommunications Act 1997"
[parser-unknown-class] "ItemHead", text="20  Section 7 (definition of Federal Circuit Court)"
[parser-unknown-class] "ActHead9", text="Telecommunications (Consumer Protection and Service Standards) Act 1999"
[parser-unknown-class] "ItemHead", text="21  Subparagraphs 102E(b)(ii) and 102N(5)(b)(ii)"
[parser-unknown-class] "ActHead6", text="Schedule 5—Transitional provisions"
[parser-unknown-class] "ActHead7", text="Part 1—Introduction"
[parser-unknown-class] "Transitional", text="1  Definitions"
[parser-unknown-class] "ActHead7", text="Part 2—Continuity of the Family Court of Australia, and Judges and personnel of the Court"
[parser-unknown-class] "Transitional", text="2  Change in title of judicial offices"
[parser-unknown-class] "SubitemHead", text="Chief Justice"
[parser-unknown-class] "Subitem", text="(1) The office of Chief Justice of the Family Court of Australia under the old law is the same of..."
[parser-unknown-class] "SubitemHead", text="Deputy Chief Justice"
[parser-unknown-class] "Subitem", text="(2) The office of Deputy Chief Justice of the Family Court of Australia under the old law is the ..."
[parser-unknown-class] "SubitemHead", text="Senior Judges"
[parser-unknown-class] "Subitem", text="(3) The office of Senior Judge of the Family Court of Australia under the old law is the same off..."
[parser-unknown-class] "SubitemHead", text="Judges"
[parser-unknown-class] "Subitem", text="(4) The office of Judge (other than Senior Judge) of the Family Court of Australia under the old ..."
[parser-unknown-class] "Subitem", text="(5) In this item:"
[parser-unknown-class] "Transitional", text="3  Appointments to judicial offices"
[parser-unknown-class] "SubitemHead", text="Chief Justice"
[parser-unknown-class] "Subitem", text="(1) The person holding office as the Chief Justice of the Family Court of Australia immediately b..."
[parser-unknown-class] "SubitemHead", text="Deputy Chief Justice"
[parser-unknown-class] "Subitem", text="(2) The person holding office as the Deputy Chief Justice of the Family Court of Australia immedi..."
[parser-unknown-class] "SubitemHead", text="Senior Judges"
[parser-unknown-class] "Subitem", text="(3) A person holding office as a Senior Judge of the Family Court of Australia immediately before..."
[parser-unknown-class] "SubitemHead", text="Judges"
[parser-unknown-class] "Subitem", text="(4) A person holding office as a Judge of the Family Court of Australia (other than a Senior Judg..."
[parser-unknown-class] "SubitemHead", text="Seniority"
[parser-unknown-class] "Subitem", text="(5) Despite the repeal of Part IV of the Family Law Act 1975, section 23 of that Act continues to..."
[parser-unknown-class] "Transitional", text="4  Chief Executive Officer of the Family Court of Australia"
[parser-unknown-class] "Subitem", text="(1) A person who was, immediately before the commencement day, holding office as the Chief Execut..."
[parser-unknown-class] "Subitem", text="(2) The person holds office, on and after the commencement day:"
[parser-unknown-class] "Transitional", text="5  Officers and staff of the Family Court of Australia"
[parser-unknown-class] "Subitem", text="(1) A person who, immediately before the commencement day, was an officer of the Family Court of ..."
[parser-unknown-class] "Subitem", text="(2) A person who, immediately before the commencement day, was a member of the staff of the Regis..."
[parser-unknown-class] "Subitem", text="(3) In this item:"
[parser-unknown-class] "Transitional", text="6  Application of subsection 25B(1) of the Acts Interpretation Act 1901"
[parser-unknown-class] "Transitional", text="7  Things done by the Family Court of Australia or Judges of the Court"
[parser-unknown-class] "Transitional", text="8  Things done by, or in relation to, the Chief Executive Officer"
[parser-unknown-class] "Subitem", text="(1) If a thing was done by, or in relation to, the Chief Executive Officer of the Family Court of..."
[parser-unknown-class] "Subitem", text="(2) The Minister may, in writing, determine that subitem (1) does not apply in relation to a spec..."
[parser-unknown-class] "Subitem", text="(3) To avoid doubt, doing a thing includes making an instrument."
[parser-unknown-class] "Subitem", text="(4) A determination under subitem (2) is not a legislative instrument."
[parser-unknown-class] "Transitional", text="9  Things done by, or in relation to, a Registrar or Deputy Registrar"
[parser-unknown-class] "Subitem", text="(1) If a thing was done by, or in relation to, a Registrar of the Family Court of Australia, then..."
[parser-unknown-class] "Subitem", text="(2) The Minister may, in writing, determine that subitem (1) does not apply in relation to a spec..."
[parser-unknown-class] "Subitem", text="(3) If a thing was done by, or in relation to, a Deputy Registrar of the Family Court of Australi..."
[parser-unknown-class] "Subitem", text="(4) The Minister may, in writing, determine that subitem (3) does not apply in relation to a spec..."
[parser-unknown-class] "Subitem", text="(5) To avoid doubt, doing a thing includes making an instrument."
[parser-unknown-class] "Subitem", text="(6) A determination under subitem (2) or (4) is not a legislative instrument."
[parser-unknown-class] "Transitional", text="10  Things done by, or in relation to, a Registry Manager"
[parser-unknown-class] "Subitem", text="(1) If a thing was done by, or in relation to, the Registry Manager of a Registry of the Family C..."
[parser-unknown-class] "Subitem", text="(2) The Minister may, in writing, determine that subitem (1) does not apply in relation to a spec..."
[parser-unknown-class] "Subitem", text="(3) To avoid doubt, doing a thing includes making an instrument."
[parser-unknown-class] "Subitem", text="(4) A determination under subitem (2) is not a legislative instrument."
[parser-unknown-class] "Transitional", text="11  Things done by, or in relation to, the Marshal or a Deputy Marshal"
[parser-unknown-class] "Subitem", text="(1) If a thing was done by, or in relation to, the Marshal or a Deputy Marshal of the Family Cour..."
[parser-unknown-class] "Subitem", text="(2) The Minister may, in writing, determine that subitem (1) does not apply in relation to a spec..."
[parser-unknown-class] "Subitem", text="(3) To avoid doubt, doing a thing includes making an instrument."
[parser-unknown-class] "Subitem", text="(4) A determination under subitem (2) is not a legislative instrument."
[parser-unknown-class] "Transitional", text="12  Registries"
[parser-unknown-class] "Transitional", text="13  Complaints"
[parser-unknown-class] "ActHead7", text="Part 3—Continuity of the Federal Circuit Court of Australia, and Judges and personnel of the Court"
[parser-unknown-class] "Transitional", text="14  Change in title of judicial offices"
[parser-unknown-class] "Subitem", text="(1) The office of Chief Judge of the Federal Circuit Court of Australia under the old law is the ..."
[parser-unknown-class] "Subitem", text="(2) The office of Judge (other than Chief Judge) of the Federal Circuit Court of Australia under ..."
[parser-unknown-class] "Subitem", text="(3) In this item:"
[parser-unknown-class] "Transitional", text="15  Appointments to judicial offices"
[parser-unknown-class] "SubitemHead", text="Chief Judge"
[parser-unknown-class] "Subitem", text="(1) The person holding office as the Chief Judge of the Federal Circuit Court of Australia immedi..."
[parser-unknown-class] "SubitemHead", text="Judge"
[parser-unknown-class] "Subitem", text="(2) A person holding office as a Judge of the Federal Circuit Court of Australia (other than the ..."
[parser-unknown-class] "SubitemHead", text="Assignment of Judges to locations or registries"
[parser-unknown-class] "Subitem", text="(3) Despite the repeal of the Federal Circuit Court of Australia Act 1999, an instrument made und..."
[parser-unknown-class] "Subitem", text="(4) An approval given under subsection 12(5) of the Federal Circuit Court of Australia Act 1999 i..."
[parser-unknown-class] "Transitional", text="16  Officers and staff of the Federal Circuit Court of Australia"
[parser-unknown-class] "Subitem", text="(1) A person who, immediately before the commencement day, was an officer of the Federal Circuit ..."
[parser-unknown-class] "Subitem", text="(2) A person who, immediately before the commencement day, was a member of the staff of the Feder..."
[parser-unknown-class] "Subitem", text="(3) In this item:"
[parser-unknown-class] "Transitional", text="17  Application of subsection 25B(1) of the Acts Interpretation Act 1901"
[parser-unknown-class] "Transitional", text="18  Things done by, or in relation to, the Federal Circuit Court of Australia or Judges of the Court"
[parser-unknown-class] "Transitional", text="19  Things done by, or in relation to, the Chief Executive Officer"
[parser-unknown-class] "Subitem", text="(1) If a thing was done by, or in relation to, the Chief Executive Officer of the Federal Circuit..."
[parser-unknown-class] "Subitem", text="(2) The Minister may, in writing, determine that subitem (1) does not apply in relation to a spec..."
[parser-unknown-class] "Subitem", text="(3) To avoid doubt, doing a thing includes making an instrument."
[parser-unknown-class] "Subitem", text="(4) A determination under subitem (2) is not a legislative instrument."
[parser-unknown-class] "Transitional", text="20  Things done by, or in relation to, a Registrar"
[parser-unknown-class] "Subitem", text="(1) If a thing was done by, or in relation to, a Registrar of the Federal Circuit Court of Austra..."
[parser-unknown-class] "Subitem", text="(2) The Minister may, in writing, determine that subitem (1) does not apply in relation to a spec..."
[parser-unknown-class] "Subitem", text="(3) To avoid doubt, doing a thing includes making an instrument."
[parser-unknown-class] "Subitem", text="(4) A determination under subitem (2) is not a legislative instrument."
[parser-unknown-class] "Transitional", text="21  Things done by, or in relation to, the Sheriff or a Deputy Sheriff"
[parser-unknown-class] "Subitem", text="(1) If a thing was done by, or in relation to, the Sheriff or a Deputy Sheriff of the Federal Cir..."
[parser-unknown-class] "Subitem", text="(2) The Minister may, in writing, determine that subitem (1) does not apply in relation to a spec..."
[parser-unknown-class] "Subitem", text="(3) To avoid doubt, doing a thing includes making an instrument."
[parser-unknown-class] "Subitem", text="(4) A determination under subitem (2) is not a legislative instrument."
[parser-unknown-class] "Transitional", text="22  Things done by, or in relation to, the Marshal or a Deputy Marshal"
[parser-unknown-class] "Subitem", text="(1) If a thing was done by, or in relation to, the Marshal or a Deputy Marshal of the Federal Cir..."
[parser-unknown-class] "Subitem", text="(2) The Minister may, in writing, determine that subitem (1) does not apply in relation to a spec..."
[parser-unknown-class] "Subitem", text="(3) To avoid doubt, doing a thing includes making an instrument."
[parser-unknown-class] "Subitem", text="(4) A determination under subitem (2) is not a legislative instrument."
[parser-unknown-class] "Transitional", text="23  Registries"
[parser-unknown-class] "Transitional", text="24  Complaints"
[parser-unknown-class] "ActHead7", text="Part 4—Transitional arrangements for appeals"
[parser-unknown-class] "ActHead8", text="Division 1—Appeals or applications not made, but time for making appeal or application not expired"
[parser-unknown-class] "Transitional", text="25  Appeals to the High Court"
[parser-unknown-class] "Transitional", text="26  Appeals to Federal Circuit and Family Court of Australia (Division 1)"
[parser-unknown-class] "Subitem", text="(1) If:"
[parser-unknown-class] "Subitem", text="(2) For the purposes of subitem (1), an appeal or application for leave to appeal must be made in..."
[parser-unknown-class] "Subitem", text="(3) To avoid doubt, the Federal Circuit and Family Court of Australia (Division 1) is to hear and..."
[parser-unknown-class] "Transitional", text="27  Extensions of time to appeal or seek leave to appeal"
[parser-unknown-class] "Subitem", text="(1) Despite the amendments to the Family Law Act 1975 made by this Act, if, on the commencement d..."
[parser-unknown-class] "Subitem", text="(2) To avoid doubt, the Federal Circuit and Family Court of Australia (Division 1) is to hear and..."
[parser-unknown-class] "ActHead8", text="Division 2—Matters not substantively heard before the commencement day"
[parser-unknown-class] "Transitional", text="28  Matters before a Judge or Full Court of the Family Court of Australia"
[parser-unknown-class] "SubitemHead", text="Matters to be substantively heard by the Federal Circuit and Family Court of Australia (Division 1)"
[parser-unknown-class] "Subitem", text="(1) Subject to subitems (3) and (4), if:"
[parser-unknown-class] "Subitem", text="(2) To avoid doubt, the Federal Circuit and Family Court of Australia (Division 1) is to hear and..."
[parser-unknown-class] "SubitemHead", text="Federal Circuit and Family Court of Australia (Division 1) to deal with certain applications of a..."
[parser-unknown-class] "Subitem", text="(3) If, on the day before the commencement day, a Full Court of the Family Court of Australia has..."
[parser-unknown-class] "Subitem", text="(4) If, on the day before the commencement day, a single Judge of the Family Court of Australia h..."
[parser-unknown-class] "Subitem", text="(5) Once judgment has been delivered on the procedural application, as mentioned in subitem (3) o..."
[parser-unknown-class] "SubitemHead", text="Federal Circuit and Family Court of Australia (Division 1) to deal with other applications of a p..."
[parser-unknown-class] "Subitem", text="(6) If, on the day before the commencement day:"
[parser-unknown-class] "SubitemHead", text="Full Court divided in opinion"
[parser-unknown-class] "Subitem", text="(7) If the Judges constituting the Full Court of the Federal Circuit and Family Court of Australi..."
[parser-unknown-class] "SubitemHead", text="Jurisdiction to hear applications of a procedural nature"
[parser-unknown-class] "Subitem", text="(8) To avoid doubt:"
[parser-unknown-class] "Transitional", text="29  Appeals from courts of summary jurisdiction"
[parser-unknown-class] "SubitemHead", text="Appeals before a single Judge of the Family Court of Australia"
[parser-unknown-class] "Subitem", text="(1) If:"
[parser-unknown-class] "Subitem", text="(2) To avoid doubt, the Judge of the Federal Circuit and Family Court of Australia (Division 1) i..."
[parser-unknown-class] "SubitemHead", text="Appeals before a Full Court of the Family Court of Australia"
[parser-unknown-class] "Subitem", text="(3) If:"
[parser-unknown-class] "Subitem", text="(4) To avoid doubt, the Full Court of the Federal Circuit and Family Court of Australia (Division..."
[parser-unknown-class] "ActHead8", text="Division 3—Matters substantively heard, in whole or in part, before the commencement day"
[parser-unknown-class] "Transitional", text="30  Matters before the Full Court of the Family Court of Australia"
[parser-unknown-class] "SubitemHead", text="Judgment to be delivered by the Federal Circuit and Family Court of Australia (Division 1)"
[parser-unknown-class] "Subitem", text="(1) If:"
[parser-unknown-class] "SubitemHead", text="Regard may be had to prior evidence"
[parser-unknown-class] "Subitem", text="(2) A Full Court of the Federal Circuit and Family Court of Australia (Division 1) may have regar..."
[parser-unknown-class] "SubitemHead", text="Reasons for decision may be given in short form in certain cases"
[parser-unknown-class] "Subitem", text="(3) Except in the case of an appeal referred under subsection 96(5) of the Family Law Act 1975, i..."
[parser-unknown-class] "SubitemHead", text="Full Court divided in opinion"
[parser-unknown-class] "Subitem", text="(4) If the Judges constituting a Full Court of the Federal Circuit and Family Court of Australia ..."
[parser-unknown-class] "SubitemHead", text="Appellate jurisdiction"
[parser-unknown-class] "Subitem", text="(5) To avoid doubt, a Full Court of the Federal Circuit and Family Court of Australia (Division 1..."
[parser-unknown-class] "Transitional", text="31  Matters before a Judge of the Family Court of Australia"
[parser-unknown-class] "SubitemHead", text="Judgment to be delivered by Judge of the Federal Circuit and Family Court of Australia (Division 1)"
[parser-unknown-class] "Subitem", text="(1) If:"
[parser-unknown-class] "SubitemHead", text="Reasons for decision may be given in short form in certain cases"
[parser-unknown-class] "Subitem", text="(2) Except in the case of an appeal under section 96 of the Family Law Act 1975, if, in dismissin..."
[parser-unknown-class] "SubitemHead", text="Appellate jurisdiction"
[parser-unknown-class] "Subitem", text="(3) To avoid doubt, a single Judge of the Federal Circuit and Family Court of Australia (Division..."
[parser-unknown-class] "ActHead8", text="Division 4—Miscellaneous"
[parser-unknown-class] "Transitional", text="32  Constituting a Full Court of the Federal Circuit and Family Court of Australia (Division 1)"
[parser-unknown-class] "Subitem", text="(1) For the purposes of subitems 28(3) and 30(1), if:"
[parser-unknown-class] "Subitem", text="(2) For the purposes of subitems 28(3) and 30(1), if:"
[parser-unknown-class] "Transitional", text="33  Unavailability of a Judge of the Federal Circuit and Family Court of Australia (Division 1)"
[parser-unknown-class] "Subitem", text="(1) For the purposes of subitems 28(4) and 31(1), if the single Judge of the Federal Circuit and ..."
[parser-unknown-class] "Subitem", text="(2) The Judge of the Federal Circuit and Family Court of Australia (Division 1) so allocated:"
[parser-unknown-class] "Transitional", text="34  Other matters"
[parser-unknown-class] "Subitem", text="(1) If an application is made before, on or after the commencement day that relates, or is incide..."
[parser-unknown-class] "Subitem", text="(2) When giving a direction, as allowed by subitem (1), the Chief Justice must consider the workl..."
[parser-unknown-class] "Transitional", text="35  Application of case management provisions"
[parser-unknown-class] "ActHead7", text="Part 5—Miscellaneous"
[parser-unknown-class] "Transitional", text="36  Prior judicial service"
[parser-unknown-class] "Transitional", text="37  Application"
[parser-unknown-class] "Transitional", text="38  Transitional rules"
[parser-unknown-class] "Subitem", text="(1) The Minister may, by legislative instrument, make rules prescribing matters of a transitional..."
[parser-unknown-class] "Subitem", text="(2) To avoid doubt, the rules may not do the following:"
[parser-unknown-class] "Transitional", text="39  Schedule does not limit certain provisions of the Acts Interpretation Act 1901"
[parser-unknown-class] "2ndRd", text=""
[parser-unknown-class] "2ndRd", text="[Minister’s second reading speech made in—"
[parser-unknown-class] "2ndRd", text="House of Representatives on 5 December 2019"
[parser-unknown-class] "2ndRd", text="Senate on 2 December 2020]"
[parser-diag] processed 4016 <p> elements
[parser-diag] last section was added at element index: 3625
[parser-diag] state phase at end: BODY
[parser-diag] hierarchy stack depth at end: 2
[parser-diag] insideSchedule at end: false
[parse] sections: 44
[parse] compilation: date=(none) no=(none)
[parse] by level:
         section      42
         division     2
[db] inserted new legislation row: 76cd8c7a-2b43-4b25-baf7-1cba7365613a
[db] inserting 44 sections (pass 1)
[db] inserted 44 sections
[db] linking parent FKs (pass 2)
[db] linked 38 parent references

[done] ingested Federal Circuit and Family Court of Australia (Consequential Amendments and Transitional Provisions) Act 2021
       legislation_id: 76cd8c7a-2b43-4b25-baf7-1cba7365613a
       sections: 44
       compilation: 2021-03-01
